29420898,19.5825,110.3375,-14.2975,0.2911,-0.1915,0.8261,0.26,0.43,0.33,138150,135308,125627
29451172,18.1125,110.0225,-16.0300,0.2445,-0.1754,0.8550,0.27,0.41,0.34,137794,135449,125466
29471680,16.8525,109.1475,-17.0450,0.2115,-0.1641,0.8739,0.27,0.40,0.35,137549,135526,125350
29491210,13.8425,107.8175,-18.1125,0.1787,-0.1532,0.8911,0.28,0.38,0.36,137324,135618,125253
29511718,8.9775,104.6675,-19.2150,0.1294,-0.1370,0.9161,0.28,0.37,0.36,137086,135691,125142
29531250,5.1450,102.0425,-19.5125,0.0969,-0.1281,0.9305,0.28,0.35,0.37,136846,135739,125061
29551756,0.8050,99.3125,-19.8100,0.0654,-0.1215,0.9432,0.29,0.34,0.37,136593,135774,124991
29571288,1.5050,96.2150,-19.8800,0.0338,-0.1176,0.9564,0.29,0.32,0.38,136371,135828,124913
29590820,7.1925,92.5750,-19.6875,0.0024,-0.1141,0.9701,0.29,0.31,0.38,136151,135894,124858
29611328,13.9125,88.6200,-19.4425,-0.0292,-0.1098,0.9823,0.30,0.30,0.38,135930,135985,124806
29630860,18.0075,82.3025,-19.4425,-0.0734,-0.1027,0.9943,0.30,0.28,0.38,135715,136062,124778
29651368,18.9700,77.9800,-19.4950,-0.1004,-0.0970,1.0016,0.31,0.27,0.39,135504,136126,124754
29670898,18.8125,73.3425,-19.3900,-0.1277,-0.0905,1.0091,0.31,0.26,0.39,135316,136186,124757
29691406,15.3125,68.7575,-18.9875,-0.1541,-0.0844,1.0148,0.32,0.25,0.39,135132,136259,124734
29710936,8.7675,64.2425,-18.6900,-0.1796,-0.0802,1.0178,0.32,0.24,0.39,134965,136300,124688
29731444,7.4725,56.4900,-18.4100,-0.2048,-0.0791,1.0216,0.32,0.23,0.39,134800,136351,124697
29750976,13.8600,50.7325,-18.1300,-0.2424,-0.0782,1.0321,0.32,0.22,0.39,134661,136390,124706
29771484,19.1625,44.4850,-17.5000,-0.2669,-0.0743,1.0390,0.33,0.21,0.39,134525,136462,124708
29791016,16.0125,38.4475,-16.4850,-0.2901,-0.0675,1.0421,0.33,0.20,0.39,134421,136501,124709
29811524,9.5550,32.3750,-15.4525,-0.3105,-0.0599,1.0443,0.33,0.20,0.39,134331,136545,124698
29831054,5.0400,25.7425,-14.0175,-0.3292,-0.0536,1.0485,0.34,0.19,0.39,134262,136564,124712
29851562,5.5825,14.8400,-11.4100,-0.3571,-0.0461,1.0587,0.34,0.19,0.39,134209,136573,124721
29871092,4.8650,6.8950,-9.3100,-0.3738,-0.0428,1.0665,0.34,0.19,0.39,134183,136580,124722
29891600,4.7950,-1.3825,-6.9475,-0.3887,-0.0420,1.0763,0.34,0.19,0.39,134182,136607,124716
29911132,5.4250,-10.2900,-4.5500,-0.4016,-0.0404,1.0874,0.34,0.19,0.39,134223,136629,124734
29931640,2.6075,-19.4075,-1.8375,-0.4122,-0.0359,1.0975,0.34,0.20,0.39,134273,136615,124723
29951172,-2.7300,-28.7700,1.1375,-0.4207,-0.0307,1.1074,0.34,0.20,0.39,134362,136590,124738
29971680,-8.3475,-43.3475,5.5825,-0.4303,-0.0249,1.1225,0.33,0.21,0.39,134480,136543,124737
29991210,-12.0575,-53.1125,8.3825,-0.4337,-0.0227,1.1308,0.33,0.22,0.39,134624,136519,124734
30011718,-15.1550,-62.7725,11.0075,-0.4352,-0.0228,1.1372,0.33,0.23,0.39,134817,136473,124730
30031250,-15.3125,-72.3975,13.1775,-0.4351,-0.0255,1.1425,0.33,0.24,0.39,135013,136405,124748
30051756,-11.5850,-81.8475,14.9275,-0.4341,-0.0301,1.1472,0.32,0.25,0.38,135238,136348,124787
30071288,-6.6850,-91.1400,16.2575,-0.4318,-0.0349,1.1522,0.32,0.27,0.38,135488,136311,124817
30090820,-2.9925,-104.1425,18.0075,-0.4250,-0.0379,1.1558,0.32,0.29,0.38,135743,136287,124861
30111328,-2.7125,-111.7900,18.8475,-0.4172,-0.0403,1.1538,0.32,0.30,0.37,136035,136240,124930
30130860,0.3500,-118.6675,19.3900,-0.4055,-0.0437,1.1490,0.31,0.32,0.37,136322,136202,125017
30151368,9.5375,-125.0725,19.5825,-0.3904,-0.0487,1.1439,0.31,0.34,0.36,136626,136166,125147
30170898,20.9300,-130.9700,19.9500,-0.3738,-0.0555,1.1385,0.31,0.36,0.35,136921,136169,125294
30191406,34.1250,-138.4250,20.3000,-0.3575,-0.0619,1.1353,0.31,0.38,0.34,137238,136192,125467
30210936,33.0575,-142.3275,20.2125,-0.3289,-0.0605,1.1253,0.31,0.40,0.33,137545,136202,125620
30231444,29.9775,-145.0575,20.1600,-0.3041,-0.0538,1.1123,0.31,0.41,0.32,137847,136186,125836
30250976,27.0725,-146.3350,20.2650,-0.2790,-0.0464,1.0951,0.31,0.43,0.31,138122,136163,126025
30271484,23.6600,-146.8425,20.3175,-0.2513,-0.0405,1.0784,0.31,0.45,0.30,138412,136133,126220
30291016,16.2400,-146.3875,19.3900,-0.2201,-0.0344,1.0668,0.31,0.46,0.28,138685,136106,126404
30311524,-6.3175,-144.9000,16.2925,-0.1709,-0.0199,1.0496,0.30,0.48,0.27,138954,136027,126580
30331054,-29.1725,-142.5375,13.1950,-0.1368,-0.0052,1.0333,0.29,0.50,0.27,139196,135896,126718
30351562,-49.0000,-139.4050,10.1325,-0.1014,0.0095,1.0164,0.28,0.51,0.26,139405,135735,126874
30371092,-66.5000,-135.7650,6.9825,-0.0660,0.0228,0.9978,0.27,0.52,0.25,139614,135571,126982
30391600,-83.4400,-131.5300,4.1125,-0.0268,0.0284,0.9753,0.26,0.53,0.24,139837,135387,127100
30411132,-99.6450,-126.5250,1.9425,0.0157,0.0260,0.9489,0.25,0.55,0.24,140028,135202,127199
30451172,-114.3450,-109.6025,-2.7125,0.1293,-0.0052,0.8794,0.23,0.57,0.22,140332,134802,127387
30470704,-98.4725,-101.6925,-3.0275,0.1754,-0.0288,0.8524,0.22,0.57,0.22,140459,134654,127492
30490234,-70.8225,-93.4500,-2.0300,0.2208,-0.0556,0.8234,0.21,0.58,0.21,140592,134555,127614
30510742,-38.6050,-84.8925,-0.1925,0.2633,-0.0810,0.7901,0.21,0.59,0.20,140721,134507,127752
30530272,-11.9000,-76.0025,1.6975,0.3043,-0.1036,0.7535,0.21,0.59,0.19,140819,134471,127885
30549804,5.2675,-66.4825,3.3250,0.3450,-0.1244,0.7166,0.21,0.60,0.19,140881,134452,128014
30570312,17.3600,-50.7850,5.1275,0.4033,-0.1504,0.6625,0.21,0.60,0.18,140939,134436,128129
30589844,18.8300,-39.7425,6.0025,0.4392,-0.1636,0.6271,0.21,0.61,0.17,140995,134435,128208
30610352,16.5200,-28.6650,6.4400,0.4731,-0.1736,0.5939,0.21,0.61,0.17,141038,134439,128258
30629882,13.0375,-17.5175,6.6675,0.5056,-0.1826,0.5651,0.21,0.61,0.17,141058,134436,128293
30650390,10.7625,-6.8425,6.5975,0.5352,-0.1925,0.5416,0.20,0.61,0.17,141051,134407,128307
30669920,7.8750,8.3825,6.0725,0.5610,-0.2072,0.5163,0.20,0.61,0.17,141030,134401,128279
30690428,7.1925,18.1475,5.6350,0.5927,-0.2183,0.5061,0.20,0.61,0.17,141024,134405,128245
30709960,9.8525,27.4400,5.1625,0.6093,-0.2316,0.5004,0.20,0.61,0.18,141004,134422,128186
30730468,13.1775,36.2775,4.4975,0.6221,-0.2431,0.4978,0.21,0.60,0.18,140961,134440,128131
30750000,16.9225,44.4325,3.8850,0.6320,-0.2527,0.4989,0.21,0.60,0.19,140889,134458,128040
30770508,19.4600,51.8700,3.1675,0.6385,-0.2599,0.5034,0.21,0.59,0.19,140813,134489,127937
30790040,20.3350,61.9850,2.2050,0.6421,-0.2657,0.5147,0.21,0.59,0.20,140731,134525,127838
30810546,21.1400,67.9525,1.4525,0.6418,-0.2660,0.5258,0.22,0.58,0.21,140651,134598,127704
30830078,24.5875,73.1850,0.8225,0.6405,-0.2640,0.5413,0.22,0.58,0.21,140552,134641,127590
30850584,27.9125,77.4200,0.1400,0.6361,-0.2597,0.5602,0.22,0.57,0.22,140424,134701,127449
30870116,28.7700,81.1650,-0.5425,0.6283,-0.2521,0.5817,0.23,0.56,0.23,140295,134763,127316
30890624,21.5600,85.9075,-1.3825,0.6182,-0.2408,0.6034,0.23,0.56,0.24,140170,134828,127155
30910156,14.4025,88.4450,-1.6800,0.5945,-0.2241,0.6346,0.23,0.55,0.25,140035,134877,127034
30930664,10.3075,90.1950,-1.9950,0.5762,-0.2148,0.6577,0.24,0.54,0.26,139885,134928,126876
30950196,11.4975,91.3150,-2.4675,0.5568,-0.2069,0.6839,0.24,0.53,0.26,139732,134966,126751
30970704,14.2800,91.8925,-2.9575,0.5358,-0.2007,0.7103,0.24,0.52,0.27,139563,135029,126617
30990234,16.6775,92.1025,-3.6575,0.5135,-0.1957,0.7342,0.25,0.51,0.28,139411,135093,126481
31010742,19.9850,91.9975,-5.0400,0.4799,-0.1875,0.7643,0.25,0.50,0.29,139252,135188,126357
31030272,27.2125,91.6475,-5.8100,0.4570,-0.1832,0.7856,0.26,0.49,0.29,139087,135274,126254
31049804,37.6950,91.0175,-6.5975,0.4335,-0.1793,0.8080,0.26,0.48,0.30,138907,135378,126165
31070312,43.4525,90.4925,-7.9975,0.4091,-0.1736,0.8276,0.27,0.47,0.30,138726,135492,126084
31089844,43.9775,90.0550,-9.3975,0.3843,-0.1653,0.8442,0.28,0.46,0.31,138559,135616,126010
31110352,42.5250,89.7225,-10.8675,0.3597,-0.1542,0.8600,0.29,0.45,0.31,138388,135763,125924
31129882,42.9100,88.4625,-12.9850,0.3348,-0.1358,0.8849,0.29,0.44,0.32,138211,135877,125871
31150390,42.3150,87.2550,-14.4200,0.2957,-0.1222,0.9002,0.30,0.42,0.32,138016,135994,125825
31169920,38.2900,85.9775,-15.7500,0.2682,-0.1081,0.9156,0.31,0.41,0.32,137833,136114,125761
31190428,31.6400,83.9650,-16.3800,0.2385,-0.0930,0.9307,0.31,0.40,0.33,137660,136212,125693
31209960,20.0725,81.8650,-16.1525,0.2092,-0.0769,0.9435,0.32,0.39,0.33,137488,136293,125631
31230468,8.3825,79.6250,-15.2250,0.1818,-0.0626,0.9550,0.32,0.38,0.34,137321,136333,125550
31250000,3.7450,75.4075,-13.2300,0.1432,-0.0478,0.9759,0.32,0.37,0.34,137145,136379,125487
31270508,10.6575,71.9600,-11.7600,0.1172,-0.0407,0.9938,0.33,0.36,0.34,136985,136434,125436
31290040,15.9425,67.9700,-10.6050,0.0903,-0.0327,1.0116,0.33,0.35,0.35,136844,136492,125405
31310546,14.7700,63.6300,-9.7300,0.0637,-0.0261,1.0269,0.33,0.34,0.35,136705,136552,125355
31330078,10.1500,59.0275,-9.1175,0.0393,-0.0214,1.0403,0.34,0.34,0.35,136580,136599,125317
31350584,5.6175,52.3250,-8.2950,0.0168,-0.0160,1.0527,0.34,0.33,0.35,136444,136619,125306
31370116,7.8225,47.6700,-7.4550,-0.0134,-0.0081,1.0732,0.34,0.32,0.35,136331,136632,125279
31390624,6.9475,42.8750,-6.6150,-0.0312,-0.0020,1.0841,0.34,0.31,0.36,136230,136662,125242
31410156,2.3800,38.1150,-5.8975,-0.0477,0.0032,1.0924,0.34,0.31,0.36,136160,136683,125222
31430664,-1.6275,33.1800,-5.1275,-0.0649,0.0071,1.0995,0.34,0.31,0.36,136077,136685,125188
31460936,-8.1025,22.8200,-3.6225,-0.0897,0.0102,1.1082,0.34,0.30,0.36,135993,136671,125152
31481444,-11.3050,17.5350,-2.9575,-0.1113,0.0102,1.1087,0.34,0.30,0.36,135947,136628,125133
31500976,-9.7650,11.9525,-2.2225,-0.1237,0.0078,1.1101,0.34,0.30,0.36,135911,136619,125124
31521484,-2.6250,5.7750,-1.4000,-0.1357,0.0061,1.1119,0.34,0.29,0.36,135903,136607,125119
31541016,0.5425,-0.5950,-0.7175,-0.1452,0.0041,1.1120,0.34,0.30,0.36,135911,136616,125130
31561524,2.0825,-7.4200,-0.1225,-0.1520,0.0012,1.1150,0.34,0.30,0.36,135941,136636,125112
31581054,2.3800,-19.4950,0.1750,-0.1571,-0.0002,1.1265,0.34,0.30,0.36,135976,136617,125142
31601562,-0.1750,-28.3150,0.4550,-0.1590,0.0005,1.1373,0.34,0.30,0.36,136035,136598,125175
31621092,-3.7450,-37.8875,0.8400,-0.1606,0.0016,1.1488,0.34,0.31,0.36,136129,136568,125191
31641600,-8.0850,-48.1250,1.6100,-0.1609,0.0031,1.1601,0.33,0.32,0.36,136249,136544,125209
31661132,-12.3200,-59.2025,2.4850,-0.1603,0.0037,1.1706,0.33,0.33,0.36,136401,136500,125228
31681640,-15.7325,-76.3350,4.4100,-0.1584,0.0027,1.1794,0.33,0.34,0.35,136571,136435,125268
31701172,-15.1725,-87.4650,6.3700,-0.1535,-0.0013,1.1896,0.32,0.35,0.35,136751,136369,125331
31721680,-6.4050,-98.3325,8.4525,-0.1487,-0.0049,1.1945,0.32,0.36,0.34,136978,136337,125433
31741210,6.5450,-108.3600,10.9025,-0.1452,-0.0083,1.1976,0.32,0.38,0.34,137223,136331,125545
31761718,16.6425,-117.0750,13.7725,-0.1423,-0.0101,1.1962,0.32,0.39,0.33,137495,136333,125662
31781250,21.2800,-124.2150,16.6425,-0.1379,-0.0090,1.1900,0.32,0.41,0.32,137745,136307,125829
31801756,22.7850,-132.6500,19.6875,-0.1247,-0.0046,1.1757,0.32,0.42,0.31,138013,136291,126024
31821288,19.7925,-136.4300,20.9125,-0.1127,-0.0016,1.1642,0.32,0.44,0.30,138277,136254,126200
31840820,13.2300,-138.8275,21.1925,-0.0983,0.0044,1.1503,0.31,0.46,0.29,138545,136225,126381
31861328,3.8500,-139.7900,20.4225,-0.0810,0.0155,1.1356,0.31,0.47,0.28,138824,136159,126548
31880860,-11.2175,-139.1075,18.2525,-0.0598,0.0293,1.1213,0.30,0.49,0.27,139054,136052,126698
31901368,-34.5450,-136.5175,14.8575,-0.0345,0.0436,1.1051,0.29,0.50,0.26,139275,135887,126847
31920898,-67.7775,-130.1475,9.2050,-0.0050,0.0566,1.0851,0.28,0.51,0.25,139479,135729,126944
31941406,-70.8925,-125.5450,7.0525,0.0406,0.0611,1.0524,0.28,0.53,0.24,139692,135586,127066
31960936,-59.4825,-120.4700,7.1925,0.0691,0.0511,1.0307,0.27,0.54,0.24,139882,135462,127187
31981444,-44.8875,-115.2025,8.5575,0.0988,0.0395,1.0054,0.26,0.55,0.23,140056,135344,127339
32000976,-32.2525,-109.9875,10.4125,0.1344,0.0275,0.9789,0.25,0.56,0.22,140210,135244,127488
32021484,-21.7700,-104.8775,12.4950,0.1734,0.0135,0.9531,0.25,0.57,0.21,140368,135150,127660
32041016,-23.1175,-95.9525,14.9275,0.2312,-0.0015,0.9091,0.24,0.58,0.20,140518,135065,127808
32061524,-37.0650,-88.7950,15.5575,0.2664,-0.0084,0.8747,0.24,0.58,0.19,140655,134950,127922
32081054,-48.9650,-82.0750,15.8200,0.3024,-0.0193,0.8368,0.23,0.59,0.19,140751,134819,128018
32101562,-52.8500,-75.6175,15.7850,0.3379,-0.0364,0.7996,0.22,0.60,0.18,140850,134684,128127
32121092,-48.4750,-68.3550,15.5575,0.3714,-0.0566,0.7652,0.21,0.60,0.17,140939,134581,128228
32141600,-36.2775,-55.7725,15.2250,0.4020,-0.0788,0.7298,0.21,0.61,0.17,141032,134510,128321
32161132,-51.4150,-36.9425,8.7850,0.4620,-0.1000,0.6577,0.20,0.61,0.17,141075,134416,128340
32181640,-43.5400,-19.6175,6.6850,0.5036,-0.1466,0.5968,0.20,0.61,0.17,141094,134333,128342
32201172,-6.5100,-6.4050,8.9075,0.5270,-0.1850,0.5602,0.20,0.61,0.17,141099,134329,128355
32221680,24.6750,3.7975,9.1350,0.5439,-0.1942,0.5358,0.20,0.61,0.17,141087,134344,128356
32241210,40.3200,13.5450,7.9800,0.5622,-0.2090,0.5118,0.20,0.61,0.17,141091,134376,128343
32261718,27.5975,29.9250,4.8475,0.5912,-0.2218,0.4868,0.20,0.61,0.17,141060,134408,128283
32281250,18.0775,39.6550,3.6400,0.6082,-0.2298,0.4743,0.20,0.61,0.17,140997,134426,128217
32301756,6.2125,49.3150,2.7825,0.6221,-0.2358,0.4659,0.20,0.60,0.18,140929,134409,128091
32321288,-3.7800,58.5200,1.9425,0.6312,-0.2394,0.4618,0.20,0.60,0.19,140853,134429,127982
32340820,-6.4225,66.7625,1.4700,0.6354,-0.2436,0.4641,0.21,0.59,0.20,140768,134445,127826
32361328,0.0525,73.7975,1.4350,0.6357,-0.2486,0.4747,0.21,0.59,0.21,140666,134486,127691
32380860,21.6650,82.1450,1.4175,0.6337,-0.2541,0.4918,0.21,0.58,0.22,140546,134527,127544
32401368,37.9400,86.8350,1.1025,0.6238,-0.2583,0.5241,0.21,0.57,0.22,140400,134594,127412
32420898,51.3275,90.8775,0.5075,0.6131,-0.2560,0.5468,0.22,0.56,0.23,140265,134706,127286
32441406,58.6600,94.7100,-0.2800,0.5998,-0.2491,0.5690,0.23,0.55,0.24,140131,134835,127141
32471680,60.4800,100.1350,-1.9775,0.5791,-0.2292,0.6044,0.24,0.54,0.25,139864,135003,126955
32491210,55.3000,104.2475,-3.3600,0.5633,-0.2123,0.6317,0.25,0.53,0.26,139712,135128,126825
32511718,45.8325,106.3650,-4.0950,0.5307,-0.1873,0.6728,0.26,0.52,0.27,139536,135251,126698
32531250,34.5100,108.2725,-4.7950,0.5048,-0.1691,0.6993,0.26,0.51,0.28,139351,135315,126565
32551756,23.2575,109.5850,-5.5300,0.4775,-0.1507,0.7266,0.26,0.49,0.28,139133,135381,126419
32571288,11.2700,110.3900,-5.9150,0.4494,-0.1355,0.7544,0.27,0.48,0.29,138941,135423,126260
32590820,-2.1000,110.5300,-6.3000,0.4215,-0.1216,0.7817,0.27,0.47,0.30,138753,135459,126093
32611328,-15.7150,109.4100,-6.4050,0.3788,-0.1077,0.8214,0.27,0.46,0.31,138547,135469,125939
32630860,-18.4100,107.7650,-5.9850,0.3489,-0.1049,0.8463,0.27,0.44,0.32,138341,135450,125803
32651368,-14.0175,105.5600,-5.8275,0.3178,-0.1039,0.8711,0.27,0.43,0.33,138117,135466,125675
32670898,-8.4175,103.0050,-5.9150,0.2877,-0.1043,0.8935,0.27,0.42,0.34,137912,135473,125539
32691406,-5.6525,100.3625,-6.0550,0.2585,-0.1044,0.9126,0.27,0.40,0.34,137704,135517,125427
32710936,-1.5050,97.4050,-6.0900,0.2308,-0.1061,0.9301,0.27,0.39,0.35,137518,135556,125316
32731444,5.9675,92.4875,-6.5100,0.1898,-0.1093,0.9544,0.28,0.38,0.36,137310,135587,125239
32750976,9.5725,89.1975,-7.3675,0.1635,-0.1108,0.9694,0.28,0.37,0.36,137110,135643,125171
32771484,13.5450,85.8200,-8.2775,0.1369,-0.1105,0.9826,0.28,0.36,0.36,136918,135695,125108
32791016,12.3200,83.0375,-9.3625,0.1125,-0.1060,0.9904,0.29,0.35,0.37,136734,135750,125044
32811524,13.5275,80.3250,-10.0450,0.0882,-0.1039,0.9992,0.29,0.33,0.37,136557,135828,124983
32831054,13.3525,77.5950,-10.8500,0.0616,-0.1007,1.0049,0.29,0.32,0.37,136377,135880,124946
32851562,9.2925,73.2725,-11.6725,0.0227,-0.0969,1.0104,0.30,0.31,0.38,136185,135911,124919
32871092,7.3325,70.1750,-12.0750,-0.0038,-0.0961,1.0124,0.30,0.30,0.38,136027,135956,124870
32891600,7.1400,66.8500,-12.5825,-0.0295,-0.0954,1.0150,0.30,0.29,0.38,135865,136005,124830
32911132,10.3425,62.9125,-12.7925,-0.0532,-0.0944,1.0196,0.31,0.28,0.38,135720,136081,124811
32931640,12.8275,58.6950,-12.9150,-0.0778,-0.0917,1.0227,0.31,0.27,0.38,135566,136117,124797
32951172,12.9850,52.2025,-12.7225,-0.1020,-0.0888,1.0243,0.31,0.27,0.38,135440,136166,124801
32971680,15.9950,47.4775,-12.6175,-0.1340,-0.0864,1.0292,0.31,0.26,0.38,135317,136223,124791
32991210,17.8850,42.3500,-12.3025,-0.1543,-0.0845,1.0326,0.32,0.25,0.38,135208,136291,124788
33011718,18.7775,37.0825,-11.9175,-0.1740,-0.0825,1.0363,0.32,0.25,0.38,135121,136374,124789
33031250,18.5850,31.6225,-11.0775,-0.1929,-0.0786,1.0414,0.33,0.24,0.38,135039,136414,124796
33051756,18.6550,25.6550,-9.8175,-0.2115,-0.0727,1.0492,0.33,0.24,0.38,134970,136471,124834
33071288,20.4750,15.8900,-6.5975,-0.2402,-0.0622,1.0654,0.33,0.24,0.38,134936,136519,124846
33090820,16.8875,8.7675,-3.7275,-0.2597,-0.0515,1.0747,0.34,0.23,0.38,134919,136569,124862
33111328,10.4825,1.3475,-0.7700,-0.2774,-0.0409,1.0835,0.34,0.24,0.38,134929,136597,124869
33130860,6.8250,-6.3875,2.3450,-0.2938,-0.0317,1.0947,0.34,0.24,0.38,134963,136607,124885
33151368,5.3200,-14.7000,5.4775,-0.3077,-0.0234,1.1069,0.34,0.24,0.38,135011,136596,124899
33170898,2.0125,-23.1525,8.6450,-0.3190,-0.0157,1.1184,0.34,0.25,0.38,135102,136587,124913
33191406,-2.1875,-36.1025,13.1950,-0.3311,-0.0051,1.1347,0.34,0.25,0.38,135216,136579,124921
33210936,-4.2700,-45.0625,15.9775,-0.3364,0.0006,1.1440,0.33,0.26,0.37,135347,136554,124931
33231444,-5.2325,-53.7775,18.6550,-0.3399,0.0038,1.1513,0.33,0.27,0.37,135516,136512,124967
33250976,-4.6550,-62.1775,20.7550,-0.3412,0.0054,1.1563,0.33,0.28,0.37,135687,136473,124995
33271484,-1.2600,-70.3500,22.6450,-0.3403,0.0059,1.1602,0.33,0.29,0.37,135891,136435,125042
33291016,4.3750,-78.1900,24.3950,-0.3383,0.0061,1.1631,0.33,0.31,0.36,136108,136414,125103
33311524,9.8350,-88.7425,26.5125,-0.3321,0.0073,1.1629,0.33,0.32,0.36,136348,136400,125174
33331054,10.9375,-94.8675,27.3875,-0.3232,0.0072,1.1586,0.32,0.34,0.35,136580,136362,125276
33351562,13.6150,-100.8525,27.8950,-0.3118,0.0059,1.1538,0.32,0.35,0.35,136830,136334,125390
33371092,18.5500,-106.1725,28.2100,-0.2988,0.0046,1.1495,0.32,0.37,0.34,137079,136320,125507
33391600,21.3500,-111.0725,28.0875,-0.2843,0.0054,1.1434,0.32,0.38,0.33,137351,136312,125640
33411132,21.4200,-116.3225,27.0200,-0.2673,0.0081,1.1340,0.32,0.40,0.32,137602,136292,125778
33431640,19.4425,-118.6850,25.9700,-0.2346,0.0139,1.1213,0.32,0.41,0.31,137856,136250,125945
33451172,15.1375,-120.3125,24.8500,-0.2097,0.0196,1.1137,0.31,0.43,0.30,138089,136201,126090
33481444,2.5550,-121.2225,22.2775,-0.1685,0.0310,1.0952,0.31,0.45,0.29,138452,136114,126300
33500976,-7.0175,-120.9250,20.1600,-0.1381,0.0393,1.0790,0.30,0.46,0.28,138658,136038,126433
33521484,-14.9625,-119.9975,16.9400,-0.1055,0.0448,1.0629,0.30,0.48,0.28,138877,135931,126563
33541016,-23.5725,-117.4075,15.0500,-0.0529,0.0442,1.0451,0.29,0.49,0.27,139081,135842,126695
33561524,-26.0925,-115.2200,13.7025,-0.0204,0.0395,1.0354,0.28,0.50,0.26,139287,135739,126822
33581056,-27.1775,-113.0150,12.9675,0.0116,0.0322,1.0237,0.28,0.51,0.25,139457,135639,126953
33601560,-29.5225,-110.2850,12.6875,0.0449,0.0239,1.0083,0.27,0.52,0.24,139621,135519,127107
33621092,-32.3925,-107.4150,12.4075,0.0776,0.0170,0.9904,0.27,0.53,0.23,139778,135426,127224
33641600,-32.4100,-102.6025,12.1975,0.1252,0.0070,0.9640,0.26,0.54,0.23,139948,135340,127352
33661132,-31.5175,-98.8925,12.0750,0.1562,-0.0002,0.9472,0.26,0.55,0.22,140099,135256,127472
33681640,-30.2925,-94.6750,11.9000,0.1868,-0.0067,0.9295,0.25,0.56,0.21,140237,135155,127612
33701172,-28.7350,-90.0725,11.8300,0.2166,-0.0134,0.9093,0.24,0.57,0.20,140350,135065,127743
33721680,-27.1950,-85.1375,11.6900,0.2466,-0.0215,0.8869,0.24,0.57,0.20,140465,134974,127852
33741208,-26.0575,-80.0800,11.1300,0.2760,-0.0315,0.8644,0.23,0.58,0.19,140581,134919,127970
33761720,-33.2500,-71.9425,9.3625,0.3199,-0.0460,0.8291,0.23,0.59,0.18,140685,134832,128087
33781248,-43.0500,-65.6600,7.3850,0.3472,-0.0569,0.8034,0.22,0.59,0.18,140761,134739,128156
33801756,-48.3700,-59.1850,5.4075,0.3733,-0.0716,0.7768,0.22,0.60,0.17,140825,134661,128219
33821288,-44.5725,-52.4125,3.5875,0.3986,-0.0880,0.7482,0.21,0.60,0.17,140887,134591,128298
33840820,-31.6225,-45.3250,2.1350,0.4226,-0.1057,0.7188,0.21,0.60,0.17,140945,134569,128358
33861328,-12.4075,-37.7300,0.9450,0.4471,-0.1227,0.6910,0.21,0.61,0.16,141001,134570,128409
33880860,14.9800,-25.5500,-0.2100,0.4858,-0.1471,0.6528,0.21,0.61,0.16,141020,134573,128483
33901368,22.0850,-16.7475,-1.2075,0.5117,-0.1593,0.6294,0.21,0.61,0.16,141010,134591,128517
33920896,21.3675,-7.8225,-2.3625,0.5366,-0.1696,0.6085,0.22,0.61,0.15,141020,134606,128533
33941408,15.7150,1.3125,-3.4825,0.5600,-0.1776,0.5896,0.22,0.61,0.15,141028,134649,128540
33960936,9.0475,10.7625,-4.5150,0.5821,-0.1834,0.5733,0.22,0.61,0.16,141010,134660,128510
33981444,7.1575,20.3175,-5.1275,0.6022,-0.1881,0.5606,0.22,0.60,0.16,140968,134682,128460
34000976,10.8500,33.9150,-5.2850,0.6279,-0.1922,0.5491,0.22,0.60,0.16,140920,134720,128395
34021484,11.1825,42.3675,-5.0925,0.6415,-0.1919,0.5463,0.22,0.60,0.17,140856,134751,128315
34041016,10.1675,50.2425,-4.8825,0.6512,-0.1903,0.5485,0.23,0.59,0.17,140803,134802,128220
34061524,7.3500,57.5225,-4.8650,0.6573,-0.1876,0.5542,0.23,0.59,0.18,140734,134845,128106
34081056,5.4250,64.2250,-4.6200,0.6586,-0.1837,0.5625,0.23,0.58,0.19,140641,134869,127986
34101560,5.6175,73.2200,-4.0075,0.6539,-0.1749,0.5806,0.23,0.58,0.20,140521,134893,127838
34121092,7.5075,78.2950,-3.2025,0.6473,-0.1673,0.5972,0.24,0.57,0.21,140408,134923,127710
34141600,9.1000,82.8100,-2.3450,0.6378,-0.1576,0.6171,0.24,0.56,0.21,140295,134968,127568
34161132,7.4550,86.6775,-1.4000,0.6244,-0.1462,0.6379,0.24,0.56,0.22,140185,134995,127418
34181640,2.6250,90.0550,-0.4200,0.6059,-0.1344,0.6581,0.24,0.55,0.23,140033,135004,127269
34201172,-3.4825,92.9075,0.6825,0.5829,-0.1241,0.6778,0.24,0.54,0.24,139885,135001,127111
34221680,-13.3525,96.7925,2.1350,0.5472,-0.1122,0.7105,0.24,0.53,0.25,139724,134997,126932
34241208,-17.4475,98.3675,2.9050,0.5220,-0.1083,0.7360,0.24,0.52,0.26,139586,134995,126770
34261720,-21.3675,99.3825,3.4125,0.4970,-0.1064,0.7610,0.24,0.51,0.27,139428,134975,126596
34281248,-29.0500,100.1525,3.8500,0.4704,-0.1048,0.7810,0.23,0.50,0.28,139264,134906,126434
34301756,-38.6575,100.6600,4.4625,0.4435,-0.1044,0.7978,0.23,0.49,0.29,139068,134841,126249
34321288,-45.5350,101.1150,5.3725,0.4165,-0.1081,0.8137,0.23,0.48,0.31,138899,134774,126074
34340820,-49.1925,100.9400,6.7900,0.3759,-0.1221,0.8386,0.22,0.47,0.32,138733,134698,125902
34361328,-48.4925,100.8525,7.6825,0.3494,-0.1347,0.8547,0.22,0.46,0.33,138545,134619,125727
34380860,-45.4825,101.0275,8.5225,0.3253,-0.1469,0.8688,0.21,0.44,0.34,138356,134544,125581
34401368,-37.8700,100.7475,9.1525,0.3022,-0.1593,0.8821,0.21,0.43,0.34,138153,134467,125443
34420896,-24.4825,100.0650,9.4850,0.2784,-0.1731,0.8956,0.21,0.42,0.35,137951,134456,125322
34441408,-8.1025,99.1550,9.6250,0.2539,-0.1871,0.9083,0.21,0.41,0.36,137760,134475,125190
34460936,13.0375,97.3875,8.7500,0.2139,-0.2035,0.9242,0.21,0.40,0.37,137569,134515,125083
34491208,20.9475,95.4450,6.4400,0.1724,-0.2136,0.9357,0.22,0.38,0.37,137259,134603,124955
34511720,19.6525,93.8175,4.6900,0.1440,-0.2174,0.9421,0.22,0.37,0.38,137063,134672,124891
34531248,17.3250,92.0500,2.7825,0.1154,-0.2209,0.9481,0.22,0.35,0.38,136861,134726,124812
34551756,17.6575,89.6175,0.9800,0.0876,-0.2237,0.9542,0.23,0.34,0.39,136651,134789,124758
34571288,20.5800,85.4000,-1.3300,0.0444,-0.2252,0.9617,0.23,0.33,0.39,136461,134861,124703
34590820,22.3650,82.0925,-2.3625,0.0146,-0.2251,0.9665,0.24,0.32,0.39,136282,134949,124650
34611328,23.7475,78.3475,-3.4125,-0.0150,-0.2237,0.9725,0.24,0.31,0.39,136112,135029,124603
34630860,24.8150,74.2000,-4.3225,-0.0451,-0.2216,0.9803,0.25,0.30,0.40,135940,135111,124592
34651368,25.9875,69.2650,-5.3375,-0.0747,-0.2191,0.9895,0.25,0.29,0.40,135765,135188,124574
34670896,25.7600,63.4900,-6.2825,-0.1021,-0.2145,0.9984,0.26,0.28,0.40,135621,135266,124563
34691408,25.0075,53.6025,-7.0700,-0.1403,-0.2052,1.0142,0.26,0.27,0.40,135490,135353,124548
34710936,25.9700,45.9200,-7.1050,-0.1637,-0.1986,1.0270,0.27,0.26,0.40,135388,135443,124543
34731444,26.5300,37.1875,-7.0875,-0.1850,-0.1920,1.0414,0.27,0.26,0.40,135292,135516,124561
34750976,25.4975,27.5975,-6.4225,-0.2044,-0.1845,1.0565,0.28,0.25,0.40,135235,135583,124578
34771484,24.4125,17.2550,-5.4775,-0.2219,-0.1773,1.0723,0.28,0.25,0.40,135201,135641,124590
34791016,24.7450,6.5800,-3.7275,-0.2383,-0.1706,1.0890,0.28,0.25,0.39,135207,135713,124613
34811524,26.2675,-10.0800,-2.5200,-0.2618,-0.1608,1.1143,0.29,0.25,0.39,135248,135802,124627
34831056,23.7475,-21.0700,-1.1900,-0.2762,-0.1532,1.1300,0.29,0.26,0.39,135309,135838,124666
34851560,18.1475,-31.6400,0.2975,-0.2894,-0.1441,1.1434,0.29,0.26,0.39,135386,135862,124689
34871092,12.4775,-41.9825,1.6800,-0.3005,-0.1347,1.1546,0.29,0.27,0.39,135499,135880,124749
34891600,7.4200,-51.8525,2.8700,-0.3088,-0.1265,1.1640,0.29,0.28,0.38,135649,135887,124773
34911132,2.0300,-65.8000,4.5675,-0.3160,-0.1164,1.1738,0.29,0.29,0.38,135813,135892,124821
34931640,1.8375,-74.5850,5.7400,-0.3167,-0.1108,1.1786,0.29,0.30,0.38,136000,135869,124875
34951172,4.4450,-83.1775,6.8775,-0.3159,-0.1064,1.1819,0.29,0.31,0.37,136193,135843,124948
34971680,5.5300,-91.1050,7.9975,-0.3143,-0.1036,1.1832,0.29,0.33,0.37,136419,135828,125025
34991208,4.8825,-98.5775,9.0825,-0.3116,-0.1019,1.1822,0.29,0.34,0.37,136647,135820,125090
35011720,3.4125,-105.3850,10.0100,-0.3074,-0.1005,1.1802,0.29,0.36,0.36,136903,135796,125194
35031248,0.4725,-114.8875,10.6575,-0.2960,-0.0964,1.1732,0.29,0.37,0.35,137139,135745,125300
35051756,-1.0675,-120.3300,10.6575,-0.2826,-0.0935,1.1651,0.28,0.39,0.34,137391,135690,125424
35071288,1.7675,-125.0725,10.7275,-0.2655,-0.0922,1.1578,0.28,0.40,0.34,137647,135672,125554
35090820,5.6000,-128.9575,10.6400,-0.2462,-0.0908,1.1527,0.28,0.42,0.33,137900,135644,125687
35111328,5.1275,-132.0550,10.1150,-0.2261,-0.0861,1.1453,0.28,0.43,0.32,138177,135599,125821
35130860,-4.8300,-133.8400,8.1025,-0.2022,-0.0778,1.1337,0.27,0.45,0.31,138414,135520,125956
35151368,-31.0100,-134.1200,2.4500,-0.1592,-0.0656,1.1114,0.26,0.46,0.30,138644,135399,126109
35170896,-46.8475,-132.6325,-2.3450,-0.1248,-0.0623,1.0982,0.26,0.48,0.29,138863,135284,126239
35191408,-51.3450,-130.3050,-6.7375,-0.0859,-0.0655,1.0899,0.25,0.49,0.29,139082,135183,126355
35210936,-53.2350,-127.0675,-10.3075,-0.0462,-0.0673,1.0780,0.24,0.50,0.28,139279,135070,126480
35231444,-61.1800,-122.6225,-13.6675,-0.0068,-0.0648,1.0577,0.24,0.51,0.27,139463,134936,126590
35250976,-73.1325,-116.9350,-17.0800,0.0332,-0.0639,1.0315,0.23,0.52,0.27,139611,134792,126711
35271484,-75.0925,-107.8175,-18.9350,0.0971,-0.0804,0.9882,0.22,0.53,0.26,139769,134676,126831
35291016,-59.4475,-102.1825,-18.3050,0.1333,-0.0964,0.9599,0.22,0.54,0.25,139919,134604,126933
35311524,-37.0300,-96.4600,-16.9750,0.1641,-0.1144,0.9331,0.21,0.55,0.24,140061,134570,127077
35331056,-11.5500,-90.3000,-14.3325,0.1947,-0.1352,0.9079,0.21,0.56,0.24,140172,134563,127213
35351560,10.7975,-83.8600,-11.1650,0.2241,-0.1496,0.8813,0.21,0.56,0.23,140275,134586,127363
35371092,35.0175,-74.3050,-6.3175,0.2638,-0.1623,0.8401,0.22,0.57,0.22,140366,134625,127515
35391600,40.9325,-67.7775,-3.3075,0.2888,-0.1669,0.8135,0.22,0.57,0.21,140475,134662,127646
35411132,35.4200,-60.5850,-0.6825,0.3140,-0.1681,0.7858,0.22,0.58,0.20,140563,134703,127772
35431640,22.7675,-53.3575,1.2250,0.3386,-0.1668,0.7562,0.22,0.58,0.20,140623,134670,127872
35451172,7.5775,-45.7800,2.2925,0.3642,-0.1647,0.7271,0.22,0.59,0.19,140669,134659,127965
35471680,-2.8700,-38.3600,2.6250,0.3908,-0.1660,0.7017,0.22,0.59,0.19,140727,134624,128013
35501952,-4.6200,-24.0275,2.4850,0.4463,-0.1754,0.6617,0.22,0.59,0.18,140772,134599,128059
35522460,-0.3150,-17.2900,1.9075,0.4738,-0.1825,0.6455,0.21,0.59,0.18,140795,134594,128102
35541992,3.7100,-10.8500,0.9625,0.5000,-0.1886,0.6305,0.22,0.60,0.18,140821,134608,128112
35562500,4.4625,-4.4975,-0.2975,0.5237,-0.1935,0.6166,0.22,0.60,0.18,140822,134619,128100
35582032,3.5175,1.7325,-1.5925,0.5453,-0.1983,0.6057,0.22,0.59,0.18,140807,134617,128113
35602540,3.2900,10.9200,-3.6225,0.5749,-0.2070,0.5951,0.22,0.59,0.18,140777,134637,128084
35622072,4.4975,16.6075,-4.9700,0.5911,-0.2133,0.5912,0.22,0.59,0.19,140756,134667,128040
35642576,8.4350,22.0850,-6.0550,0.6041,-0.2191,0.5900,0.22,0.59,0.19,140735,134706,128007
35662108,13.7025,27.2125,-6.7550,0.6143,-0.2235,0.5918,0.22,0.59,0.19,140695,134755,127972
35682616,17.6400,32.1125,-7.5425,0.6220,-0.2259,0.5961,0.23,0.58,0.19,140637,134799,127906
35702148,17.5000,39.0950,-8.2775,0.6282,-0.2235,0.6049,0.23,0.58,0.20,140563,134835,127830
35722656,15.6625,43.4350,-8.6275,0.6298,-0.2186,0.6133,0.23,0.58,0.20,140496,134890,127745
35742188,15.7325,47.3550,-8.6450,0.6295,-0.2123,0.6238,0.24,0.57,0.21,140437,134958,127672
35762696,16.5725,50.9075,-8.5050,0.6268,-0.2046,0.6361,0.24,0.57,0.21,140362,135020,127607
35782224,17.1675,54.0400,-8.3475,0.6220,-0.1957,0.6509,0.24,0.56,0.22,140265,135066,127518
35802736,16.3625,57.0150,-8.0850,0.6156,-0.1861,0.6664,0.25,0.55,0.22,140160,135113,127412
35822264,9.9575,61.2500,-7.6825,0.6022,-0.1698,0.6853,0.25,0.55,0.23,140059,135147,127310
35841796,4.4800,64.1900,-7.3675,0.5922,-0.1597,0.6978,0.25,0.54,0.24,139965,135200,127197
35862304,0.9800,66.8675,-7.1400,0.5811,-0.1518,0.7111,0.25,0.54,0.24,139862,135244,127090
35881836,-0.3325,69.4225,-6.8075,0.5685,-0.1454,0.7253,0.26,0.53,0.25,139738,135261,126987
35902344,-0.4200,71.9075,-6.3525,0.5544,-0.1404,0.7392,0.26,0.52,0.26,139600,135276,126866
35921876,-0.5600,74.3750,-5.8625,0.5388,-0.1364,0.7527,0.26,0.51,0.26,139471,135315,126744
35942384,-3.0800,78.3300,-5.3025,0.5119,-0.1296,0.7723,0.26,0.50,0.27,139334,135344,126605
35961912,-7.0000,81.2175,-4.9350,0.4943,-0.1249,0.7830,0.26,0.50,0.28,139202,135365,126497
35982420,-9.7825,83.8425,-4.3575,0.4765,-0.1219,0.7930,0.26,0.49,0.29,139037,135373,126359
36001952,-9.4850,86.2575,-3.7625,0.4574,-0.1200,0.8036,0.26,0.48,0.30,138874,135380,126228
36022460,-6.7375,88.1475,-3.3250,0.4364,-0.1194,0.8159,0.26,0.47,0.30,138710,135395,126088
36041992,-3.4475,90.1250,-3.1150,0.4131,-0.1188,0.8281,0.27,0.46,0.31,138553,135441,125979
36062500,2.5550,93.0825,-2.8875,0.3760,-0.1187,0.8461,0.27,0.45,0.32,138376,135475,125840
36082032,7.6125,94.5700,-2.8175,0.3517,-0.1176,0.8579,0.27,0.43,0.32,138185,135521,125749
36102540,11.8825,95.3750,-3.1675,0.3261,-0.1169,0.8695,0.27,0.42,0.33,137979,135562,125651
36122072,12.9675,95.8125,-3.7100,0.2985,-0.1157,0.8800,0.28,0.41,0.34,137792,135629,125548
36142576,7.4025,96.3725,-4.3750,0.2689,-0.1116,0.8883,0.28,0.40,0.34,137599,135667,125438
36162108,-4.9000,97.0200,-4.8650,0.2266,-0.1059,0.9001,0.28,0.39,0.35,137403,135700,125333
36182616,-8.4700,96.9150,-4.6200,0.2001,-0.1052,0.9087,0.28,0.37,0.36,137181,135700,125242
36202148,-4.7425,95.9350,-4.1475,0.1740,-0.1088,0.9198,0.28,0.36,0.36,136972,135713,125165
36222656,4.1650,94.4475,-3.7800,0.1470,-0.1142,0.9333,0.29,0.35,0.37,136762,135772,125067
36242188,14.5600,92.1200,-4.2175,0.1197,-0.1170,0.9475,0.29,0.34,0.37,136574,135841,125021
36262696,18.6025,89.4950,-4.7600,0.0932,-0.1165,0.9589,0.30,0.32,0.37,136372,135915,124963
36282224,17.9375,85.2425,-4.8825,0.0527,-0.1132,0.9760,0.30,0.31,0.37,136178,135969,124929
36302736,16.5550,81.6900,-4.7075,0.0261,-0.1103,0.9875,0.30,0.30,0.38,135986,136026,124896
36322264,20.4400,77.7700,-4.2175,0.0006,-0.1102,1.0024,0.31,0.29,0.38,135809,136107,124870
36341796,27.4750,73.1325,-4.1650,-0.0251,-0.1076,1.0155,0.31,0.28,0.38,135652,136206,124855
36362304,32.4100,67.4100,-4.9350,-0.0499,-0.1030,1.0296,0.32,0.27,0.38,135504,136314,124865
36381836,29.5750,61.3550,-5.3900,-0.0744,-0.0971,1.0426,0.32,0.26,0.38,135360,136366,124877
36402344,14.5600,51.5200,-5.6350,-0.1113,-0.0848,1.0614,0.33,0.25,0.38,135232,136405,124886
36421876,8.3825,44.1525,-5.1450,-0.1337,-0.0788,1.0768,0.33,0.25,0.38,135135,136431,124881
36442384,7.0700,35.8750,-4.4625,-0.1549,-0.0727,1.0918,0.33,0.24,0.38,135062,136472,124856
36461912,8.1725,27.1075,-3.8500,-0.1740,-0.0677,1.1073,0.33,0.24,0.38,135001,136505,124846
36482420,10.7275,17.9550,-2.9400,-0.1919,-0.0648,1.1218,0.33,0.24,0.38,134970,136528,124868
36512696,15.6625,-1.7150,-1.3300,-0.2257,-0.0575,1.1503,0.34,0.24,0.38,134978,136598,124894
36532224,13.4050,-11.6200,-0.4375,-0.2406,-0.0522,1.1619,0.34,0.24,0.38,135011,136618,124917
36552736,10.2200,-21.6125,0.5600,-0.2528,-0.0470,1.1732,0.34,0.24,0.37,135063,136617,124955
36572264,6.6325,-31.4300,1.7500,-0.2621,-0.0412,1.1832,0.34,0.25,0.37,135148,136627,124960
36591796,3.2375,-40.9500,3.1150,-0.2706,-0.0356,1.1905,0.34,0.26,0.37,135261,136626,124974
36612304,-1.1725,-49.9625,4.5325,-0.2762,-0.0307,1.1944,0.34,0.26,0.37,135397,136608,124995
36631836,-4.1650,-62.8075,6.9475,-0.2795,-0.0240,1.1968,0.34,0.27,0.37,135555,136577,125033
36652344,-4.1125,-71.2950,8.5575,-0.2783,-0.0205,1.1968,0.33,0.28,0.37,135720,136524,125079
36671876,-4.0950,-79.5550,10.1325,-0.2750,-0.0177,1.1952,0.33,0.30,0.36,135915,136493,125120
36692384,-5.0750,-87.2725,11.5500,-0.2701,-0.0155,1.1929,0.33,0.31,0.36,136140,136470,125163
36711912,-6.9825,-94.7975,13.0200,-0.2644,-0.0138,1.1897,0.33,0.32,0.36,136374,136404,125210
36732420,-12.4950,-105.2100,14.5775,-0.2557,-0.0134,1.1807,0.32,0.34,0.35,136619,136334,125294
36751952,-9.5725,-111.8075,15.1375,-0.2391,-0.0166,1.1761,0.32,0.35,0.35,136860,136270,125388
36772460,0.2100,-118.0725,15.8725,-0.2278,-0.0212,1.1721,0.32,0.37,0.34,137133,136239,125483
36791992,11.4625,-123.4450,16.5375,-0.2135,-0.0242,1.1668,0.31,0.39,0.33,137403,136229,125626
36812500,21.9100,-127.6800,17.2550,-0.1962,-0.0254,1.1590,0.31,0.40,0.32,137679,136230,125794
36832032,28.4900,-130.7425,17.8325,-0.1767,-0.0237,1.1478,0.31,0.42,0.31,137933,136214,125956
36852540,25.0950,-132.7725,17.1850,-0.1431,-0.0127,1.1275,0.31,0.43,0.30,138187,136187,126137
36872072,9.6950,-132.1600,15.1375,-0.1198,0.0005,1.1141,0.31,0.45,0.29,138423,136142,126302
36892576,-14.9625,-129.6050,11.9700,-0.0974,0.0139,1.1000,0.30,0.46,0.28,138671,136050,126441
36912108,-41.5625,-125.1775,7.9100,-0.0756,0.0256,1.0831,0.30,0.48,0.28,138880,135919,126534
36932616,-60.9000,-119.0700,4.1825,-0.0509,0.0289,1.0629,0.29,0.49,0.27,139069,135754,126623
36952148,-62.2475,-112.8400,2.6250,-0.0200,0.0217,1.0379,0.28,0.50,0.27,139232,135610,126712
36972656,-44.7300,-103.2500,3.6050,0.0305,0.0059,0.9905,0.27,0.51,0.26,139398,135517,126826
36992188,-29.1900,-96.4250,4.9875,0.0627,-0.0048,0.9557,0.27,0.52,0.25,139568,135440,126919
37012696,-13.1775,-89.7750,6.5800,0.0939,-0.0170,0.9232,0.26,0.53,0.25,139723,135396,127050
37032224,1.9425,-83.0375,7.9625,0.1268,-0.0283,0.8957,0.26,0.54,0.24,139840,135360,127201
37052736,15.9950,-76.5450,9.3100,0.1603,-0.0398,0.8739,0.26,0.54,0.23,139955,135336,127331
37072264,25.3575,-69.8425,10.8500,0.1928,-0.0501,0.8540,0.26,0.55,0.22,140059,135338,127451
37091796,19.9500,-58.8000,12.4075,0.2412,-0.0564,0.8183,0.26,0.56,0.21,140167,135319,127569
37112304,11.5325,-51.6425,12.8975,0.2739,-0.0561,0.7912,0.26,0.56,0.21,140255,135290,127667
37131836,7.0000,-44.8700,13.5450,0.3023,-0.0571,0.7656,0.25,0.56,0.20,140311,135246,127740
37152344,8.8725,-38.5700,14.6475,0.3335,-0.0626,0.7447,0.25,0.57,0.20,140366,135201,127825
37171876,13.4400,-32.7250,15.2250,0.3662,-0.0715,0.7287,0.25,0.57,0.19,140418,135182,127889
37192384,13.6325,-24.8675,14.2275,0.3988,-0.0869,0.7110,0.25,0.57,0.19,140478,135179,127942
37211912,6.8600,-19.9675,12.3025,0.4353,-0.0958,0.7003,0.25,0.58,0.19,140531,135154,127996
37232420,-0.7175,-15.1900,10.0450,0.4548,-0.1043,0.6899,0.25,0.58,0.19,140542,135102,127999
37251952,-4.0075,-10.2375,7.7700,0.4738,-0.1142,0.6825,0.24,0.58,0.19,140550,135081,128018
37272460,-4.5675,-4.8825,5.3025,0.4934,-0.1255,0.6775,0.24,0.58,0.19,140564,135069,128013
37291992,-3.5350,0.6475,3.0450,0.5150,-0.1381,0.6732,0.24,0.58,0.19,140569,135076,128022
37312500,2.1175,9.4850,-0.1925,0.5449,-0.1535,0.6683,0.25,0.58,0.19,140564,135092,128009
37332032,6.7900,15.7675,-2.4325,0.5617,-0.1615,0.6670,0.25,0.58,0.19,140533,135095,127990
37352540,11.2175,22.2250,-4.7075,0.5757,-0.1671,0.6669,0.25,0.57,0.19,140481,135129,127937
37372072,15.5750,28.5600,-6.8775,0.5871,-0.1698,0.6683,0.25,0.57,0.19,140438,135174,127892
37392576,18.5675,34.7550,-8.6100,0.5951,-0.1695,0.6709,0.25,0.57,0.20,140387,135242,127847
37412108,17.6050,41.0550,-9.8875,0.5995,-0.1662,0.6739,0.26,0.57,0.20,140331,135292,127774
37432616,13.2125,50.2425,-11.0950,0.5978,-0.1565,0.6795,0.26,0.56,0.21,140234,135351,127699
37452148,11.4625,56.1400,-11.5500,0.5927,-0.1476,0.6833,0.26,0.55,0.21,140141,135390,127606
37472656,13.1425,61.6525,-11.5675,0.5843,-0.1382,0.6881,0.27,0.55,0.22,140041,135466,127504
37492188,19.0225,66.6050,-11.4450,0.5728,-0.1298,0.6952,0.27,0.54,0.22,139948,135537,127409
37522460,25.7075,73.2900,-11.0775,0.5527,-0.1170,0.7122,0.28,0.53,0.23,139743,135633,127268
37541992,24.9550,79.1350,-11.2000,0.5379,-0.1028,0.7340,0.28,0.52,0.24,139633,135724,127164
37562500,20.5975,82.5650,-11.3225,0.5129,-0.0900,0.7474,0.29,0.51,0.25,139495,135798,127049
37582032,14.0350,85.6625,-11.3925,0.4943,-0.0767,0.7608,0.29,0.50,0.25,139340,135849,126930
37602540,6.4575,88.4625,-11.1125,0.4743,-0.0650,0.7746,0.29,0.49,0.26,139168,135878,126809
37622072,-1.4000,91.0875,-10.7975,0.4535,-0.0556,0.7886,0.30,0.48,0.27,139012,135915,126662
37642576,-5.7925,93.4675,-10.2900,0.4331,-0.0478,0.8039,0.30,0.48,0.28,138856,135954,126533
37662108,-8.4350,96.2850,-9.7650,0.4041,-0.0373,0.8273,0.30,0.46,0.29,138683,135977,126380
37682616,-8.5750,97.5450,-9.4500,0.3832,-0.0337,0.8438,0.30,0.45,0.29,138493,136000,126249
37702148,-6.8775,98.4375,-9.1000,0.3604,-0.0309,0.8611,0.30,0.44,0.30,138302,136006,126126
37722656,-4.2175,98.8575,-8.8550,0.3353,-0.0283,0.8779,0.30,0.43,0.31,138106,136038,126001
37742188,-2.3800,99.1550,-8.6800,0.3093,-0.0259,0.8928,0.31,0.42,0.32,137924,136083,125875
37762696,0.9275,98.7700,-8.7150,0.2833,-0.0242,0.9066,0.31,0.41,0.32,137716,136114,125764
37782224,5.3025,97.9300,-9.0475,0.2424,-0.0234,0.9265,0.31,0.39,0.33,137517,136171,125689
37802736,8.9425,96.8625,-9.5025,0.2148,-0.0221,0.9398,0.31,0.38,0.33,137303,136208,125594
37822264,8.9075,95.5675,-10.3600,0.1886,-0.0165,0.9515,0.32,0.37,0.34,137110,136266,125497
37841796,8.5925,93.7650,-11.1125,0.1619,-0.0110,0.9634,0.32,0.36,0.34,136913,136324,125448
37862304,7.9450,91.3500,-11.4450,0.1329,-0.0087,0.9755,0.32,0.34,0.35,136716,136360,125374
37881836,3.6925,88.8650,-11.2700,0.1021,-0.0076,0.9853,0.32,0.33,0.35,136517,136390,125291
37902344,-10.1500,85.0150,-10.6400,0.0572,-0.0021,0.9942,0.32,0.32,0.36,136310,136363,125222
37921876,-17.3600,82.3025,-10.4125,0.0293,0.0020,1.0003,0.32,0.31,0.36,136126,136349,125147
37942384,-17.2725,78.6450,-9.8875,0.0017,0.0032,1.0089,0.32,0.30,0.37,135945,136362,125062
37961912,-12.6700,74.3750,-9.2750,-0.0268,0.0020,1.0177,0.32,0.29,0.37,135782,136361,125014
37982420,-6.0900,69.8600,-8.6800,-0.0556,-0.0010,1.0252,0.32,0.28,0.37,135613,136372,124974
38001952,7.6125,62.3350,-8.3125,-0.0825,-0.0074,1.0358,0.33,0.27,0.37,135472,136408,124971
38022460,16.6250,56.6475,-8.5925,-0.1187,-0.0104,1.0429,0.33,0.26,0.37,135331,136465,124966
38041992,20.1775,50.5925,-8.9425,-0.1418,-0.0105,1.0474,0.33,0.25,0.37,135212,136527,124966
38062500,18.9875,44.0825,-9.2050,-0.1637,-0.0098,1.0510,0.34,0.25,0.37,135108,136582,124967
38082032,18.4975,37.1350,-9.3275,-0.1840,-0.0099,1.0558,0.34,0.24,0.37,135021,136635,124986
38102540,19.9150,29.7675,-9.3450,-0.2024,-0.0104,1.0623,0.34,0.24,0.37,134936,136674,125026
38122072,24.4475,17.5350,-8.8200,-0.2279,-0.0093,1.0741,0.35,0.23,0.37,134897,136743,125034
38142576,27.1600,9.0825,-8.0850,-0.2433,-0.0076,1.0825,0.35,0.23,0.37,134871,136840,125064
38162108,28.5075,0.3675,-7.1400,-0.2584,-0.0067,1.0913,0.36,0.23,0.36,134871,136905,125098
38182616,27.6325,-8.6975,-6.1600,-0.2719,-0.0041,1.1009,0.36,0.23,0.36,134887,136961,125150
38202148,25.7950,-18.0950,-4.7950,-0.2835,0.0013,1.1117,0.36,0.24,0.36,134924,137001,125194
38222656,22.3125,-32.1650,-1.5575,-0.2929,0.0094,1.1234,0.36,0.24,0.36,135003,137050,125236
38242188,13.4575,-41.1600,0.9625,-0.3043,0.0261,1.1361,0.37,0.25,0.35,135094,137076,125260
38262696,5.8800,-49.7700,3.6225,-0.3106,0.0375,1.1422,0.37,0.25,0.35,135226,137077,125284
38282224,2.5200,-58.5025,6.5100,-0.3159,0.0471,1.1474,0.37,0.26,0.35,135369,137062,125304
38302736,0.8925,-67.2875,9.1700,-0.3182,0.0559,1.1514,0.36,0.27,0.35,135531,137026,125367
38322264,-0.7350,-76.0900,11.7600,-0.3170,0.0632,1.1538,0.36,0.28,0.35,135717,137015,125391
38341796,-2.8175,-84.7700,14.0175,-0.3127,0.0691,1.1549,0.36,0.30,0.35,135925,136987,125418
38362304,-7.4900,-97.5975,16.6600,-0.3012,0.0752,1.1558,0.36,0.31,0.34,136169,136931,125486
38381836,-9.3800,-105.7350,18.0600,-0.2911,0.0748,1.1560,0.35,0.33,0.34,136409,136871,125551
38402344,-8.7500,-113.1375,19.2675,-0.2806,0.0720,1.1546,0.35,0.34,0.33,136668,136804,125626
38421876,-5.5825,-119.9625,20.1425,-0.2683,0.0699,1.1517,0.35,0.36,0.33,136933,136756,125710
38442384,-2.5550,-125.9125,20.2825,-0.2530,0.0705,1.1462,0.34,0.38,0.32,137226,136721,125826
38461912,-6.1075,-133.2625,19.2325,-0.2350,0.0744,1.1345,0.34,0.39,0.31,137501,136656,125931
38482420,-11.4100,-137.2875,17.5525,-0.2057,0.0776,1.1269,0.34,0.41,0.30,137769,136568,126075
38501952,-20.5625,-140.1575,15.1025,-0.1845,0.0817,1.1175,0.33,0.42,0.30,138025,136469,126189
38532224,-44.5200,-141.9775,9.8525,-0.1469,0.0876,1.0968,0.32,0.45,0.29,138436,136261,126344
38552736,-61.2850,-141.6100,5.5825,-0.1198,0.0874,1.0806,0.31,0.46,0.28,138667,136105,126444
38572264,-71.4525,-138.8100,-0.2100,-0.0935,0.0808,1.0553,0.30,0.48,0.28,138897,135944,126538
38591796,-61.6875,-135.2400,-2.6600,-0.0505,0.0588,1.0390,0.29,0.49,0.27,139124,135841,126657
38612304,-38.2375,-130.6900,-3.2025,-0.0178,0.0379,1.0226,0.29,0.50,0.26,139345,135780,126820
38631836,-0.4550,-126.2625,-1.6800,0.0165,0.0160,1.0092,0.29,0.52,0.25,139527,135766,127010
38652344,35.6650,-120.6275,1.1725,0.0500,-0.0017,0.9928,0.29,0.53,0.23,139696,135796,127257
38671876,66.0450,-112.9975,5.3200,0.0856,-0.0150,0.9738,0.29,0.54,0.22,139862,135856,127506
38692384,96.6175,-99.0150,12.3025,0.1410,-0.0221,0.9311,0.30,0.55,0.20,140037,135948,127768
38711912,96.0400,-87.8850,16.5900,0.1780,-0.0166,0.8918,0.30,0.56,0.19,140172,136000,128015
38732420,73.1675,-75.1800,19.5475,0.2168,-0.0041,0.8481,0.30,0.56,0.18,140272,136007,128196
38751952,36.6625,-62.0550,21.0700,0.2563,0.0106,0.8029,0.30,0.57,0.17,140357,135945,128319
38772460,36.4700,-48.3525,21.7525,0.3065,0.0049,0.7586,0.29,0.57,0.17,140410,135842,128274
38791992,-131.2150,2.5375,21.2800,0.3692,0.0271,0.7326,0.28,0.57,0.18,140445,135699,128175
38812500,-95.0075,7.3150,19.4775,0.3947,0.0372,0.6373,0.28,0.57,0.18,140462,135590,128076
38832032,-59.0625,13.7200,19.9500,0.4144,0.0155,0.6309,0.27,0.57,0.19,140454,135491,128015
38852540,-11.3400,17.3250,18.8475,0.4341,-0.0055,0.6250,0.27,0.57,0.19,140443,135438,127991
38872072,4.8475,21.6125,16.3275,0.4564,-0.0242,0.6254,0.27,0.57,0.19,140434,135419,127930
38892576,0.1225,26.9325,12.7575,0.4815,-0.0425,0.6372,0.26,0.57,0.20,140417,135408,127872
38912108,-5.3900,31.2375,9.0475,0.5029,-0.0612,0.6520,0.26,0.57,0.20,140386,135392,127812
38932616,-15.0500,36.9075,4.3050,0.5179,-0.0788,0.6578,0.26,0.57,0.20,140330,135355,127728
38952148,-15.5400,40.4425,2.4150,0.5244,-0.0880,0.6603,0.26,0.56,0.21,140272,135327,127645
38972656,-6.6150,43.1025,1.2075,0.5311,-0.0974,0.6683,0.26,0.56,0.21,140210,135346,127565
38992188,4.3750,45.2900,0.0700,0.5356,-0.1071,0.6822,0.26,0.55,0.22,140158,135381,127491
39012696,10.7100,47.5475,-1.1375,0.5363,-0.1154,0.6988,0.26,0.55,0.22,140093,135405,127407
39032224,9.8875,51.4675,-2.9925,0.5344,-0.1187,0.7146,0.27,0.55,0.23,140006,135424,127328
39052736,7.7700,54.0050,-3.7625,0.5295,-0.1168,0.7353,0.27,0.54,0.23,139912,135448,127242
39072264,5.7575,56.2800,-4.2000,0.5253,-0.1135,0.7488,0.27,0.53,0.24,139832,135483,127154
39091796,3.7800,58.5200,-4.5675,0.5197,-0.1074,0.7624,0.27,0.53,0.25,139747,135513,127047
39112304,0.1925,60.7600,-4.2700,0.5119,-0.0991,0.7745,0.27,0.52,0.25,139643,135525,126948
39131836,-6.0900,63.1575,-3.6050,0.5020,-0.0904,0.7854,0.27,0.52,0.26,139521,135519,126826
39152344,-15.5750,67.1650,-2.2925,0.4842,-0.0793,0.8013,0.27,0.51,0.27,139398,135496,126716
39171876,-18.7775,69.9650,-1.1900,0.4708,-0.0749,0.8130,0.27,0.50,0.27,139272,135480,126588
39192384,-20.3525,72.4850,-0.0875,0.4570,-0.0730,0.8245,0.27,0.49,0.28,139153,135473,126439
39211912,-18.9000,74.5325,0.7350,0.4427,-0.0742,0.8364,0.27,0.49,0.29,139030,135453,126319
39232420,-15.3125,76.2650,1.2600,0.4270,-0.0771,0.8496,0.27,0.48,0.30,138877,135448,126201
39251952,-11.4625,77.5775,1.5925,0.4094,-0.0800,0.8633,0.27,0.47,0.30,138736,135424,126102
39272460,-8.0150,78.9775,1.7500,0.3804,-0.0833,0.8828,0.27,0.46,0.31,138587,135427,125984
39291992,-8.1025,79.7125,1.7850,0.3599,-0.0843,0.8949,0.27,0.45,0.32,138449,135438,125868
39312500,-9.8000,80.2200,1.9950,0.3392,-0.0850,0.9059,0.27,0.44,0.32,138289,135428,125748
39332032,-11.3575,80.3600,2.1875,0.3178,-0.0869,0.9167,0.27,0.43,0.33,138130,135421,125648
39352540,-11.0075,80.2025,2.3975,0.2956,-0.0900,0.9281,0.26,0.42,0.34,137956,135398,125543
39372072,-8.8900,79.5725,2.3450,0.2725,-0.0937,0.9396,0.26,0.41,0.34,137799,135397,125456
39392576,-6.1950,78.4700,2.2925,0.2379,-0.0972,0.9545,0.26,0.40,0.35,137643,135401,125362
39412108,-6.0900,77.7700,2.4675,0.2135,-0.0974,0.9627,0.26,0.39,0.36,137491,135401,125251
39432616,-7.3675,76.7025,2.6775,0.1897,-0.0981,0.9706,0.26,0.38,0.36,137320,135391,125178
39452148,-6.8075,74.9700,2.9575,0.1673,-0.1007,0.9794,0.26,0.37,0.36,137150,135377,125105
39472656,-3.8850,72.8000,3.1675,0.1442,-0.1049,0.9889,0.26,0.36,0.37,136998,135389,125032
39492188,-0.0350,68.9850,3.5175,0.1205,-0.1087,0.9972,0.26,0.35,0.37,136860,135408,124968
39512696,1.4000,66.0100,3.8325,0.0865,-0.1111,1.0074,0.27,0.34,0.38,136717,135422,124906
39542968,2.1350,61.2500,4.5150,0.0510,-0.1135,1.0165,0.27,0.33,0.38,136509,135441,124831
39563476,8.3300,57.6100,4.7600,0.0273,-0.1174,1.0233,0.27,0.32,0.38,136389,135474,124796
39583008,17.5350,53.6725,4.9000,0.0043,-0.1204,1.0300,0.27,0.32,0.38,136271,135524,124806
39603516,28.2450,47.3900,4.7425,-0.0294,-0.1207,1.0379,0.28,0.31,0.38,136161,135597,124804
39623048,33.5825,42.9275,4.2000,-0.0506,-0.1186,1.0426,0.28,0.31,0.38,136073,135683,124803
39643552,35.6475,38.2725,3.9200,-0.0708,-0.1171,1.0459,0.29,0.30,0.38,136000,135773,124803
39663084,31.0975,34.0725,4.0075,-0.0886,-0.1114,1.0471,0.29,0.30,0.38,135932,135836,124830
39683592,24.8325,29.9075,4.1475,-0.1050,-0.1041,1.0482,0.29,0.29,0.38,135854,135891,124838
39703124,20.5625,25.5325,4.2000,-0.1211,-0.0969,1.0504,0.30,0.29,0.38,135809,135921,124843
39723632,17.1150,18.5500,4.0425,-0.1430,-0.0869,1.0554,0.30,0.29,0.38,135782,135969,124845
39743164,14.6650,13.5100,3.9025,-0.1557,-0.0803,1.0602,0.30,0.29,0.38,135765,135995,124843
39763672,9.7825,7.8750,3.7800,-0.1671,-0.0730,1.0654,0.30,0.29,0.38,135755,136014,124854
39783204,4.2525,1.8725,3.4825,-0.1770,-0.0664,1.0719,0.30,0.29,0.38,135760,136020,124875
39803712,1.3825,-5.1625,3.1675,-0.1850,-0.0627,1.0818,0.30,0.29,0.38,135772,136001,124882
39823240,2.9575,-17.2550,2.8700,-0.1901,-0.0598,1.0950,0.30,0.29,0.38,135822,136004,124901
39843752,2.0825,-26.0750,3.0975,-0.1963,-0.0547,1.1163,0.30,0.29,0.38,135898,136020,124891
39863280,-3.3950,-35.4025,3.4650,-0.1979,-0.0517,1.1285,0.30,0.30,0.38,135993,135992,124919
39882812,-9.0300,-45.2900,3.8150,-0.1979,-0.0506,1.1403,0.30,0.31,0.37,136101,135950,124948
39903320,-13.5100,-55.6325,4.3925,-0.1979,-0.0500,1.1509,0.29,0.32,0.37,136239,135877,124992
39922852,-20.0025,-65.8875,5.0925,-0.1997,-0.0481,1.1590,0.29,0.33,0.37,136407,135827,125010
39943360,-24.4825,-80.6225,6.0200,-0.2044,-0.0483,1.1673,0.29,0.34,0.37,136610,135765,125027
39962888,-21.6300,-89.9150,6.6850,-0.2059,-0.0498,1.1703,0.28,0.35,0.36,136812,135699,125092
39983400,-17.9900,-98.3500,7.2450,-0.2057,-0.0508,1.1697,0.28,0.36,0.36,137031,135608,125172
40002928,-13.9300,-105.7525,7.9100,-0.2030,-0.0515,1.1671,0.27,0.38,0.35,137257,135556,125258
40023436,-8.4175,-112.1050,8.6800,-0.1980,-0.0519,1.1627,0.27,0.39,0.35,137517,135525,125369
40042968,-2.6250,-117.3550,9.7825,-0.1923,-0.0522,1.1569,0.27,0.41,0.34,137760,135487,125484
40063476,-0.3150,-122.4475,10.9550,-0.1806,-0.0487,1.1455,0.27,0.42,0.33,138022,135443,125635
40083008,-4.8475,-123.9175,11.0075,-0.1676,-0.0432,1.1370,0.26,0.44,0.32,138258,135375,125763
40103516,-12.9850,-124.1450,10.3075,-0.1492,-0.0359,1.1272,0.26,0.45,0.31,138491,135279,125917
40123048,-22.4000,-123.2350,9.3275,-0.1268,-0.0304,1.1141,0.25,0.47,0.31,138727,135201,126027
40143552,-28.3150,-121.7300,8.3825,-0.1017,-0.0278,1.0987,0.25,0.48,0.30,138970,135108,126172
40163084,-27.2125,-119.4900,7.7350,-0.0742,-0.0304,1.0834,0.24,0.49,0.29,139174,135026,126319
40183592,-18.5325,-114.6600,7.7350,-0.0288,-0.0401,1.0575,0.24,0.51,0.28,139369,134927,126469
40203124,-14.1400,-110.5475,7.8400,0.0051,-0.0470,1.0363,0.23,0.52,0.27,139542,134869,126613
40223632,-12.9150,-106.2425,7.6825,0.0406,-0.0521,1.0141,0.23,0.53,0.26,139734,134807,126761
40243164,-12.7050,-102.5325,7.2975,0.0776,-0.0589,0.9931,0.22,0.54,0.25,139909,134752,126904
40263672,-13.7025,-99.1025,6.8775,0.1138,-0.0661,0.9714,0.22,0.55,0.24,140057,134663,127059
40283204,-17.2375,-93.2750,6.0200,0.1475,-0.0727,0.9478,0.22,0.56,0.24,140194,134599,127198
40303712,-25.3575,-88.7425,5.3200,0.1947,-0.0830,0.9105,0.21,0.56,0.23,140324,134523,127331
40323240,-30.4850,-83.8250,4.4100,0.2244,-0.0900,0.8852,0.21,0.57,0.22,140448,134453,127459
40343752,-32.2350,-78.6625,3.7275,0.2553,-0.1020,0.8607,0.20,0.58,0.21,140577,134386,127573
40363280,-28.7175,-73.1675,3.3950,0.2878,-0.1169,0.8356,0.20,0.59,0.21,140668,134329,127681
40382812,-25.0075,-67.5325,2.6775,0.3198,-0.1305,0.8087,0.19,0.59,0.20,140752,134251,127791
40403320,-28.7875,-58.1700,0.6300,0.3650,-0.1496,0.7697,0.19,0.59,0.19,140813,134197,127887
40422852,-22.2250,-52.0100,-0.0525,0.3963,-0.1668,0.7498,0.19,0.60,0.19,140880,134163,127971
40443360,-10.6575,-45.7975,-0.7175,0.4224,-0.1806,0.7290,0.19,0.60,0.18,140960,134160,128048
40462888,-0.1400,-39.5850,-1.1375,0.4510,-0.1928,0.7082,0.19,0.61,0.18,140996,134153,128117
40483400,6.1425,-32.9525,-1.8200,0.4785,-0.2040,0.6904,0.19,0.61,0.18,141024,134151,128187
40502928,8.2950,-26.3725,-2.6600,0.5017,-0.2136,0.6734,0.19,0.61,0.17,141044,134159,128229
40523436,5.6000,-16.7825,-3.9550,0.5329,-0.2227,0.6471,0.19,0.61,0.17,141065,134185,128260
40553712,2.7125,-7.1400,-5.5300,0.5605,-0.2296,0.6239,0.19,0.61,0.17,141069,134181,128280
40573240,5.9675,-0.8400,-6.4925,0.5771,-0.2357,0.6131,0.19,0.61,0.17,141072,134224,128281
40593752,11.9875,5.4950,-7.4375,0.5927,-0.2411,0.6049,0.20,0.61,0.17,141067,134279,128269
40613280,16.0125,12.0575,-8.2425,0.6068,-0.2441,0.5976,0.20,0.61,0.17,141040,134319,128248
40632812,16.5900,22.5225,-9.3450,0.6195,-0.2450,0.5915,0.20,0.61,0.18,140997,134358,128197
40653320,15.9250,29.7325,-9.7650,0.6346,-0.2439,0.5852,0.20,0.60,0.18,140941,134403,128143
40672852,16.2925,36.6625,-9.9750,0.6415,-0.2417,0.5836,0.21,0.60,0.18,140895,134458,128084
40693360,16.3100,43.4525,-10.0275,0.6456,-0.2379,0.5845,0.21,0.60,0.19,140849,134531,127981
40712888,14.3850,50.0325,-9.9750,0.6475,-0.2323,0.5876,0.21,0.59,0.19,140769,134570,127899
40733400,11.2525,56.5075,-9.7825,0.6464,-0.2256,0.5927,0.22,0.59,0.20,140660,134621,127780
40752928,10.4300,65.6075,-9.3275,0.6396,-0.2150,0.6046,0.22,0.58,0.21,140564,134655,127655
40773436,11.8125,70.9100,-8.9600,0.6327,-0.2074,0.6141,0.22,0.57,0.22,140459,134736,127528
40792968,13.3700,76.0200,-8.8725,0.6243,-0.1989,0.6251,0.23,0.57,0.22,140355,134791,127412
40813476,15.6100,80.4825,-8.6975,0.6132,-0.1904,0.6376,0.23,0.56,0.23,140220,134865,127271
40833008,17.0100,84.5600,-8.5575,0.5983,-0.1818,0.6510,0.24,0.55,0.24,140076,134931,127117
40853516,18.6550,88.0250,-8.4175,0.5802,-0.1741,0.6664,0.24,0.54,0.25,139912,134989,126989
40873048,18.5325,92.3475,-8.6800,0.5529,-0.1624,0.6932,0.24,0.53,0.26,139762,135057,126851
40893552,15.7325,94.5875,-8.9600,0.5341,-0.1541,0.7120,0.25,0.52,0.27,139607,135135,126709
40913084,11.0775,96.6175,-9.1000,0.5140,-0.1452,0.7294,0.25,0.51,0.28,139443,135193,126566
40933592,6.4225,98.5775,-8.9425,0.4931,-0.1362,0.7457,0.25,0.50,0.28,139251,135230,126421
40953124,3.7450,100.0650,-8.6100,0.4715,-0.1280,0.7619,0.26,0.49,0.29,139066,135265,126287
40973632,2.1875,101.9025,-7.9800,0.4380,-0.1190,0.7885,0.26,0.48,0.30,138876,135332,126134
40993164,4.2175,102.6725,-7.6825,0.4143,-0.1146,0.8093,0.26,0.47,0.31,138691,135382,126006
41013672,9.0475,102.8125,-7.6300,0.3894,-0.1109,0.8314,0.27,0.45,0.32,138480,135439,125875
41033204,15.7675,102.3925,-7.5950,0.3631,-0.1072,0.8539,0.27,0.44,0.32,138273,135508,125784
41053712,21.2975,101.5000,-7.5250,0.3350,-0.1028,0.8738,0.28,0.43,0.33,138063,135583,125684
41073240,24.7800,100.5375,-7.6125,0.3060,-0.0974,0.8904,0.28,0.41,0.33,137871,135672,125609
41093752,25.2525,98.5075,-8.4525,0.2586,-0.0864,0.9120,0.29,0.40,0.34,137666,135773,125510
41113280,24.3075,96.5125,-9.2925,0.2267,-0.0795,0.9271,0.29,0.39,0.34,137470,135860,125449
41132812,24.1675,94.0625,-10.1850,0.1945,-0.0737,0.9427,0.30,0.38,0.35,137269,135943,125376
41153320,21.6825,91.2450,-11.2875,0.1631,-0.0686,0.9560,0.30,0.37,0.35,137054,136004,125333
41172852,17.3950,88.3575,-12.1275,0.1322,-0.0626,0.9673,0.31,0.35,0.35,136868,136078,125286
41193360,13.4925,85.1200,-12.6350,0.1020,-0.0548,0.9775,0.31,0.34,0.36,136695,136153,125208
41212888,6.5100,80.0275,-12.0575,0.0571,-0.0443,0.9904,0.31,0.33,0.36,136522,136196,125149
41233400,2.6250,76.4400,-11.6375,0.0287,-0.0377,0.9984,0.31,0.32,0.36,136332,136213,125098
41252928,4.9000,72.3800,-11.3225,0.0005,-0.0333,1.0082,0.32,0.31,0.37,136164,136259,125083
41273436,9.2225,67.9175,-11.1650,-0.0276,-0.0303,1.0188,0.32,0.30,0.37,136010,136314,125044
41292968,15.9600,62.7900,-11.0950,-0.0544,-0.0295,1.0307,0.32,0.29,0.37,135879,136392,125020
41313476,24.7975,57.0850,-11.1650,-0.0786,-0.0283,1.0432,0.33,0.29,0.37,135743,136481,125021
41333008,31.3075,47.8100,-10.9200,-0.1104,-0.0217,1.0599,0.34,0.28,0.37,135627,136572,125040
41353516,30.2225,41.3350,-10.3600,-0.1303,-0.0156,1.0710,0.34,0.27,0.37,135524,136642,125060
41373048,24.9200,34.6150,-9.5025,-0.1488,-0.0085,1.0826,0.34,0.27,0.37,135442,136696,125078
41393552,16.7125,27.4925,-8.5575,-0.1651,-0.0006,1.0946,0.35,0.26,0.37,135383,136759,125073
41413084,11.0425,19.8100,-7.4025,-0.1807,0.0052,1.1079,0.35,0.26,0.37,135350,136786,125085
41433592,9.3625,7.3325,-5.3550,-0.2033,0.0104,1.1287,0.35,0.26,0.36,135314,136801,125107
41453124,8.9600,-1.2600,-3.8850,-0.2179,0.0138,1.1418,0.35,0.26,0.36,135320,136812,125116
41473632,6.3875,-9.9750,-2.2225,-0.2311,0.0190,1.1534,0.35,0.26,0.36,135353,136831,125130
41493164,1.2950,-18.5850,-0.4550,-0.2428,0.0264,1.1627,0.35,0.26,0.36,135398,136842,125126
41513672,-3.2375,-27.1600,1.6450,-0.2527,0.0346,1.1710,0.35,0.27,0.36,135483,136818,125147
41533204,-5.7575,-35.7350,3.9025,-0.2608,0.0427,1.1793,0.35,0.27,0.36,135564,136785,125154
41563476,-10.2550,-53.2175,8.3125,-0.2724,0.0554,1.1927,0.35,0.29,0.36,135763,136726,125174
41583008,-15.4350,-62.0900,10.1500,-0.2752,0.0589,1.1961,0.34,0.29,0.36,135903,136659,125194
41603516,-20.3175,-71.1900,11.5675,-0.2757,0.0594,1.1990,0.34,0.31,0.36,136074,136571,125218
41623048,-21.0175,-80.7450,12.6525,-0.2745,0.0564,1.2035,0.33,0.32,0.35,136273,136508,125267
41643552,-19.6175,-90.5975,13.5975,-0.2729,0.0512,1.2077,0.33,0.33,0.35,136503,136439,125294
41663084,-20.0550,-100.0650,14.6650,-0.2701,0.0464,1.2093,0.32,0.35,0.35,136725,136362,125346
41683592,-22.1725,-112.8925,15.1375,-0.2603,0.0422,1.2056,0.32,0.36,0.34,136969,136247,125429
41703124,-22.9775,-120.3825,15.6450,-0.2505,0.0404,1.1991,0.31,0.38,0.34,137224,136156,125501
41723632,-23.8350,-127.1900,15.8550,-0.2390,0.0386,1.1900,0.30,0.39,0.33,137507,136048,125595
41743164,-26.4425,-132.8075,15.5925,-0.2256,0.0366,1.1790,0.30,0.41,0.33,137786,135942,125698
41763672,-34.3000,-136.8675,14.2100,-0.2098,0.0368,1.1655,0.29,0.43,0.32,138061,135809,125807
41783204,-49.4375,-140.2275,10.3425,-0.1803,0.0381,1.1424,0.28,0.44,0.32,138320,135647,125902
41803712,-58.1000,-140.6825,6.7725,-0.1559,0.0376,1.1247,0.27,0.46,0.31,138573,135470,126027
41823240,-64.5400,-139.7025,2.9400,-0.1274,0.0325,1.1052,0.26,0.47,0.30,138830,135309,126138
41843752,-62.7725,-137.7775,0.0700,-0.0944,0.0193,1.0843,0.25,0.49,0.29,139084,135171,126251
41863280,-51.2575,-134.6275,-1.8550,-0.0588,0.0012,1.0630,0.24,0.50,0.28,139305,135066,126415
41882812,-34.2650,-130.2700,-2.7650,-0.0242,-0.0173,1.0402,0.24,0.52,0.27,139512,134986,126574
41903320,-5.9325,-121.9050,-1.4350,0.0298,-0.0458,1.0022,0.24,0.53,0.26,139699,134928,126767
41922852,11.0425,-115.0275,0.8575,0.0672,-0.0608,0.9745,0.24,0.54,0.25,139883,134924,126941
41943360,21.3500,-107.1525,3.4825,0.1035,-0.0703,0.9442,0.24,0.55,0.24,140074,134938,127142
41962888,23.2750,-98.4725,6.0025,0.1418,-0.0766,0.9101,0.24,0.56,0.23,140218,134927,127299
41983400,21.4375,-89.3375,8.1200,0.1807,-0.0808,0.8749,0.23,0.57,0.22,140342,134889,127450
42002928,17.6400,-80.1850,9.8000,0.2168,-0.0837,0.8386,0.23,0.57,0.21,140441,134862,127600
42023436,2.9575,-65.9750,11.0600,0.2695,-0.0878,0.7842,0.23,0.58,0.21,140550,134812,127707
42042968,-8.1375,-56.6475,10.9550,0.3029,-0.0917,0.7516,0.23,0.58,0.20,140641,134767,127802
42063476,-14.7350,-47.8800,10.3775,0.3344,-0.0987,0.7233,0.22,0.59,0.20,140709,134704,127867
42083008,-13.8950,-39.6375,9.7475,0.3643,-0.1085,0.7000,0.22,0.59,0.19,140748,134658,127927
42103516,-5.2325,-32.1125,9.1350,0.3924,-0.1210,0.6812,0.22,0.59,0.19,140794,134630,127976
42123048,4.6550,-25.0950,7.6125,0.4193,-0.1330,0.6647,0.22,0.60,0.19,140831,134617,128025
42143552,5.6000,-14.6475,5.9850,0.4592,-0.1462,0.6400,0.22,0.60,0.18,140861,134606,128055
42163084,-0.0350,-8.0150,4.1475,0.4848,-0.1542,0.6250,0.21,0.60,0.18,140872,134586,128065
42183592,-3.4300,-1.6275,2.0125,0.5079,-0.1635,0.6137,0.21,0.60,0.18,140863,134576,128058
42203124,-2.4500,4.3925,-0.1925,0.5292,-0.1740,0.6060,0.21,0.60,0.18,140844,134585,128041
42223632,0.4550,10.6925,-2.2750,0.5484,-0.1848,0.5999,0.22,0.60,0.19,140830,134599,128020
42243164,5.0575,20.1600,-4.9700,0.5723,-0.1986,0.5917,0.22,0.59,0.19,140810,134623,127967
42263672,8.6975,26.6525,-6.6150,0.5857,-0.2053,0.5884,0.22,0.59,0.19,140767,134666,127924
42283204,12.0400,33.0400,-8.0850,0.5966,-0.2096,0.5885,0.22,0.59,0.20,140708,134701,127865
42303712,14.0350,39.4100,-9.1000,0.6050,-0.2105,0.5915,0.22,0.58,0.20,140630,134755,127797
42323240,14.6300,45.7275,-9.7825,0.6095,-0.2084,0.5958,0.23,0.58,0.21,140566,134811,127690
42343752,14.7875,51.6075,-10.2900,0.6110,-0.2047,0.6024,0.23,0.58,0.21,140502,134890,127613
42363280,17.6050,59.4125,-11.1300,0.6102,-0.1974,0.6182,0.24,0.57,0.22,140402,134949,127510
42382812,16.6075,64.0150,-11.6725,0.6070,-0.1882,0.6293,0.24,0.56,0.22,140289,135001,127421
42403320,11.2000,68.3025,-11.9525,0.5994,-0.1762,0.6392,0.24,0.55,0.23,140162,135046,127289
42422852,5.3200,72.3800,-11.8300,0.5883,-0.1635,0.6500,0.25,0.55,0.24,140043,135101,127173
42443360,3.9550,75.9500,-11.3225,0.5752,-0.1530,0.6638,0.25,0.54,0.25,139927,135158,127036
42462888,6.6325,79.0125,-10.6225,0.5606,-0.1449,0.6805,0.25,0.53,0.25,139789,135218,126905
42483400,11.6725,82.8100,-9.7300,0.5341,-0.1354,0.7069,0.26,0.52,0.26,139625,135259,126779
42502928,12.1800,85.0675,-9.2575,0.5157,-0.1279,0.7243,0.26,0.51,0.27,139472,135309,126669
42523436,9.8350,87.2025,-8.7675,0.4973,-0.1196,0.7412,0.26,0.50,0.28,139314,135379,126531
42542968,3.2725,89.3375,-8.2250,0.4782,-0.1114,0.7559,0.27,0.49,0.28,139166,135419,126408
42573240,-7.8750,92.3475,-7.3675,0.4485,-0.1009,0.7754,0.27,0.48,0.30,138900,135439,126197
42593752,-9.2925,94.8500,-6.4050,0.4185,-0.0977,0.7995,0.27,0.47,0.31,138724,135478,126058
42613280,-6.0375,95.9350,-5.8975,0.3974,-0.0992,0.8176,0.27,0.46,0.31,138546,135500,125933
42632812,-3.4475,96.7575,-5.5475,0.3741,-0.1003,0.8350,0.27,0.44,0.32,138350,135516,125823
42653320,-4.2525,97.7375,-5.3200,0.3494,-0.0978,0.8483,0.27,0.43,0.33,138145,135537,125702
42672852,-5.9150,98.6125,-4.7950,0.3245,-0.0943,0.8594,0.27,0.42,0.34,137953,135568,125581
42693360,-5.5300,99.3650,-4.0775,0.2990,-0.0930,0.8712,0.28,0.41,0.34,137763,135605,125447
42712888,1.3825,100.2225,-3.2375,0.2596,-0.0958,0.8918,0.28,0.40,0.35,137563,135636,125364
42733400,9.7825,100.3800,-3.2375,0.2325,-0.0986,0.9059,0.28,0.38,0.35,137336,135690,125281
42752928,17.6925,100.0125,-3.6225,0.2036,-0.0988,0.9177,0.29,0.37,0.36,137125,135766,125210
42773436,21.0525,99.5225,-4.6725,0.1729,-0.0974,0.9272,0.29,0.36,0.36,136909,135848,125134
42792968,19.4600,98.6650,-5.4950,0.1419,-0.0944,0.9355,0.30,0.34,0.37,136711,135917,125067
42813476,7.1225,97.2300,-6.0900,0.0975,-0.0848,0.9466,0.30,0.33,0.37,136491,135958,124993
42833008,1.0675,95.9350,-6.0375,0.0684,-0.0798,0.9567,0.30,0.32,0.37,136273,135993,124936
42853516,1.2775,93.5550,-5.8975,0.0383,-0.0764,0.9703,0.30,0.30,0.38,136062,136027,124887
42873048,2.7475,90.0900,-5.7575,0.0079,-0.0737,0.9845,0.30,0.29,0.38,135858,136061,124837
42893552,4.6725,86.1525,-5.4950,-0.0223,-0.0731,0.9987,0.31,0.28,0.38,135677,136117,124787
42913084,8.1900,81.7775,-5.4250,-0.0534,-0.0730,1.0120,0.31,0.27,0.38,135489,136153,124766
42933592,13.3875,74.3750,-5.5125,-0.0999,-0.0721,1.0311,0.31,0.26,0.39,135310,136211,124752
42953124,18.9175,68.6350,-5.7925,-0.1292,-0.0736,1.0443,0.32,0.25,0.39,135141,136273,124752
42973632,24.3250,62.1950,-6.3700,-0.1565,-0.0742,1.0571,0.32,0.24,0.39,135002,136356,124753
42993164,26.9850,55.1425,-6.8250,-0.1825,-0.0722,1.0703,0.33,0.23,0.39,134878,136446,124755
43013672,25.2350,47.6000,-7.1050,-0.2074,-0.0669,1.0831,0.33,0.23,0.38,134773,136511,124787
43033204,19.4600,39.6725,-7.0350,-0.2320,-0.0604,1.0954,0.34,0.22,0.38,134680,136564,124800
43053712,11.2525,26.4250,-6.6150,-0.2691,-0.0521,1.1148,0.34,0.22,0.38,134605,136581,124804
43073240,7.2975,16.7125,-5.9675,-0.2921,-0.0484,1.1278,0.34,0.21,0.38,134566,136614,124800
43093752,4.3575,6.3525,-4.9700,-0.3129,-0.0460,1.1405,0.34,0.21,0.38,134569,136622,124803
43113280,1.8375,-4.3925,-3.7975,-0.3316,-0.0422,1.1524,0.34,0.21,0.38,134580,136618,124805
43132812,-1.2250,-15.2075,-2.4500,-0.3475,-0.0373,1.1628,0.34,0.22,0.38,134622,136610,124818
43153320,-4.2000,-26.0750,-0.8925,-0.3605,-0.0322,1.1722,0.34,0.22,0.38,134694,136570,124819
43172852,-8.2950,-42.3150,1.5925,-0.3762,-0.0243,1.1839,0.33,0.23,0.38,134806,136555,124810
43193360,-12.4600,-52.8325,3.2550,-0.3837,-0.0185,1.1890,0.33,0.24,0.38,134943,136510,124806
43212888,-15.6100,-62.8425,4.8825,-0.3889,-0.0143,1.1924,0.33,0.25,0.38,135101,136460,124806
43233400,-15.9950,-72.6775,6.2300,-0.3926,-0.0117,1.1949,0.32,0.26,0.38,135293,136396,124846
43252928,-15.1900,-82.1450,7.5075,-0.3939,-0.0095,1.1958,0.32,0.27,0.38,135492,136330,124857
43273436,-11.8125,-95.4800,9.0650,-0.3911,-0.0083,1.1941,0.32,0.28,0.38,135727,136286,124881
43292968,-7.7000,-103.8800,10.2725,-0.3865,-0.0089,1.1908,0.32,0.30,0.37,135970,136236,124938
43313476,-0.8050,-111.6150,11.4800,-0.3797,-0.0098,1.1863,0.31,0.32,0.37,136238,136214,125011
43333008,8.8550,-119.2100,12.9675,-0.3694,-0.0118,1.1807,0.31,0.33,0.36,136507,136185,125130
43353516,18.5675,-126.1400,14.7175,-0.3566,-0.0143,1.1738,0.31,0.35,0.35,136794,136162,125256
43373048,25.8125,-132.3525,16.8000,-0.3426,-0.0161,1.1656,0.31,0.37,0.35,137090,136183,125411
43393552,28.8750,-139.7200,19.8975,-0.3190,-0.0149,1.1497,0.31,0.39,0.34,137404,136180,125571
43413084,27.3175,-143.1675,21.2275,-0.2999,-0.0109,1.1377,0.31,0.40,0.33,137700,136165,125731
43433592,25.9000,-145.8625,22.4175,-0.2779,-0.0049,1.1263,0.31,0.42,0.31,138003,136132,125936
43453124,20.4400,-147.3500,22.9075,-0.2516,0.0039,1.1136,0.31,0.44,0.30,138279,136080,126105
43473632,11.7425,-148.0850,22.7850,-0.2220,0.0131,1.0991,0.30,0.46,0.29,138582,136030,126285
43493164,-1.9425,-147.4550,22.0500,-0.1903,0.0222,1.0818,0.30,0.48,0.28,138858,135934,126444
43513672,-25.4275,-143.9900,19.8975,-0.1370,0.0318,1.0521,0.29,0.49,0.27,139119,135807,126621
43533204,-37.4850,-140.4900,18.4100,-0.0975,0.0315,1.0299,0.28,0.51,0.26,139353,135661,126770
43553712,-45.7450,-136.1675,16.9400,-0.0561,0.0288,1.0024,0.27,0.52,0.25,139591,135514,126921
43583984,-52.9550,-128.6950,13.6500,0.0073,0.0238,0.9570,0.26,0.54,0.24,139915,135298,127131
43604492,-51.9575,-119.7700,11.5850,0.0753,0.0066,0.9122,0.25,0.55,0.23,140111,135159,127305
43624024,-49.5425,-112.7175,10.7800,0.1192,-0.0062,0.8816,0.24,0.56,0.22,140288,135037,127428
43644532,-52.2375,-104.6850,9.8350,0.1621,-0.0184,0.8480,0.24,0.57,0.21,140449,134923,127585
43664064,-51.3275,-96.0050,8.8900,0.2047,-0.0351,0.8150,0.23,0.58,0.21,140583,134828,127699
43684568,-38.7975,-86.9750,8.1200,0.2469,-0.0536,0.7841,0.22,0.59,0.20,140692,134734,127827
43704100,-18.8650,-77.6300,8.0500,0.2895,-0.0734,0.7527,0.22,0.59,0.19,140786,134684,127968
43724608,7.6825,-63.0000,8.5750,0.3481,-0.0989,0.7046,0.22,0.60,0.18,140885,134663,128102
43744140,13.4225,-52.7100,8.6975,0.3837,-0.1118,0.6734,0.22,0.60,0.18,140956,134649,128201
43764648,10.2550,-42.4725,8.3300,0.4183,-0.1220,0.6448,0.22,0.61,0.17,141004,134633,128300
43784180,2.0650,-32.5500,7.5775,0.4508,-0.1318,0.6188,0.21,0.61,0.17,141033,134574,128336
43804688,-6.4400,-23.1875,6.3525,0.4812,-0.1420,0.5972,0.21,0.61,0.16,141055,134553,128376
43824216,-9.6950,-14.4725,4.7950,0.5102,-0.1540,0.5813,0.21,0.61,0.16,141086,134542,128391
43844728,-0.8225,-3.0100,2.3275,0.5497,-0.1754,0.5668,0.21,0.61,0.16,141089,134541,128384
43864256,8.4000,4.0075,0.7525,0.5730,-0.1881,0.5614,0.21,0.61,0.16,141076,134545,128382
43883788,14.5600,10.6925,-0.5600,0.5934,-0.1979,0.5577,0.21,0.61,0.16,141057,134570,128370
43904296,14.1575,17.5875,-1.7150,0.6107,-0.2036,0.5541,0.21,0.61,0.17,141025,134579,128324
43923828,9.1350,24.6400,-2.8700,0.6248,-0.2056,0.5503,0.22,0.61,0.17,141002,134608,128281
43944336,7.7525,31.5175,-3.5525,0.6366,-0.2067,0.5492,0.22,0.60,0.17,140967,134657,128214
43963868,12.3900,41.0725,-4.3925,0.6506,-0.2074,0.5539,0.22,0.60,0.18,140907,134680,128135
43984376,14.6125,47.0750,-4.7075,0.6556,-0.2061,0.5589,0.22,0.60,0.19,140824,134701,128040
44003904,15.1900,53.0950,-5.0050,0.6577,-0.2022,0.5645,0.22,0.59,0.19,140744,134756,127942
44024416,15.8550,58.8700,-5.2500,0.6575,-0.1970,0.5716,0.23,0.59,0.20,140667,134816,127837
44043944,18.1475,64.3125,-5.3550,0.6544,-0.1920,0.5805,0.23,0.58,0.20,140583,134865,127737
44064452,22.9600,72.1875,-5.5300,0.6473,-0.1828,0.5956,0.24,0.57,0.21,140471,134935,127606
44083984,23.8700,77.4025,-5.6700,0.6331,-0.1737,0.6063,0.24,0.57,0.22,140345,134997,127491
44104492,23.1875,82.2675,-5.8625,0.6213,-0.1642,0.6189,0.24,0.56,0.23,140210,135049,127348
44124024,21.1050,86.6250,-6.1075,0.6072,-0.1556,0.6339,0.25,0.55,0.24,140081,135126,127200
44144532,16.8700,90.4400,-6.4575,0.5905,-0.1469,0.6500,0.25,0.54,0.24,139937,135196,127075
44164064,11.8125,93.9400,-6.8250,0.5710,-0.1385,0.6672,0.25,0.53,0.25,139784,135229,126922
44184568,6.4575,97.9475,-6.8775,0.5385,-0.1261,0.6969,0.26,0.52,0.26,139594,135274,126767
44204100,2.3100,99.9775,-6.8075,0.5158,-0.1183,0.7172,0.26,0.51,0.27,139423,135305,126622
44224608,-4.3925,101.9550,-6.4925,0.4918,-0.1103,0.7359,0.26,0.50,0.28,139252,135331,126456
44244140,-10.4475,103.6000,-6.2825,0.4671,-0.1039,0.7544,0.26,0.49,0.29,139070,135361,126302
44264648,-12.1100,104.5450,-5.8100,0.4426,-0.1013,0.7740,0.26,0.48,0.30,138870,135365,126156
44284180,-9.2400,105.2275,-5.3725,0.4171,-0.1013,0.7946,0.26,0.46,0.31,138668,135396,126012
44304688,2.9575,105.1575,-5.0925,0.3767,-0.1036,0.8276,0.27,0.45,0.32,138456,135431,125882
44324216,12.9675,104.6500,-5.3900,0.3492,-0.1054,0.8489,0.27,0.44,0.32,138267,135495,125765
44344728,20.3350,103.9675,-5.9675,0.3215,-0.1050,0.8662,0.28,0.43,0.33,138059,135581,125660
44364256,23.2575,103.1100,-6.6150,0.2932,-0.1008,0.8797,0.28,0.41,0.34,137851,135664,125578
44383788,21.9275,102.1825,-7.6300,0.2640,-0.0949,0.8911,0.28,0.40,0.34,137640,135730,125486
44404296,19.5650,101.0450,-8.5400,0.2336,-0.0898,0.9035,0.29,0.39,0.35,137416,135805,125414
44423828,18.1650,98.6125,-9.7825,0.1892,-0.0827,0.9235,0.29,0.38,0.35,137216,135888,125326
44444336,17.4475,96.5825,-10.2375,0.1596,-0.0773,0.9355,0.30,0.36,0.36,137016,135975,125254
44463868,19.7050,94.0450,-10.9550,0.1304,-0.0711,0.9476,0.30,0.35,0.36,136818,136059,125209
44484376,24.6750,91.2450,-11.5500,0.1003,-0.0676,0.9601,0.31,0.34,0.36,136594,136143,125180
44503904,28.1925,88.2875,-11.7250,0.0695,-0.0643,0.9717,0.32,0.33,0.36,136400,136242,125139
44524416,29.8375,83.7550,-12.1275,0.0393,-0.0561,0.9866,0.32,0.31,0.36,136209,136357,125100
44543944,29.6800,80.6750,-12.4775,-0.0022,-0.0471,0.9960,0.33,0.30,0.37,136038,136451,125089
44564452,29.2775,77.1925,-12.6875,-0.0282,-0.0376,1.0074,0.33,0.29,0.37,135847,136546,125087
44594728,33.3725,70.4725,-13.4225,-0.0709,-0.0265,1.0254,0.34,0.28,0.36,135595,136704,125093
44614256,33.3200,65.2575,-14.3150,-0.0974,-0.0185,1.0363,0.35,0.27,0.36,135442,136787,125104
44633788,28.8400,59.8500,-15.1025,-0.1226,-0.0100,1.0448,0.35,0.26,0.36,135300,136861,125122
44654296,21.0000,51.2050,-15.5400,-0.1591,0.0031,1.0588,0.36,0.25,0.36,135162,136925,125135
44673828,13.2825,44.9050,-15.1375,-0.1832,0.0137,1.0697,0.36,0.24,0.36,135055,136964,125110
44694336,4.7250,37.6250,-14.3325,-0.2054,0.0251,1.0820,0.36,0.24,0.36,134963,136996,125114
44713868,-2.6950,29.6625,-12.8800,-0.2270,0.0337,1.0964,0.36,0.23,0.36,134889,136988,125104
44734376,-4.6200,20.8600,-11.1475,-0.2475,0.0387,1.1125,0.36,0.23,0.36,134835,136979,125108
44753904,-3.5875,11.4975,-9.1350,-0.2675,0.0426,1.1278,0.36,0.23,0.36,134814,136974,125096
44774416,-5.6350,-2.8000,-5.7750,-0.2967,0.0500,1.1461,0.36,0.23,0.37,134816,136968,125089
44793944,-9.9750,-12.8275,-3.3425,-0.3139,0.0542,1.1558,0.36,0.23,0.37,134853,136956,125065
44814452,-13.5800,-22.9775,-0.8925,-0.3283,0.0580,1.1644,0.36,0.23,0.37,134918,136915,125064
44833984,-15.8025,-33.3025,1.7675,-0.3389,0.0605,1.1714,0.35,0.24,0.37,135007,136847,125044
44854492,-17.3250,-43.6450,4.4800,-0.3456,0.0614,1.1771,0.35,0.25,0.37,135122,136804,125061
44874024,-15.4875,-59.1500,7.9800,-0.3503,0.0590,1.1834,0.35,0.26,0.37,135267,136758,125054
44894532,-12.5475,-69.6850,9.9400,-0.3548,0.0569,1.1860,0.35,0.27,0.37,135449,136727,125058
44914064,-10.3950,-79.9050,11.7775,-0.3553,0.0547,1.1865,0.34,0.28,0.36,135651,136662,125094
44934568,-7.9975,-89.4950,13.5450,-0.3528,0.0526,1.1856,0.34,0.29,0.36,135865,136609,125155
44954100,-3.4300,-98.5600,15.4525,-0.3487,0.0505,1.1844,0.34,0.31,0.36,136097,136576,125219
44974608,2.6075,-107.0300,17.4825,-0.3433,0.0490,1.1825,0.33,0.32,0.35,136373,136551,125288
44994140,9.5725,-118.3700,20.4575,-0.3314,0.0484,1.1753,0.33,0.34,0.35,136646,136540,125399
45014648,12.9850,-124.9150,22.0850,-0.3194,0.0482,1.1685,0.33,0.36,0.34,136938,136492,125516
45034180,14.4375,-130.3575,23.3275,-0.3038,0.0479,1.1616,0.33,0.37,0.33,137204,136464,125657
45054688,13.5800,-135.0475,24.0800,-0.2855,0.0471,1.1547,0.33,0.39,0.32,137505,136412,125801
45074216,7.1050,-138.7050,24.2375,-0.2655,0.0481,1.1457,0.32,0.41,0.31,137796,136371,125935
45094728,-9.7825,-142.8350,22.7325,-0.2435,0.0500,1.1339,0.32,0.43,0.30,138095,136281,126079
45114256,-22.2425,-144.4625,20.4750,-0.2028,0.0575,1.1131,0.31,0.44,0.30,138358,136168,126208
45133788,-32.3050,-145.2150,17.9025,-0.1742,0.0610,1.0990,0.30,0.46,0.29,138622,136042,126350
45154296,-40.9325,-145.0400,15.1025,-0.1432,0.0621,1.0836,0.29,0.48,0.28,138874,135901,126472
45173828,-47.6350,-143.8150,12.0400,-0.1086,0.0615,1.0673,0.29,0.49,0.27,139124,135767,126616
45194336,-47.5475,-142.3800,9.4325,-0.0709,0.0571,1.0509,0.28,0.51,0.26,139380,135649,126783
45213868,-43.4700,-140.1750,7.0875,-0.0327,0.0510,1.0346,0.27,0.52,0.25,139592,135534,126931
45234376,-38.7275,-134.6625,4.6025,0.0229,0.0395,1.0054,0.27,0.53,0.24,139793,135414,127107
45253904,-35.3325,-129.8500,4.3925,0.0605,0.0273,0.9816,0.26,0.54,0.23,139983,135321,127273
45274416,-28.6825,-124.2500,5.2500,0.0988,0.0149,0.9538,0.25,0.56,0.22,140189,135249,127437
45293944,-20.8250,-118.0025,6.4400,0.1365,0.0050,0.9211,0.25,0.57,0.21,140358,135182,127647
45314452,-11.8825,-110.7575,7.8400,0.1743,-0.0035,0.8871,0.25,0.58,0.20,140509,135119,127826
45333984,-0.5425,-98.0175,10.5350,0.2130,-0.0203,0.8364,0.24,0.58,0.19,140634,135058,127994
45354492,5.1625,-88.6025,12.4600,0.2716,-0.0315,0.8004,0.24,0.59,0.18,140754,135013,128172
45374024,7.0875,-78.9250,13.9825,0.3083,-0.0417,0.7630,0.24,0.60,0.17,140858,134971,128308
45394532,-0.3500,-68.8275,14.7525,0.3442,-0.0488,0.7237,0.23,0.60,0.16,140960,134908,128445
45414064,-15.4875,-58.4325,14.7000,0.3799,-0.0554,0.6842,0.23,0.61,0.15,141025,134832,128537
45434568,-30.7825,-48.0550,13.8250,0.4133,-0.0625,0.6500,0.22,0.61,0.15,141073,134738,128584
45454100,-30.3100,-34.1250,12.5125,0.4597,-0.0844,0.6095,0.22,0.61,0.15,141112,134683,128625
45474608,-16.6425,-25.1650,11.7600,0.4963,-0.1039,0.5878,0.22,0.62,0.15,141162,134643,128664
45494140,-23.1000,-9.8700,9.0125,0.5488,-0.1161,0.5712,0.22,0.62,0.15,141174,134605,128657
45514648,-7.6650,0.9800,8.0850,0.5788,-0.1408,0.5470,0.21,0.62,0.15,141170,134578,128648
45534180,-1.5400,9.3275,6.8950,0.5944,-0.1552,0.5295,0.21,0.62,0.15,141153,134565,128608
45554688,6.9825,18.7950,4.0075,0.6102,-0.1690,0.5250,0.21,0.61,0.15,141129,134560,128565
45574216,5.8975,25.6550,1.8025,0.6300,-0.1886,0.5237,0.21,0.61,0.16,141122,134579,128517
45604492,10.0100,34.9650,-0.5950,0.6468,-0.2013,0.5255,0.22,0.61,0.16,141033,134600,128422
45624024,8.2775,41.1075,-2.2050,0.6566,-0.2052,0.5278,0.22,0.61,0.17,140989,134626,128333
45644532,6.6675,46.8300,-3.6050,0.6638,-0.2075,0.5316,0.22,0.60,0.17,140937,134674,128226
45664064,6.6675,52.0100,-4.8125,0.6675,-0.2091,0.5375,0.22,0.60,0.18,140870,134699,128133
45684568,12.6175,58.7825,-6.3175,0.6676,-0.2106,0.5522,0.22,0.59,0.19,140773,134738,128012
45704100,19.1625,62.7025,-7.2975,0.6650,-0.2103,0.5652,0.23,0.59,0.19,140678,134791,127909
45724608,24.2725,66.2550,-8.4175,0.6609,-0.2074,0.5801,0.23,0.58,0.20,140590,134878,127787
45744140,26.5475,69.6500,-9.5025,0.6539,-0.2015,0.5954,0.24,0.58,0.21,140499,134951,127679
45764648,24.2725,72.8175,-10.5000,0.6439,-0.1920,0.6087,0.24,0.57,0.21,140363,135023,127564
45784180,19.4075,76.0200,-11.2000,0.6323,-0.1793,0.6224,0.24,0.56,0.22,140234,135072,127432
45804688,13.6500,80.1500,-11.3750,0.6121,-0.1614,0.6476,0.25,0.55,0.23,140107,135131,127305
45824216,8.9075,83.0550,-11.1650,0.5952,-0.1498,0.6651,0.25,0.54,0.24,139969,135195,127159
45844728,4.0600,85.8375,-10.7100,0.5751,-0.1376,0.6831,0.25,0.54,0.25,139841,135243,127013
45864256,1.1550,88.4275,-10.1325,0.5547,-0.1265,0.7005,0.26,0.53,0.26,139685,135275,126877
45883788,-0.9450,90.5275,-9.2750,0.5334,-0.1179,0.7177,0.26,0.52,0.26,139520,135309,126739
45904296,-3.7450,93.0475,-7.9625,0.5111,-0.1110,0.7446,0.26,0.50,0.27,139335,135333,126596
45923828,-7.1750,94.3075,-7.1750,0.4781,-0.1028,0.7625,0.26,0.49,0.28,139181,135364,126451
45944336,-10.8850,95.4625,-6.5450,0.4563,-0.0976,0.7810,0.26,0.49,0.29,139023,135389,126294
45963868,-14.2100,96.1275,-5.8100,0.4336,-0.0933,0.7993,0.26,0.47,0.30,138844,135391,126140
45984376,-16.5550,96.4425,-4.8825,0.4099,-0.0905,0.8159,0.26,0.46,0.31,138640,135376,126006
46003904,-16.9925,96.3550,-3.9200,0.3860,-0.0892,0.8320,0.26,0.45,0.32,138461,135355,125870
46024416,-14.8050,95.7425,-2.5550,0.3492,-0.0908,0.8566,0.26,0.44,0.33,138281,135378,125733
46043944,-11.5675,95.2875,-2.0125,0.3244,-0.0935,0.8734,0.26,0.43,0.33,138106,135394,125616
46064452,-7.4375,94.6050,-1.6800,0.2987,-0.0967,0.8886,0.26,0.42,0.34,137909,135399,125490
46083984,-1.9950,93.7300,-1.4175,0.2719,-0.1003,0.9026,0.27,0.41,0.35,137721,135418,125400
46104492,3.1325,92.5925,-1.3300,0.2453,-0.1032,0.9160,0.27,0.39,0.35,137523,135457,125323
46124024,7.2975,91.4025,-1.4875,0.2194,-0.1061,0.9294,0.27,0.38,0.36,137342,135513,125242
46144532,9.3275,89.5475,-2.2925,0.1830,-0.1116,0.9468,0.27,0.37,0.36,137156,135564,125154
46164064,10.9725,88.0600,-3.3600,0.1581,-0.1142,0.9582,0.28,0.36,0.37,136969,135617,125085
46184568,13.2650,86.2750,-4.4800,0.1321,-0.1171,0.9695,0.28,0.35,0.37,136770,135665,125033
46204100,14.4025,84.2450,-5.6875,0.1060,-0.1193,0.9794,0.28,0.34,0.37,136581,135717,124983
46224608,11.2525,82.2325,-7.0525,0.0806,-0.1175,0.9873,0.29,0.32,0.38,136395,135779,124920
46244140,6.4925,80.1850,-8.0325,0.0549,-0.1132,0.9953,0.29,0.31,0.38,136221,135823,124867
46264648,7.4900,75.8625,-9.2225,0.0149,-0.1141,1.0136,0.29,0.30,0.38,136034,135857,124828
46284180,9.6950,72.0475,-10.2025,-0.0126,-0.1171,1.0258,0.30,0.29,0.38,135864,135906,124800
46304688,7.4550,67.8475,-11.2350,-0.0393,-0.1177,1.0348,0.30,0.28,0.38,135686,135931,124770
46324216,3.6925,63.4375,-12.0925,-0.0642,-0.1166,1.0429,0.30,0.27,0.39,135543,135969,124728
46344728,0.8050,58.8175,-12.4600,-0.0882,-0.1148,1.0516,0.30,0.26,0.39,135403,136008,124696
46364256,6.4925,50.5050,-12.6000,-0.1122,-0.1139,1.0620,0.30,0.26,0.39,135272,136036,124677
46383788,10.7450,44.0825,-12.4600,-0.1476,-0.1127,1.0763,0.31,0.25,0.39,135146,136071,124696
46404296,10.9375,37.3975,-12.2500,-0.1693,-0.1114,1.0828,0.31,0.24,0.39,135043,136100,124695
46423828,8.3300,30.3975,-11.7250,-0.1887,-0.1086,1.0876,0.31,0.24,0.39,134965,136140,124684
46444336,6.5625,23.1350,-10.8675,-0.2079,-0.1053,1.0939,0.31,0.23,0.39,134914,136185,124677
46463868,6.8075,15.1725,-9.6250,-0.2273,-0.1015,1.1017,0.31,0.23,0.39,134878,136197,124677
46484376,7.1750,2.1700,-7.4550,-0.2535,-0.0966,1.1156,0.31,0.23,0.39,134859,136223,124700
46503904,7.0700,-7.4550,-5.8100,-0.2680,-0.0938,1.1270,0.31,0.23,0.39,134871,136222,124707
46524416,6.3000,-17.7800,-4.0425,-0.2806,-0.0909,1.1405,0.32,0.24,0.39,134923,136246,124717
46543944,4.7075,-28.6825,-2.2225,-0.2919,-0.0875,1.1550,0.32,0.24,0.39,135002,136250,124720
46564452,0.9800,-39.7425,-0.3850,-0.3018,-0.0828,1.1683,0.32,0.25,0.39,135116,136233,124739
46583984,-2.5025,-50.7325,1.2950,-0.3091,-0.0780,1.1794,0.31,0.25,0.38,135247,136198,124775
46614256,-0.9625,-72.2750,4.7075,-0.3140,-0.0703,1.1956,0.31,0.27,0.38,135509,136177,124807
46633788,3.0800,-82.5825,6.4575,-0.3131,-0.0684,1.1995,0.31,0.28,0.38,135691,136161,124854
46654296,6.4925,-92.2775,8.1550,-0.3104,-0.0683,1.2005,0.31,0.30,0.37,135929,136145,124943
46673828,9.9575,-101.3075,9.9925,-0.3066,-0.0683,1.1988,0.31,0.31,0.37,136168,136142,125020
46694336,14.4025,-109.4975,11.7775,-0.3016,-0.0672,1.1945,0.31,0.33,0.36,136442,136160,125116
46713868,25.9525,-120.2775,14.2275,-0.2930,-0.0669,1.1875,0.31,0.34,0.36,136717,136180,125246
46734376,34.6850,-126.9975,15.3650,-0.2734,-0.0678,1.1828,0.31,0.36,0.35,136991,136188,125412
46753904,36.1900,-132.8075,16.0475,-0.2569,-0.0662,1.1757,0.31,0.38,0.34,137271,136209,125562
46774416,31.6050,-137.3575,16.3100,-0.2352,-0.0611,1.1671,0.31,0.40,0.33,137568,136226,125724
46793944,25.7600,-140.7700,16.0125,-0.2120,-0.0538,1.1594,0.31,0.41,0.32,137854,136207,125882
46814452,17.6225,-143.0625,14.7175,-0.1875,-0.0448,1.1509,0.31,0.43,0.31,138140,136169,126069
46833984,1.8725,-144.7775,11.8825,-0.1464,-0.0277,1.1333,0.31,0.45,0.30,138394,136098,126232
46854492,-9.9750,-144.9350,9.7125,-0.1202,-0.0182,1.1196,0.30,0.46,0.29,138653,136016,126397
46874024,-21.2100,-144.1300,7.6300,-0.0922,-0.0116,1.1061,0.30,0.48,0.28,138907,135935,126537
46894532,-30.3800,-142.5025,5.4600,-0.0625,-0.0082,1.0914,0.29,0.49,0.27,139153,135842,126700
46914064,-36.6450,-140.1225,3.5000,-0.0322,-0.0062,1.0741,0.28,0.51,0.26,139377,135737,126856
46934568,-34.5975,-135.3100,2.0825,-0.0007,-0.0060,1.0531,0.28,0.52,0.25,139576,135621,127018
46954100,-27.2825,-131.3900,2.2050,0.0490,-0.0071,1.0152,0.27,0.53,0.24,139765,135542,127171
46974608,-14.7700,-126.9100,3.6400,0.0854,-0.0118,0.9867,0.27,0.54,0.23,139985,135487,127375
46994140,3.1850,-122.0100,6.4575,0.1235,-0.0184,0.9567,0.27,0.56,0.21,140170,135481,127581
47014648,22.9075,-116.5325,9.8000,0.1612,-0.0243,0.9251,0.27,0.57,0.20,140344,135454,127817
47034180,38.3075,-110.3200,13.3350,0.1973,-0.0273,0.8916,0.27,0.57,0.19,140486,135429,128037
47054688,38.5350,-98.7700,17.5525,0.2517,-0.0231,0.8369,0.26,0.58,0.17,140622,135411,128250
47074216,22.8200,-89.6700,19.1450,0.2889,-0.0185,0.7990,0.26,0.59,0.16,140759,135361,128420
47094728,0.7350,-79.8175,20.0375,0.3248,-0.0155,0.7620,0.26,0.60,0.15,140878,135292,128572
47114256,-22.1900,-69.2475,20.3175,0.3615,-0.0155,0.7237,0.25,0.60,0.15,140967,135197,128673
47133788,-38.4475,-58.8350,20.2125,0.3986,-0.0217,0.6850,0.25,0.61,0.14,141035,135093,128755
47154296,-46.6200,-48.4050,19.4600,0.4341,-0.0310,0.6462,0.24,0.61,0.14,141089,134986,128791
47173828,-38.6400,-32.8650,17.9200,0.4682,-0.0464,0.6129,0.23,0.62,0.14,141153,134915,128824
47194336,-20.3700,-23.1525,16.8000,0.5185,-0.0776,0.5754,0.23,0.62,0.14,141201,134856,128854
47213868,-8.7325,-13.1600,15.1900,0.5495,-0.0964,0.5522,0.23,0.62,0.14,141216,134807,128856
47234376,-5.4775,-3.4125,13.3875,0.5769,-0.1118,0.5300,0.23,0.62,0.14,141216,134764,128842
47253904,-7.4200,6.1425,11.4275,0.6018,-0.1260,0.5107,0.22,0.62,0.14,141208,134728,128806
47274416,-11.8650,15.3650,9.1525,0.6248,-0.1403,0.4958,0.22,0.62,0.14,141210,134714,128767
47293944,-16.1525,28.3325,5.6875,0.6532,-0.1615,0.4799,0.22,0.62,0.15,141188,134693,128695
47314452,-13.3000,36.1200,3.5525,0.6669,-0.1753,0.4736,0.22,0.61,0.15,141142,134675,128591
47333984,-7.8575,43.1900,1.4875,0.6761,-0.1878,0.4709,0.22,0.61,0.16,141075,134664,128510
47354492,-0.3500,49.5950,-0.3325,0.6820,-0.1983,0.4720,0.22,0.61,0.16,141010,134677,128401
47374024,6.3350,55.5800,-1.9950,0.6843,-0.2057,0.4765,0.22,0.60,0.17,140950,134724,128272
47394532,13.1600,63.9275,-4.1125,0.6839,-0.2102,0.4839,0.23,0.60,0.18,140879,134776,128150
47414064,16.7825,69.0550,-5.4775,0.6771,-0.2120,0.4993,0.23,0.59,0.19,140773,134826,128030
47434568,18.9875,74.0250,-6.8600,0.6698,-0.2095,0.5113,0.23,0.58,0.19,140651,134879,127903
47454100,20.4925,78.6975,-7.8925,0.6614,-0.2046,0.5248,0.24,0.58,0.20,140537,134929,127759
47474608,21.3675,83.1600,-8.9075,0.6511,-0.1986,0.5401,0.24,0.57,0.21,140412,135022,127609
47494140,20.4925,87.4300,-9.8525,0.6375,-0.1915,0.5562,0.25,0.56,0.22,140282,135092,127468
47514648,18.2350,93.1000,-10.8150,0.6117,-0.1786,0.5817,0.25,0.55,0.23,140119,135165,127313
47534180,16.4675,96.5475,-11.2175,0.5940,-0.1698,0.6005,0.25,0.54,0.24,139956,135207,127172
47554688,15.4875,99.6625,-11.4100,0.5751,-0.1601,0.6213,0.26,0.53,0.25,139773,135271,127008
47574216,14.8575,102.5150,-11.6725,0.5551,-0.1496,0.6437,0.26,0.52,0.26,139615,135351,126848
47594728,13.5625,105.3675,-11.7600,0.5339,-0.1386,0.6672,0.27,0.51,0.27,139436,135452,126695
47625000,4.1300,110.3200,-11.4975,0.4869,-0.1149,0.7115,0.27,0.49,0.28,139115,135524,126458
47645508,-4.1125,112.4025,-11.0075,0.4601,-0.1025,0.7300,0.27,0.48,0.29,138912,135567,126298
47665040,-8.7325,114.0650,-10.0100,0.4320,-0.0921,0.7494,0.28,0.47,0.30,138700,135599,126144
47685544,-9.5725,115.1325,-8.5400,0.4021,-0.0848,0.7703,0.28,0.45,0.31,138470,135609,125993
47705080,-9.2575,115.7975,-7.1225,0.3708,-0.0798,0.7925,0.28,0.44,0.32,138250,135637,125834
47725584,-7.7000,116.1475,-5.6000,0.3388,-0.0759,0.8151,0.28,0.42,0.33,138033,135689,125688
47745116,-8.8725,116.0775,-4.8300,0.2923,-0.0702,0.8449,0.28,0.41,0.34,137807,135703,125568
47765624,-10.9025,115.5875,-3.7625,0.2605,-0.0683,0.8618,0.28,0.40,0.34,137570,135707,125433
47785156,-11.3400,114.7475,-2.7125,0.2277,-0.0678,0.8782,0.28,0.38,0.35,137324,135703,125313
47805664,-4.6550,113.2075,-1.8025,0.1961,-0.0700,0.8971,0.29,0.37,0.36,137093,135760,125194
47825196,6.8775,111.1250,-1.3825,0.1653,-0.0739,0.9167,0.29,0.35,0.36,136882,135836,125121
47845704,23.2925,106.9950,-2.0125,0.1191,-0.0808,0.9423,0.30,0.34,0.37,136651,135925,125054
47865232,29.1375,104.0200,-3.4300,0.0894,-0.0822,0.9557,0.30,0.33,0.37,136420,136010,125008
47885744,30.2400,100.7300,-5.1275,0.0600,-0.0806,0.9681,0.31,0.31,0.37,136190,136096,124978
47905272,29.0500,97.0375,-6.8775,0.0310,-0.0787,0.9811,0.31,0.30,0.37,135975,136208,124944
47924804,30.7650,92.6100,-8.7150,0.0015,-0.0781,0.9954,0.32,0.29,0.38,135780,136317,124923
47945312,33.3025,87.4825,-10.6925,-0.0293,-0.0793,1.0082,0.33,0.27,0.38,135574,136442,124908
47964844,35.5425,79.3275,-13.4050,-0.0589,-0.0803,1.0187,0.33,0.26,0.38,135387,136555,124927
47985352,38.9375,73.5175,-15.0150,-0.1008,-0.0778,1.0338,0.34,0.25,0.37,135189,136659,124947
48004880,40.4775,67.2000,-16.2925,-0.1293,-0.0727,1.0438,0.35,0.24,0.37,135023,136775,124985
48025392,38.2375,60.8300,-17.1150,-0.1570,-0.0653,1.0535,0.36,0.23,0.37,134868,136897,125007
48044920,34.8250,53.9700,-17.7975,-0.1819,-0.0575,1.0626,0.36,0.22,0.37,134736,137000,125029
48065428,34.7375,46.5500,-18.3750,-0.2045,-0.0510,1.0729,0.37,0.22,0.37,134602,137107,125068
48084960,41.0025,34.2650,-18.3050,-0.2373,-0.0392,1.0908,0.37,0.21,0.36,134504,137205,125135
48105468,43.3825,25.4100,-17.6925,-0.2591,-0.0279,1.1043,0.38,0.20,0.36,134417,137318,125208
48125000,44.5200,16.1875,-16.4150,-0.2812,-0.0144,1.1197,0.39,0.20,0.35,134363,137436,125262
48145508,40.7925,6.4925,-14.5775,-0.3039,0.0018,1.1356,0.39,0.20,0.35,134344,137522,125311
48165040,29.6975,-3.2025,-12.2500,-0.3262,0.0216,1.1500,0.40,0.20,0.35,134329,137563,125332
48185544,12.1625,-12.9850,-7.8925,-0.3464,0.0431,1.1619,0.40,0.20,0.35,134356,137554,125349
48205080,-10.6575,-27.5450,-4.4100,-0.3697,0.0704,1.1771,0.39,0.20,0.35,134413,137526,125344
48225584,-16.2575,-37.2225,-0.7700,-0.3823,0.0833,1.1854,0.39,0.21,0.35,134499,137496,125300
48245116,-19.0575,-46.5675,2.6950,-0.3921,0.0931,1.1908,0.39,0.22,0.35,134626,137452,125272
48265624,-20.8950,-55.5450,5.7575,-0.3989,0.0988,1.1941,0.39,0.23,0.35,134762,137389,125256
48285156,-21.9450,-64.2600,8.4350,-0.4036,0.1015,1.1958,0.38,0.23,0.36,134917,137297,125243
48305664,-25.9875,-76.4750,11.5500,-0.4044,0.1030,1.1927,0.38,0.25,0.36,135116,137220,125227
48325196,-26.6350,-84.2800,12.9850,-0.4002,0.1011,1.1893,0.37,0.26,0.36,135314,137146,125223
48345704,-23.4500,-91.6825,14.0875,-0.3925,0.0975,1.1855,0.37,0.27,0.36,135551,137070,125228
48365232,-16.7825,-98.5250,15.0850,-0.3819,0.0915,1.1825,0.36,0.29,0.35,135778,137002,125265
48385744,-8.3825,-104.7725,16.0825,-0.3694,0.0855,1.1800,0.36,0.30,0.35,136030,136942,125339
48405272,0.1925,-110.4775,17.1325,-0.3553,0.0800,1.1769,0.36,0.32,0.35,136278,136907,125413
48424804,6.7375,-117.7750,18.7250,-0.3393,0.0759,1.1727,0.35,0.33,0.34,136535,136881,125507
48445312,8.2600,-121.8875,19.7575,-0.3111,0.0739,1.1642,0.35,0.35,0.33,136823,136847,125609
48464844,3.7275,-125.3350,20.3350,-0.2896,0.0748,1.1585,0.35,0.37,0.33,137081,136785,125703
48485352,-4.1650,-128.2225,20.4750,-0.2674,0.0761,1.1527,0.34,0.38,0.32,137356,136692,125819
48504880,-13.8950,-130.6900,19.9150,-0.2450,0.0772,1.1448,0.34,0.40,0.31,137613,136594,125919
48525392,-24.3600,-132.5450,18.7250,-0.2220,0.0787,1.1346,0.33,0.42,0.31,137888,136468,126016
48544920,-38.1850,-134.0500,15.8550,-0.1842,0.0783,1.1181,0.32,0.43,0.30,138159,136350,126106
48565428,-44.1525,-134.2250,13.4400,-0.1562,0.0767,1.1048,0.31,0.45,0.30,138403,136181,126212
48584960,-47.0400,-133.8575,10.9725,-0.1253,0.0722,1.0899,0.30,0.46,0.29,138632,136029,126315
48605468,-45.9900,-132.9300,9.0300,-0.0920,0.0641,1.0736,0.29,0.48,0.28,138871,135896,126424
48635744,-39.2350,-130.6375,7.0525,-0.0410,0.0490,1.0448,0.28,0.50,0.27,139216,135709,126619
48655272,-28.8400,-126.5775,6.6500,0.0072,0.0333,1.0122,0.28,0.51,0.26,139432,135611,126766
48674804,-21.6825,-123.1825,7.4200,0.0383,0.0256,0.9911,0.27,0.52,0.25,139638,135526,126918
48695312,-12.2150,-119.6650,9.1525,0.0722,0.0171,0.9698,0.27,0.54,0.24,139850,135459,127100
48714844,-4.3400,-116.1825,11.4975,0.1050,0.0105,0.9440,0.26,0.55,0.23,140022,135389,127277
48735352,-1.5050,-112.3850,13.6675,0.1357,0.0063,0.9128,0.26,0.56,0.22,140200,135298,127474
48754880,-6.7200,-107.8875,15.0500,0.1668,0.0041,0.8782,0.25,0.57,0.21,140371,135221,127635
48775392,-19.0750,-99.9425,16.2225,0.2185,-0.0035,0.8296,0.25,0.58,0.20,140543,135125,127794
48794920,-26.5825,-94.2200,16.5900,0.2566,-0.0129,0.7979,0.24,0.59,0.19,140684,135042,127937
48815428,-36.1200,-87.6925,16.4675,0.2960,-0.0234,0.7647,0.23,0.59,0.18,140808,134919,128077
48834960,-45.5875,-80.5175,15.6625,0.3345,-0.0370,0.7315,0.23,0.60,0.18,140900,134788,128196
48855468,-52.0975,-73.0800,14.4200,0.3726,-0.0512,0.6969,0.22,0.61,0.17,141003,134672,128299
48875000,-60.9875,-64.9950,12.6175,0.4080,-0.0643,0.6604,0.21,0.61,0.16,141093,134582,128372
48895508,-60.7775,-53.1125,10.4825,0.4612,-0.0939,0.6118,0.21,0.62,0.16,141167,134480,128459
48915040,-56.5600,-45.0800,9.1525,0.4948,-0.1146,0.5811,0.20,0.62,0.16,141214,134391,128505
48935544,-37.5900,-37.2050,8.9600,0.5296,-0.1423,0.5544,0.20,0.62,0.15,141254,134324,128569
48955080,-11.4450,-28.4725,8.9250,0.5611,-0.1681,0.5317,0.20,0.62,0.15,141281,134293,128631
48975584,7.6475,-18.9000,8.5225,0.5888,-0.1881,0.5095,0.20,0.63,0.15,141315,134293,128667
48995116,16.6775,-9.2925,7.6650,0.6145,-0.2044,0.4878,0.20,0.63,0.15,141327,134290,128674
49015624,18.1300,5.0050,7.1925,0.6498,-0.2244,0.4632,0.20,0.63,0.15,141322,134283,128672
49035156,16.4325,14.1400,6.5275,0.6704,-0.2350,0.4516,0.20,0.62,0.15,141291,134280,128645
49055664,18.2700,22.1900,4.8475,0.6876,-0.2488,0.4444,0.20,0.62,0.15,141267,134292,128601
49075196,13.8075,30.5200,4.0075,0.7013,-0.2556,0.4387,0.20,0.62,0.16,141236,134317,128519
49095704,5.1625,39.3400,4.0600,0.7126,-0.2568,0.4363,0.20,0.62,0.16,141199,134328,128421
49115232,3.9900,51.2225,4.9700,0.7252,-0.2569,0.4398,0.20,0.61,0.17,141128,134320,128320
49135744,7.5600,58.2050,5.8100,0.7288,-0.2553,0.4460,0.20,0.61,0.18,141042,134330,128190
49155272,12.8800,64.4000,6.6675,0.7293,-0.2523,0.4562,0.20,0.60,0.18,140961,134342,128065
49174804,19.3725,69.8425,7.3500,0.7281,-0.2489,0.4707,0.20,0.60,0.19,140883,134381,127946
49195312,23.2575,74.6725,7.7350,0.7255,-0.2457,0.4875,0.20,0.59,0.20,140788,134410,127786
49214844,23.5200,79.1175,7.8575,0.7192,-0.2413,0.5056,0.21,0.59,0.21,140683,134441,127638
49235352,20.5100,85.0500,8.1725,0.7005,-0.2311,0.5345,0.21,0.58,0.22,140540,134451,127495
49254880,16.4850,88.0600,8.5400,0.6837,-0.2242,0.5541,0.21,0.57,0.23,140412,134485,127334
49275392,10.8150,90.7200,8.9600,0.6638,-0.2178,0.5744,0.21,0.56,0.24,140283,134505,127170
49294920,4.6025,93.0650,9.4325,0.6422,-0.2112,0.5958,0.21,0.55,0.25,140150,134511,127003
49315428,-1.1550,95.0950,10.1675,0.6194,-0.2046,0.6183,0.21,0.54,0.26,139979,134506,126835
49334960,-7.5075,96.9675,11.1125,0.5950,-0.1981,0.6385,0.21,0.53,0.27,139820,134482,126674
49355468,-16.4850,99.4875,13.1425,0.5546,-0.1891,0.6639,0.21,0.52,0.28,139650,134453,126483
49375000,-20.3875,101.2725,14.7525,0.5272,-0.1842,0.6806,0.20,0.51,0.29,139486,134427,126325
49395508,-22.7500,103.1975,16.2750,0.5007,-0.1823,0.6972,0.20,0.50,0.30,139311,134380,126147
49415040,-23.5200,105.1225,17.6050,0.4748,-0.1852,0.7142,0.20,0.49,0.31,139131,134331,125982
49435544,-19.1100,106.8375,18.4800,0.4479,-0.1934,0.7337,0.20,0.48,0.32,138920,134297,125824
49455080,-11.3050,108.2375,18.9000,0.4191,-0.2036,0.7549,0.20,0.47,0.33,138719,134272,125698
49475584,0.1575,109.2350,18.5500,0.3726,-0.2181,0.7858,0.20,0.45,0.34,138521,134290,125541
49495116,4.5675,109.7250,17.8325,0.3411,-0.2283,0.8043,0.20,0.44,0.35,138316,134303,125413
49515624,6.4400,110.0225,16.7650,0.3111,-0.2370,0.8211,0.20,0.43,0.35,138091,134318,125268
49535156,7.2450,110.0575,15.4350,0.2830,-0.2450,0.8380,0.20,0.41,0.36,137867,134347,125165
49555664,10.0100,109.4975,14.0350,0.2551,-0.2532,0.8558,0.20,0.40,0.37,137636,134376,125049
49575196,14.6825,108.1500,11.7950,0.2120,-0.2602,0.8822,0.21,0.39,0.37,137420,134440,124942
49595704,16.2575,106.7325,10.4475,0.1836,-0.2608,0.8991,0.21,0.37,0.38,137192,134492,124843
49615232,17.3075,104.5625,9.3450,0.1557,-0.2591,0.9160,0.21,0.36,0.39,136968,134548,124764
