32513672,64.6450,-2.4500,-17.1675,0.0117,-0.6162,0.9384,0.08,0.47,0.33,138730,132351,125691
32543944,43.5575,-4.0425,-29.1550,0.0090,-0.5691,0.9643,0.09,0.47,0.33,138765,132579,125691
32564452,32.1125,-4.3925,-34.9825,0.0077,-0.5447,0.9791,0.10,0.47,0.33,138774,132696,125700
32583984,24.4125,-4.9175,-40.1975,0.0026,-0.5244,0.9921,0.11,0.47,0.33,138773,132817,125721
32604492,15.8200,-5.6175,-45.0975,-0.0039,-0.5064,1.0014,0.11,0.47,0.33,138784,132948,125716
32624024,10.3775,-5.9675,-50.8550,-0.0076,-0.4903,1.0096,0.12,0.47,0.33,138797,133067,125719
32644532,18.6375,-7.3850,-59.5525,-0.0120,-0.4741,1.0216,0.13,0.47,0.33,138805,133240,125737
32664062,30.8525,-9.1875,-65.4675,-0.0183,-0.4624,1.0292,0.14,0.47,0.33,138793,133426,125743
32684570,32.5500,-10.7100,-71.8375,-0.0271,-0.4473,1.0333,0.16,0.47,0.32,138775,133628,125770
32704100,20.5275,-11.3400,-77.2975,-0.0386,-0.4307,1.0337,0.17,0.47,0.32,138746,133795,125770
32724608,-0.9975,-10.6750,-81.6725,-0.0465,-0.4096,1.0276,0.18,0.47,0.32,138736,133946,125757
32744140,-18.1475,-9.2925,-85.2075,-0.0478,-0.3891,1.0187,0.18,0.47,0.33,138704,134067,125742
32764648,-16.7475,-7.3500,-89.3550,-0.0450,-0.3692,1.0131,0.19,0.46,0.33,138639,134198,125727
32784180,-3.2025,-6.7900,-91.7875,-0.0417,-0.3579,1.0127,0.20,0.46,0.33,138560,134370,125723
32804688,4.6375,-6.4575,-93.7825,-0.0381,-0.3442,1.0075,0.21,0.45,0.33,138499,134566,125714
32824218,1.2075,-5.3550,-95.3400,-0.0317,-0.3259,0.9965,0.22,0.45,0.33,138427,134733,125675
32844726,-4.3225,-3.5350,-96.3025,-0.0209,-0.3060,0.9855,0.23,0.44,0.33,138339,134902,125659
32864256,-1.4525,-1.7500,-96.3025,-0.0102,-0.2877,0.9810,0.24,0.44,0.33,138223,135071,125636
32883788,14.9625,-0.9625,-95.0950,-0.0045,-0.2633,0.9775,0.26,0.43,0.33,138108,135252,125635
32904296,9.2750,0.1050,-94.8500,-0.0018,-0.2456,0.9679,0.27,0.42,0.33,137983,135415,125591
32923828,-6.4400,2.3275,-95.1300,0.0098,-0.2256,0.9572,0.27,0.41,0.34,137861,135565,125551
32944336,-5.5125,4.4625,-94.7625,0.0207,-0.2074,0.9555,0.28,0.41,0.34,137727,135734,125525
32963868,25.2525,4.7775,-93.3100,0.0229,-0.1954,0.9654,0.30,0.40,0.34,137581,135948,125529
32984376,56.4375,4.5850,-90.7900,0.0165,-0.1834,0.9733,0.31,0.39,0.33,137422,136205,125590
33003906,51.5725,4.1125,-84.9100,0.0139,-0.1604,0.9633,0.33,0.38,0.33,137274,136412,125595
33024414,23.7825,5.6175,-80.9550,0.0229,-0.1260,0.9537,0.34,0.37,0.33,137127,136571,125600
33043944,10.2375,6.7725,-77.2450,0.0224,-0.0954,0.9506,0.34,0.36,0.34,136990,136693,125579
33064452,19.4600,5.8800,-73.4650,0.0140,-0.0831,0.9548,0.35,0.35,0.33,136832,136816,125587
33083984,17.7275,5.4950,-70.8400,0.0107,-0.0737,0.9572,0.36,0.34,0.34,136695,136902,125560
33104492,-4.7775,5.9325,-68.6175,0.0193,-0.0511,0.9512,0.36,0.33,0.34,136548,136978,125518
33124024,1.5750,6.0725,-65.7825,0.0222,-0.0376,0.9528,0.37,0.33,0.34,136420,137078,125496
33144532,22.9950,5.5300,-61.7575,0.0185,-0.0283,0.9573,0.37,0.32,0.34,136287,137209,125523
33164062,40.4425,4.8650,-57.8025,0.0151,-0.0204,0.9621,0.38,0.31,0.34,136163,137342,125567
33184570,39.6725,4.2700,-54.6700,0.0131,-0.0056,0.9601,0.39,0.30,0.33,136038,137451,125599
33204100,18.5325,5.0575,-51.4675,0.0163,0.0165,0.9525,0.39,0.30,0.34,135923,137524,125581
33224608,14.0525,5.8275,-43.9250,0.0145,0.0443,0.9526,0.40,0.29,0.33,135817,137603,125585
33244140,20.4225,6.1950,-38.7450,0.0066,0.0642,0.9553,0.40,0.28,0.33,135730,137684,125585
33264648,20.1425,6.6500,-33.2850,-0.0028,0.0847,0.9575,0.41,0.28,0.33,135646,137739,125602
33284180,14.6825,7.0525,-27.3700,-0.0071,0.1047,0.9592,0.41,0.28,0.33,135580,137781,125627
33304688,10.7275,7.4725,-21.0350,-0.0093,0.1236,0.9620,0.41,0.27,0.33,135518,137837,125643
33324218,15.6275,7.6825,-14.1925,-0.0124,0.1403,0.9679,0.42,0.27,0.33,135488,137910,125664
33344726,35.0700,7.8750,-3.4125,-0.0229,0.1618,0.9781,0.42,0.27,0.33,135471,137994,125728
33364256,37.9400,8.0850,3.7625,-0.0282,0.1798,0.9825,0.43,0.27,0.32,135465,138059,125781
33383788,24.0625,9.0650,10.6400,-0.0307,0.2046,0.9827,0.43,0.27,0.32,135471,138073,125812
33404296,6.4225,9.9400,17.4650,-0.0342,0.2289,0.9839,0.43,0.27,0.32,135506,138075,125825
33423828,-1.1025,10.2025,24.2375,-0.0388,0.2483,0.9894,0.43,0.27,0.32,135551,138066,125824
33444336,-1.4525,9.9750,30.7475,-0.0440,0.2650,0.9963,0.43,0.28,0.32,135622,138048,125829
33463868,-4.7425,9.4325,40.1800,-0.0547,0.2866,1.0048,0.42,0.28,0.32,135694,138003,125823
33484376,-16.1525,9.2925,46.0950,-0.0620,0.2994,1.0061,0.42,0.29,0.32,135794,137905,125790
33503906,-27.4575,8.6975,51.6600,-0.0678,0.3077,1.0059,0.41,0.29,0.32,135895,137824,125764
33543944,-22.3300,7.3325,63.3150,-0.0817,0.3116,1.0049,0.40,0.31,0.33,136163,137628,125729
33563476,-4.2700,6.7550,69.4750,-0.0885,0.3087,1.0067,0.40,0.32,0.33,136309,137554,125742
33583008,5.4600,7.0875,79.0125,-0.0987,0.3013,1.0136,0.39,0.33,0.32,136457,137457,125778
33603516,0.5075,7.8225,84.3850,-0.0999,0.2994,1.0165,0.38,0.34,0.32,136635,137345,125800
33623048,-6.8775,7.5250,89.6350,-0.0978,0.2979,1.0172,0.38,0.35,0.32,136804,137230,125802
33643552,-9.7650,6.7025,94.8850,-0.0996,0.2921,1.0177,0.37,0.36,0.32,136995,137083,125810
33663084,-8.1200,6.0200,99.5050,-0.1010,0.2818,1.0213,0.36,0.37,0.32,137168,136919,125824
33683592,-2.0300,5.4075,105.5600,-0.1013,0.2645,1.0253,0.35,0.38,0.32,137346,136737,125857
33703124,8.1550,5.1625,109.8650,-0.0963,0.2319,1.0259,0.34,0.39,0.32,137513,136583,125879
33723632,8.0850,5.7750,112.7875,-0.0942,0.2205,1.0193,0.33,0.40,0.31,137697,136415,125919
33743164,-4.4450,6.3525,114.9575,-0.0946,0.2139,1.0049,0.31,0.41,0.32,137867,136186,125909
33763672,-29.6100,6.5100,116.6550,-0.0932,0.2070,0.9843,0.29,0.42,0.32,138017,135877,125863
33783204,-56.3500,6.0550,118.0725,-0.0885,0.1953,0.9642,0.27,0.43,0.32,138148,135538,125815
33803712,-74.2525,3.7450,119.4900,-0.0794,0.1668,0.9464,0.25,0.44,0.32,138284,135145,125770
33823240,-83.1950,1.7850,119.8925,-0.0736,0.1385,0.9349,0.23,0.45,0.33,138402,134761,125721
33843752,-102.0775,-0.2625,118.7200,-0.0627,0.1000,0.9179,0.20,0.45,0.33,138520,134307,125654
33863280,-123.9700,-2.8700,115.6575,-0.0478,0.0525,0.8987,0.17,0.46,0.33,138596,133829,125624
33882812,-129.8675,-6.7025,110.8100,-0.0361,-0.0104,0.8816,0.14,0.46,0.33,138654,133373,125625
33903320,-106.8025,-10.2025,104.8950,-0.0318,-0.0900,0.8771,0.12,0.47,0.33,138707,133023,125652
33922852,-20.4400,-13.5800,93.6425,-0.0356,-0.1840,0.8885,0.11,0.47,0.33,138777,132840,125675
33943360,16.2575,-12.7400,83.5800,-0.0432,-0.3101,0.9067,0.10,0.47,0.33,138830,132730,125702
33962888,26.3550,-10.9200,71.8200,-0.0442,-0.3777,0.9100,0.10,0.47,0.33,138854,132658,125739
33983400,28.1050,-7.9800,58.9925,-0.0473,-0.4401,0.9209,0.10,0.48,0.32,138863,132629,125774
34002928,42.4375,-6.5450,46.2000,-0.0464,-0.5009,0.9400,0.10,0.48,0.32,138887,132653,125792
34023436,59.6925,-5.5650,34.1250,-0.0412,-0.5514,0.9629,0.10,0.48,0.32,138918,132740,125790
34042968,62.6675,-2.9225,16.4500,-0.0261,-0.5850,0.9978,0.11,0.48,0.32,138944,132842,125805
34063476,57.1200,-1.8375,4.6550,-0.0122,-0.5810,1.0204,0.11,0.48,0.32,138948,132943,125832
34083008,42.8925,-1.1375,-6.5450,-0.0039,-0.5583,1.0379,0.12,0.48,0.32,138947,133050,125848
34103516,29.4000,-1.4700,-16.4675,0.0006,-0.5240,1.0508,0.13,0.48,0.32,138952,133146,125860
34123048,19.6700,-2.6600,-25.3575,0.0011,-0.4865,1.0602,0.13,0.48,0.32,138972,133236,125851
34143552,13.1250,-4.1300,-35.3850,-0.0041,-0.4541,1.0652,0.14,0.48,0.32,138991,133327,125865
34163084,1.2950,-5.8800,-40.7225,-0.0123,-0.4138,1.0648,0.14,0.48,0.32,138985,133407,125883
34183592,1.7675,-6.9475,-45.7275,-0.0115,-0.3909,1.0677,0.15,0.48,0.32,138974,133508,125901
34203124,10.5350,-8.0500,-50.1375,-0.0138,-0.3723,1.0736,0.16,0.48,0.31,138974,133632,125916
34223632,11.4450,-8.2775,-54.3550,-0.0165,-0.3560,1.0758,0.16,0.48,0.31,138973,133761,125914
34243164,3.4125,-7.4550,-58.5200,-0.0165,-0.3412,1.0737,0.17,0.48,0.32,138970,133894,125911
34263672,-1.7150,-6.0025,-64.5750,-0.0151,-0.3242,1.0714,0.18,0.48,0.31,138936,134023,125917
34283204,-1.4525,-4.9000,-68.1100,-0.0176,-0.3150,1.0670,0.19,0.48,0.31,138888,134148,125935
34303712,3.4125,-3.9025,-71.4175,-0.0203,-0.3079,1.0603,0.20,0.47,0.31,138843,134316,125929
34323240,16.8875,-3.1325,-73.9900,-0.0193,-0.3035,1.0563,0.21,0.47,0.31,138802,134504,125933
34343752,36.2250,-3.2375,-75.8100,-0.0184,-0.2977,1.0538,0.22,0.47,0.31,138748,134753,125953
34363280,44.9575,-3.4650,-77.4725,-0.0198,-0.2863,1.0481,0.24,0.46,0.31,138674,134982,125984
34382812,27.6150,-2.3975,-80.1150,-0.0220,-0.2706,1.0382,0.25,0.46,0.31,138580,135172,125985
34403320,8.9950,-1.1725,-82.4600,-0.0229,-0.2494,1.0213,0.26,0.45,0.31,138482,135354,125975
34422852,-3.8850,0.1750,-85.3650,-0.0159,-0.2397,1.0114,0.27,0.45,0.31,138392,135506,125946
34443360,-3.3600,1.0675,-88.8125,-0.0039,-0.2335,1.0037,0.28,0.44,0.32,138273,135687,125906
34462888,10.7625,1.0325,-92.2600,0.0077,-0.2275,1.0006,0.29,0.43,0.31,138139,135891,125920
34483400,28.8750,0.3325,-94.9200,0.0124,-0.2202,0.9984,0.31,0.42,0.31,137988,136131,125958
34502928,44.2400,-1.1900,-96.8800,0.0052,-0.2061,0.9914,0.32,0.41,0.31,137838,136385,125992
34523436,37.4850,-2.3100,-97.7900,0.0029,-0.1869,0.9792,0.34,0.40,0.31,137681,136620,126005
34553712,7.9275,-2.0650,-99.9775,0.0123,-0.1424,0.9566,0.35,0.39,0.31,137416,136870,125997
34573240,5.7050,-1.8200,-100.1350,0.0154,-0.1191,0.9500,0.36,0.38,0.31,137247,137049,125982
34593752,13.7550,-1.3125,-98.7525,0.0056,-0.0975,0.9482,0.38,0.37,0.31,137058,137242,125984
34613280,29.4875,-2.4850,-94.5175,-0.0237,-0.0665,0.9505,0.39,0.35,0.31,136875,137415,125997
34632812,23.2050,-3.1850,-91.9800,-0.0355,-0.0386,0.9460,0.40,0.34,0.31,136687,137568,126015
34653320,12.1275,-2.7125,-88.8300,-0.0379,-0.0076,0.9411,0.41,0.33,0.31,136494,137708,126009
34672852,14.2800,-2.4325,-84.5075,-0.0411,0.0207,0.9415,0.41,0.32,0.31,136333,137843,126022
34693360,26.6525,-2.4325,-78.1550,-0.0534,0.0426,0.9470,0.42,0.31,0.31,136167,137997,126039
34712888,32.0600,-2.2925,-71.8725,-0.0697,0.0691,0.9500,0.43,0.30,0.30,136004,138109,126093
34733400,23.9575,-2.0475,-62.8250,-0.0905,0.1111,0.9509,0.44,0.29,0.30,135858,138202,126109
34752928,7.1400,-1.2950,-56.6650,-0.0998,0.1376,0.9483,0.44,0.28,0.30,135726,138257,126092
34773436,0.1575,-0.5075,-49.7175,-0.1054,0.1571,0.9505,0.44,0.28,0.31,135608,138318,126067
34792968,5.4775,0.2275,-42.2275,-0.1096,0.1735,0.9555,0.45,0.27,0.31,135507,138374,126071
34813476,9.6600,0.8050,-34.5800,-0.1158,0.1900,0.9584,0.45,0.27,0.31,135433,138412,126071
34833008,9.3625,1.5050,-27.1600,-0.1215,0.2054,0.9606,0.45,0.26,0.30,135362,138441,126075
34853516,8.5575,2.7650,-16.4500,-0.1246,0.2259,0.9628,0.45,0.26,0.31,135315,138480,126058
34873048,9.6425,3.2375,-9.8350,-0.1237,0.2374,0.9651,0.45,0.26,0.31,135284,138518,126065
34893552,9.3100,3.8325,-3.7100,-0.1227,0.2491,0.9675,0.46,0.26,0.30,135278,138545,126077
34913084,6.5275,4.5850,1.8550,-0.1232,0.2611,0.9684,0.46,0.26,0.30,135272,138545,126077
34933592,5.3200,5.3200,7.0175,-0.1219,0.2701,0.9727,0.46,0.26,0.30,135283,138541,126077
34953124,5.0050,5.4775,14.2100,-0.1216,0.2794,0.9782,0.46,0.26,0.30,135301,138544,126075
34973632,-3.8150,5.6525,18.8650,-0.1183,0.2946,0.9847,0.45,0.26,0.31,135341,138525,126048
34993164,-10.0275,5.1275,23.2225,-0.1155,0.3027,0.9892,0.45,0.26,0.31,135389,138500,126034
35013672,-14.1050,4.3050,27.0025,-0.1135,0.3077,0.9948,0.45,0.27,0.31,135463,138431,126005
35033204,-16.9925,2.9750,30.4325,-0.1102,0.3096,1.0005,0.45,0.27,0.31,135528,138363,125977
35053712,-20.0725,1.8200,33.6175,-0.1050,0.3098,1.0074,0.44,0.28,0.31,135610,138309,125938
35073240,-22.8900,-0.4375,38.4475,-0.0972,0.3091,1.0199,0.44,0.28,0.32,135703,138220,125904
35093752,-27.8775,-1.7675,41.8075,-0.0936,0.3085,1.0248,0.43,0.29,0.32,135811,138136,125855
35113280,-33.6875,-2.6775,45.4300,-0.0903,0.3065,1.0275,0.42,0.30,0.32,135926,138012,125817
35132812,-36.9425,-3.4650,49.0875,-0.0870,0.3023,1.0304,0.42,0.30,0.32,136045,137875,125759
35153320,-40.0925,-4.0425,52.5000,-0.0830,0.2957,1.0318,0.41,0.31,0.33,136172,137716,125723
35172852,-40.7925,-4.2525,55.8775,-0.0778,0.2861,1.0329,0.40,0.32,0.33,136312,137603,125668
35193360,-31.7100,-5.2150,60.3575,-0.0698,0.2688,1.0330,0.39,0.33,0.33,136455,137461,125625
35212888,-30.3975,-5.6175,62.6850,-0.0636,0.2562,1.0309,0.38,0.34,0.33,136599,137302,125614
35233400,-33.6525,-5.6000,64.9075,-0.0571,0.2449,1.0263,0.37,0.35,0.33,136735,137129,125591
35252928,-38.4650,-5.2675,67.2700,-0.0531,0.2358,1.0199,0.36,0.35,0.34,136877,136961,125569
35273436,-39.3925,-5.1100,70.1225,-0.0500,0.2256,1.0126,0.35,0.36,0.34,137033,136774,125525
35292968,-36.3825,-5.0400,73.2025,-0.0461,0.2118,1.0024,0.34,0.37,0.34,137178,136609,125501
35313476,-27.3875,-4.2525,78.0675,-0.0400,0.1893,0.9845,0.33,0.38,0.34,137323,136427,125508
35333008,-14.2800,-3.2725,82.1100,-0.0404,0.1717,0.9762,0.32,0.39,0.34,137456,136264,125547
35353516,3.4475,-2.2575,86.2400,-0.0451,0.1541,0.9694,0.31,0.40,0.34,137602,136136,125574
35373048,10.0975,-0.2800,89.0400,-0.0486,0.1402,0.9593,0.30,0.41,0.33,137738,136018,125619
35393552,8.4875,1.7850,90.7025,-0.0468,0.1293,0.9470,0.29,0.42,0.33,137881,135880,125628
35413084,7.1750,3.6050,93.3800,-0.0473,0.1192,0.9348,0.28,0.42,0.33,137997,135727,125667
35433592,13.0200,5.8625,94.7975,-0.0581,0.0959,0.9224,0.27,0.43,0.33,138100,135562,125714
35453124,14.4025,7.7350,95.2175,-0.0615,0.0797,0.9172,0.27,0.44,0.33,138207,135426,125725
35473632,15.0850,9.7475,94.8850,-0.0593,0.0666,0.9146,0.26,0.44,0.33,138310,135289,125735
35493164,28.2275,11.2000,95.0250,-0.0559,0.0522,0.9189,0.25,0.45,0.32,138396,135179,125775
35513672,46.0425,12.6700,95.6025,-0.0562,0.0351,0.9279,0.25,0.45,0.32,138463,135100,125832
35533204,59.2900,15.2600,93.9050,-0.0599,0.0078,0.9487,0.24,0.45,0.32,138512,135015,125878
35563476,35.7175,17.1150,87.1500,-0.0620,-0.0182,0.9643,0.23,0.46,0.32,138589,134849,125884
35583008,10.4475,17.2550,81.1125,-0.0651,-0.0401,0.9687,0.22,0.46,0.32,138607,134703,125867
35603516,-1.6975,16.1525,74.7425,-0.0671,-0.0715,0.9759,0.21,0.46,0.32,138633,134554,125852
35623048,3.0275,14.3500,67.4450,-0.0695,-0.1115,0.9873,0.21,0.46,0.32,138656,134457,125838
35643552,24.2025,11.4450,55.2475,-0.0665,-0.1707,1.0069,0.20,0.46,0.32,138679,134401,125818
35663084,28.4200,9.9400,46.5675,-0.0621,-0.2053,1.0171,0.20,0.46,0.32,138683,134384,125832
35683592,12.7750,9.0300,36.7675,-0.0595,-0.2346,1.0243,0.20,0.46,0.32,138674,134311,125850
35703124,-2.8700,7.7525,26.1800,-0.0519,-0.2606,1.0338,0.19,0.46,0.32,138682,134260,125828
35723632,3.1150,6.0200,16.2400,-0.0412,-0.2860,1.0498,0.20,0.47,0.32,138700,134286,125812
35743164,29.1900,4.0600,7.2100,-0.0301,-0.3071,1.0740,0.20,0.47,0.32,138705,134375,125844
35763672,49.9800,1.3300,-5.0225,-0.0220,-0.3120,1.1045,0.21,0.47,0.32,138704,134472,125873
35783204,29.5225,0.4025,-12.4950,-0.0227,-0.2928,1.1146,0.21,0.46,0.32,138685,134551,125905
35803712,3.8850,-0.2800,-18.8650,-0.0276,-0.2664,1.1218,0.21,0.46,0.32,138679,134576,125898
35823240,-11.4975,-1.4875,-24.3075,-0.0351,-0.2422,1.1289,0.22,0.46,0.32,138683,134617,125878
35843752,-14.4550,-3.0800,-29.4000,-0.0420,-0.2236,1.1378,0.22,0.46,0.32,138677,134659,125870
35863280,-13.4400,-5.1275,-34.6675,-0.0481,-0.2103,1.1458,0.22,0.46,0.32,138659,134700,125869
35882812,-23.7825,-7.7350,-43.1375,-0.0529,-0.1947,1.1485,0.22,0.46,0.32,138623,134722,125861
35903320,-26.8275,-9.3975,-48.9650,-0.0519,-0.1889,1.1505,0.23,0.46,0.32,138604,134775,125862
35922852,-22.2950,-11.2700,-54.8975,-0.0493,-0.1854,1.1536,0.23,0.46,0.32,138594,134857,125845
35943360,-19.4775,-13.3175,-60.9350,-0.0462,-0.1810,1.1528,0.24,0.46,0.32,138573,134956,125843
35962888,-24.5350,-14.9975,-66.4125,-0.0451,-0.1759,1.1453,0.24,0.46,0.32,138536,135021,125841
35983400,-29.9950,-16.2050,-71.6450,-0.0450,-0.1726,1.1356,0.25,0.45,0.32,138475,135104,125850
36002928,-26.1625,-17.5700,-78.9950,-0.0427,-0.1713,1.1213,0.25,0.45,0.32,138425,135209,125835
36023436,-16.3450,-18.4275,-83.3700,-0.0364,-0.1673,1.1135,0.26,0.45,0.32,138380,135369,125826
36042968,-1.4000,-19.8975,-86.3975,-0.0303,-0.1603,1.1082,0.27,0.44,0.32,138329,135530,125844
36063476,4.8475,-21.2275,-88.8125,-0.0287,-0.1508,1.1004,0.28,0.44,0.32,138251,135698,125871
36083008,-4.6025,-21.7000,-91.1400,-0.0305,-0.1397,1.0878,0.29,0.43,0.32,138155,135824,125883
36103516,-25.2875,-20.4050,-95.2875,-0.0289,-0.1191,1.0664,0.30,0.43,0.32,138058,135950,125861
36123048,-19.8625,-19.0750,-96.2325,-0.0283,-0.1049,1.0587,0.31,0.42,0.32,137964,136093,125843
36143552,-1.1025,-18.3925,-95.4450,-0.0312,-0.0894,1.0549,0.32,0.41,0.32,137858,136267,125855
36163084,10.4125,-17.6225,-93.5375,-0.0354,-0.0703,1.0475,0.33,0.41,0.32,137737,136429,125862
36183592,5.6175,-16.7475,-92.0500,-0.0387,-0.0508,1.0342,0.33,0.40,0.32,137596,136553,125874
36203124,-10.7100,-14.8050,-91.7700,-0.0381,-0.0317,1.0198,0.34,0.39,0.32,137464,136655,125836
36223632,-11.4100,-12.0750,-90.2650,-0.0403,-0.0123,1.0109,0.35,0.38,0.32,137328,136790,125816
36243164,-1.7675,-10.6750,-88.4975,-0.0456,-0.0056,1.0067,0.36,0.37,0.32,137195,136915,125814
36263672,1.7675,-8.8725,-86.9925,-0.0484,-0.0020,0.9982,0.36,0.36,0.32,137038,137011,125792
36283204,-6.2650,-6.3700,-85.5925,-0.0449,0.0007,0.9853,0.37,0.35,0.32,136875,137086,125769
36303712,-11.5850,-4.1825,-84.2625,-0.0397,-0.0017,0.9723,0.37,0.34,0.33,136712,137163,125734
36323240,-9.6950,-1.5225,-82.4775,-0.0381,-0.0088,0.9643,0.38,0.33,0.33,136559,137264,125726
36343752,20.1250,-0.1575,-77.9275,-0.0432,-0.0195,0.9584,0.39,0.32,0.33,136385,137421,125721
36363280,38.8500,-0.0700,-74.3400,-0.0479,-0.0203,0.9554,0.40,0.31,0.32,136226,137560,125753
36382812,49.2625,-0.1750,-70.1575,-0.0512,-0.0146,0.9501,0.41,0.31,0.32,136073,137723,125839
36403320,54.8625,-0.0875,-65.5550,-0.0505,-0.0015,0.9453,0.42,0.30,0.32,135916,137888,125906
36422852,56.5950,0.3850,-60.7950,-0.0527,0.0193,0.9405,0.43,0.29,0.31,135778,138068,125967
36443360,58.6425,0.7175,-55.0200,-0.0615,0.0442,0.9376,0.44,0.28,0.31,135648,138224,126047
36462888,48.8950,2.1700,-46.3575,-0.0791,0.0921,0.9318,0.44,0.27,0.30,135533,138333,126107
36483400,29.0850,4.1125,-40.1100,-0.0886,0.1288,0.9287,0.45,0.27,0.30,135419,138396,126118
36502928,-0.0875,6.7375,-33.4775,-0.0974,0.1665,0.9257,0.45,0.26,0.30,135326,138412,126105
36523436,-19.3200,8.7850,-26.1800,-0.1075,0.2011,0.9261,0.45,0.26,0.31,135255,138394,126025
36542968,-21.2975,10.1500,-17.8500,-0.1175,0.2285,0.9318,0.45,0.25,0.31,135200,138397,125982
36573240,-0.1925,10.7800,-0.5250,-0.1327,0.2669,0.9498,0.45,0.25,0.31,135162,138383,125974
36593752,3.0275,10.4300,7.3150,-0.1357,0.2828,0.9542,0.45,0.25,0.31,135164,138385,125969
36613280,2.2225,10.1150,14.3675,-0.1363,0.2957,0.9573,0.45,0.25,0.31,135185,138373,125961
36632812,0.8750,9.6425,20.9475,-0.1362,0.3072,0.9600,0.44,0.25,0.31,135218,138355,125969
36653320,-0.3675,9.1175,27.2125,-0.1346,0.3172,0.9636,0.44,0.26,0.31,135282,138336,125978
36672852,0.3675,8.5400,33.5475,-0.1332,0.3265,0.9692,0.44,0.26,0.31,135360,138334,125978
36693360,2.8000,6.9475,43.2775,-0.1330,0.3398,0.9797,0.44,0.27,0.31,135469,138310,125986
36712888,-4.9525,6.1950,49.6125,-0.1322,0.3499,0.9828,0.44,0.27,0.31,135576,138240,125979
36733400,-20.4575,6.0550,55.5275,-0.1326,0.3609,0.9823,0.43,0.28,0.31,135710,138132,125967
36752928,-30.7475,5.8450,61.5650,-0.1354,0.3670,0.9827,0.42,0.29,0.31,135847,138020,125913
36773436,-30.8700,5.5650,67.9350,-0.1408,0.3672,0.9844,0.42,0.30,0.32,136017,137904,125888
36792968,-25.6375,5.2500,74.4100,-0.1490,0.3632,0.9860,0.41,0.31,0.32,136185,137796,125865
36813476,-22.8725,5.3725,84.1225,-0.1584,0.3521,0.9897,0.40,0.32,0.32,136370,137625,125839
36833008,-31.6750,6.4225,90.8775,-0.1647,0.3487,0.9902,0.39,0.33,0.32,136541,137445,125815
36853516,-41.4050,7.1225,97.4225,-0.1723,0.3494,0.9845,0.37,0.35,0.32,136740,137214,125750
36873048,-45.0450,7.2450,103.9675,-0.1803,0.3448,0.9786,0.36,0.36,0.33,136935,136989,125709
36893552,-38.9375,6.7900,110.2325,-0.1854,0.3328,0.9777,0.35,0.37,0.33,137134,136768,125673
36913084,-20.6150,6.0375,117.2850,-0.1819,0.3068,0.9872,0.33,0.38,0.33,137317,136549,125681
36933592,-15.1200,5.9325,120.2950,-0.1731,0.2927,0.9931,0.32,0.39,0.33,137492,136293,125675
36953124,-29.4000,6.7200,122.7450,-0.1603,0.2794,0.9882,0.30,0.40,0.33,137655,136015,125646
36973632,-54.6700,6.9825,124.5650,-0.1453,0.2616,0.9760,0.28,0.41,0.33,137822,135659,125594
36993164,-77.8575,6.1250,125.5450,-0.1331,0.2375,0.9633,0.26,0.42,0.34,137965,135267,125522
37013672,-86.1875,3.7800,126.3150,-0.1261,0.2050,0.9531,0.23,0.43,0.34,138085,134847,125484
37033204,-66.3075,-0.2975,125.3700,-0.1269,0.1342,0.9487,0.21,0.43,0.34,138179,134490,125485
37053712,-35.9450,-2.9750,123.0250,-0.1238,0.0780,0.9555,0.19,0.44,0.34,138269,134211,125489
37073240,-12.9150,-4.0775,119.9100,-0.1132,0.0276,0.9610,0.18,0.44,0.34,138347,133967,125498
37093752,-9.3275,-4.2350,115.9550,-0.1013,-0.0237,0.9636,0.16,0.45,0.34,138416,133706,125523
37113280,-23.9925,-4.1825,109.9350,-0.0964,-0.0817,0.9648,0.14,0.45,0.34,138455,133425,125526
37132812,-52.8325,-4.6550,101.5350,-0.0999,-0.1410,0.9597,0.12,0.45,0.34,138462,133095,125549
37153320,-84.2100,-7.1750,86.0475,-0.1139,-0.2395,0.9431,0.10,0.45,0.34,138495,132745,125557
37172852,-70.4900,-9.5900,75.0050,-0.1243,-0.3156,0.9362,0.09,0.45,0.34,138518,132490,125569
37193360,-39.8125,-11.5325,63.4200,-0.1320,-0.3954,0.9339,0.08,0.46,0.34,138547,132333,125574
37212888,-14.9100,-11.9175,50.9075,-0.1330,-0.4691,0.9332,0.07,0.46,0.33,138559,132245,125611
37233400,2.1875,-11.2175,38.0275,-0.1252,-0.5307,0.9360,0.07,0.46,0.33,138566,132227,125637
37252928,22.0325,-10.3600,24.8150,-0.1102,-0.5793,0.9460,0.07,0.46,0.33,138581,132290,125640
37273436,58.2575,-9.5200,4.5325,-0.0765,-0.6178,0.9740,0.08,0.46,0.33,138619,132414,125647
37292968,61.8800,-9.0475,-8.3475,-0.0617,-0.6190,0.9894,0.09,0.46,0.33,138655,132556,125654
37313476,48.1425,-8.4000,-18.4800,-0.0562,-0.6044,1.0002,0.10,0.46,0.33,138665,132683,125672
37333008,32.2875,-7.6825,-27.7725,-0.0520,-0.5795,1.0086,0.11,0.46,0.33,138669,132807,125690
37353516,26.0225,-6.9825,-35.9975,-0.0484,-0.5519,1.0187,0.11,0.46,0.33,138686,132940,125705
37373048,24.3250,-7.0700,-45.9550,-0.0493,-0.5098,1.0341,0.12,0.47,0.33,138702,133080,125702
37393552,14.2100,-7.1225,-52.1150,-0.0521,-0.4799,1.0385,0.13,0.47,0.33,138719,133197,125707
37413084,-0.1400,-7.0875,-58.0650,-0.0559,-0.4527,1.0399,0.14,0.47,0.33,138718,133301,125714
37433592,-7.9450,-7.1750,-63.7525,-0.0603,-0.4321,1.0441,0.14,0.47,0.32,138699,133396,125749
37453124,-9.3100,-7.5775,-69.1250,-0.0641,-0.4149,1.0490,0.15,0.46,0.33,138679,133515,125739
37473632,-9.6250,-8.1900,-73.9900,-0.0671,-0.3980,1.0520,0.16,0.46,0.33,138679,133650,125705
37493164,-12.7050,-8.0675,-79.9400,-0.0678,-0.3730,1.0508,0.16,0.46,0.33,138662,133769,125721
37513672,-12.8975,-7.8225,-83.1775,-0.0644,-0.3593,1.0480,0.17,0.46,0.33,138617,133895,125707
37533204,-8.9425,-7.8400,-85.7850,-0.0614,-0.3483,1.0470,0.18,0.46,0.33,138560,134041,125698
37553712,-7.9625,-8.0500,-88.2175,-0.0606,-0.3367,1.0442,0.19,0.45,0.33,138513,134191,125679
37583984,-17.6400,-7.5600,-91.5250,-0.0566,-0.3155,1.0352,0.20,0.45,0.33,138419,134369,125662
37604492,-22.9950,-5.8625,-92.7150,-0.0412,-0.2933,1.0258,0.21,0.44,0.33,138342,134495,125627
37624024,-21.5950,-4.5850,-92.4700,-0.0321,-0.2872,1.0199,0.22,0.44,0.34,138284,134614,125583
37644532,-19.6175,-3.1325,-92.7850,-0.0259,-0.2899,1.0164,0.22,0.43,0.34,138183,134740,125554
37664064,-18.4275,-1.6800,-94.3950,-0.0187,-0.2922,1.0125,0.23,0.43,0.34,138077,134863,125515
37684568,-13.6675,-0.4900,-95.6200,-0.0095,-0.2860,1.0083,0.24,0.42,0.34,137967,134992,125500
37704100,15.0325,-0.5950,-94.2375,-0.0007,-0.2730,1.0071,0.25,0.41,0.34,137858,135185,125473
37724608,27.8775,-1.1200,-92.5225,0.0015,-0.2627,1.0053,0.26,0.41,0.34,137743,135402,125465
37744140,16.3800,-0.6650,-91.6650,0.0026,-0.2511,0.9964,0.27,0.40,0.34,137621,135537,125434
37764648,-14.9275,1.6450,-91.6650,0.0081,-0.2359,0.9799,0.28,0.39,0.35,137470,135604,125380
37784180,-34.4575,4.9525,-90.7725,0.0150,-0.2195,0.9651,0.28,0.38,0.35,137327,135664,125328
37804688,-22.4700,7.5075,-88.2350,0.0179,-0.2091,0.9588,0.29,0.37,0.35,137179,135783,125289
37824216,17.1675,9.0825,-83.3000,0.0154,-0.2028,0.9551,0.30,0.36,0.35,137037,135945,125262
37844728,29.7675,9.7475,-80.9200,0.0135,-0.1959,0.9495,0.31,0.35,0.35,136874,136103,125271
37864256,30.6075,10.4300,-79.3275,0.0148,-0.1839,0.9421,0.32,0.35,0.35,136729,136248,125266
37883788,29.1550,11.0425,-77.7875,0.0163,-0.1684,0.9359,0.32,0.34,0.35,136571,136381,125271
37904296,31.5000,11.6375,-75.8625,0.0144,-0.1542,0.9315,0.34,0.33,0.35,136400,136564,125271
37923828,36.7150,12.0400,-73.0625,0.0093,-0.1435,0.9287,0.35,0.32,0.35,136258,136728,125296
37944336,46.1475,12.0400,-65.9050,-0.0017,-0.1208,0.9257,0.36,0.31,0.35,136103,136905,125317
37963868,49.8050,11.7600,-60.4800,-0.0131,-0.0946,0.9223,0.36,0.30,0.35,135959,137048,125351
37984376,54.1800,11.0425,-55.3000,-0.0245,-0.0682,0.9215,0.38,0.29,0.34,135820,137219,125426
38003904,54.4600,10.4475,-50.4350,-0.0317,-0.0436,0.9233,0.38,0.28,0.34,135700,137361,125467
38024416,44.7825,10.5875,-46.5150,-0.0346,-0.0179,0.9240,0.39,0.28,0.34,135582,137508,125488
38043944,31.6575,11.5150,-42.1750,-0.0359,0.0081,0.9234,0.40,0.27,0.34,135480,137590,125505
38064452,18.3050,12.7225,-34.5800,-0.0410,0.0465,0.9250,0.40,0.26,0.34,135373,137648,125515
38083984,22.2600,12.0925,-28.5250,-0.0492,0.0682,0.9333,0.41,0.26,0.34,135291,137713,125545
38104492,27.6150,11.3925,-21.8750,-0.0561,0.0927,0.9437,0.41,0.25,0.34,135217,137794,125574
38124024,24.5350,10.8325,-14.7700,-0.0628,0.1198,0.9506,0.41,0.25,0.33,135176,137865,125590
38144532,14.2275,11.1825,-7.4900,-0.0673,0.1459,0.9557,0.42,0.25,0.33,135148,137894,125586
38164064,1.2250,11.9175,3.2025,-0.0730,0.1785,0.9666,0.42,0.25,0.33,135133,137884,125584
38184568,-5.5125,12.0750,10.0800,-0.0778,0.1965,0.9747,0.41,0.25,0.34,135130,137867,125580
38204100,-12.5475,11.8125,16.5375,-0.0822,0.2100,0.9819,0.41,0.25,0.34,135151,137846,125550
38224608,-17.1150,11.2175,22.4875,-0.0847,0.2176,0.9891,0.41,0.25,0.34,135194,137821,125515
38244140,-17.2900,10.2900,28.0350,-0.0861,0.2220,0.9965,0.41,0.25,0.34,135238,137779,125497
38264648,-15.4875,9.7125,33.7050,-0.0880,0.2251,1.0036,0.41,0.26,0.34,135309,137733,125500
38284180,-12.2850,8.8550,42.2800,-0.0905,0.2291,1.0132,0.40,0.26,0.34,135385,137667,125480
38304688,-10.7975,8.2600,47.8100,-0.0915,0.2325,1.0180,0.40,0.27,0.34,135484,137626,125456
38324216,-8.3825,7.5075,53.3925,-0.0935,0.2361,1.0226,0.40,0.28,0.34,135594,137589,125460
38344728,-6.5975,6.6675,58.6075,-0.0964,0.2401,1.0272,0.39,0.28,0.34,135717,137528,125472
38364256,-5.5300,5.8275,64.1025,-0.1015,0.2427,1.0325,0.39,0.29,0.34,135844,137462,125480
38383788,-9.5200,5.5825,69.8775,-0.1065,0.2442,1.0371,0.38,0.30,0.34,135989,137354,125481
38404296,-23.6950,5.1625,78.8025,-0.1071,0.2449,1.0370,0.38,0.31,0.34,136147,137222,125467
38423828,-30.9750,4.9000,84.9975,-0.1085,0.2440,1.0313,0.37,0.32,0.34,136311,137077,125430
38444336,-28.1050,3.8325,90.8075,-0.1118,0.2399,1.0266,0.36,0.33,0.34,136499,136920,125430
38463868,-17.4300,2.3100,96.5825,-0.1166,0.2323,1.0231,0.35,0.34,0.34,136676,136786,125457
38484376,-6.2650,0.9100,102.0950,-0.1191,0.2212,1.0209,0.34,0.35,0.34,136862,136632,125482
38503904,-0.1400,-0.1575,106.8375,-0.1179,0.2101,1.0199,0.33,0.37,0.34,137054,136491,125515
38524416,-3.5525,-1.5925,112.6825,-0.1144,0.2000,1.0176,0.32,0.38,0.34,137260,136316,125533
38543944,-10.0450,-2.6075,115.9900,-0.1130,0.1986,1.0139,0.31,0.39,0.34,137453,136103,125547
38564452,-13.1250,-3.7275,119.5250,-0.1157,0.1950,1.0100,0.29,0.40,0.34,137640,135886,125578
38594728,-1.9250,-5.3900,125.1600,-0.1216,0.1776,1.0130,0.27,0.42,0.33,137916,135560,125636
38614256,9.8175,-6.3525,128.2050,-0.1231,0.1662,1.0209,0.26,0.43,0.33,138069,135349,125698
38633788,0.6475,-6.3525,131.4425,-0.1236,0.1509,1.0233,0.24,0.44,0.33,138202,135085,125711
38654296,-23.8875,-6.2650,131.5825,-0.1196,0.1315,1.0148,0.23,0.44,0.33,138341,134763,125706
38673828,-50.5750,-6.7725,129.6225,-0.1116,0.0974,1.0063,0.20,0.45,0.33,138463,134409,125693
38694336,-73.1850,-8.3475,125.0375,-0.1077,0.0437,0.9998,0.18,0.46,0.33,138564,133999,125688
38713868,-86.6600,-11.1825,117.8625,-0.1041,-0.0265,0.9944,0.15,0.46,0.33,138622,133585,125689
38734376,-94.3075,-15.6275,102.8475,-0.0948,-0.1027,0.9847,0.13,0.46,0.33,138673,133193,125718
38753904,-91.8400,-18.0775,90.5625,-0.0764,-0.2151,0.9765,0.11,0.47,0.33,138728,132858,125732
38774416,-83.7025,-19.3900,77.7700,-0.0719,-0.2937,0.9686,0.09,0.47,0.32,138793,132534,125779
38793944,-75.9850,-19.2150,64.8375,-0.0728,-0.3744,0.9606,0.07,0.47,0.32,138827,132280,125815
38814452,-64.4875,-18.0600,51.7475,-0.0732,-0.4510,0.9531,0.06,0.47,0.32,138831,132091,125867
38833984,-42.0350,-16.1700,38.7450,-0.0688,-0.5184,0.9516,0.06,0.47,0.32,138845,132000,125905
38854492,19.3550,-13.1250,18.8125,-0.0549,-0.5952,0.9638,0.06,0.48,0.31,138885,132030,125921
38874024,61.7750,-11.9700,7.8575,-0.0453,-0.6238,0.9684,0.07,0.48,0.31,138925,132154,125928
38894532,83.4225,-10.6225,-1.4700,-0.0362,-0.6262,0.9684,0.08,0.48,0.31,138952,132343,125935
38914064,88.1825,-9.1000,-9.7825,-0.0310,-0.6087,0.9681,0.09,0.48,0.31,138958,132522,125972
38934568,79.1875,-7.3325,-16.8875,-0.0282,-0.5749,0.9684,0.10,0.48,0.31,138972,132705,125982
38954100,62.9650,-5.4250,-22.9775,-0.0266,-0.5339,0.9695,0.11,0.48,0.31,138988,132865,125994
38974608,39.2875,-3.3425,-30.6250,-0.0307,-0.4729,0.9766,0.12,0.48,0.31,139015,132995,125985
38994140,22.2425,-2.2050,-36.0150,-0.0306,-0.4348,0.9832,0.12,0.49,0.31,139022,133107,126005
39014648,6.9825,-1.7500,-41.6850,-0.0320,-0.4043,0.9910,0.13,0.48,0.31,139001,133195,126009
39034180,-5.7925,-1.7500,-47.2850,-0.0364,-0.3808,0.9989,0.13,0.48,0.31,138986,133263,126006
39054688,-15.5400,-1.4175,-53.0425,-0.0410,-0.3631,1.0055,0.14,0.48,0.31,138981,133350,126004
39074216,-18.2525,-1.2950,-58.3625,-0.0416,-0.3523,1.0111,0.14,0.48,0.31,138978,133447,125981
39094728,-8.0325,-1.5050,-65.4675,-0.0373,-0.3460,1.0231,0.15,0.48,0.31,138952,133565,125972
39114256,3.6050,-2.4325,-70.0000,-0.0336,-0.3433,1.0357,0.16,0.48,0.31,138905,133718,125962
39133788,1.2600,-2.8875,-74.6900,-0.0323,-0.3365,1.0431,0.17,0.48,0.31,138863,133840,125959
39154296,-16.7475,-2.1525,-79.5725,-0.0305,-0.3255,1.0421,0.18,0.47,0.31,138811,133959,125938
39173828,-31.6575,-1.2250,-84.1050,-0.0249,-0.3152,1.0390,0.18,0.47,0.32,138773,134046,125902
39194336,-28.7700,0.0000,-88.7075,-0.0200,-0.3113,1.0371,0.19,0.47,0.32,138706,134176,125881
39213868,-14.4200,0.2450,-91.1925,-0.0118,-0.3163,1.0383,0.20,0.46,0.32,138619,134324,125838
39234376,1.9250,-0.0350,-94.0625,-0.0074,-0.3210,1.0410,0.21,0.45,0.32,138524,134516,125836
39253904,7.9975,-0.4550,-97.5800,-0.0063,-0.3224,1.0409,0.22,0.45,0.32,138435,134695,125815
39274416,5.0575,-0.5250,-100.6775,-0.0044,-0.3152,1.0370,0.23,0.44,0.32,138336,134900,125773
39293944,1.5575,-0.3850,-102.7600,-0.0006,-0.3009,1.0314,0.24,0.44,0.32,138218,135076,125772
39314452,10.6925,-0.5950,-103.6700,0.0029,-0.2804,1.0282,0.26,0.43,0.32,138077,135268,125763
39333984,16.6950,-0.9625,-103.2675,0.0010,-0.2704,1.0260,0.27,0.42,0.33,137936,135457,125744
39354492,8.1200,-0.8050,-102.6025,0.0022,-0.2578,1.0149,0.28,0.41,0.33,137796,135619,125678
39374024,-13.0375,0.5425,-102.3050,0.0088,-0.2391,0.9974,0.28,0.40,0.33,137661,135725,125628
39394532,-27.7375,2.6775,-101.9200,0.0159,-0.2209,0.9825,0.29,0.39,0.34,137500,135835,125562
39414064,-19.8625,4.2175,-100.2225,0.0177,-0.2087,0.9771,0.30,0.38,0.34,137334,135937,125519
39434568,13.5450,4.0950,-95.0775,0.0167,-0.1902,0.9810,0.31,0.37,0.34,137162,136096,125512
39454100,22.5050,3.7100,-90.5800,0.0116,-0.1719,0.9783,0.32,0.36,0.34,137009,136246,125511
39474608,12.6175,4.1650,-86.8000,0.0095,-0.1540,0.9670,0.32,0.35,0.34,136859,136380,125460
39494140,-1.3125,5.4600,-83.8950,0.0106,-0.1380,0.9557,0.33,0.34,0.34,136709,136472,125428
39514648,5.1975,5.8800,-80.7275,0.0113,-0.1232,0.9505,0.34,0.33,0.34,136543,136583,125421
39534180,30.4850,5.8975,-76.3700,0.0089,-0.1098,0.9507,0.35,0.33,0.34,136397,136745,125448
39554688,63.8050,5.1800,-69.3175,0.0015,-0.0922,0.9494,0.36,0.32,0.34,136245,136953,125499
39574216,63.8225,5.1625,-65.5200,0.0005,-0.0809,0.9449,0.37,0.31,0.34,136108,137141,125552
39604492,38.7800,6.9825,-60.1475,0.0068,-0.0471,0.9333,0.38,0.29,0.33,135896,137331,125587
39624024,36.7850,8.1200,-54.3900,0.0070,-0.0194,0.9283,0.39,0.29,0.33,135770,137459,125609
39644532,39.2000,9.8350,-47.9850,0.0010,0.0079,0.9270,0.40,0.28,0.33,135662,137588,125659
39664064,41.7375,11.3575,-39.2350,-0.0102,0.0392,0.9274,0.40,0.27,0.33,135550,137678,125692
39684568,36.2600,11.9525,-34.2825,-0.0118,0.0575,0.9277,0.41,0.27,0.33,135452,137776,125743
39704100,29.4700,12.5650,-28.7525,-0.0129,0.0808,0.9290,0.41,0.26,0.32,135368,137869,125752
39724608,26.2325,13.0025,-22.1025,-0.0161,0.1069,0.9309,0.42,0.26,0.32,135302,137951,125767
39744140,28.6650,13.3525,-15.0675,-0.0183,0.1313,0.9345,0.42,0.25,0.32,135248,138028,125814
39764648,28.5425,13.7550,-5.1275,-0.0172,0.1566,0.9394,0.43,0.25,0.32,135207,138087,125859
39784180,19.9325,13.5800,1.2250,-0.0172,0.1987,0.9460,0.43,0.25,0.32,135184,138107,125888
39804688,10.8500,12.9850,7.7875,-0.0185,0.2280,0.9542,0.43,0.25,0.32,135182,138142,125889
39824216,0.2450,12.2325,14.1225,-0.0211,0.2535,0.9638,0.43,0.25,0.32,135197,138141,125882
39844728,-9.3800,11.3400,20.2125,-0.0218,0.2735,0.9742,0.43,0.25,0.32,135237,138112,125858
39864256,-16.9400,10.0975,26.3025,-0.0214,0.2894,0.9839,0.43,0.26,0.32,135294,138054,125848
39883788,-21.2450,8.5750,32.3225,-0.0224,0.3010,0.9928,0.42,0.26,0.32,135354,137995,125823
39904296,-19.3025,5.9675,41.0025,-0.0301,0.3118,1.0061,0.42,0.27,0.32,135448,137939,125811
39923828,-16.9225,4.6025,46.9350,-0.0371,0.3173,1.0128,0.42,0.27,0.32,135552,137896,125794
39944336,-13.9475,3.4825,53.0425,-0.0434,0.3210,1.0174,0.41,0.28,0.32,135682,137833,125788
39963868,-14.4550,2.7125,59.3075,-0.0478,0.3226,1.0180,0.41,0.29,0.32,135813,137738,125790
39984376,-17.4300,2.3975,65.3100,-0.0537,0.3223,1.0152,0.40,0.30,0.32,135963,137633,125787
40003904,-16.3450,2.5550,74.3400,-0.0603,0.3216,1.0061,0.40,0.31,0.32,136126,137544,125802
40024416,-0.7350,2.9575,80.8850,-0.0761,0.3176,1.0008,0.39,0.32,0.32,136309,137480,125826
40043944,22.2250,4.1650,88.3225,-0.0856,0.3083,1.0000,0.39,0.33,0.31,136490,137445,125919
40064452,42.5950,6.3525,95.8650,-0.0942,0.3028,1.0028,0.39,0.34,0.31,136687,137403,126023
40083984,39.9175,9.7300,102.8300,-0.1011,0.3074,1.0005,0.38,0.35,0.30,136884,137321,126084
40104492,24.4825,13.5975,110.4425,-0.1102,0.3174,0.9992,0.37,0.37,0.30,137097,137198,126122
40124024,10.5350,17.2550,120.4700,-0.1322,0.3250,1.0031,0.36,0.38,0.30,137297,137046,126150
40144532,6.7200,17.9200,125.0900,-0.1466,0.3089,1.0096,0.35,0.39,0.30,137504,136851,126160
40164064,-6.9300,18.1300,127.2600,-0.1493,0.2889,1.0137,0.34,0.40,0.30,137665,136600,126137
40184568,-31.3425,17.7450,127.4175,-0.1463,0.2689,1.0093,0.32,0.41,0.30,137826,136281,126094
40204100,-58.6425,16.8000,126.8575,-0.1401,0.2473,0.9992,0.30,0.42,0.31,137969,135933,126011
40224608,-84.8750,14.0350,126.6125,-0.1329,0.2172,0.9904,0.27,0.43,0.32,138127,135550,125888
40244140,-95.0075,11.7600,125.7900,-0.1227,0.1518,0.9753,0.25,0.44,0.32,138235,135127,125812
40264648,-99.2600,9.3450,123.9700,-0.1181,0.1102,0.9609,0.22,0.44,0.33,138324,134696,125741
40284180,-87.2375,6.5800,122.1500,-0.1164,0.0651,0.9510,0.20,0.45,0.33,138389,134321,125712
40304688,-61.6000,4.2175,120.2250,-0.1181,0.0146,0.9464,0.18,0.45,0.33,138465,134004,125679
40324216,-34.5100,3.1325,117.5475,-0.1203,-0.0361,0.9449,0.16,0.45,0.33,138523,133754,125678
40344728,-1.5400,4.2175,112.6300,-0.1213,-0.1005,0.9446,0.15,0.46,0.33,138557,133549,125671
40364256,11.0250,6.2825,108.9375,-0.1243,-0.1403,0.9434,0.14,0.46,0.33,138562,133379,125683
40383788,12.0400,9.0125,103.7925,-0.1276,-0.1791,0.9414,0.13,0.46,0.33,138560,133210,125688
40404296,2.4850,11.2700,96.6700,-0.1258,-0.2166,0.9412,0.12,0.46,0.33,138553,133037,125662
40423828,-13.6850,12.4950,87.5525,-0.1202,-0.2521,0.9414,0.11,0.46,0.33,138544,132868,125636
40444336,-21.1750,12.8625,77.5775,-0.1111,-0.2868,0.9454,0.10,0.45,0.33,138524,132719,125602
40463868,9.2225,11.5675,61.3375,-0.0967,-0.3277,0.9682,0.10,0.45,0.33,138491,132651,125600
40484376,40.4425,10.7625,49.5950,-0.0628,-0.3911,0.9886,0.10,0.45,0.33,138466,132674,125601
40503904,64.7325,10.4125,38.5350,-0.0387,-0.4227,1.0063,0.10,0.45,0.33,138458,132767,125588
40524416,72.6075,10.1675,27.4225,-0.0176,-0.4414,1.0208,0.11,0.45,0.34,138460,132881,125575
40543944,66.9375,9.4150,15.9425,-0.0039,-0.4485,1.0325,0.12,0.45,0.34,138450,132994,125580
40564452,55.5800,8.1725,4.9875,0.0043,-0.4446,1.0411,0.12,0.45,0.33,138440,133088,125595
40583984,41.5625,5.6700,-9.5200,0.0079,-0.4261,1.0509,0.13,0.45,0.33,138425,133179,125616
40614256,32.5325,2.6425,-22.7500,0.0009,-0.3985,1.0594,0.14,0.45,0.33,138443,133334,125627
40633788,30.7300,0.3675,-30.4850,-0.0083,-0.3772,1.0652,0.14,0.45,0.33,138448,133440,125644
40654296,30.4325,-2.2400,-37.7300,-0.0203,-0.3543,1.0706,0.15,0.45,0.33,138469,133569,125681
40673828,27.1775,-4.8125,-44.4500,-0.0343,-0.3292,1.0754,0.16,0.45,0.33,138483,133698,125694
40694336,19.8975,-8.6100,-53.6900,-0.0565,-0.2904,1.0819,0.17,0.45,0.33,138505,133831,125721
40713868,12.7925,-10.9550,-59.3950,-0.0697,-0.2663,1.0840,0.18,0.45,0.32,138500,133951,125764
40734376,5.2675,-13.3350,-64.8200,-0.0828,-0.2458,1.0853,0.18,0.45,0.32,138497,134070,125811
40753904,0.7350,-15.8025,-69.9650,-0.0956,-0.2285,1.0873,0.19,0.45,0.32,138511,134196,125821
40774416,0.4900,-18.1475,-74.5850,-0.1066,-0.2124,1.0895,0.20,0.46,0.32,138527,134350,125845
40793944,7.1225,-20.6675,-78.2075,-0.1159,-0.1954,1.0921,0.21,0.45,0.32,138523,134510,125899
40814452,14.3850,-24.2025,-81.7950,-0.1313,-0.1675,1.0912,0.22,0.45,0.31,138500,134680,125947
40833984,8.2425,-25.9700,-83.7550,-0.1401,-0.1487,1.0829,0.23,0.45,0.31,138470,134849,125991
40854492,-3.4475,-27.0725,-85.9250,-0.1430,-0.1293,1.0723,0.24,0.45,0.31,138456,135003,126024
40874024,-10.5350,-27.9300,-87.8325,-0.1418,-0.1132,1.0635,0.25,0.45,0.31,138440,135143,126020
40894532,-11.7950,-28.6300,-89.1275,-0.1393,-0.1031,1.0568,0.26,0.45,0.31,138395,135303,126058
40914064,-2.6250,-28.6650,-89.4425,-0.1559,-0.0853,1.0493,0.27,0.44,0.30,138340,135447,126080
40934568,6.2300,-28.9275,-89.1625,-0.1418,-0.0765,1.0451,0.28,0.44,0.30,138276,135623,126115
40954100,2.7475,-28.2450,-90.0900,-0.1296,-0.0693,1.0392,0.29,0.44,0.30,138212,135788,126162
40974608,0.7000,-27.2825,-90.3875,-0.1225,-0.0643,1.0338,0.30,0.43,0.30,138151,135971,126154
40994140,-0.4725,-26.7400,-91.0525,-0.1108,-0.0638,1.0302,0.31,0.43,0.30,138065,136116,126183
41014648,3.3425,-26.6000,-91.9450,-0.0982,-0.0567,1.0272,0.32,0.42,0.30,137955,136286,126207
41034180,26.5475,-27.0550,-89.3725,-0.0921,-0.0414,1.0265,0.33,0.41,0.29,137855,136480,126266
41054688,43.5050,-27.8775,-85.6800,-0.0924,-0.0165,1.0285,0.34,0.41,0.29,137756,136714,126332
41074216,34.2475,-27.2650,-82.6175,-0.0927,-0.0001,1.0252,0.35,0.40,0.29,137663,136887,126381
41094728,-3.9725,-24.8325,-81.7250,-0.0885,0.0105,1.0158,0.36,0.40,0.29,137545,136971,126318
41114256,-49.7350,-20.9825,-83.4225,-0.0759,0.0174,1.0006,0.36,0.39,0.30,137405,136965,126224
41133788,-72.1350,-16.7125,-85.2075,-0.0605,0.0243,0.9866,0.36,0.38,0.30,137264,136962,126132
41154296,-38.7275,-12.5475,-83.2475,-0.0490,0.0261,0.9814,0.36,0.37,0.31,137121,137025,126057
41173828,-4.5675,-11.2350,-79.8175,-0.0473,0.0212,0.9833,0.37,0.36,0.31,136995,137155,126041
41194336,12.4250,-10.0625,-75.5825,-0.0459,0.0131,0.9810,0.38,0.35,0.31,136851,137264,126033
41213868,7.3325,-7.9625,-71.8025,-0.0397,0.0176,0.9667,0.38,0.34,0.31,136717,137356,126027
41234376,0.4200,-5.4600,-68.1975,-0.0354,0.0397,0.9500,0.39,0.34,0.31,136575,137437,126007
41253904,15.6450,-3.7100,-63.1750,-0.0395,0.0620,0.9442,0.40,0.33,0.31,136455,137575,126022
41274416,53.4100,-3.0100,-52.4475,-0.0540,0.0924,0.9489,0.41,0.32,0.30,136343,137753,126096
41293944,48.9650,-2.1000,-47.0225,-0.0564,0.1182,0.9456,0.42,0.32,0.30,136247,137881,126136
41314452,19.9150,0.2625,-42.2625,-0.0531,0.1491,0.9350,0.42,0.31,0.30,136138,137923,126136
41333984,-0.3500,2.6950,-36.5050,-0.0547,0.1792,0.9284,0.42,0.30,0.30,136060,137954,126119
41354492,1.4525,4.3050,-29.6275,-0.0620,0.2033,0.9313,0.42,0.30,0.30,135988,138009,126107
41374024,10.0100,5.2500,-23.0650,-0.0700,0.2225,0.9365,0.43,0.30,0.30,135936,138061,126099
41394532,15.8550,6.0025,-13.6850,-0.0759,0.2506,0.9455,0.43,0.29,0.30,135893,138100,126133
41414064,18.5850,6.1775,-6.9650,-0.0795,0.2722,0.9531,0.43,0.29,0.30,135873,138136,126149
41434568,18.4625,6.4575,-0.0875,-0.0839,0.2923,0.9614,0.43,0.29,0.30,135859,138152,126164
41454100,11.0775,6.6675,6.1950,-0.0848,0.3090,0.9682,0.43,0.29,0.30,135876,138148,126177
41474608,-7.4375,7.2625,11.7250,-0.0828,0.3248,0.9712,0.43,0.29,0.30,135904,138107,126122
41494140,-28.9800,7.3500,19.7750,-0.0822,0.3362,0.9733,0.42,0.30,0.30,135946,138034,126077
41514648,-29.7325,6.7725,24.9900,-0.0832,0.3398,0.9809,0.42,0.30,0.31,135993,137935,126029
41534180,-23.0125,5.7050,30.4325,-0.0847,0.3367,0.9887,0.41,0.30,0.31,136048,137862,125995
41554688,-16.1175,4.6725,35.9450,-0.0891,0.3331,0.9953,0.41,0.31,0.31,136137,137793,125973
41574216,-16.3625,4.1475,41.8425,-0.0936,0.3335,0.9970,0.41,0.31,0.31,136232,137713,125945
41594728,-21.6125,3.9725,48.1950,-0.0976,0.3373,0.9943,0.40,0.32,0.32,136346,137605,125899
41625000,-21.8925,4.6725,63.4375,-0.1081,0.3417,0.9914,0.39,0.33,0.32,136542,137422,125868
41645508,-15.0150,5.1275,71.6975,-0.1091,0.3383,0.9938,0.38,0.34,0.32,136689,137287,125868
41665040,-11.4625,5.6700,79.3975,-0.1097,0.3356,0.9933,0.37,0.35,0.32,136824,137148,125881
41685544,-12.7400,6.4575,86.4150,-0.1124,0.3342,0.9877,0.36,0.36,0.32,136982,136977,125860
41705080,-14.6300,7.2800,93.3275,-0.1164,0.3284,0.9792,0.35,0.37,0.32,137148,136827,125846
41725584,-19.2150,8.4525,102.2875,-0.1198,0.3082,0.9681,0.34,0.38,0.32,137326,136625,125821
41745116,-24.4650,8.6800,106.5925,-0.1193,0.2907,0.9598,0.33,0.39,0.32,137484,136399,125781
41765624,-35.7700,8.8550,109.6375,-0.1150,0.2756,0.9489,0.31,0.40,0.32,137630,136123,125755
41785156,-44.1175,8.3825,112.1050,-0.1077,0.2582,0.9405,0.29,0.41,0.33,137768,135827,125718
41805664,-54.3550,7.7000,113.6975,-0.0966,0.2328,0.9360,0.27,0.42,0.33,137919,135526,125659
41825196,-65.5550,6.7725,114.0650,-0.0810,0.2006,0.9335,0.25,0.43,0.33,138038,135179,125588
41845704,-77.5425,4.7250,113.3650,-0.0549,0.1408,0.9272,0.23,0.43,0.34,138147,134796,125545
41865232,-85.5750,3.0450,111.4400,-0.0382,0.0920,0.9172,0.20,0.44,0.34,138223,134412,125517
41885744,-84.2800,1.6100,108.1500,-0.0229,0.0392,0.9074,0.18,0.44,0.34,138297,134059,125493
41905272,-54.9150,0.2450,104.4750,-0.0090,-0.0196,0.9057,0.17,0.45,0.34,138373,133819,125494
41924804,1.0500,-0.6125,101.7100,-0.0027,-0.0903,0.9144,0.16,0.45,0.34,138441,133722,125525
41945312,70.7875,1.1025,95.3925,0.0073,-0.1851,0.9389,0.16,0.45,0.34,138483,133687,125571
41964844,83.3875,3.3075,88.6900,0.0094,-0.2322,0.9559,0.16,0.45,0.33,138499,133690,125637
41985352,70.8225,5.5475,80.3950,0.0087,-0.2694,0.9697,0.16,0.45,0.33,138522,133674,125658
42004880,44.4500,6.8425,70.6650,0.0093,-0.2995,0.9820,0.16,0.46,0.33,138553,133627,125681
42025392,25.3925,6.9650,60.7950,0.0073,-0.3262,1.0002,0.15,0.46,0.33,138578,133567,125660
42044920,22.3825,5.8100,51.3450,-0.0015,-0.3503,1.0258,0.15,0.46,0.33,138587,133528,125683
42065428,17.3250,3.8325,37.0125,-0.0144,-0.3716,1.0576,0.15,0.46,0.33,138575,133497,125705
42084960,8.3300,2.4325,27.3700,-0.0234,-0.3792,1.0690,0.15,0.46,0.33,138581,133455,125700
42105468,4.3750,1.2600,18.1125,-0.0359,-0.3830,1.0796,0.15,0.46,0.33,138597,133449,125713
42125000,18.5675,-0.6650,9.8000,-0.0510,-0.3836,1.0902,0.15,0.46,0.33,138612,133503,125700
42145508,33.9325,-2.7125,2.3975,-0.0664,-0.3759,1.0942,0.15,0.46,0.33,138617,133592,125734
42165040,34.9125,-4.3400,-4.7600,-0.0798,-0.3582,1.0897,0.16,0.46,0.33,138611,133651,125745
42185544,19.7400,-6.0200,-14.7700,-0.0969,-0.3242,1.0767,0.16,0.46,0.32,138610,133717,125766
42205080,10.3425,-6.7900,-20.9125,-0.1058,-0.3023,1.0696,0.17,0.46,0.32,138622,133779,125770
42225584,6.5100,-7.7000,-26.9150,-0.1111,-0.2829,1.0652,0.17,0.46,0.32,138641,133859,125775
42245116,7.7700,-8.7675,-32.1650,-0.1132,-0.2652,1.0638,0.17,0.46,0.32,138636,133936,125781
42265624,9.1175,-9.7475,-37.4150,-0.1129,-0.2512,1.0640,0.18,0.46,0.32,138614,134026,125783
42285156,6.0375,-10.5175,-45.8325,-0.1091,-0.2407,1.0629,0.19,0.46,0.32,138605,134125,125812
42305664,-4.7250,-10.8850,-52.0975,-0.0955,-0.2353,1.0577,0.19,0.46,0.32,138608,134224,125792
42325196,-9.8875,-11.1825,-58.5375,-0.0816,-0.2368,1.0553,0.20,0.46,0.32,138596,134321,125782
42345704,-9.4850,-11.2700,-64.2950,-0.0659,-0.2390,1.0553,0.20,0.46,0.32,138563,134429,125784
42365232,-5.4425,-11.3225,-68.8975,-0.0505,-0.2389,1.0570,0.21,0.46,0.32,138528,134560,125813
42385744,-0.5775,-11.4625,-72.6425,-0.0376,-0.2372,1.0601,0.22,0.45,0.32,138482,134703,125802
42405272,1.7675,-11.9525,-77.8575,-0.0261,-0.2303,1.0665,0.23,0.45,0.32,138450,134858,125808
42424804,-2.9925,-12.1800,-81.2525,-0.0251,-0.2246,1.0696,0.24,0.45,0.32,138398,135004,125804
42445312,-9.2575,-12.3025,-84.9800,-0.0260,-0.2203,1.0704,0.25,0.44,0.32,138333,135144,125798
42464844,-13.2125,-12.2325,-88.8825,-0.0251,-0.2150,1.0707,0.26,0.44,0.32,138248,135275,125800
42485352,-5.8625,-12.9500,-91.9800,-0.0242,-0.2081,1.0741,0.27,0.43,0.32,138153,135450,125800
42504880,3.5875,-14.0350,-93.7300,-0.0239,-0.1957,1.0768,0.28,0.43,0.32,138078,135622,125789
42525392,3.2025,-15.4875,-93.7650,-0.0232,-0.1676,1.0685,0.29,0.42,0.32,137977,135807,125778
42544920,-8.6800,-15.6800,-93.1350,-0.0235,-0.1514,1.0553,0.30,0.41,0.32,137871,135915,125764
42565428,-17.2200,-15.1375,-92.7675,-0.0242,-0.1427,1.0420,0.30,0.41,0.32,137746,136035,125755
42584960,-13.3350,-14.7525,-93.1875,-0.0226,-0.1385,1.0338,0.31,0.40,0.33,137633,136152,125735
42625000,8.5225,-15.7150,-94.3425,-0.0170,-0.1179,1.0208,0.33,0.39,0.33,137400,136496,125719
42644532,10.2025,-16.2750,-93.9225,-0.0145,-0.0974,1.0031,0.34,0.38,0.33,137265,136640,125708
42664064,0.7000,-15.3300,-93.5025,-0.0117,-0.0866,0.9891,0.35,0.37,0.33,137121,136752,125702
42684568,-10.5000,-13.2825,-93.6600,-0.0073,-0.0795,0.9759,0.35,0.36,0.33,136960,136851,125676
42704100,-13.3000,-10.8150,-93.9750,-0.0039,-0.0744,0.9638,0.36,0.35,0.33,136812,136948,125612
42724608,-11.6200,-7.7350,-93.8700,-0.0012,-0.0653,0.9529,0.37,0.34,0.34,136653,137065,125576
42744140,-1.9775,-4.8300,-92.4700,-0.0022,-0.0550,0.9478,0.37,0.33,0.34,136483,137173,125564
42764648,18.2350,-1.7500,-87.6050,-0.0132,-0.0370,0.9465,0.38,0.32,0.34,136296,137304,125575
42784180,23.3800,-0.0175,-83.1075,-0.0185,-0.0217,0.9443,0.39,0.31,0.34,136125,137424,125577
42804688,18.2700,2.2050,-78.0500,-0.0194,-0.0024,0.9388,0.39,0.30,0.34,135952,137541,125562
42824216,12.4600,4.7075,-72.6600,-0.0200,0.0182,0.9324,0.40,0.29,0.34,135793,137642,125554
42844728,21.2450,5.9675,-67.1300,-0.0262,0.0360,0.9307,0.41,0.28,0.34,135627,137768,125556
42864256,34.8425,6.4575,-61.4425,-0.0361,0.0529,0.9322,0.42,0.27,0.33,135479,137884,125620
42883788,45.1675,6.7375,-52.3950,-0.0512,0.0822,0.9354,0.42,0.26,0.33,135347,138005,125675
42904296,37.8000,7.0175,-46.4450,-0.0595,0.1064,0.9344,0.43,0.25,0.33,135222,138112,125699
42923828,24.3600,7.6825,-40.3725,-0.0648,0.1322,0.9309,0.43,0.25,0.33,135109,138191,125718
42944336,17.3425,8.1725,-33.5650,-0.0673,0.1547,0.9303,0.44,0.24,0.33,135021,138253,125728
42963868,17.3425,8.5400,-26.9500,-0.0684,0.1779,0.9333,0.44,0.24,0.32,134943,138309,125753
42984376,22.5750,8.4525,-16.3100,-0.0717,0.2002,0.9395,0.44,0.23,0.32,134877,138362,125791
43003904,21.9100,8.3825,-9.0475,-0.0820,0.2389,0.9503,0.45,0.23,0.32,134844,138435,125810
43024416,15.8900,8.0150,-1.8375,-0.0911,0.2629,0.9595,0.45,0.23,0.32,134830,138479,125822
43043944,9.7125,7.8400,5.1625,-0.1013,0.2862,0.9709,0.45,0.23,0.32,134834,138496,125831
43064452,-2.0125,8.0675,12.2675,-0.1103,0.3105,0.9799,0.45,0.23,0.32,134856,138464,125808
43083984,-16.0125,8.4175,19.3375,-0.1186,0.3340,0.9877,0.45,0.23,0.32,134896,138405,125789
43104492,-30.3275,8.1900,29.5050,-0.1285,0.3584,0.9969,0.44,0.24,0.33,134961,138339,125732
43124024,-33.9850,7.3500,35.6650,-0.1326,0.3658,1.0032,0.44,0.24,0.33,135035,138270,125674
43144532,-29.7500,5.8800,41.4750,-0.1362,0.3688,1.0108,0.43,0.25,0.33,135139,138194,125638
43164064,-25.8650,4.5675,47.4600,-0.1413,0.3726,1.0170,0.43,0.25,0.33,135246,138109,125614
43184568,-25.4800,3.5175,53.8125,-0.1466,0.3778,1.0189,0.42,0.26,0.33,135388,138006,125596
43204100,-29.0675,2.7825,60.3400,-0.1490,0.3838,1.0169,0.42,0.27,0.34,135536,137910,125570
43224608,-19.4775,1.2775,70.5950,-0.1454,0.3798,1.0167,0.41,0.28,0.34,135709,137829,125557
43244140,1.1900,-0.0875,77.5600,-0.1447,0.3721,1.0185,0.41,0.29,0.33,135899,137772,125587
43264648,18.0250,-0.6300,84.1925,-0.1452,0.3681,1.0167,0.41,0.31,0.33,136102,137722,125686
43284180,29.7675,-0.3150,90.8425,-0.1473,0.3621,1.0136,0.40,0.32,0.32,136306,137674,125780
43304688,41.7725,0.2975,97.9650,-0.1479,0.3521,1.0106,0.40,0.33,0.32,136548,137630,125880
43324216,46.4100,1.7675,104.3525,-0.1436,0.3427,1.0054,0.40,0.35,0.31,136773,137589,125980
43344728,29.4525,5.5825,111.6850,-0.1307,0.3314,0.9882,0.39,0.36,0.31,137015,137466,126053
43364256,16.1700,8.0150,115.4650,-0.1216,0.3211,0.9781,0.38,0.38,0.30,137226,137316,126093
43383788,3.9900,10.1500,118.1775,-0.1155,0.3077,0.9687,0.37,0.39,0.30,137434,137110,126107
43404296,-11.2875,12.0400,120.1375,-0.1091,0.2919,0.9589,0.35,0.40,0.30,137644,136883,126103
43423828,-22.1200,13.2475,121.5900,-0.1074,0.2732,0.9514,0.34,0.41,0.30,137841,136626,126080
43444336,-24.5700,14.3500,122.6225,-0.1130,0.2507,0.9470,0.32,0.42,0.31,138023,136360,126030
43463868,-23.4850,15.2425,121.9925,-0.1181,0.2054,0.9473,0.31,0.43,0.31,138161,136082,126022
43484376,-22.9075,15.7500,120.3125,-0.1157,0.1681,0.9514,0.29,0.44,0.31,138294,135790,125993
43503904,-32.0250,16.4675,117.5825,-0.1110,0.1347,0.9516,0.27,0.45,0.31,138400,135518,125953
43524416,-34.4750,16.2050,114.5550,-0.1094,0.0978,0.9555,0.25,0.45,0.31,138507,135239,125926
43543944,-28.9275,14.9450,110.3725,-0.1093,0.0511,0.9644,0.24,0.46,0.32,138570,134969,125889
43564452,-20.8775,11.5675,100.8175,-0.1013,-0.0284,0.9777,0.22,0.46,0.32,138619,134723,125872
43583984,-22.6975,9.1175,92.4175,-0.0924,-0.0841,0.9882,0.21,0.46,0.32,138660,134504,125865
43604492,-19.4600,6.2125,82.6000,-0.0775,-0.1419,1.0061,0.20,0.47,0.32,138710,134326,125835
43634764,-4.4275,2.5900,67.2700,-0.0534,-0.2211,1.0399,0.19,0.47,0.32,138750,134113,125843
43654296,-3.6575,0.7350,56.1925,-0.0400,-0.2633,1.0581,0.18,0.47,0.32,138785,134000,125843
43673828,-15.5050,-0.9275,44.7650,-0.0321,-0.2966,1.0669,0.17,0.47,0.32,138807,133878,125815
43694336,-37.8350,-1.8725,27.8075,-0.0243,-0.3400,1.0749,0.16,0.47,0.32,138814,133746,125821
43713868,-31.7275,-2.6600,17.0275,-0.0162,-0.3692,1.0842,0.16,0.47,0.32,138821,133683,125821
43734376,-12.5475,-3.8150,7.3325,-0.0096,-0.3913,1.0923,0.16,0.47,0.32,138815,133652,125833
43753904,4.0600,-4.8125,-1.5925,-0.0059,-0.4016,1.0950,0.16,0.47,0.32,138838,133694,125819
43774416,13.4400,-5.4950,-9.8350,-0.0046,-0.4024,1.0934,0.16,0.48,0.32,138857,133773,125833
43793944,13.5450,-6.5100,-21.4725,-0.0054,-0.3953,1.0902,0.17,0.48,0.32,138859,133835,125856
43814452,8.9950,-7.1400,-28.8750,-0.0046,-0.3794,1.0845,0.17,0.47,0.32,138853,133909,125871
43833984,12.8450,-8.0675,-36.0325,-0.0015,-0.3701,1.0841,0.18,0.47,0.32,138842,134016,125900
43854492,24.8500,-9.3450,-42.8050,0.0017,-0.3617,1.0874,0.19,0.48,0.31,138855,134169,125913
43874024,37.8175,-11.3925,-49.1750,0.0031,-0.3533,1.0928,0.20,0.47,0.31,138849,134361,125948
43894532,35.5950,-13.3175,-55.5800,0.0023,-0.3393,1.0941,0.21,0.47,0.31,138844,134535,125981
43914064,13.8075,-15.4175,-65.0125,-0.0021,-0.3113,1.0880,0.22,0.47,0.31,138811,134685,126005
43934568,10.3075,-16.6950,-70.5950,-0.0020,-0.2966,1.0873,0.23,0.47,0.31,138769,134850,126037
43954100,19.4075,-18.5675,-75.3550,-0.0002,-0.2824,1.0901,0.24,0.47,0.31,138745,135047,126073
43974608,25.7775,-20.5450,-79.5200,0.0007,-0.2662,1.0919,0.26,0.47,0.30,138709,135278,126106
43994140,19.6525,-22.2425,-83.7725,-0.0007,-0.2497,1.0889,0.27,0.46,0.30,138654,135455,126129
44014648,-0.3150,-22.3475,-88.7075,-0.0017,-0.2334,1.0801,0.28,0.46,0.30,138564,135609,126159
44034180,-7.5075,-21.9275,-95.0425,0.0046,-0.2069,1.0776,0.29,0.45,0.30,138478,135774,126162
44054688,7.5950,-22.5400,-97.2825,0.0054,-0.1904,1.0807,0.30,0.45,0.30,138389,135998,126192
44074216,12.9150,-23.3100,-98.4900,0.0016,-0.1735,1.0742,0.31,0.44,0.30,138296,136194,126193
44094728,-4.3400,-22.5925,-99.9425,-0.0002,-0.1564,1.0563,0.32,0.43,0.30,138175,136346,126168
44114256,-26.9500,-20.6325,-102.0600,0.0041,-0.1419,1.0354,0.33,0.42,0.30,138031,136443,126127
44133788,-37.7650,-17.5700,-104.5100,0.0137,-0.1281,1.0182,0.34,0.42,0.30,137881,136562,126093
44154296,-14.6125,-14.0700,-106.4700,0.0304,-0.1157,1.0058,0.35,0.41,0.31,137728,136734,126066
44173828,12.9675,-13.2650,-106.3475,0.0381,-0.1063,1.0060,0.36,0.40,0.30,137569,136952,126080
44194336,30.4675,-13.1250,-105.1050,0.0378,-0.0910,1.0037,0.37,0.38,0.30,137374,137167,126103
44213868,21.9100,-11.4975,-103.5300,0.0337,-0.0673,0.9916,0.38,0.37,0.30,137190,137317,126110
44234376,0.7000,-8.6275,-101.4300,0.0303,-0.0388,0.9771,0.39,0.36,0.31,136989,137434,126053
44253904,-16.2400,-3.7625,-96.9150,0.0289,-0.0104,0.9654,0.39,0.35,0.31,136787,137518,126005
44274416,-13.9650,-1.1725,-91.8050,0.0193,0.0165,0.9548,0.40,0.34,0.31,136601,137625,125962
44293944,8.0150,0.2100,-85.7675,0.0071,0.0267,0.9521,0.41,0.33,0.31,136417,137764,125954
44314452,28.8575,0.6650,-79.8350,-0.0048,0.0411,0.9473,0.42,0.31,0.31,136227,137896,125989
44333984,41.5800,1.3650,-73.8325,-0.0166,0.0612,0.9387,0.43,0.30,0.31,136056,138048,126048
44354492,44.4850,2.7125,-67.9525,-0.0249,0.0853,0.9331,0.44,0.29,0.30,135891,138217,126090
44374024,42.5950,3.8500,-59.2375,-0.0321,0.1204,0.9271,0.44,0.29,0.30,135742,138351,126151
44394532,31.1850,5.3725,-53.3050,-0.0354,0.1474,0.9215,0.45,0.28,0.30,135589,138448,126165
44414064,18.9875,7.2625,-46.8475,-0.0399,0.1754,0.9166,0.45,0.27,0.30,135459,138502,126169
44434568,9.8875,9.1000,-39.9350,-0.0471,0.2033,0.9123,0.46,0.26,0.30,135343,138542,126182
44454100,7.9625,10.6575,-32.7600,-0.0569,0.2303,0.9089,0.46,0.25,0.30,135249,138593,126160
44474608,9.9750,11.8825,-25.2175,-0.0662,0.2569,0.9082,0.46,0.25,0.30,135171,138657,126162
44494140,15.3825,13.5450,-13.7725,-0.0759,0.2963,0.9128,0.47,0.25,0.30,135110,138702,126189
44514648,8.6100,15.3300,-6.0550,-0.0814,0.3248,0.9143,0.47,0.24,0.30,135064,138717,126200
44534180,-0.4725,16.9575,1.6800,-0.0878,0.3526,0.9172,0.47,0.24,0.30,135040,138701,126193
44554688,-8.0325,18.0250,9.3800,-0.0961,0.3788,0.9226,0.47,0.24,0.30,135041,138707,126151
44574216,-14.0175,18.1825,17.0800,-0.1074,0.4028,0.9285,0.46,0.24,0.30,135070,138684,126113
44594728,-19.1100,17.6575,29.0500,-0.1254,0.4333,0.9390,0.46,0.25,0.30,135118,138624,126090
44614256,-22.0675,16.8350,37.2750,-0.1355,0.4502,0.9459,0.46,0.25,0.31,135184,138546,126057
44644532,-34.2650,15.4525,48.8950,-0.1401,0.4701,0.9532,0.45,0.26,0.31,135338,138429,125968
44664064,-36.9775,13.7025,56.1400,-0.1404,0.4780,0.9593,0.44,0.27,0.31,135469,138308,125924
44684568,-34.8250,11.9525,63.3325,-0.1430,0.4813,0.9665,0.43,0.28,0.32,135620,138188,125899
44704100,-28.1225,9.9925,70.4550,-0.1441,0.4797,0.9750,0.43,0.29,0.32,135783,138092,125894
44724608,-9.9050,7.1750,81.0425,-0.1416,0.4801,0.9867,0.42,0.30,0.32,135985,138013,125886
44744140,-3.2200,6.8250,88.7250,-0.1453,0.4829,0.9870,0.42,0.31,0.31,136185,137913,125925
44764648,2.1000,7.1400,96.7750,-0.1520,0.4843,0.9845,0.41,0.33,0.31,136407,137788,125975
44784180,11.9350,8.0500,105.2100,-0.1606,0.4804,0.9823,0.40,0.34,0.31,136641,137666,126043
44804688,18.4975,9.7125,113.4875,-0.1696,0.4717,0.9762,0.40,0.36,0.30,136896,137560,126101
44824216,20.5450,12.2675,124.3375,-0.1769,0.4592,0.9695,0.39,0.37,0.30,137133,137417,126158
44844728,18.0775,16.3800,129.5000,-0.1879,0.4397,0.9588,0.38,0.38,0.30,137372,137216,126216
44864256,12.8625,19.0925,134.0325,-0.1947,0.4214,0.9540,0.36,0.40,0.29,137587,137007,126245
44883788,4.9350,21.7000,137.2875,-0.1986,0.4011,0.9500,0.35,0.41,0.29,137786,136767,126249
44904296,-2.1525,23.5550,139.1600,-0.1964,0.3775,0.9453,0.33,0.42,0.30,137981,136486,126227
44923828,-9.7125,25.1125,140.2975,-0.1889,0.3454,0.9412,0.31,0.43,0.30,138148,136218,126190
44944336,-16.9750,26.0400,140.2625,-0.1836,0.2812,0.9410,0.29,0.44,0.30,138289,135905,126157
44963868,-26.8100,26.0925,137.2525,-0.1862,0.2259,0.9459,0.27,0.45,0.30,138389,135567,126113
44984376,-37.5725,25.2350,132.0375,-0.1869,0.1662,0.9556,0.25,0.45,0.31,138468,135223,126058
45003904,-45.4475,23.3625,126.1225,-0.1826,0.1093,0.9672,0.23,0.46,0.31,138532,134895,125983
45024416,-53.9175,20.7025,120.6800,-0.1785,0.0538,0.9739,0.21,0.46,0.32,138597,134545,125910
45043944,-67.1475,17.8850,114.6075,-0.1759,-0.0020,0.9767,0.19,0.46,0.32,138617,134199,125843
45064452,-80.1500,12.2850,102.4975,-0.1674,-0.0937,0.9904,0.17,0.46,0.32,138620,133818,125803
45083984,-91.6650,8.5225,92.8025,-0.1566,-0.1532,1.0003,0.15,0.46,0.32,138627,133466,125766
45104492,-100.2575,5.1100,81.8300,-0.1496,-0.2157,1.0110,0.13,0.46,0.33,138647,133127,125742
45124024,-88.3400,1.4175,69.7025,-0.1423,-0.2766,1.0272,0.11,0.46,0.33,138652,132879,125707
45144532,-57.1200,-1.5225,57.2775,-0.1315,-0.3327,1.0443,0.10,0.46,0.33,138645,132723,125714
45164064,-17.5350,-4.0425,45.8675,-0.1203,-0.3842,1.0557,0.10,0.46,0.33,138640,132657,125738
45184568,23.0125,-5.6350,29.4175,-0.1060,-0.4359,1.0596,0.10,0.46,0.32,138634,132681,125748
45204100,35.3675,-5.9850,18.0250,-0.1004,-0.4548,1.0590,0.10,0.46,0.33,138660,132713,125745
45224608,43.9775,-6.1425,7.0525,-0.0969,-0.4619,1.0576,0.11,0.46,0.32,138686,132827,125755
45244140,52.7800,-6.5975,-3.3775,-0.0939,-0.4620,1.0558,0.12,0.47,0.32,138699,132960,125770
45264648,58.4850,-7.0875,-13.3525,-0.0922,-0.4566,1.0521,0.12,0.47,0.32,138702,133114,125798
45284180,59.1850,-7.7175,-23.2925,-0.0927,-0.4479,1.0482,0.13,0.47,0.32,138708,133277,125811
45304688,57.9775,-9.3800,-38.0975,-0.0942,-0.4304,1.0476,0.15,0.47,0.32,138740,133489,125853
45324216,55.4925,-10.9725,-47.0225,-0.0914,-0.4111,1.0493,0.16,0.47,0.32,138765,133696,125866
45344728,54.0050,-13.1775,-55.0725,-0.0877,-0.3884,1.0535,0.17,0.47,0.32,138773,133899,125907
45364256,50.0500,-15.6450,-62.2125,-0.0856,-0.3638,1.0566,0.19,0.47,0.31,138772,134120,125967
45383788,42.7700,-18.1650,-69.1425,-0.0854,-0.3411,1.0569,0.20,0.47,0.31,138766,134323,126006
45404296,33.0400,-21.8750,-79.5550,-0.0824,-0.3083,1.0531,0.21,0.47,0.31,138770,134554,126036
45423828,25.3750,-23.6600,-85.5400,-0.0756,-0.2838,1.0476,0.23,0.47,0.30,138767,134771,126093
45444336,19.6175,-25.0775,-90.0900,-0.0644,-0.2552,1.0415,0.24,0.47,0.30,138741,135000,126132
45463868,11.4625,-25.8300,-93.4850,-0.0564,-0.2246,1.0346,0.25,0.47,0.30,138699,135181,126181
45484376,1.4350,-25.9875,-96.5650,-0.0539,-0.1965,1.0280,0.26,0.46,0.30,138639,135363,126206
45503904,-10.3950,-25.3925,-99.6100,-0.0486,-0.1706,1.0227,0.27,0.46,0.30,138591,135532,126211
45524416,-23.1000,-23.5375,-103.3550,-0.0372,-0.1363,1.0165,0.28,0.45,0.30,138520,135721,126200
45543944,-23.3625,-22.4175,-105.1225,-0.0378,-0.1160,1.0161,0.29,0.45,0.30,138433,135854,126206
45564452,-22.5925,-21.3500,-106.0150,-0.0414,-0.0946,1.0147,0.30,0.44,0.30,138321,136017,126195
45583984,-23.0650,-20.0725,-105.6825,-0.0432,-0.0714,1.0085,0.31,0.44,0.30,138207,136158,126190
45604492,-23.2575,-18.3750,-104.4225,-0.0444,-0.0549,0.9997,0.32,0.43,0.30,138093,136330,126160
45624024,-18.3050,-16.2750,-102.9700,-0.0481,-0.0468,0.9936,0.33,0.42,0.30,137973,136486,126149
45654296,-10.7800,-11.6200,-99.6625,-0.0488,-0.0083,0.9801,0.34,0.41,0.30,137747,136713,126088
45673828,-4.8825,-8.9075,-95.9000,-0.0555,0.0126,0.9723,0.35,0.40,0.30,137612,136873,126090
45694336,8.6450,-6.6850,-91.3675,-0.0688,0.0209,0.9662,0.36,0.39,0.30,137458,137051,126083
45713868,13.7200,-4.5325,-87.6225,-0.0747,0.0229,0.9583,0.37,0.38,0.31,137294,137182,126065
45734376,2.1350,-1.5400,-85.1200,-0.0630,0.0375,0.9438,0.38,0.37,0.31,137121,137310,126062
45753904,5.3200,3.1325,-79.1000,-0.0495,0.0720,0.9289,0.39,0.36,0.31,136968,137444,126037
45774416,32.6550,4.4625,-72.6425,-0.0627,0.0834,0.9323,0.40,0.35,0.31,136811,137661,126073
45793944,63.4550,4.1650,-64.9950,-0.0853,0.0911,0.9438,0.41,0.34,0.30,136672,137858,126159
45814452,63.6825,4.0250,-59.4125,-0.0938,0.1125,0.9468,0.42,0.33,0.30,136515,138020,126225
45833984,38.2900,4.8125,-54.5825,-0.0889,0.1454,0.9379,0.43,0.32,0.30,136390,138122,126237
45854492,16.0825,6.6325,-49.1400,-0.0872,0.1789,0.9283,0.44,0.32,0.30,136267,138220,126237
45874024,21.2275,8.3125,-38.6750,-0.0961,0.2089,0.9348,0.44,0.31,0.29,136161,138325,126250
45894532,22.7850,8.8025,-32.4100,-0.0987,0.2261,0.9401,0.45,0.30,0.29,136062,138395,126268
45914064,11.8825,9.2225,-26.7400,-0.0930,0.2514,0.9395,0.45,0.30,0.29,135983,138431,126260
45934568,9.3800,9.3800,-19.6875,-0.0911,0.2845,0.9422,0.45,0.30,0.29,135916,138489,126288
45954100,21.0525,8.6625,-11.4100,-0.0987,0.3163,0.9510,0.46,0.29,0.29,135886,138546,126312
45974608,18.9000,7.8400,0.1925,-0.1114,0.3606,0.9649,0.46,0.29,0.29,135875,138602,126322
45994140,0.1225,7.6475,6.9125,-0.1109,0.3826,0.9705,0.46,0.29,0.29,135881,138566,126304
46014648,-26.8625,7.8750,12.5825,-0.1017,0.3994,0.9701,0.45,0.29,0.30,135894,138482,126229
46034180,-41.2125,7.4725,17.6400,-0.0921,0.4085,0.9716,0.45,0.30,0.30,135931,138401,126151
46054688,-33.2500,6.1775,22.9425,-0.0856,0.4075,0.9784,0.44,0.30,0.30,135990,138346,126106
46074216,-17.4475,4.6550,27.9825,-0.0793,0.4021,0.9862,0.44,0.30,0.30,136055,138314,126090
46094728,-4.7775,3.6750,34.8250,-0.0677,0.4000,0.9911,0.44,0.31,0.30,136140,138260,126088
46114256,-6.1950,4.2350,39.7950,-0.0627,0.4038,0.9893,0.43,0.31,0.30,136232,138197,126095
46133788,-11.4100,5.5650,45.3600,-0.0586,0.4082,0.9858,0.43,0.32,0.30,136329,138117,126075
46154296,-14.4550,7.1050,51.2400,-0.0556,0.4130,0.9826,0.43,0.33,0.31,136452,138042,126056
46173828,-14.4550,8.6450,57.6800,-0.0571,0.4181,0.9783,0.42,0.34,0.31,136583,137943,126055
46194336,-16.0300,10.6575,64.2950,-0.0630,0.4229,0.9699,0.41,0.35,0.31,136730,137816,126021
46213868,-13.5625,13.9650,74.1125,-0.0725,0.4255,0.9557,0.40,0.35,0.31,136861,137693,126034
46234376,-8.6800,16.0125,80.4300,-0.0795,0.4279,0.9475,0.40,0.36,0.31,137021,137559,126032
46253904,-2.1525,17.9725,86.8000,-0.0871,0.4280,0.9427,0.39,0.37,0.31,137179,137443,126028
46274416,2.8175,19.7925,92.6100,-0.0937,0.4265,0.9410,0.38,0.38,0.31,137355,137317,126032
46293944,3.7975,21.3850,97.7550,-0.0981,0.4270,0.9389,0.37,0.39,0.31,137519,137141,126054
46314452,0.7525,23.0475,102.9000,-0.1036,0.4274,0.9350,0.36,0.40,0.30,137672,136946,126075
46333984,0.2625,25.3750,110.0575,-0.1078,0.4175,0.9323,0.35,0.41,0.31,137822,136733,126062
46354492,1.2425,26.8450,113.2250,-0.1057,0.4110,0.9318,0.33,0.42,0.31,137984,136537,126059
46374024,6.7375,28.0525,116.3400,-0.1028,0.4071,0.9355,0.32,0.43,0.31,138126,136336,126061
46394532,15.3125,29.0850,119.8400,-0.1057,0.4025,0.9409,0.31,0.44,0.31,138246,136108,126068
46414064,15.4350,30.3975,122.0100,-0.1119,0.3903,0.9455,0.29,0.44,0.31,138342,135871,126066
46434568,4.6200,31.2550,120.6975,-0.1093,0.3550,0.9573,0.28,0.45,0.31,138431,135621,126053
46454100,3.1850,30.4500,118.9825,-0.1057,0.3262,0.9734,0.26,0.45,0.31,138502,135385,126028
46474608,3.8325,28.6300,117.0575,-0.1108,0.2930,0.9931,0.25,0.46,0.31,138568,135138,125998
46494140,2.4675,25.8300,113.1900,-0.1180,0.2492,1.0159,0.23,0.46,0.31,138598,134886,125979
46514648,-8.0500,22.4525,107.7650,-0.1238,0.2024,1.0379,0.22,0.46,0.31,138609,134609,125957
46534180,-31.3425,18.5500,101.4825,-0.1351,0.1537,1.0536,0.20,0.46,0.31,138607,134317,125933
46554688,-73.2025,11.0425,88.0600,-0.1647,0.0547,1.0660,0.18,0.46,0.32,138628,133983,125873
46574216,-85.6450,4.9175,76.8425,-0.1868,-0.0249,1.0741,0.16,0.46,0.32,138651,133668,125819
46594728,-89.1625,-0.9100,65.4850,-0.2068,-0.0985,1.0787,0.14,0.46,0.32,138657,133356,125814
46614256,-86.2575,-5.8450,53.9175,-0.2205,-0.1636,1.0793,0.12,0.46,0.32,138655,133099,125825
46633788,-77.7350,-10.0625,42.2800,-0.2323,-0.2196,1.0777,0.11,0.46,0.32,138666,132899,125842
46664064,-41.5275,-15.8025,22.1025,-0.2420,-0.2813,1.0763,0.10,0.47,0.32,138721,132710,125866
46684568,-35.3675,-16.3800,13.4575,-0.2392,-0.3009,1.0632,0.09,0.47,0.32,138740,132616,125893
46704100,-35.3675,-15.6450,5.6700,-0.2340,-0.2995,1.0492,0.09,0.47,0.32,138785,132575,125894
46724608,-26.8975,-14.6300,-1.0850,-0.2246,-0.2940,1.0392,0.09,0.47,0.32,138835,132535,125897
46744140,-11.2875,-13.2300,-6.9300,-0.2129,-0.2865,1.0335,0.09,0.48,0.31,138862,132552,125930
46764648,3.5175,-11.6375,-12.3025,-0.2028,-0.2782,1.0291,0.09,0.48,0.31,138863,132602,125937
46784180,2.1875,-8.7500,-21.3850,-0.1909,-0.2668,1.0197,0.10,0.48,0.31,138875,132651,125946
46804688,0.2450,-7.1225,-28.2450,-0.1858,-0.2662,1.0159,0.10,0.48,0.31,138916,132723,125950
46824216,13.5450,-6.1600,-34.9825,-0.1812,-0.2743,1.0187,0.11,0.48,0.31,138938,132844,125940
46844728,33.7400,-5.9150,-41.8425,-0.1753,-0.2840,1.0263,0.12,0.48,0.31,138940,133027,125958
46864256,45.0625,-6.3525,-48.2825,-0.1693,-0.2867,1.0338,0.13,0.48,0.31,138943,133214,125966
46883788,37.1175,-6.6500,-54.5650,-0.1627,-0.2797,1.0408,0.14,0.48,0.31,138936,133385,125982
46904296,7.0525,-7.0350,-63.4200,-0.1482,-0.2591,1.0481,0.15,0.48,0.31,138946,133544,125961
46923828,-6.4750,-7.3675,-69.0725,-0.1352,-0.2507,1.0504,0.16,0.48,0.31,138954,133672,125950
46944336,-4.0250,-7.8750,-75.3375,-0.1192,-0.2524,1.0515,0.17,0.48,0.31,138930,133856,125956
46963868,17.5875,-9.1000,-81.4100,-0.1024,-0.2596,1.0553,0.18,0.48,0.31,138900,134088,125975
46984376,46.7250,-11.6900,-86.8875,-0.0869,-0.2635,1.0598,0.20,0.48,0.31,138860,134391,126018
47003904,63.2275,-14.2975,-91.8050,-0.0739,-0.2547,1.0607,0.22,0.47,0.30,138836,134702,126077
47024416,53.5500,-17.4825,-97.2300,-0.0599,-0.2201,1.0555,0.24,0.47,0.30,138788,135004,126124
47043944,31.5350,-18.5675,-100.5025,-0.0542,-0.1948,1.0479,0.26,0.47,0.30,138731,135252,126145
47064452,13.8600,-19.1625,-103.3900,-0.0504,-0.1748,1.0409,0.27,0.46,0.30,138629,135490,126175
47083984,10.2025,-19.9150,-105.5250,-0.0471,-0.1549,1.0370,0.28,0.46,0.30,138539,135722,126207
47104492,17.5700,-20.7025,-106.3125,-0.0459,-0.1310,1.0353,0.30,0.45,0.30,138449,135993,126234
47124024,30.3800,-22.1550,-105.9625,-0.0486,-0.1035,1.0335,0.32,0.44,0.29,138342,136255,126277
47144532,33.0575,-23.6425,-104.6325,-0.0542,-0.0615,1.0236,0.33,0.44,0.29,138216,136500,126341
47164064,18.6900,-23.4675,-104.1775,-0.0516,-0.0354,1.0114,0.34,0.43,0.29,138078,136706,126371
47184568,2.6075,-22.4175,-103.7225,-0.0442,-0.0112,0.9975,0.35,0.42,0.29,137921,136879,126368
47204100,-1.3125,-21.0350,-102.8125,-0.0356,0.0083,0.9870,0.37,0.41,0.29,137787,137078,126365
47224608,9.1175,-20.2300,-101.6225,-0.0321,0.0222,0.9804,0.38,0.40,0.29,137626,137300,126400
47244140,33.1275,-20.6150,-99.5400,-0.0320,0.0393,0.9784,0.39,0.39,0.28,137464,137500,126453
47264648,36.9950,-21.4725,-97.8425,-0.0344,0.0537,0.9694,0.40,0.38,0.28,137279,137704,126496
47284180,24.4825,-20.9125,-96.8800,-0.0326,0.0784,0.9533,0.42,0.37,0.28,137105,137876,126518
47304688,15.5400,-19.6000,-95.0250,-0.0315,0.1098,0.9431,0.43,0.36,0.28,136934,138053,126559
47324216,23.1350,-18.5150,-90.4925,-0.0416,0.1371,0.9423,0.44,0.35,0.27,136762,138236,126611
47344728,43.1725,-18.7425,-83.2475,-0.0581,0.1597,0.9429,0.45,0.34,0.27,136599,138414,126701
47364256,50.8025,-18.4100,-72.6775,-0.0752,0.1990,0.9329,0.46,0.33,0.26,136444,138570,126778
47383788,34.5800,-16.1000,-67.4450,-0.0745,0.2230,0.9202,0.46,0.32,0.26,136306,138680,126821
47404296,19.8800,-13.4225,-62.6500,-0.0708,0.2420,0.9080,0.47,0.31,0.26,136167,138794,126836
47423828,20.6850,-11.2000,-57.4350,-0.0705,0.2575,0.9012,0.48,0.30,0.26,136046,138906,126884
47444336,37.5375,-9.5375,-51.3450,-0.0761,0.2736,0.9008,0.49,0.30,0.25,135929,139022,126974
47463868,54.2675,-8.3825,-44.5200,-0.0827,0.2965,0.9007,0.49,0.29,0.24,135824,139135,127074
47484376,41.8075,-5.0400,-33.7750,-0.0883,0.3432,0.8893,0.50,0.28,0.24,135732,139217,127154
47503904,20.8600,-1.8375,-26.7750,-0.0895,0.3731,0.8808,0.50,0.28,0.24,135663,139282,127173
47524416,7.2800,1.3650,-20.0550,-0.0899,0.3989,0.8777,0.50,0.28,0.24,135619,139321,127163
47543944,7.0000,4.0075,-12.9675,-0.0925,0.4231,0.8812,0.50,0.28,0.24,135585,139339,127187
47564452,7.0350,6.6500,-5.1100,-0.0966,0.4509,0.8861,0.50,0.27,0.24,135557,139329,127176
47583984,-0.5075,9.3625,3.0450,-0.1022,0.4826,0.8907,0.50,0.27,0.24,135573,139317,127142
47604492,-19.3375,13.3350,15.5400,-0.1099,0.5294,0.8973,0.50,0.28,0.24,135606,139292,127092
47624024,-31.7975,15.7850,23.9750,-0.1126,0.5529,0.9019,0.50,0.28,0.25,135659,139214,127012
47644532,-41.9650,17.7100,31.8500,-0.1119,0.5675,0.9076,0.49,0.28,0.25,135726,139105,126905
47674804,-42.8575,18.7775,42.7875,-0.1129,0.5733,0.9222,0.48,0.29,0.26,135869,138953,126786
47695312,-34.9650,18.0075,52.9900,-0.1135,0.5683,0.9399,0.47,0.30,0.27,135990,138832,126716
47714844,-34.9475,17.1500,59.6050,-0.1133,0.5653,0.9484,0.47,0.31,0.27,136108,138693,126653
47735352,-41.7900,16.6075,66.1500,-0.1147,0.5629,0.9531,0.46,0.32,0.27,136260,138531,126579
47754880,-43.9600,15.8200,72.6950,-0.1174,0.5561,0.9587,0.45,0.33,0.28,136419,138379,126486
47775392,-40.5125,15.0150,79.1350,-0.1165,0.5447,0.9659,0.44,0.34,0.28,136604,138222,126426
47794920,-38.9550,14.5425,85.7850,-0.1149,0.5344,0.9678,0.42,0.35,0.29,136779,138019,126364
47815428,-43.2425,15.4000,97.4575,-0.1102,0.5202,0.9608,0.41,0.36,0.29,136962,137772,126303
47834960,-45.9550,16.1350,105.1750,-0.1098,0.5133,0.9503,0.39,0.37,0.30,137151,137538,126234
47855468,-48.5625,16.7300,112.2450,-0.1179,0.4990,0.9374,0.38,0.38,0.30,137365,137264,126161
47875000,-47.2150,17.1325,118.7200,-0.1261,0.4769,0.9257,0.36,0.40,0.30,137553,136988,126103
47895508,-38.0450,17.7975,124.8800,-0.1337,0.4476,0.9170,0.34,0.41,0.31,137740,136701,126057
47915040,-28.8225,18.9350,130.0425,-0.1412,0.4136,0.9072,0.33,0.42,0.31,137898,136409,126028
47935544,-32.2350,21.5775,133.5950,-0.1415,0.3640,0.8916,0.31,0.43,0.31,138050,136105,125992
47955080,-40.7225,23.5900,134.7325,-0.1347,0.3290,0.8851,0.29,0.43,0.31,138196,135790,125917
47975584,-51.0300,25.2525,135.6950,-0.1275,0.2917,0.8813,0.27,0.44,0.32,138311,135428,125834
47995116,-55.1425,26.0225,136.2200,-0.1285,0.2541,0.8822,0.24,0.45,0.32,138385,135057,125766
48015624,-52.6925,25.9000,136.1500,-0.1370,0.2157,0.8884,0.22,0.45,0.33,138430,134689,125727
48035156,-40.0400,24.4650,134.3650,-0.1509,0.1507,0.9073,0.20,0.45,0.33,138463,134372,125687
48055664,-26.6875,22.6975,131.7750,-0.1656,0.1110,0.9235,0.18,0.45,0.33,138501,134083,125633
48075196,-17.2900,21.0000,128.9050,-0.1701,0.0766,0.9355,0.17,0.45,0.33,138512,133810,125592
48095704,-19.0050,19.6700,125.8775,-0.1754,0.0420,0.9415,0.15,0.45,0.33,138499,133521,125588
48115232,-28.9800,18.0600,121.6075,-0.1837,0.0050,0.9450,0.13,0.45,0.34,138461,133226,125552
48135744,-47.4075,16.3625,115.7800,-0.1935,-0.0371,0.9461,0.11,0.45,0.34,138438,132886,125513
48155272,-96.3375,13.1075,102.4100,-0.1978,-0.1149,0.9415,0.09,0.45,0.34,138417,132506,125488
48174804,-118.0725,9.5725,91.4900,-0.1906,-0.1763,0.9415,0.06,0.45,0.34,138385,132125,125482
48195312,-120.4175,6.2125,79.8700,-0.1791,-0.2436,0.9440,0.04,0.44,0.34,138344,131741,125508
48214844,-93.2750,3.1150,67.8125,-0.1653,-0.3216,0.9551,0.03,0.44,0.34,138305,131513,125544
48235352,-42.8050,1.2075,54.5125,-0.1452,-0.3989,0.9744,0.02,0.44,0.34,138285,131405,125557
48254880,6.7025,0.9275,40.2500,-0.1260,-0.4670,0.9898,0.02,0.44,0.34,138275,131426,125535
48275392,62.3000,2.0825,18.1825,-0.1027,-0.5363,1.0058,0.03,0.44,0.34,138281,131544,125503
48294920,92.1725,1.9250,4.6900,-0.0966,-0.5575,1.0111,0.04,0.44,0.34,138269,131762,125494
48315428,101.9550,1.1200,-6.7375,-0.0971,-0.5552,1.0074,0.06,0.44,0.34,138271,131977,125491
48334960,92.2425,0.3325,-17.2375,-0.1013,-0.5351,0.9994,0.07,0.44,0.34,138288,132196,125480
48355468,85.1725,-0.9800,-26.5300,-0.1083,-0.5083,0.9971,0.08,0.44,0.34,138334,132436,125467
48375000,87.4650,-3.0275,-34.6325,-0.1160,-0.4776,1.0024,0.10,0.45,0.34,138373,132680,125479
48395508,87.0275,-6.6675,-45.3600,-0.1253,-0.4236,1.0137,0.11,0.45,0.34,138396,132929,125512
48415040,74.6200,-8.7850,-51.7300,-0.1340,-0.3842,1.0216,0.13,0.45,0.34,138412,133156,125550
48435544,59.3250,-10.8850,-57.6100,-0.1457,-0.3421,1.0308,0.14,0.45,0.33,138449,133365,125589
48455080,41.0550,-12.8100,-62.9650,-0.1558,-0.2968,1.0382,0.15,0.45,0.33,138485,133543,125624
48475584,24.1675,-14.7700,-67.7075,-0.1618,-0.2518,1.0444,0.16,0.45,0.33,138512,133697,125636
48495116,10.7450,-18.6200,-72.8175,-0.1662,-0.1945,1.0543,0.17,0.45,0.33,138520,133846,125670
48515624,0.4725,-21.2450,-75.8450,-0.1796,-0.1645,1.0553,0.18,0.46,0.33,138527,133970,125718
48535156,-13.5800,-23.0475,-79.1875,-0.1876,-0.1402,1.0483,0.18,0.46,0.33,138533,134080,125723
48555664,-24.1500,-23.9575,-82.9325,-0.1913,-0.1226,1.0403,0.19,0.46,0.33,138560,134189,125736
48575196,-25.3400,-23.9575,-86.3975,-0.1915,-0.1078,1.0355,0.20,0.46,0.32,138567,134302,125765
48595704,-16.0125,-23.9400,-88.4275,-0.1920,-0.0963,1.0333,0.21,0.46,0.32,138541,134454,125811
48615232,7.8400,-25.2525,-89.3375,-0.1968,-0.0842,1.0299,0.22,0.45,0.32,138518,134632,125835
48635744,13.6150,-26.0925,-89.5650,-0.1987,-0.0759,1.0224,0.23,0.45,0.32,138497,134837,125864
48655272,11.1825,-26.4600,-90.4050,-0.1969,-0.0684,1.0126,0.24,0.45,0.32,138480,135014,125892
48685544,5.3725,-25.8475,-91.9975,-0.1824,-0.0594,1.0021,0.26,0.45,0.31,138398,135285,125938
48705080,11.2000,-25.4800,-92.8375,-0.1724,-0.0545,1.0006,0.27,0.44,0.31,138360,135506,125977
48725584,22.0675,-25.3225,-93.1000,-0.1575,-0.0437,1.0003,0.28,0.44,0.31,138288,135717,125997
48745116,20.6675,-25.4275,-92.5575,-0.1436,-0.0288,0.9992,0.30,0.44,0.31,138209,135919,126030
48765624,13.2125,-25.2350,-91.1925,-0.1327,-0.0121,0.9976,0.31,0.43,0.31,138115,136092,126058
48785156,0.2275,-24.0975,-89.9150,-0.1249,0.0023,0.9938,0.32,0.42,0.31,138028,136236,126060
48805664,-12.1625,-22.2775,-89.5125,-0.1139,0.0132,0.9875,0.32,0.42,0.31,137943,136369,126042
48825196,-16.8175,-20.3350,-89.4775,-0.0969,0.0248,0.9814,0.33,0.41,0.31,137841,136495,126025
48845704,-2.0475,-17.8675,-86.8175,-0.0754,0.0421,0.9804,0.34,0.41,0.31,137725,136631,126024
48865232,18.8475,-17.6400,-83.3350,-0.0728,0.0490,0.9853,0.35,0.40,0.31,137603,136799,126056
48885744,32.1125,-17.9025,-79.5550,-0.0756,0.0537,0.9844,0.36,0.39,0.30,137492,136983,126112
48905272,20.1950,-17.0800,-77.9275,-0.0667,0.0648,0.9744,0.37,0.39,0.30,137387,137123,126111
48924804,1.3125,-15.3300,-77.4025,-0.0515,0.0766,0.9636,0.38,0.38,0.30,137267,137242,126101
48945312,-3.6575,-13.3175,-76.4750,-0.0434,0.0798,0.9583,0.38,0.37,0.30,137135,137350,126108
48964844,20.7900,-12.1100,-74.4625,-0.0376,0.0723,0.9650,0.39,0.36,0.30,137001,137489,126134
48985352,28.8050,-11.1475,-73.3775,-0.0290,0.0753,0.9684,0.40,0.35,0.30,136867,137646,126181
49004880,35.8750,-10.8850,-71.1375,-0.0198,0.0854,0.9695,0.41,0.35,0.30,136744,137810,126216
49025392,39.5150,-10.3600,-68.1100,-0.0171,0.1017,0.9679,0.42,0.34,0.29,136610,137985,126284
49044920,44.5375,-10.0800,-64.5750,-0.0222,0.1185,0.9665,0.43,0.33,0.29,136494,138115,126356
49065428,37.4325,-8.9425,-58.7475,-0.0287,0.1359,0.9625,0.44,0.32,0.28,136362,138249,126412
49084960,21.7000,-7.1050,-54.7225,-0.0317,0.1740,0.9503,0.44,0.32,0.28,136246,138332,126428
49105468,11.4975,-4.6900,-48.7725,-0.0381,0.2053,0.9467,0.45,0.31,0.28,136147,138419,126434
49125000,14.1225,-2.3450,-40.6000,-0.0555,0.2386,0.9489,0.45,0.30,0.28,136066,138496,126461
49145508,17.4300,-0.1575,-31.5175,-0.0752,0.2715,0.9494,0.46,0.30,0.28,135993,138537,126477
49165040,11.0425,2.5025,-22.7500,-0.0854,0.3006,0.9467,0.46,0.30,0.28,135939,138548,126476
49185544,-6.7025,6.4750,-11.1125,-0.0882,0.3298,0.9438,0.46,0.29,0.28,135901,138554,126458
49205080,-7.0525,7.9975,-3.8500,-0.0937,0.3395,0.9481,0.46,0.29,0.28,135885,138566,126432
49225584,-0.7350,8.8200,3.3425,-0.1002,0.3460,0.9547,0.46,0.29,0.28,135883,138557,126430
49245116,0.4900,9.2225,10.3775,-0.1016,0.3527,0.9598,0.46,0.29,0.28,135894,138533,126415
49265624,-4.7600,9.3625,17.3775,-0.0992,0.3611,0.9637,0.45,0.30,0.29,135927,138486,126393
49285156,-13.0900,9.4850,24.0450,-0.0963,0.3704,0.9665,0.45,0.30,0.29,135976,138433,126366
49305664,-18.6900,8.8375,33.9850,-0.0922,0.3786,0.9743,0.45,0.30,0.29,136056,138381,126315
49325196,-18.2700,8.1725,40.1450,-0.0903,0.3806,0.9823,0.44,0.31,0.29,136138,138315,126271
49345704,-20.0900,7.7000,45.8500,-0.0877,0.3816,0.9906,0.44,0.32,0.29,136235,138208,126255
49365232,-20.6150,6.8950,51.2575,-0.0822,0.3797,0.9992,0.43,0.32,0.30,136335,138108,126235
49385744,-23.0650,5.9150,56.2975,-0.0770,0.3780,1.0056,0.42,0.33,0.30,136467,137989,126180
49405272,-26.8100,4.8650,61.4950,-0.0733,0.3775,1.0094,0.41,0.34,0.30,136599,137867,126137
49424804,-33.5125,3.8500,70.4200,-0.0711,0.3706,1.0086,0.41,0.35,0.30,136745,137716,126087
49445312,-35.4025,3.6400,76.5275,-0.0709,0.3614,1.0052,0.39,0.36,0.31,136903,137538,126042
49464844,-26.6525,3.2200,82.3550,-0.0712,0.3478,1.0035,0.39,0.37,0.31,137053,137382,126038
49485352,-12.3900,2.8700,87.4650,-0.0712,0.3311,1.0031,0.38,0.38,0.31,137217,137225,126035
49504880,0.8925,3.0625,92.0850,-0.0692,0.3143,1.0027,0.37,0.39,0.31,137392,137124,126060
49525392,17.0800,3.9375,98.5250,-0.0698,0.3004,1.0011,0.36,0.40,0.30,137565,136993,126081
49544920,17.9550,5.3375,102.1650,-0.0771,0.2887,0.9910,0.35,0.41,0.30,137725,136852,126135
49565428,9.5200,6.9300,105.4725,-0.0817,0.2818,0.9792,0.34,0.42,0.30,137881,136661,126156
49584960,0.6125,8.4525,108.3075,-0.0843,0.2734,0.9671,0.33,0.42,0.30,138028,136482,126141
49605468,-1.7325,9.6425,110.1800,-0.0869,0.2671,0.9565,0.32,0.43,0.30,138191,136283,126131
49625000,1.8900,10.9200,111.3350,-0.0891,0.2614,0.9475,0.31,0.44,0.30,138318,136098,126136
49645508,15.3825,13.8425,112.1925,-0.0935,0.2455,0.9374,0.30,0.45,0.30,138427,135916,126151
49665040,23.4325,16.5725,112.2975,-0.0953,0.2333,0.9279,0.28,0.45,0.30,138524,135737,126177
49695312,46.3925,20.7550,111.3525,-0.0970,0.2120,0.9165,0.27,0.46,0.30,138652,135560,126203
49714844,67.3225,23.8175,110.0750,-0.1011,0.1964,0.9134,0.27,0.47,0.29,138707,135473,126241
49735352,82.1450,27.1950,107.4850,-0.1059,0.1787,0.9144,0.27,0.47,0.29,138759,135422,126284
49754880,82.2850,30.1350,102.8125,-0.1022,0.1586,0.9176,0.26,0.47,0.29,138809,135363,126273
49775392,58.2750,31.9200,92.7150,-0.0834,0.1208,0.9299,0.26,0.47,0.29,138847,135281,126287
49794920,26.5825,31.2900,83.6500,-0.0700,0.0949,0.9451,0.25,0.47,0.30,138846,135137,126236
49815428,-12.3725,29.0325,73.0100,-0.0623,0.0595,0.9679,0.24,0.47,0.30,138839,134941,126188
49834960,-55.6500,25.5675,60.8650,-0.0581,0.0110,0.9943,0.22,0.47,0.30,138829,134717,126096
49855468,-89.5475,21.4025,47.1625,-0.0439,-0.0405,1.0220,0.21,0.47,0.31,138842,134469,125989
49875000,-75.9150,13.3875,26.7750,-0.0195,-0.0937,1.0551,0.20,0.47,0.31,138844,134292,125929
49895508,-32.7250,7.3500,14.9800,0.0139,-0.1674,1.1086,0.19,0.47,0.31,138828,134231,125920
49915040,5.7575,1.8900,5.1975,0.0211,-0.1920,1.1342,0.19,0.47,0.31,138828,134239,125946
49935544,23.2750,-2.8175,-2.6250,0.0205,-0.1908,1.1472,0.20,0.47,0.31,138838,134297,125972
49955080,14.4725,-6.3350,-8.8025,0.0162,-0.1675,1.1469,0.20,0.48,0.31,138866,134314,125976
49975584,-9.0125,-8.7850,-13.5800,0.0117,-0.1330,1.1377,0.20,0.48,0.31,138889,134299,125972
49995116,-30.3800,-11.0950,-18.8475,0.0049,-0.0822,1.1253,0.20,0.48,0.31,138894,134269,125996
50015624,-28.9975,-12.3900,-21.3675,-0.0033,-0.0553,1.1206,0.19,0.48,0.31,138900,134252,126010
50035156,-24.3775,-13.3525,-23.6775,-0.0124,-0.0350,1.1152,0.19,0.48,0.31,138912,134257,126016
50055664,-22.5575,-14.1400,-26.2325,-0.0209,-0.0196,1.1081,0.20,0.48,0.31,138942,134278,126020
50075196,-22.7675,-14.8575,-29.3650,-0.0290,-0.0101,1.1002,0.20,0.48,0.31,138955,134287,126037
50095704,-27.5275,-16.0300,-35.6300,-0.0382,-0.0070,1.0917,0.20,0.48,0.31,138956,134289,126053
50115232,-28.4550,-16.8700,-40.4425,-0.0494,-0.0131,1.0780,0.20,0.48,0.31,138947,134318,126051
50135744,-25.2000,-17.6750,-45.4650,-0.0536,-0.0206,1.0704,0.20,0.48,0.31,138958,134369,126065
50155272,-14.9625,-18.4625,-50.1725,-0.0559,-0.0290,1.0654,0.21,0.48,0.30,138975,134451,126085
50174804,-1.6975,-19.1275,-54.7400,-0.0576,-0.0373,1.0620,0.21,0.48,0.30,138975,134576,126104
50195312,7.0700,-19.5825,-58.9050,-0.0586,-0.0444,1.0580,0.22,0.48,0.30,138952,134698,126131
50214844,6.7900,-19.3900,-62.8250,-0.0569,-0.0476,1.0512,0.23,0.48,0.30,138926,134826,126185
50235352,-2.4150,-18.0425,-68.7400,-0.0483,-0.0475,1.0377,0.24,0.48,0.30,138898,134977,126190
50254880,-1.4700,-16.9050,-72.0475,-0.0415,-0.0483,1.0326,0.25,0.48,0.30,138876,135121,126205
50275392,5.8625,-16.2750,-75.2500,-0.0368,-0.0493,1.0304,0.26,0.47,0.30,138834,135291,126232
50294920,11.9525,-15.9075,-78.5400,-0.0326,-0.0499,1.0296,0.27,0.47,0.29,138775,135467,126249
50315428,16.3975,-16.1175,-81.6900,-0.0287,-0.0508,1.0287,0.28,0.46,0.29,138688,135652,126283
50334960,15.0325,-16.1700,-85.3475,-0.0222,-0.0481,1.0249,0.29,0.46,0.29,138615,135852,126305
50355468,15.9075,-16.0300,-87.1150,-0.0126,-0.0375,1.0187,0.30,0.46,0.29,138541,136060,126337
50375000,19.3550,-15.9950,-88.6025,-0.0079,-0.0278,1.0176,0.32,0.45,0.29,138444,136261,126373
50395508,17.7625,-16.0300,-90.0550,-0.0027,-0.0150,1.0153,0.33,0.44,0.29,138319,136455,126400
50415040,8.6625,-16.1350,-91.4375,0.0034,0.0007,1.0102,0.34,0.43,0.28,138197,136598,126413
50435544,-3.7100,-15.6800,-92.4350,0.0072,0.0168,1.0033,0.35,0.43,0.28,138076,136756,126409
50455080,-8.4350,-15.0675,-92.9075,0.0104,0.0381,0.9972,0.36,0.42,0.29,137952,136919,126386
50475584,-3.2725,-15.1725,-92.4700,0.0115,0.0509,0.9941,0.37,0.41,0.29,137813,137079,126379
50495116,-0.1575,-15.5925,-91.7875,0.0153,0.0641,0.9905,0.37,0.40,0.29,137678,137206,126393
50515624,2.7125,-16.1175,-91.0525,0.0165,0.0759,0.9862,0.38,0.39,0.28,137514,137346,126405
50535156,4.4975,-16.5025,-90.2475,0.0159,0.0852,0.9806,0.39,0.38,0.28,137369,137485,126413
50555664,10.0450,-16.8175,-88.8125,0.0159,0.0941,0.9755,0.40,0.38,0.28,137232,137654,126426
50575196,17.8325,-17.0975,-87.4825,0.0102,0.1066,0.9693,0.41,0.37,0.28,137088,137808,126453
50595704,16.9050,-16.6250,-85.9950,0.0079,0.1169,0.9618,0.42,0.36,0.28,136921,137926,126489
50615232,16.7475,-16.2400,-84.4725,0.0081,0.1225,0.9572,0.43,0.35,0.28,136760,138053,126502
50635744,9.2225,-14.6650,-83.3700,0.0133,0.1332,0.9506,0.43,0.34,0.28,136600,138183,126509
50655272,13.2300,-13.1075,-81.0250,0.0135,0.1412,0.9488,0.44,0.33,0.28,136454,138316,126543
50674804,28.5075,-11.8300,-76.7725,0.0051,0.1485,0.9503,0.45,0.32,0.27,136296,138482,126599
50705080,56.3150,-10.4825,-65.8700,-0.0178,0.1728,0.9462,0.47,0.31,0.26,136075,138709,126747
50725584,53.4450,-9.2050,-60.3750,-0.0233,0.1907,0.9377,0.47,0.30,0.26,135944,138849,126847
50745116,46.9875,-7.2800,-54.3550,-0.0277,0.2120,0.9293,0.48,0.29,0.25,135822,138962,126931
50765624,40.2325,-5.2325,-47.9150,-0.0340,0.2388,0.9240,0.49,0.28,0.25,135705,139057,126994
50785156,33.9850,-3.3600,-40.9500,-0.0471,0.2682,0.9227,0.49,0.28,0.25,135612,139137,127048
50805664,18.6725,-0.0700,-29.1025,-0.0630,0.3201,0.9245,0.50,0.27,0.25,135540,139195,127047
50825196,-1.3475,2.7650,-20.3875,-0.0709,0.3569,0.9235,0.50,0.27,0.25,135491,139204,127022
50845704,-21.1750,5.4075,-11.8300,-0.0769,0.3889,0.9242,0.49,0.27,0.25,135450,139161,126962
50865232,-30.6600,7.0000,-3.4825,-0.0816,0.4124,0.9294,0.49,0.27,0.25,135439,139111,126900
50885744,-33.3550,7.6300,4.3050,-0.0852,0.4293,0.9361,0.49,0.27,0.26,135447,139069,126791
50905272,-37.9925,7.6825,14.6475,-0.0866,0.4402,0.9418,0.48,0.27,0.27,135475,139008,126725
50924804,-44.5725,7.5250,20.6500,-0.0843,0.4494,0.9476,0.48,0.27,0.27,135524,138925,126612
50945312,-49.4375,7.3675,26.4425,-0.0802,0.4499,0.9536,0.47,0.28,0.28,135582,138801,126517
50964844,-49.5250,6.8250,31.7275,-0.0754,0.4473,0.9626,0.46,0.28,0.28,135648,138682,126428
50985352,-46.6550,6.1600,37.0650,-0.0714,0.4426,0.9723,0.46,0.28,0.29,135741,138577,126339
51004880,-44.4675,5.9325,42.5250,-0.0667,0.4376,0.9809,0.45,0.29,0.29,135844,138461,126262
51025392,-46.5675,6.0725,51.3275,-0.0595,0.4302,0.9889,0.44,0.30,0.30,135964,138332,126163
51044920,-49.1050,6.1600,57.2775,-0.0545,0.4235,0.9903,0.43,0.31,0.30,136087,138187,126105
51065428,-50.9600,6.3350,62.8600,-0.0508,0.4155,0.9899,0.42,0.31,0.31,136220,137995,126026
51084960,-49.1225,6.7200,68.4250,-0.0500,0.4055,0.9919,0.41,0.32,0.31,136369,137846,125966
51105468,-38.3250,6.8600,75.0750,-0.0522,0.3930,0.9967,0.40,0.33,0.31,136533,137702,125913
51125000,-30.9750,7.2275,82.0225,-0.0547,0.3816,0.9948,0.39,0.34,0.32,136699,137535,125869
51145508,-35.3150,8.0325,91.2975,-0.0539,0.3627,0.9814,0.38,0.35,0.32,136873,137343,125844
51165040,-26.6175,7.8750,96.9500,-0.0560,0.3487,0.9755,0.37,0.36,0.32,137039,137170,125823
51185544,-6.0900,7.7700,103.4950,-0.0643,0.3375,0.9704,0.36,0.38,0.32,137232,137020,125840
51205080,12.5300,8.5050,110.4250,-0.0788,0.3284,0.9610,0.36,0.39,0.32,137426,136906,125893
51225584,19.9675,10.4650,116.1125,-0.0927,0.3218,0.9499,0.35,0.40,0.31,137625,136763,125916
51245116,22.4000,12.6875,120.7850,-0.0999,0.3189,0.9415,0.34,0.41,0.31,137782,136591,125964
51265624,25.0600,16.6250,127.6100,-0.1066,0.3209,0.9343,0.33,0.42,0.31,137954,136406,126011
51285156,19.8625,19.8800,132.0725,-0.1190,0.3204,0.9278,0.31,0.43,0.31,138112,136211,126022
51305664,13.6500,23.0300,135.7650,-0.1330,0.3133,0.9221,0.30,0.44,0.31,138270,135970,126010
51325196,5.5825,25.5500,138.0050,-0.1427,0.3021,0.9166,0.28,0.45,0.31,138385,135726,125999
51345704,-8.8375,27.8250,138.6350,-0.1452,0.2843,0.9098,0.26,0.45,0.31,138481,135397,125945
51365232,-32.8825,30.0125,137.0075,-0.1447,0.2539,0.9043,0.24,0.46,0.32,138549,135062,125889
51385744,-47.6350,29.8900,132.8950,-0.1446,0.1787,0.9041,0.22,0.46,0.32,138600,134709,125807
51405272,-55.4400,28.4375,125.8250,-0.1449,0.1147,0.9109,0.20,0.46,0.33,138632,134355,125732
51424804,-56.2625,26.1800,117.3725,-0.1444,0.0425,0.9205,0.18,0.46,0.33,138639,134053,125664
51445312,-50.6625,23.1700,107.2225,-0.1414,-0.0395,0.9348,0.16,0.46,0.33,138632,133759,125643
51464844,-39.6200,19.8450,95.4625,-0.1298,-0.1200,0.9521,0.15,0.46,0.33,138623,133539,125611
51485352,-20.0375,15.9950,76.7025,-0.1031,-0.2317,0.9767,0.14,0.46,0.33,138612,133374,125593
51504880,-10.2900,14.0175,63.2450,-0.0810,-0.2980,0.9923,0.13,0.46,0.34,138606,133254,125568
51525392,9.2050,12.2500,49.2800,-0.0551,-0.3577,1.0166,0.13,0.46,0.34,138609,133228,125555
51544920,45.6750,9.5550,36.1375,-0.0337,-0.4059,1.0452,0.14,0.46,0.34,138595,133306,125578
51565428,72.6775,7.2975,24.5350,-0.0224,-0.4298,1.0663,0.14,0.46,0.33,138583,133416,125613
51584960,77.8400,5.6525,14.0525,-0.0200,-0.4248,1.0799,0.15,0.46,0.33,138592,133553,125627
51605468,53.7950,3.5000,1.7500,-0.0261,-0.3743,1.0843,0.16,0.46,0.33,138611,133649,125631
51625000,33.6175,2.3975,-4.4800,-0.0337,-0.3287,1.0824,0.16,0.46,0.33,138627,133712,125655
51645508,26.5125,0.8925,-9.3275,-0.0451,-0.2821,1.0836,0.17,0.46,0.33,138620,133787,125685
51665040,26.1275,-0.8575,-12.9850,-0.0610,-0.2347,1.0848,0.17,0.46,0.33,138612,133850,125701
51705080,10.2900,-2.9925,-19.1100,-0.0937,-0.1442,1.0765,0.18,0.46,0.33,138646,133949,125702
51724608,-2.8700,-4.2175,-23.6775,-0.1152,-0.0947,1.0708,0.18,0.46,0.33,138647,133980,125723
51744140,-11.0425,-4.7775,-26.8625,-0.1258,-0.0719,1.0681,0.18,0.46,0.33,138636,134001,125714
51764648,-20.9475,-5.1275,-30.8000,-0.1310,-0.0573,1.0651,0.18,0.46,0.33,138617,134004,125723
51784180,-25.7950,-5.7225,-34.7725,-0.1325,-0.0525,1.0653,0.18,0.46,0.33,138604,134031,125716
51804688,-19.5300,-6.8950,-38.4300,-0.1343,-0.0561,1.0709,0.18,0.46,0.33,138616,134087,125703
51824216,-11.4625,-8.4875,-42.7175,-0.1305,-0.0600,1.0788,0.19,0.46,0.33,138623,134143,125690
51844728,-12.7400,-10.9900,-49.9800,-0.1204,-0.0642,1.0843,0.19,0.46,0.33,138603,134212,125724
51864256,-19.4075,-12.3900,-54.5125,-0.1115,-0.0683,1.0838,0.19,0.46,0.33,138574,134255,125728
51883788,-22.8725,-13.7550,-58.8350,-0.1022,-0.0739,1.0842,0.20,0.46,0.33,138566,134332,125728
51904296,-21.0525,-15.0500,-62.9125,-0.0954,-0.0820,1.0852,0.20,0.46,0.33,138565,134417,125729
51923828,-16.9575,-16.5900,-66.9025,-0.0910,-0.0906,1.0838,0.21,0.46,0.33,138559,134527,125731
51944336,-11.0950,-18.3575,-70.5600,-0.0866,-0.0974,1.0812,0.22,0.46,0.32,138528,134630,125763
51963868,4.2000,-21.0525,-76.1250,-0.0795,-0.1025,1.0786,0.23,0.45,0.32,138498,134777,125794
51984376,17.8850,-23.0125,-79.1525,-0.0756,-0.1024,1.0795,0.24,0.45,0.32,138467,134966,125841
52003904,22.4350,-24.1500,-81.5500,-0.0739,-0.0976,1.0769,0.25,0.45,0.32,138444,135159,125877
52024416,13.0025,-23.8175,-83.2475,-0.0716,-0.0892,1.0674,0.26,0.45,0.32,138403,135324,125900
52043944,-0.7350,-22.4525,-84.7875,-0.0659,-0.0787,1.0536,0.27,0.44,0.31,138348,135461,125921
52064452,-10.0975,-19.9850,-86.3625,-0.0595,-0.0692,1.0414,0.28,0.44,0.31,138267,135590,125932
52083984,-5.8975,-18.6900,-86.9575,-0.0603,-0.0586,1.0315,0.28,0.43,0.31,138193,135727,125932
52104492,-3.2025,-17.5700,-87.2200,-0.0659,-0.0515,1.0248,0.29,0.43,0.31,138110,135878,125953
52124024,-7.5075,-16.6950,-87.5175,-0.0693,-0.0434,1.0119,0.30,0.42,0.31,138026,136012,125934
52144532,-15.7325,-15.2600,-88.2350,-0.0693,-0.0366,0.9963,0.31,0.42,0.31,137915,136124,125925
52164064,-15.9600,-14.1225,-88.9000,-0.0682,-0.0332,0.9836,0.31,0.41,0.31,137806,136230,125917
52184568,4.7950,-13.8425,-89.3550,-0.0660,-0.0303,0.9758,0.33,0.40,0.31,137689,136401,125914
52204100,16.6425,-13.3175,-88.9175,-0.0686,-0.0255,0.9723,0.34,0.40,0.31,137579,136574,125932
52224608,22.2600,-12.8100,-87.6750,-0.0730,-0.0195,0.9661,0.35,0.39,0.31,137453,136762,125946
52244140,20.9650,-12.0750,-86.1875,-0.0725,-0.0107,0.9567,0.36,0.38,0.31,137321,136913,125983
52264648,16.2225,-11.1300,-84.6125,-0.0658,0.0039,0.9467,0.36,0.37,0.31,137177,137033,126000
52284180,12.7925,-9.5725,-82.1625,-0.0590,0.0190,0.9404,0.37,0.36,0.31,137048,137191,126007
52304688,26.6525,-8.6275,-75.8275,-0.0630,0.0295,0.9416,0.38,0.36,0.31,136921,137356,126038
52324216,40.1800,-8.8725,-71.3825,-0.0675,0.0336,0.9445,0.39,0.35,0.31,136804,137531,126074
52344728,39.8825,-8.3125,-68.5125,-0.0662,0.0460,0.9429,0.40,0.34,0.30,136668,137668,126139
52364256,36.8725,-7.6475,-64.8900,-0.0626,0.0658,0.9418,0.41,0.33,0.30,136548,137806,126188
52383788,40.2325,-7.0875,-59.8150,-0.0632,0.0898,0.9439,0.42,0.33,0.29,136432,137948,126252
52404296,47.2675,-6.7375,-53.8300,-0.0667,0.1137,0.9482,0.43,0.32,0.29,136327,138108,126339
52423828,48.7900,-6.7725,-46.3750,-0.0664,0.1434,0.9537,0.44,0.32,0.29,136241,138259,126391
52444336,34.4225,-6.6325,-42.7875,-0.0616,0.1596,0.9525,0.44,0.31,0.28,136147,138322,126428
52463868,14.3850,-6.0900,-39.7075,-0.0559,0.1754,0.9489,0.45,0.30,0.28,136061,138385,126434
52484376,4.9525,-5.6875,-36.2950,-0.0519,0.1891,0.9488,0.45,0.30,0.28,135980,138432,126451
52503904,10.9550,-5.6875,-32.0950,-0.0473,0.2014,0.9538,0.45,0.30,0.28,135921,138500,126474
52524416,31.8150,-5.9850,-24.4650,-0.0439,0.2128,0.9609,0.46,0.29,0.28,135877,138598,126517
52543944,36.2600,-6.0025,-19.7400,-0.0390,0.2347,0.9682,0.46,0.29,0.27,135836,138661,126599
52564452,33.6000,-5.9850,-14.6125,-0.0390,0.2552,0.9710,0.47,0.29,0.27,135810,138717,126661
52583984,27.9825,-5.1800,-8.7500,-0.0426,0.2819,0.9726,0.47,0.29,0.27,135797,138759,126702
52604492,19.2500,-3.6050,-2.0650,-0.0475,0.3117,0.9743,0.47,0.29,0.26,135807,138795,126733
52624024,8.6100,-1.3475,5.1100,-0.0540,0.3425,0.9781,0.47,0.29,0.27,135834,138798,126729
52644532,-12.3200,1.8900,15.7325,-0.0632,0.3855,0.9816,0.47,0.29,0.27,135876,138742,126693
52664064,-24.0975,3.6925,22.7675,-0.0667,0.4064,0.9831,0.46,0.30,0.27,135918,138669,126635
52684568,-29.5225,5.3025,29.6100,-0.0689,0.4192,0.9856,0.46,0.30,0.27,135994,138586,126595
52714844,-22.4175,6.4925,39.6375,-0.0736,0.4263,0.9952,0.45,0.31,0.28,136130,138451,126540
52735352,-17.8675,6.9125,45.9725,-0.0759,0.4275,1.0028,0.45,0.32,0.28,136235,138365,126513
