39540040,-0.6125,-0.6825,-0.0175,-0.7791,-0.1930,0.6138,0.43,0.01,0.46,131167,138037,123518
39560544,-0.9275,-0.6475,-0.0175,-0.7791,-0.1926,0.6134,0.43,0.00,0.46,131152,138037,123505
39580080,-1.1200,-0.6125,-0.0875,-0.7788,-0.1918,0.6138,0.43,0.00,0.46,131148,138043,123497
39600584,-0.7350,-0.4375,-0.2800,-0.7784,-0.1900,0.6159,0.42,0.01,0.46,131157,138031,123518
39620116,-0.0350,-0.3150,-0.4550,-0.7782,-0.1891,0.6174,0.42,0.01,0.46,131161,138033,123508
39640624,0.3150,-0.3500,-0.5950,-0.7782,-0.1887,0.6176,0.42,0.01,0.46,131160,138031,123510
39660156,0.9275,-0.5075,-0.5600,-0.7782,-0.1889,0.6162,0.42,0.00,0.46,131153,138033,123505
39680664,1.4875,-0.8750,-0.4900,-0.7785,-0.1895,0.6144,0.42,0.00,0.46,131144,138034,123501
39700196,2.1875,-1.2950,-0.5075,-0.7786,-0.1903,0.6129,0.43,0.01,0.46,131159,138037,123505
39720704,2.6075,-1.5400,-0.3325,-0.7788,-0.1914,0.6118,0.43,0.01,0.46,131167,138043,123531
39740232,2.1875,-1.5225,-0.2800,-0.7788,-0.1919,0.6117,0.43,0.01,0.46,131165,138063,123533
39760744,1.6625,-1.3300,-0.2800,-0.7788,-0.1919,0.6120,0.43,0.01,0.46,131161,138062,123530
39780272,0.6475,-1.1200,-0.2800,-0.7787,-0.1915,0.6127,0.43,0.01,0.46,131155,138057,123523
39799804,0.1050,-0.8400,-0.3325,-0.7786,-0.1906,0.6138,0.43,0.01,0.46,131163,138065,123523
39820312,-0.0525,-0.6650,-0.5775,-0.7781,-0.1891,0.6156,0.43,0.01,0.46,131167,138059,123528
39839844,0.1575,-0.6650,-0.6125,-0.7780,-0.1887,0.6161,0.43,0.01,0.46,131167,138055,123534
39860352,1.0150,-0.7350,-0.6300,-0.7780,-0.1890,0.6166,0.43,0.01,0.46,131157,138064,123522
39879880,1.8025,-0.8575,-0.5600,-0.7781,-0.1895,0.6168,0.43,0.01,0.46,131157,138068,123519
39900392,2.3975,-0.8925,-0.5075,-0.7784,-0.1904,0.6176,0.43,0.01,0.46,131168,138071,123531
39919920,2.3275,-0.7875,-0.3150,-0.7786,-0.1915,0.6178,0.43,0.01,0.46,131169,138081,123554
39940428,0.2975,-0.5425,-0.0875,-0.7788,-0.1926,0.6165,0.43,0.01,0.46,131172,138078,123558
39959960,-1.6100,-0.2975,-0.0700,-0.7788,-0.1926,0.6145,0.43,0.01,0.46,131158,138076,123527
39980468,-3.0975,-0.1225,-0.1400,-0.7786,-0.1920,0.6133,0.43,0.00,0.46,131150,138064,123506
40000000,-3.5000,-0.0525,-0.1750,-0.7785,-0.1913,0.6134,0.43,0.00,0.46,131150,138047,123502
40020508,-2.7650,-0.1400,-0.2800,-0.7784,-0.1907,0.6145,0.43,0.01,0.46,131164,138049,123518
40040040,-1.5575,-0.3500,-0.3500,-0.7784,-0.1903,0.6155,0.42,0.01,0.46,131163,138029,123521
40060544,0.3500,-0.5775,-0.3150,-0.7782,-0.1901,0.6165,0.43,0.01,0.46,131157,138046,123504
40080080,1.1725,-0.6650,-0.4200,-0.7782,-0.1902,0.6162,0.42,0.00,0.46,131152,138034,123496
40100584,1.4875,-0.7525,-0.4200,-0.7781,-0.1900,0.6155,0.43,0.01,0.46,131161,138050,123506
40120116,1.2950,-0.8575,-0.3675,-0.7782,-0.1900,0.6149,0.43,0.01,0.46,131166,138044,123517
40140624,1.0150,-0.8400,-0.4025,-0.7782,-0.1901,0.6140,0.43,0.01,0.46,131165,138050,123514
40160156,0.4725,-0.9275,-0.4900,-0.7784,-0.1903,0.6132,0.43,0.01,0.46,131157,138050,123519
40180664,0.1225,-0.8225,-0.3850,-0.7784,-0.1906,0.6132,0.43,0.00,0.46,131150,138057,123502
40200196,-0.2450,-0.7525,-0.4025,-0.7784,-0.1906,0.6138,0.43,0.01,0.46,131154,138049,123502
40220704,-0.2275,-0.7000,-0.4375,-0.7784,-0.1907,0.6144,0.43,0.01,0.46,131163,138049,123531
40240232,-0.0875,-0.7000,-0.3675,-0.7785,-0.1911,0.6149,0.43,0.01,0.46,131168,138044,123517
40260744,0.2625,-0.7000,-0.3850,-0.7785,-0.1915,0.6154,0.43,0.00,0.46,131153,138046,123506
40280272,0.8750,-0.6650,-0.2975,-0.7786,-0.1920,0.6159,0.43,0.01,0.46,131158,138051,123510
40299804,1.0325,-0.6825,-0.2450,-0.7786,-0.1924,0.6163,0.43,0.01,0.46,131161,138044,123506
40320312,0.7700,-0.6650,-0.1225,-0.7787,-0.1925,0.6161,0.43,0.01,0.46,131161,138057,123534
40339844,0.2625,-0.5250,-0.1050,-0.7786,-0.1925,0.6150,0.43,0.01,0.46,131166,138051,123528
40360352,-0.7525,-0.5425,-0.1750,-0.7786,-0.1923,0.6141,0.43,0.01,0.46,131160,138046,123509
40379880,-1.0325,-0.4025,-0.1750,-0.7786,-0.1922,0.6139,0.43,0.00,0.46,131146,138045,123521
40400392,-0.9625,-0.5425,-0.1225,-0.7787,-0.1922,0.6140,0.43,0.01,0.46,131162,138048,123506
40419920,-0.5600,-0.6300,-0.1750,-0.7786,-0.1919,0.6144,0.43,0.01,0.46,131160,138042,123522
40440428,0.0350,-0.6300,-0.2100,-0.7786,-0.1918,0.6150,0.43,0.01,0.46,131163,138038,123514
40459960,0.5425,-0.6125,-0.2100,-0.7786,-0.1917,0.6156,0.43,0.01,0.46,131154,138045,123505
40500000,0.6650,-0.6125,-0.1750,-0.7786,-0.1918,0.6159,0.43,0.00,0.46,131152,138041,123497
40519532,-0.1050,-0.5425,-0.2800,-0.7786,-0.1915,0.6144,0.43,0.01,0.46,131164,138036,123512
40539064,-0.6475,-0.5775,-0.2800,-0.7784,-0.1913,0.6135,0.42,0.01,0.46,131166,138030,123509
40559568,-0.7875,-0.5950,-0.2625,-0.7784,-0.1907,0.6135,0.43,0.01,0.46,131156,138038,123517
40579100,-0.5425,-0.5775,-0.4025,-0.7784,-0.1903,0.6140,0.42,0.00,0.46,131147,138033,123497
40599608,-0.1925,-0.6300,-0.4725,-0.7784,-0.1904,0.6146,0.42,0.00,0.46,131150,138030,123504
40619140,0.2275,-0.5600,-0.4375,-0.7784,-0.1907,0.6154,0.42,0.01,0.46,131156,138033,123500
40639648,0.6125,-0.5250,-0.3675,-0.7785,-0.1911,0.6157,0.43,0.01,0.46,131164,138041,123518
40659180,0.3675,-0.5775,-0.3850,-0.7786,-0.1913,0.6155,0.43,0.00,0.46,131152,138042,123509
40679688,0.2625,-0.5425,-0.4375,-0.7786,-0.1914,0.6149,0.42,0.00,0.46,131145,138032,123496
40699216,-0.3675,-0.4725,-0.4025,-0.7786,-0.1915,0.6141,0.42,0.00,0.46,131150,138034,123491
40719728,-0.3850,-0.5425,-0.3850,-0.7786,-0.1918,0.6137,0.42,0.01,0.46,131156,138031,123500
40739256,-0.5425,-0.5775,-0.3850,-0.7786,-0.1919,0.6138,0.42,0.01,0.46,131157,138026,123506
40758788,-0.3325,-0.5075,-0.3850,-0.7786,-0.1919,0.6137,0.42,0.01,0.46,131155,138030,123501
40779296,-0.1225,-0.7175,-0.4200,-0.7787,-0.1920,0.6133,0.42,0.00,0.46,131133,138030,123488
40798828,-0.0875,-0.7000,-0.3500,-0.7787,-0.1922,0.6129,0.42,0.00,0.46,131147,138023,123482
40819336,0.2100,-0.8050,-0.3325,-0.7787,-0.1924,0.6128,0.42,0.00,0.46,131153,138022,123493
40838868,0.5600,-0.8575,-0.3850,-0.7787,-0.1923,0.6127,0.42,0.01,0.46,131163,138030,123499
40859376,0.7175,-0.9625,-0.4550,-0.7787,-0.1922,0.6128,0.42,0.00,0.46,131151,138033,123500
40878904,0.8225,-0.8925,-0.4900,-0.7786,-0.1920,0.6132,0.43,0.00,0.46,131142,138037,123489
40899416,0.6825,-0.9625,-0.5075,-0.7785,-0.1920,0.6131,0.43,0.00,0.46,131148,138040,123496
40918944,0.4900,-0.8575,-0.5075,-0.7784,-0.1923,0.6129,0.42,0.01,0.46,131157,138035,123518
40939452,0.4900,-0.8750,-0.5075,-0.7786,-0.1925,0.6128,0.43,0.01,0.46,131158,138038,123504
40958984,0.6650,-1.0500,-0.4025,-0.7787,-0.1929,0.6128,0.42,0.01,0.46,131156,138030,123499
40979492,1.0675,-1.0150,-0.3500,-0.7787,-0.1934,0.6135,0.43,0.00,0.46,131148,138040,123491
40999024,1.1550,-0.9975,-0.3850,-0.7788,-0.1935,0.6139,0.43,0.00,0.46,131153,138047,123492
41019532,1.2075,-0.9625,-0.3500,-0.7787,-0.1934,0.6139,0.43,0.01,0.46,131159,138047,123513
41039064,0.8750,-0.9625,-0.3675,-0.7786,-0.1932,0.6139,0.43,0.01,0.46,131165,138050,123511
41059568,0.5950,-0.9275,-0.3325,-0.7786,-0.1931,0.6141,0.43,0.01,0.46,131158,138049,123513
41079100,0.3500,-0.8050,-0.3325,-0.7786,-0.1929,0.6144,0.43,0.00,0.46,131146,138048,123496
41099608,0.1925,-0.8050,-0.3675,-0.7785,-0.1926,0.6144,0.43,0.01,0.46,131155,138045,123502
41119140,0.4025,-0.8575,-0.4025,-0.7784,-0.1925,0.6143,0.43,0.01,0.46,131159,138040,123506
41139648,0.7700,-0.9275,-0.3325,-0.7784,-0.1926,0.6144,0.43,0.01,0.46,131168,138042,123519
41159180,1.0150,-0.9450,-0.3150,-0.7785,-0.1928,0.6149,0.43,0.01,0.46,131165,138044,123509
41179688,1.1375,-0.9275,-0.2450,-0.7785,-0.1928,0.6152,0.43,0.01,0.46,131155,138054,123498
41199216,1.2075,-0.8925,-0.3150,-0.7785,-0.1928,0.6156,0.43,0.01,0.46,131163,138050,123511
41219728,0.7350,-0.7700,-0.3150,-0.7785,-0.1929,0.6152,0.43,0.01,0.46,131171,138047,123521
41239256,0.1750,-0.7000,-0.2275,-0.7785,-0.1930,0.6148,0.43,0.01,0.46,131172,138046,123530
41258788,-0.2800,-0.6475,-0.2625,-0.7784,-0.1930,0.6145,0.43,0.01,0.46,131160,138042,123509
41279296,-0.4900,-0.6300,-0.2100,-0.7784,-0.1929,0.6145,0.43,0.01,0.46,131158,138042,123506
41298828,-0.3325,-0.5950,-0.2275,-0.7781,-0.1926,0.6148,0.43,0.01,0.46,131156,138050,123509
41319336,0.0875,-0.6650,-0.3850,-0.7781,-0.1923,0.6154,0.43,0.01,0.46,131164,138044,123522
41338868,0.4900,-0.7000,-0.3325,-0.7779,-0.1919,0.6160,0.43,0.01,0.46,131170,138048,123517
41359376,0.8050,-0.6650,-0.3500,-0.7779,-0.1918,0.6160,0.43,0.01,0.46,131159,138042,123522
41378904,0.8050,-0.7175,-0.3850,-0.7778,-0.1918,0.6156,0.43,0.01,0.46,131155,138047,123502
41399416,0.5425,-0.8050,-0.3675,-0.7779,-0.1918,0.6154,0.43,0.01,0.46,131157,138049,123500
41418944,0.5075,-0.7175,-0.4025,-0.7778,-0.1918,0.6151,0.43,0.01,0.46,131167,138051,123508
41439452,0.2800,-0.7350,-0.4200,-0.7779,-0.1917,0.6151,0.43,0.01,0.46,131172,138053,123523
41458984,0.3850,-0.7350,-0.3850,-0.7780,-0.1918,0.6151,0.43,0.01,0.46,131160,138047,123523
41479492,0.4375,-0.6650,-0.4025,-0.7780,-0.1917,0.6149,0.43,0.00,0.46,131151,138050,123506
41509764,0.3675,-0.9100,-0.4025,-0.7779,-0.1915,0.6143,0.43,0.01,0.46,131162,138052,123511
41529296,0.4900,-0.8225,-0.4200,-0.7780,-0.1917,0.6143,0.43,0.01,0.46,131157,138055,123508
41548828,0.8575,-0.9450,-0.4550,-0.7780,-0.1917,0.6146,0.43,0.01,0.46,131160,138061,123505
41569336,1.1200,-0.9975,-0.4025,-0.7780,-0.1917,0.6151,0.43,0.01,0.46,131172,138054,123511
41588868,1.0150,-0.9625,-0.4200,-0.7780,-0.1918,0.6151,0.43,0.01,0.46,131176,138053,123523
41609376,1.0325,-0.9625,-0.3850,-0.7780,-0.1919,0.6152,0.43,0.01,0.46,131161,138063,123515
41628904,1.0500,-0.8225,-0.3850,-0.7781,-0.1920,0.6155,0.43,0.01,0.46,131158,138061,123507
41649416,0.9800,-0.8050,-0.2800,-0.7781,-0.1923,0.6159,0.43,0.01,0.46,131162,138057,123515
41668944,0.5950,-0.7000,-0.3150,-0.7781,-0.1924,0.6159,0.43,0.01,0.46,131175,138065,123513
41689452,0.1575,-0.7000,-0.2800,-0.7781,-0.1923,0.6160,0.43,0.01,0.46,131178,138073,123518
41708984,-0.0525,-0.6300,-0.2450,-0.7781,-0.1923,0.6161,0.43,0.01,0.46,131172,138058,123519
41729492,-0.1050,-0.5775,-0.2625,-0.7780,-0.1924,0.6159,0.43,0.00,0.46,131152,138072,123506
41749024,-0.1575,-0.5950,-0.2100,-0.7780,-0.1926,0.6159,0.43,0.01,0.46,131163,138067,123505
41769532,-0.1050,-0.5775,-0.1575,-0.7780,-0.1928,0.6159,0.43,0.01,0.46,131173,138062,123519
41789064,-0.4725,-0.5600,-0.0525,-0.7781,-0.1930,0.6156,0.43,0.01,0.46,131178,138058,123522
41809568,-0.7875,-0.5250,-0.0350,-0.7781,-0.1930,0.6154,0.43,0.01,0.46,131169,138061,123520
41829100,-0.9100,-0.4200,-0.0875,-0.7781,-0.1926,0.6160,0.43,0.01,0.46,131158,138053,123500
41849608,-0.7525,-0.3500,-0.1225,-0.7780,-0.1923,0.6173,0.43,0.01,0.46,131160,138063,123507
41869140,-0.3325,-0.1925,-0.1050,-0.7779,-0.1919,0.6188,0.43,0.01,0.46,131174,138055,123508
41889648,0.1225,0.0000,-0.1400,-0.7779,-0.1918,0.6196,0.43,0.01,0.46,131168,138051,123526
41909180,0.0000,0.0000,-0.0875,-0.7780,-0.1923,0.6185,0.43,0.01,0.46,131154,138044,123519
41929688,-0.6475,-0.1750,-0.0875,-0.7782,-0.1930,0.6162,0.43,0.01,0.46,131155,138047,123500
41949216,-1.2075,-0.3150,0.1225,-0.7784,-0.1935,0.6140,0.43,0.00,0.46,131151,138040,123488
41969728,-1.5750,-0.4550,0.0875,-0.7784,-0.1932,0.6124,0.42,0.01,0.46,131162,138027,123497
41989256,-1.6800,-0.5775,-0.0700,-0.7782,-0.1923,0.6115,0.42,0.01,0.46,131166,138021,123503
42008788,-1.6625,-0.5950,-0.1750,-0.7781,-0.1911,0.6112,0.42,0.01,0.46,131162,138022,123504
42029296,-0.5775,-0.7700,-0.4900,-0.7776,-0.1891,0.6127,0.42,0.00,0.46,131147,138024,123480
42048828,0.6650,-0.8575,-0.7525,-0.7775,-0.1884,0.6139,0.42,0.00,0.46,131153,138025,123487
42069336,2.1350,-1.1200,-0.6825,-0.7776,-0.1885,0.6151,0.42,0.01,0.46,131164,138032,123501
42088868,3.5875,-1.2250,-0.7175,-0.7778,-0.1893,0.6162,0.43,0.01,0.46,131167,138050,123511
42109376,4.1300,-1.2950,-0.6300,-0.7780,-0.1906,0.6167,0.43,0.01,0.46,131163,138050,123517
42128904,3.1325,-1.1375,-0.4025,-0.7781,-0.1918,0.6162,0.43,0.01,0.46,131156,138062,123496
42149416,1.2775,-0.9625,-0.2450,-0.7785,-0.1930,0.6141,0.43,0.01,0.46,131160,138060,123514
42168944,-0.4375,-0.7175,-0.2100,-0.7785,-0.1934,0.6129,0.43,0.01,0.46,131168,138047,123510
42189452,-1.6100,-0.5425,-0.2275,-0.7786,-0.1935,0.6124,0.43,0.01,0.46,131167,138056,123511
42208984,-2.2050,-0.4725,-0.1750,-0.7786,-0.1932,0.6131,0.43,0.01,0.46,131157,138041,123518
42229492,-1.8550,-0.4375,-0.1575,-0.7785,-0.1932,0.6144,0.43,0.00,0.46,131147,138041,123489
42249024,-0.8925,-0.3500,-0.1575,-0.7786,-0.1932,0.6165,0.43,0.00,0.46,131151,138049,123505
42269532,-0.1925,-0.3675,-0.0700,-0.7786,-0.1932,0.6171,0.43,0.01,0.46,131159,138040,123501
42289064,0.2275,-0.4375,-0.0875,-0.7784,-0.1930,0.6171,0.43,0.01,0.46,131169,138040,123509
42309568,0.1575,-0.4550,-0.1050,-0.7784,-0.1925,0.6166,0.43,0.00,0.46,131150,138036,123509
42329100,-0.1050,-0.4550,-0.2625,-0.7782,-0.1920,0.6154,0.43,0.01,0.46,131155,138039,123510
42349608,-0.5600,-0.5600,-0.3500,-0.7781,-0.1914,0.6139,0.43,0.00,0.46,131149,138036,123486
42369140,-0.5250,-0.6650,-0.4025,-0.7781,-0.1911,0.6127,0.42,0.01,0.46,131167,138022,123491
42389648,-0.0525,-0.8050,-0.4550,-0.7781,-0.1911,0.6129,0.42,0.01,0.46,131172,138022,123517
42409180,0.6825,-0.8750,-0.4375,-0.7781,-0.1913,0.6135,0.43,0.01,0.46,131162,138038,123493
42429688,1.1375,-0.9450,-0.4550,-0.7782,-0.1917,0.6140,0.43,0.00,0.46,131149,138052,123504
42449216,1.4175,-0.9275,-0.3500,-0.7782,-0.1920,0.6146,0.42,0.01,0.46,131159,138032,123499
42469728,1.3300,-0.8750,-0.4550,-0.7782,-0.1923,0.6151,0.43,0.01,0.46,131163,138039,123500
42489256,0.8925,-0.7700,-0.3850,-0.7784,-0.1925,0.6154,0.43,0.01,0.46,131169,138044,123514
42519532,0.2625,-0.5775,-0.2800,-0.7784,-0.1929,0.6152,0.42,0.01,0.46,131162,138034,123501
42539064,-0.0350,-0.4900,-0.2625,-0.7785,-0.1932,0.6151,0.42,0.01,0.46,131173,138031,123513
42559568,-0.7000,-0.3500,-0.2100,-0.7786,-0.1935,0.6149,0.43,0.01,0.46,131156,138038,123493
42579100,-0.9800,-0.2275,-0.2275,-0.7787,-0.1939,0.6146,0.43,0.00,0.46,131152,138045,123482
42599608,-1.2775,-0.2975,-0.0875,-0.7787,-0.1941,0.6139,0.42,0.00,0.46,131153,138022,123488
42619140,-1.1375,-0.4375,-0.1225,-0.7787,-0.1939,0.6133,0.42,0.00,0.46,131149,138020,123504
42639648,-0.5250,-0.7175,-0.1400,-0.7786,-0.1934,0.6128,0.42,0.01,0.46,131165,138030,123504
42659180,0.1575,-0.8575,-0.2625,-0.7785,-0.1928,0.6127,0.42,0.01,0.46,131163,138029,123487
42679688,0.9975,-1.0675,-0.4200,-0.7784,-0.1919,0.6132,0.42,0.01,0.46,131155,138020,123488
42699216,1.5750,-1.1550,-0.5075,-0.7782,-0.1911,0.6137,0.42,0.01,0.46,131158,138029,123482
42719728,1.6100,-1.0850,-0.6125,-0.7781,-0.1904,0.6138,0.43,0.01,0.46,131160,138038,123501
42739256,1.6975,-1.1025,-0.5950,-0.7780,-0.1904,0.6132,0.43,0.01,0.46,131165,138045,123505
42758788,1.7500,-1.1725,-0.7000,-0.7781,-0.1911,0.6131,0.43,0.01,0.46,131163,138041,123502
42779296,1.9425,-1.2425,-0.5775,-0.7781,-0.1915,0.6135,0.43,0.01,0.46,131155,138042,123496
42798828,2.0300,-1.2075,-0.5600,-0.7784,-0.1923,0.6141,0.43,0.01,0.46,131162,138055,123508
42819336,1.2075,-1.0850,-0.5075,-0.7784,-0.1928,0.6144,0.43,0.01,0.46,131168,138049,123510
42838868,0.2100,-0.7700,-0.3850,-0.7784,-0.1930,0.6139,0.43,0.01,0.46,131172,138056,123519
42859376,-0.9450,-0.6650,-0.3500,-0.7784,-0.1934,0.6134,0.43,0.01,0.46,131163,138044,123509
42878904,-1.5400,-0.6300,-0.3850,-0.7785,-0.1936,0.6134,0.42,0.01,0.46,131156,138035,123487
42899416,-2.1525,-0.4550,-0.2800,-0.7785,-0.1940,0.6133,0.42,0.01,0.46,131156,138035,123495
42918944,-2.3100,-0.4025,-0.3150,-0.7784,-0.1937,0.6139,0.42,0.01,0.46,131161,138024,123491
42939452,-1.9075,-0.3675,-0.3500,-0.7782,-0.1935,0.6154,0.42,0.01,0.46,131167,138022,123504
42958984,-0.9450,-0.5075,-0.3150,-0.7781,-0.1936,0.6161,0.42,0.01,0.46,131155,138020,123496
42979492,0.4550,-0.6300,-0.3150,-0.7781,-0.1939,0.6163,0.42,0.01,0.46,131154,138014,123481
42999024,1.2250,-0.8750,-0.3325,-0.7782,-0.1941,0.6163,0.42,0.00,0.46,131152,138023,123492
43019532,1.9075,-1.0675,-0.2800,-0.7782,-0.1941,0.6161,0.42,0.01,0.46,131168,138022,123496
43039064,1.7675,-0.9450,-0.2975,-0.7781,-0.1937,0.6156,0.42,0.01,0.46,131172,138028,123499
43059568,0.8575,-0.8400,-0.4025,-0.7779,-0.1930,0.6146,0.42,0.01,0.46,131162,138034,123493
43079100,0.1400,-0.7700,-0.4025,-0.7779,-0.1930,0.6140,0.42,0.01,0.46,131155,138023,123487
43099608,-0.2450,-0.7525,-0.4550,-0.7779,-0.1930,0.6139,0.42,0.01,0.46,131161,138025,123479
43119140,-0.0700,-0.7350,-0.4025,-0.7780,-0.1932,0.6140,0.42,0.01,0.46,131170,138016,123499
43139648,0.0875,-0.8400,-0.4375,-0.7780,-0.1935,0.6146,0.42,0.01,0.46,131175,138029,123505
43159180,0.8225,-0.7875,-0.2975,-0.7780,-0.1937,0.6155,0.42,0.01,0.46,131165,138023,123487
43179688,1.0850,-0.7525,-0.2625,-0.7781,-0.1947,0.6162,0.42,0.01,0.46,131154,138030,123501
43199216,0.8750,-0.7350,-0.2275,-0.7781,-0.1952,0.6161,0.42,0.01,0.46,131159,138027,123484
43219728,0.4200,-0.6300,-0.1225,-0.7782,-0.1954,0.6160,0.43,0.01,0.46,131172,138036,123499
43239256,0.0700,-0.5250,-0.0700,-0.7782,-0.1953,0.6163,0.42,0.01,0.46,131174,138033,123495
43258788,-0.1575,-0.4200,-0.1225,-0.7782,-0.1951,0.6165,0.42,0.01,0.46,131166,138021,123497
43279296,-0.7175,-0.2975,-0.1225,-0.7780,-0.1945,0.6157,0.43,0.00,0.46,131150,138037,123487
43298828,-0.8050,-0.3500,-0.2450,-0.7779,-0.1941,0.6151,0.42,0.00,0.46,131149,138017,123497
43319336,-0.4550,-0.4550,-0.2800,-0.7779,-0.1937,0.6148,0.42,0.01,0.46,131162,138023,123492
43338868,0.0875,-0.6650,-0.2625,-0.7779,-0.1935,0.6144,0.42,0.01,0.46,131167,138018,123494
43359376,0.7000,-0.7700,-0.2625,-0.7780,-0.1932,0.6141,0.42,0.01,0.46,131164,138021,123505
43378904,1.3650,-0.9275,-0.3325,-0.7779,-0.1930,0.6144,0.42,0.01,0.46,131154,138033,123495
43399416,1.7500,-1.0850,-0.4025,-0.7779,-0.1930,0.6144,0.42,0.01,0.46,131161,138029,123492
43418944,1.4525,-1.0150,-0.4025,-0.7779,-0.1930,0.6143,0.43,0.01,0.46,131165,138040,123499
43439452,1.3650,-0.9275,-0.4375,-0.7778,-0.1929,0.6144,0.43,0.01,0.46,131176,138043,123508
43458984,0.9800,-0.8750,-0.3500,-0.7778,-0.1928,0.6145,0.43,0.01,0.46,131164,138036,123499
43479492,0.6300,-0.7875,-0.3675,-0.7779,-0.1930,0.6143,0.42,0.01,0.46,131159,138031,123497
43499024,0.0525,-0.7875,-0.3850,-0.7779,-0.1934,0.6138,0.42,0.01,0.46,131160,138034,123496
43529296,-0.2975,-0.8225,-0.3150,-0.7780,-0.1936,0.6134,0.42,0.01,0.46,131154,138026,123493
43548828,-0.2275,-0.7350,-0.3500,-0.7779,-0.1932,0.6141,0.42,0.01,0.46,131164,138030,123491
43569336,-0.4375,-0.6475,-0.4200,-0.7778,-0.1926,0.6151,0.42,0.01,0.46,131171,138033,123505
43588868,-0.3325,-0.4550,-0.4550,-0.7776,-0.1923,0.6161,0.42,0.01,0.46,131176,138034,123504
43609376,-0.4550,-0.4025,-0.5250,-0.7775,-0.1924,0.6165,0.42,0.01,0.46,131157,138023,123487
43628904,-0.0350,-0.4550,-0.3325,-0.7779,-0.1940,0.6161,0.42,0.00,0.46,131151,138029,123484
43649416,0.3675,-0.6650,-0.1400,-0.7782,-0.1957,0.6154,0.42,0.01,0.46,131160,138030,123486
43668944,0.4725,-0.7700,0.0875,-0.7786,-0.1969,0.6149,0.42,0.01,0.46,131169,138023,123500
43689452,0.2800,-0.7525,0.2100,-0.7786,-0.1974,0.6146,0.42,0.01,0.46,131174,138016,123499
43708984,-0.3675,-0.5950,0.2450,-0.7786,-0.1969,0.6146,0.42,0.01,0.46,131163,138029,123505
43729492,-1.1725,-0.4200,0.0175,-0.7782,-0.1957,0.6151,0.42,0.00,0.46,131152,138014,123486
43749024,-2.1525,-0.0875,-0.1925,-0.7779,-0.1940,0.6155,0.42,0.00,0.46,131152,138005,123482
43769532,-2.2400,-0.1225,-0.2800,-0.7776,-0.1930,0.6154,0.42,0.01,0.46,131162,138002,123494
43789064,-1.4350,-0.2625,-0.3850,-0.7775,-0.1925,0.6148,0.42,0.01,0.46,131162,137994,123491
43809568,-0.5600,-0.6475,-0.4375,-0.7775,-0.1922,0.6139,0.42,0.01,0.46,131165,138004,123488
43829100,0.7175,-0.8750,-0.5775,-0.7775,-0.1920,0.6137,0.42,0.01,0.46,131154,138004,123483
43849608,2.2400,-1.3125,-0.6650,-0.7774,-0.1917,0.6134,0.42,0.01,0.46,131158,138007,123477
43869140,2.7125,-1.4000,-0.7175,-0.7774,-0.1913,0.6129,0.42,0.01,0.46,131159,138010,123496
43889648,2.6950,-1.4875,-0.8225,-0.7774,-0.1912,0.6121,0.42,0.01,0.46,131172,138023,123500
43909180,2.6075,-1.6100,-0.8750,-0.7774,-0.1914,0.6120,0.42,0.01,0.46,131165,138021,123495
43929688,2.8175,-1.6450,-0.8050,-0.7775,-0.1922,0.6131,0.42,0.01,0.46,131163,138024,123475
43949216,2.8525,-1.4350,-0.7525,-0.7776,-0.1929,0.6148,0.43,0.01,0.46,131170,138039,123497
43969728,2.1350,-1.0500,-0.5950,-0.7778,-0.1940,0.6161,0.43,0.01,0.46,131179,138041,123505
43989256,1.1200,-0.8050,-0.4725,-0.7779,-0.1947,0.6161,0.43,0.01,0.46,131179,138054,123509
44008788,0.1750,-0.8050,-0.4025,-0.7779,-0.1952,0.6154,0.43,0.01,0.46,131178,138044,123512
44029296,-0.5775,-0.6825,-0.3500,-0.7780,-0.1956,0.6150,0.43,0.01,0.46,131162,138037,123489
44048828,-0.9450,-0.5775,-0.2800,-0.7780,-0.1957,0.6154,0.42,0.01,0.46,131170,138032,123499
44069336,-0.8050,-0.4200,-0.1925,-0.7780,-0.1958,0.6165,0.43,0.01,0.46,131173,138041,123508
44088868,-0.5425,-0.3500,-0.1225,-0.7779,-0.1962,0.6172,0.42,0.01,0.46,131174,138028,123506
44109376,-0.5775,-0.3675,-0.0700,-0.7779,-0.1963,0.6171,0.42,0.01,0.46,131171,138032,123501
44128904,-0.8925,-0.3500,-0.1050,-0.7779,-0.1959,0.6166,0.42,0.01,0.46,131168,138021,123487
44149416,-1.0850,-0.3850,-0.1050,-0.7776,-0.1953,0.6161,0.42,0.01,0.46,131167,138020,123467
44168944,-1.0850,-0.2800,-0.2275,-0.7775,-0.1947,0.6159,0.42,0.01,0.46,131173,138011,123492
44189452,-0.8575,-0.3500,-0.2800,-0.7774,-0.1940,0.6159,0.42,0.01,0.46,131174,138022,123491
44208984,0.0350,-0.4550,-0.4025,-0.7773,-0.1932,0.6161,0.42,0.01,0.46,131165,138007,123482
44229492,0.7700,-0.6475,-0.4025,-0.7771,-0.1932,0.6163,0.42,0.01,0.46,131156,138017,123477
44249024,1.2600,-0.7350,-0.3325,-0.7773,-0.1937,0.6166,0.42,0.01,0.46,131158,138029,123477
44269532,1.6800,-0.7875,-0.2625,-0.7774,-0.1942,0.6163,0.42,0.01,0.46,131171,138031,123497
44289064,1.2075,-0.8225,-0.2800,-0.7776,-0.1947,0.6155,0.42,0.01,0.46,131173,138020,123501
44309568,0.0875,-0.6475,-0.2100,-0.7776,-0.1950,0.6139,0.42,0.01,0.46,131167,138033,123482
44329100,-0.7700,-0.6650,-0.2450,-0.7778,-0.1946,0.6134,0.42,0.01,0.46,131155,138028,123475
44349608,-1.1900,-0.5075,-0.2100,-0.7776,-0.1943,0.6139,0.42,0.01,0.46,131164,138015,123479
44369140,-1.2600,-0.4375,-0.2275,-0.7776,-0.1941,0.6143,0.42,0.01,0.46,131169,138019,123497
44389648,-1.0675,-0.4900,-0.2800,-0.7776,-0.1941,0.6146,0.42,0.01,0.46,131171,138019,123505
44409180,-0.4725,-0.5250,-0.2625,-0.7776,-0.1945,0.6151,0.42,0.01,0.46,131164,138007,123498
44429688,0.2800,-0.7175,-0.2625,-0.7776,-0.1950,0.6154,0.42,0.01,0.46,131157,138018,123478
44449216,0.5950,-0.7875,-0.1925,-0.7778,-0.1951,0.6154,0.42,0.00,0.46,131150,138015,123474
44469728,0.7875,-0.7700,-0.1750,-0.7778,-0.1950,0.6150,0.42,0.01,0.46,131169,138016,123481
44489256,0.5775,-0.8050,-0.2450,-0.7776,-0.1947,0.6143,0.42,0.01,0.46,131171,138019,123490
44508788,0.3500,-0.9100,-0.2100,-0.7776,-0.1941,0.6133,0.42,0.01,0.46,131170,138010,123483
44539064,0.6825,-1.0500,-0.4375,-0.7774,-0.1936,0.6131,0.42,0.01,0.46,131174,138016,123473
44559568,1.0850,-1.0675,-0.4725,-0.7773,-0.1930,0.6138,0.42,0.01,0.46,131169,138006,123473
44579100,1.2775,-1.1725,-0.5250,-0.7773,-0.1928,0.6139,0.42,0.01,0.46,131167,138022,123473
44599608,1.6275,-1.1725,-0.5775,-0.7771,-0.1928,0.6140,0.43,0.01,0.46,131170,138036,123475
44619140,2.0300,-1.2950,-0.5950,-0.7771,-0.1930,0.6144,0.42,0.01,0.46,131181,138026,123501
44639648,2.5375,-1.3125,-0.5250,-0.7771,-0.1932,0.6150,0.43,0.01,0.46,131190,138044,123504
44659180,2.7650,-1.2775,-0.5425,-0.7770,-0.1932,0.6162,0.43,0.01,0.46,131174,138042,123493
44679688,2.6075,-1.1900,-0.5950,-0.7770,-0.1932,0.6166,0.43,0.01,0.46,131177,138038,123509
44699216,1.9775,-1.1550,-0.5075,-0.7769,-0.1932,0.6163,0.43,0.01,0.46,131179,138059,123508
44719728,1.1725,-0.9625,-0.4375,-0.7770,-0.1937,0.6160,0.43,0.01,0.46,131182,138055,123505
44739256,0.4900,-0.8050,-0.4375,-0.7771,-0.1940,0.6159,0.43,0.01,0.46,131191,138062,123514
44758788,0.1925,-0.7875,-0.3675,-0.7771,-0.1942,0.6166,0.43,0.01,0.46,131178,138050,123511
44779296,0.0350,-0.4725,-0.2625,-0.7771,-0.1947,0.6181,0.43,0.01,0.46,131172,138050,123491
44798828,-0.4025,-0.3675,-0.1925,-0.7773,-0.1951,0.6185,0.43,0.01,0.46,131165,138052,123511
44819336,-0.9275,-0.2100,-0.1750,-0.7774,-0.1951,0.6182,0.43,0.01,0.46,131178,138050,123504
44838868,-1.7850,-0.1225,-0.1225,-0.7771,-0.1946,0.6174,0.43,0.01,0.46,131178,138042,123509
44859376,-1.8375,-0.2275,-0.1575,-0.7770,-0.1942,0.6168,0.42,0.01,0.46,131171,138031,123487
44878904,-1.7325,-0.2625,-0.1575,-0.7771,-0.1940,0.6170,0.42,0.01,0.46,131168,138029,123482
44899416,-0.9275,-0.3850,-0.2625,-0.7771,-0.1939,0.6168,0.42,0.01,0.46,131170,138029,123492
44918944,-0.4200,-0.4200,-0.2625,-0.7770,-0.1936,0.6166,0.42,0.01,0.46,131174,138029,123495
44939452,-0.0350,-0.5775,-0.3150,-0.7770,-0.1934,0.6163,0.42,0.01,0.46,131182,138021,123505
44958984,0.3850,-0.6125,-0.2625,-0.7770,-0.1932,0.6163,0.42,0.01,0.46,131175,138019,123492
44979492,0.7175,-0.7000,-0.2625,-0.7769,-0.1934,0.6161,0.42,0.01,0.46,131171,138021,123487
44999024,0.8575,-0.7350,-0.3325,-0.7770,-0.1935,0.6156,0.43,0.01,0.46,131163,138038,123493
45019532,0.9975,-0.9100,-0.3500,-0.7771,-0.1934,0.6146,0.42,0.01,0.46,131174,138024,123496
45039064,1.0150,-0.9800,-0.4200,-0.7770,-0.1928,0.6146,0.42,0.01,0.46,131180,138031,123497
45059568,1.1375,-1.0150,-0.4725,-0.7768,-0.1923,0.6149,0.42,0.01,0.46,131172,138024,123488
45079100,1.1550,-0.9100,-0.5250,-0.7768,-0.1920,0.6151,0.42,0.01,0.46,131167,138030,123493
45099608,1.3125,-0.9100,-0.6125,-0.7769,-0.1923,0.6154,0.42,0.01,0.46,131171,138031,123492
45119140,1.3125,-1.0150,-0.5950,-0.7770,-0.1929,0.6156,0.42,0.01,0.46,131174,138031,123508
45139648,1.2075,-0.8225,-0.5075,-0.7771,-0.1934,0.6159,0.42,0.01,0.46,131175,138033,123503
45159180,1.2075,-0.9275,-0.4025,-0.7771,-0.1940,0.6161,0.43,0.01,0.46,131175,138042,123514
45179688,1.0325,-0.8750,-0.2975,-0.7773,-0.1947,0.6163,0.43,0.01,0.46,131168,138040,123496
45199216,0.5075,-0.6825,-0.2450,-0.7774,-0.1951,0.6163,0.43,0.01,0.46,131169,138042,123491
45219728,-0.1400,-0.7175,-0.2100,-0.7774,-0.1952,0.6163,0.43,0.01,0.46,131182,138045,123502
45239256,-1.2425,-0.3675,-0.1750,-0.7774,-0.1951,0.6161,0.42,0.01,0.46,131182,138034,123512
45258788,-1.8900,-0.2450,-0.1400,-0.7773,-0.1948,0.6161,0.43,0.01,0.46,131170,138038,123499
45279296,-2.0125,-0.1400,-0.1575,-0.7773,-0.1948,0.6157,0.42,0.01,0.46,131162,138019,123490
45298828,-1.7850,-0.3500,-0.1225,-0.7773,-0.1948,0.6154,0.42,0.01,0.46,131161,138021,123490
45319336,-0.7350,-0.5775,-0.1575,-0.7771,-0.1947,0.6155,0.42,0.01,0.46,131176,138017,123490
45338868,0.2975,-0.7525,-0.1400,-0.7771,-0.1942,0.6160,0.42,0.01,0.46,131180,138017,123503
45359376,1.6275,-0.9100,-0.2800,-0.7770,-0.1932,0.6161,0.42,0.01,0.46,131172,138020,123496
45378904,2.0300,-0.9975,-0.4375,-0.7769,-0.1923,0.6160,0.42,0.01,0.46,131163,138028,123496
45399416,2.3275,-1.1200,-0.5775,-0.7767,-0.1915,0.6159,0.43,0.01,0.46,131168,138036,123493
45418944,2.2575,-1.1725,-0.6300,-0.7765,-0.1912,0.6155,0.42,0.01,0.46,131175,138031,123518
45439452,2.0475,-1.1550,-0.7000,-0.7765,-0.1912,0.6149,0.43,0.01,0.46,131188,138039,123505
45458984,1.7325,-1.2075,-0.5775,-0.7767,-0.1918,0.6145,0.43,0.01,0.46,131176,138051,123505
45479492,1.8900,-1.1550,-0.5250,-0.7769,-0.1928,0.6152,0.43,0.01,0.46,131175,138050,123493
45499024,1.8725,-1.0325,-0.4200,-0.7769,-0.1931,0.6157,0.43,0.01,0.46,131171,138058,123501
45539064,1.0325,-0.9275,-0.3500,-0.7769,-0.1936,0.6172,0.43,0.01,0.46,131189,138050,123532
45558592,0.6650,-0.7700,-0.2625,-0.7769,-0.1941,0.6173,0.43,0.01,0.46,131176,138056,123522
45578124,-0.1750,-0.5775,-0.1925,-0.7770,-0.1947,0.6171,0.43,0.01,0.46,131172,138049,123505
45598632,-1.1550,-0.4200,-0.0175,-0.7770,-0.1952,0.6171,0.43,0.01,0.46,131173,138047,123497
45618164,-1.5050,-0.2800,0.0350,-0.7770,-0.1950,0.6173,0.43,0.01,0.46,131181,138042,123512
45638672,-1.9600,-0.1750,0.0700,-0.7770,-0.1948,0.6176,0.43,0.01,0.46,131192,138046,123506
45658204,-1.9075,-0.1050,-0.0175,-0.7769,-0.1945,0.6177,0.43,0.01,0.46,131181,138041,123495
45678712,-2.2225,-0.0875,-0.0350,-0.7769,-0.1941,0.6177,0.42,0.01,0.46,131164,138028,123488
45698240,-1.8550,-0.1575,-0.0175,-0.7768,-0.1936,0.6176,0.42,0.01,0.46,131163,138022,123480
45718752,-1.1900,-0.2450,-0.1225,-0.7767,-0.1930,0.6174,0.42,0.01,0.46,131172,138029,123484
45738280,-0.8050,-0.2450,-0.2100,-0.7767,-0.1928,0.6174,0.42,0.01,0.46,131180,138013,123495
45757812,-0.4375,-0.3675,-0.2450,-0.7767,-0.1926,0.6172,0.42,0.01,0.46,131173,138011,123490
45778320,-0.1050,-0.4375,-0.3325,-0.7765,-0.1925,0.6167,0.42,0.01,0.46,131159,138009,123474
45797852,0.1400,-0.5600,-0.2800,-0.7765,-0.1924,0.6163,0.42,0.01,0.46,131163,138014,123470
45818360,0.3675,-0.6300,-0.3325,-0.7767,-0.1926,0.6155,0.42,0.01,0.46,131168,138017,123474
45837888,0.1575,-0.6825,-0.3500,-0.7768,-0.1929,0.6146,0.42,0.01,0.46,131180,138019,123487
45858400,0.1575,-0.8225,-0.2975,-0.7768,-0.1930,0.6140,0.42,0.01,0.46,131174,138018,123494
45877928,0.4375,-0.8050,-0.3325,-0.7769,-0.1930,0.6139,0.42,0.01,0.46,131164,138025,123477
45898436,0.5950,-0.8750,-0.3325,-0.7769,-0.1931,0.6140,0.42,0.01,0.46,131164,138019,123474
45917968,0.8050,-0.9450,-0.3850,-0.7769,-0.1932,0.6141,0.42,0.01,0.46,131166,138016,123488
45938476,0.8750,-1.0150,-0.4025,-0.7769,-0.1932,0.6144,0.42,0.01,0.46,131181,138019,123479
45958008,1.0675,-0.9450,-0.4200,-0.7770,-0.1934,0.6146,0.42,0.01,0.46,131176,138022,123488
45978516,0.9975,-0.9450,-0.3675,-0.7770,-0.1935,0.6146,0.42,0.01,0.46,131160,138031,123482
45998048,0.5075,-0.8925,-0.4200,-0.7770,-0.1937,0.6143,0.42,0.01,0.46,131163,138025,123477
46018552,0.3850,-0.8925,-0.3850,-0.7771,-0.1939,0.6140,0.42,0.01,0.46,131172,138021,123495
46038084,0.0875,-0.8925,-0.3850,-0.7773,-0.1942,0.6145,0.42,0.01,0.46,131187,138019,123492
46058592,0.1750,-0.7525,-0.3325,-0.7774,-0.1945,0.6154,0.42,0.01,0.46,131174,138025,123492
46078124,0.2625,-0.6825,-0.3675,-0.7773,-0.1943,0.6162,0.42,0.01,0.46,131166,138020,123467
46098632,0.3500,-0.6300,-0.4200,-0.7771,-0.1942,0.6173,0.42,0.01,0.46,131166,138021,123500
46118164,0.5250,-0.5075,-0.3325,-0.7771,-0.1942,0.6181,0.42,0.01,0.46,131179,138023,123490
46138672,0.3850,-0.4550,-0.2450,-0.7771,-0.1945,0.6181,0.42,0.01,0.46,131180,138032,123493
46158204,0.1400,-0.3675,-0.2275,-0.7773,-0.1948,0.6177,0.42,0.01,0.46,131176,138026,123488
46178712,-0.4025,-0.3675,-0.1225,-0.7774,-0.1954,0.6161,0.42,0.01,0.46,131168,138015,123487
46198240,-0.6825,-0.4375,-0.0875,-0.7775,-0.1959,0.6151,0.42,0.01,0.46,131160,138028,123467
46218752,-0.6475,-0.4725,-0.0350,-0.7775,-0.1958,0.6148,0.42,0.01,0.46,131168,138023,123479
46238280,-0.5600,-0.5250,-0.1050,-0.7774,-0.1952,0.6149,0.42,0.01,0.46,131172,138016,123481
46257812,-0.4375,-0.4900,-0.2625,-0.7770,-0.1942,0.6148,0.42,0.01,0.46,131169,138006,123496
46278320,-0.2975,-0.5250,-0.4025,-0.7769,-0.1932,0.6146,0.42,0.01,0.46,131155,138024,123470
46297852,0.1750,-0.6300,-0.4550,-0.7768,-0.1926,0.6148,0.42,0.01,0.46,131154,138021,123471
46318360,0.8225,-0.8225,-0.5425,-0.7767,-0.1925,0.6151,0.42,0.01,0.46,131163,138018,123481
46337888,1.4000,-0.8225,-0.5600,-0.7769,-0.1926,0.6151,0.42,0.01,0.46,131167,138015,123490
46358400,1.6450,-0.9975,-0.5775,-0.7769,-0.1929,0.6149,0.42,0.01,0.46,131168,138019,123487
46377928,1.8375,-1.0500,-0.5600,-0.7770,-0.1934,0.6149,0.42,0.01,0.46,131165,138025,123490
46398436,1.8200,-0.9800,-0.3850,-0.7771,-0.1945,0.6155,0.43,0.01,0.46,131156,138037,123489
46417968,1.2775,-0.9100,-0.2275,-0.7773,-0.1951,0.6155,0.42,0.01,0.46,131167,138024,123488
46438476,0.2975,-0.6650,-0.2800,-0.7774,-0.1954,0.6150,0.43,0.01,0.46,131177,138042,123496
46458008,-0.7000,-0.4725,-0.2100,-0.7774,-0.1957,0.6151,0.42,0.01,0.46,131179,138035,123497
46478516,-1.2950,-0.3325,-0.1225,-0.7774,-0.1959,0.6157,0.42,0.01,0.46,131154,138029,123482
46498048,-1.6450,-0.2100,-0.1050,-0.7774,-0.1961,0.6160,0.42,0.01,0.46,131159,138030,123470
46518552,-1.5225,-0.1750,-0.1050,-0.7774,-0.1959,0.6161,0.42,0.01,0.46,131165,138021,123479
46548828,-0.8050,-0.2800,-0.0875,-0.7774,-0.1956,0.6159,0.42,0.00,0.47,131153,138013,123451
46569336,-0.3325,-0.4725,-0.0700,-0.7774,-0.1951,0.6156,0.42,0.01,0.46,131169,138007,123477
46588868,0.0525,-0.5600,-0.1925,-0.7773,-0.1945,0.6151,0.42,0.01,0.46,131174,138021,123490
46609376,0.4375,-0.6650,-0.2800,-0.7771,-0.1935,0.6146,0.42,0.01,0.46,131167,138011,123469
46628904,0.6650,-0.7700,-0.3675,-0.7771,-0.1931,0.6145,0.42,0.01,0.46,131156,138010,123470
46649416,0.8750,-0.7875,-0.3850,-0.7771,-0.1932,0.6144,0.42,0.01,0.46,131161,138021,123474
46668944,1.0500,-0.8400,-0.4550,-0.7773,-0.1935,0.6145,0.42,0.01,0.46,131161,138011,123487
46689452,1.0675,-0.8225,-0.4200,-0.7774,-0.1937,0.6143,0.42,0.01,0.46,131178,138007,123498
46708984,0.9450,-0.8400,-0.3150,-0.7775,-0.1943,0.6139,0.42,0.01,0.46,131166,138013,123490
46729492,0.3850,-0.7700,-0.2800,-0.7776,-0.1950,0.6139,0.42,0.01,0.46,131163,138020,123486
46749024,-0.0875,-0.6650,-0.1925,-0.7778,-0.1952,0.6143,0.42,0.01,0.46,131158,138020,123475
46769532,-0.5250,-0.4725,-0.1750,-0.7778,-0.1954,0.6146,0.42,0.01,0.46,131166,138022,123488
46789064,-0.8225,-0.3325,-0.1925,-0.7778,-0.1956,0.6150,0.42,0.01,0.46,131170,138001,123485
46809568,-0.8925,-0.3675,-0.1225,-0.7778,-0.1958,0.6154,0.42,0.01,0.46,131156,138005,123482
46829100,-0.8225,-0.2450,-0.0700,-0.7779,-0.1959,0.6152,0.42,0.01,0.46,131155,138012,123473
46849608,-0.7000,-0.4550,-0.1050,-0.7779,-0.1959,0.6146,0.42,0.01,0.46,131161,138000,123475
46869140,-0.5250,-0.4200,-0.0875,-0.7779,-0.1958,0.6144,0.42,0.01,0.46,131163,138002,123470
46889648,-0.3850,-0.5075,-0.1750,-0.7779,-0.1953,0.6140,0.42,0.01,0.46,131169,138007,123484
46909180,-0.2450,-0.5425,-0.2450,-0.7776,-0.1946,0.6139,0.42,0.01,0.46,131155,137997,123472
46929688,0.0175,-0.5950,-0.3675,-0.7774,-0.1940,0.6137,0.42,0.00,0.46,131150,138002,123457
46949216,0.1225,-0.5950,-0.4025,-0.7774,-0.1936,0.6135,0.42,0.01,0.47,131155,138003,123453
46969728,0.4725,-0.8050,-0.4550,-0.7774,-0.1936,0.6134,0.42,0.01,0.46,131157,137996,123483
46989256,0.7700,-0.7875,-0.5250,-0.7774,-0.1936,0.6133,0.42,0.01,0.46,131166,137995,123485
47008788,0.9800,-0.8750,-0.5425,-0.7774,-0.1937,0.6132,0.42,0.01,0.46,131163,138004,123483
47029296,1.1900,-1.0150,-0.6300,-0.7774,-0.1939,0.6131,0.42,0.01,0.46,131157,138008,123475
47048828,1.4000,-1.1550,-0.4725,-0.7775,-0.1942,0.6131,0.42,0.01,0.46,131154,138010,123457
47069336,1.5925,-1.1025,-0.4900,-0.7776,-0.1952,0.6134,0.42,0.01,0.46,131162,138013,123490
47088868,1.3650,-1.0150,-0.4550,-0.7776,-0.1957,0.6137,0.42,0.01,0.46,131170,138013,123477
47109376,0.9450,-0.9625,-0.3325,-0.7778,-0.1962,0.6137,0.42,0.01,0.46,131158,138005,123466
47128904,0.2800,-0.7875,-0.2275,-0.7778,-0.1964,0.6137,0.42,0.01,0.46,131159,138008,123475
47149416,-0.2800,-0.6825,-0.2800,-0.7778,-0.1964,0.6137,0.42,0.00,0.46,131151,138009,123469
47168944,-0.5950,-0.5600,-0.2450,-0.7778,-0.1964,0.6139,0.42,0.01,0.46,131167,138001,123474
47189452,-0.7000,-0.5075,-0.1925,-0.7779,-0.1964,0.6141,0.42,0.01,0.46,131172,138008,123481
47208984,-0.2800,-0.5600,-0.2100,-0.7779,-0.1963,0.6144,0.42,0.01,0.46,131158,138005,123474
47229492,0.0875,-0.6650,-0.1925,-0.7779,-0.1962,0.6144,0.42,0.01,0.46,131156,138004,123481
47249024,0.5075,-0.7175,-0.2275,-0.7778,-0.1959,0.6145,0.42,0.01,0.46,131156,138006,123475
47269532,0.5425,-0.7700,-0.3325,-0.7776,-0.1956,0.6146,0.42,0.01,0.46,131169,138003,123477
47289064,0.6125,-0.8050,-0.3325,-0.7776,-0.1952,0.6146,0.42,0.01,0.46,131168,138011,123484
47309568,0.3675,-0.6825,-0.4200,-0.7775,-0.1950,0.6141,0.42,0.01,0.46,131156,138009,123490
47329100,0.2625,-0.6825,-0.3675,-0.7776,-0.1952,0.6140,0.42,0.01,0.46,131156,138007,123479
47349608,0.5425,-0.7000,-0.3500,-0.7776,-0.1954,0.6143,0.42,0.01,0.46,131163,138015,123474
47369140,0.4550,-0.7700,-0.3500,-0.7778,-0.1956,0.6144,0.42,0.01,0.46,131166,138017,123482
47389648,0.4025,-0.7875,-0.3850,-0.7778,-0.1957,0.6144,0.42,0.01,0.46,131170,138007,123495
47409180,0.1925,-0.7525,-0.3150,-0.7779,-0.1957,0.6144,0.42,0.01,0.46,131162,138008,123481
47429688,0.0000,-0.6650,-0.2625,-0.7780,-0.1959,0.6144,0.42,0.01,0.46,131157,138010,123465
47449216,-0.0525,-0.5775,-0.2625,-0.7779,-0.1961,0.6145,0.42,0.01,0.46,131160,138007,123477
47469728,0.1050,-0.5600,-0.2625,-0.7779,-0.1961,0.6150,0.42,0.01,0.46,131166,138011,123492
47489256,0.2625,-0.5950,-0.1925,-0.7780,-0.1962,0.6154,0.42,0.01,0.46,131165,138013,123484
47508788,0.5075,-0.6125,-0.2100,-0.7780,-0.1962,0.6154,0.42,0.01,0.46,131162,138009,123487
47529296,0.1050,-0.6475,-0.1925,-0.7779,-0.1964,0.6141,0.42,0.00,0.46,131149,138013,123477
47559568,-0.3325,-0.6475,-0.1925,-0.7779,-0.1964,0.6134,0.42,0.01,0.46,131159,138004,123478
47579100,-0.4025,-0.6650,-0.1575,-0.7779,-0.1962,0.6138,0.42,0.01,0.46,131154,138003,123469
47599608,-0.3150,-0.6300,-0.2100,-0.7778,-0.1958,0.6140,0.42,0.01,0.46,131154,138007,123474
47619140,-0.2275,-0.5950,-0.2625,-0.7778,-0.1954,0.6141,0.42,0.01,0.46,131155,137997,123472
47639648,0.2275,-0.6650,-0.3500,-0.7778,-0.1952,0.6144,0.42,0.01,0.46,131168,138001,123482
47659180,0.4025,-0.6650,-0.3150,-0.7776,-0.1952,0.6145,0.42,0.01,0.46,131158,138008,123483
47679688,0.7175,-0.7875,-0.3500,-0.7778,-0.1953,0.6146,0.42,0.00,0.46,131151,138012,123460
47699216,0.9275,-0.7700,-0.3150,-0.7776,-0.1954,0.6146,0.42,0.01,0.46,131154,138011,123464
47719728,0.8400,-0.7875,-0.2975,-0.7778,-0.1954,0.6144,0.42,0.01,0.46,131164,138007,123479
47739256,0.5600,-0.7700,-0.3325,-0.7776,-0.1954,0.6141,0.42,0.01,0.46,131168,138011,123487
47758788,0.1400,-0.6825,-0.2975,-0.7778,-0.1956,0.6139,0.42,0.01,0.46,131169,137997,123485
47779296,-0.2625,-0.6475,-0.2275,-0.7779,-0.1959,0.6137,0.42,0.00,0.46,131151,137994,123470
47798828,-0.2275,-0.5775,-0.2450,-0.7780,-0.1959,0.6137,0.42,0.00,0.46,131150,138005,123466
47819336,-0.2275,-0.6125,-0.2450,-0.7779,-0.1959,0.6139,0.42,0.01,0.46,131157,137997,123472
47838868,-0.0700,-0.6300,-0.2625,-0.7780,-0.1961,0.6144,0.42,0.01,0.46,131167,138017,123487
47859376,0.1750,-0.6300,-0.2275,-0.7779,-0.1962,0.6146,0.42,0.01,0.46,131157,137995,123479
47878904,0.2625,-0.5425,-0.1400,-0.7779,-0.1963,0.6145,0.42,0.01,0.46,131155,138002,123462
47899416,0.1400,-0.5775,-0.1925,-0.7779,-0.1964,0.6143,0.42,0.00,0.46,131150,137995,123464
47918944,-0.0350,-0.6300,-0.2275,-0.7779,-0.1963,0.6139,0.42,0.01,0.46,131164,137997,123487
47939452,-0.1050,-0.5950,-0.1925,-0.7779,-0.1963,0.6144,0.42,0.01,0.46,131163,138002,123491
47958984,0.0525,-0.5425,-0.1750,-0.7779,-0.1959,0.6151,0.42,0.01,0.46,131158,138006,123470
47979492,0.1225,-0.4900,-0.2275,-0.7779,-0.1957,0.6156,0.42,0.00,0.46,131151,137999,123479
47999024,-0.3675,-0.4725,-0.2275,-0.7779,-0.1954,0.6143,0.42,0.00,0.46,131144,137995,123479
48019532,-0.4200,-0.4375,-0.2975,-0.7778,-0.1954,0.6133,0.42,0.00,0.46,131151,137990,123486
48039064,-0.5075,-0.5950,-0.2975,-0.7779,-0.1956,0.6127,0.42,0.01,0.46,131159,137982,123481
48059568,-0.1925,-0.6650,-0.3150,-0.7779,-0.1956,0.6124,0.42,0.01,0.46,131158,137984,123483
48079100,0.2450,-0.9100,-0.3500,-0.7779,-0.1956,0.6123,0.42,0.00,0.46,131149,137986,123465
48099608,0.8400,-0.9625,-0.3675,-0.7779,-0.1954,0.6126,0.42,0.00,0.46,131147,137993,123472
48119140,1.0675,-1.0325,-0.4025,-0.7779,-0.1952,0.6131,0.42,0.01,0.46,131158,137996,123475
48139648,1.2600,-0.9100,-0.4550,-0.7778,-0.1948,0.6137,0.42,0.01,0.46,131167,138010,123488
48159180,1.3825,-0.8750,-0.5775,-0.7778,-0.1947,0.6141,0.42,0.01,0.46,131156,138003,123490
48179688,1.5050,-0.8225,-0.4900,-0.7776,-0.1951,0.6144,0.42,0.00,0.46,131147,138007,123466
48199216,1.2250,-0.8750,-0.4375,-0.7779,-0.1957,0.6140,0.42,0.00,0.46,131151,138010,123465
48219728,0.8225,-0.9450,-0.3150,-0.7781,-0.1964,0.6133,0.42,0.01,0.46,131163,138016,123494
48239256,0.6475,-0.8750,-0.3150,-0.7780,-0.1965,0.6131,0.42,0.01,0.46,131171,138012,123494
48258788,0.2975,-0.8050,-0.3150,-0.7781,-0.1967,0.6134,0.42,0.01,0.46,131161,138010,123491
48279296,0.2275,-0.7350,-0.2625,-0.7780,-0.1965,0.6138,0.42,0.01,0.46,131155,138006,123481
48298828,-0.2625,-0.5425,-0.3150,-0.7779,-0.1964,0.6143,0.42,0.00,0.46,131148,138012,123462
48319336,-0.3150,-0.5075,-0.2100,-0.7780,-0.1964,0.6146,0.42,0.01,0.46,131160,138008,123483
48338868,-0.4725,-0.5250,-0.1925,-0.7781,-0.1968,0.6146,0.42,0.01,0.46,131165,138001,123482
48359376,-0.3850,-0.4375,-0.2100,-0.7781,-0.1969,0.6148,0.42,0.01,0.46,131159,138005,123485
48378904,-0.6300,-0.4725,-0.1050,-0.7781,-0.1969,0.6149,0.42,0.00,0.46,131149,137989,123464
48399416,-0.6300,-0.4200,-0.1575,-0.7781,-0.1968,0.6146,0.42,0.00,0.46,131152,137991,123479
48418944,-0.5775,-0.4200,-0.2100,-0.7781,-0.1967,0.6144,0.42,0.01,0.46,131155,137996,123483
48439452,-0.4550,-0.5250,-0.1925,-0.7780,-0.1964,0.6139,0.42,0.01,0.46,131163,137989,123482
48458984,-0.0525,-0.6825,-0.1925,-0.7780,-0.1964,0.6134,0.42,0.01,0.46,131154,137999,123479
48479492,0.2625,-0.7875,-0.2625,-0.7780,-0.1963,0.6133,0.42,0.00,0.46,131145,137997,123456
48499024,0.4550,-0.7875,-0.2275,-0.7780,-0.1961,0.6132,0.42,0.00,0.46,131146,137994,123462
48519532,0.8050,-0.8925,-0.2625,-0.7779,-0.1958,0.6131,0.42,0.01,0.46,131160,137997,123477
48539064,0.7350,-0.8400,-0.3150,-0.7779,-0.1957,0.6129,0.42,0.01,0.46,131169,138003,123474
48569336,0.8750,-0.9450,-0.3150,-0.7781,-0.1954,0.6129,0.42,0.01,0.46,131156,137991,123479
48588868,1.0325,-0.9450,-0.3500,-0.7780,-0.1952,0.6129,0.42,0.01,0.46,131166,138000,123478
48609376,0.9975,-0.9625,-0.3500,-0.7780,-0.1952,0.6131,0.42,0.01,0.46,131166,138002,123494
48628904,1.0500,-0.9625,-0.3850,-0.7780,-0.1952,0.6134,0.42,0.01,0.46,131156,138003,123469
48649416,1.0675,-0.9625,-0.3500,-0.7780,-0.1953,0.6135,0.42,0.00,0.46,131151,138009,123466
48668944,0.9100,-0.8925,-0.4375,-0.7780,-0.1954,0.6135,0.42,0.01,0.46,131161,138009,123474
48689452,0.8225,-0.8050,-0.3500,-0.7781,-0.1959,0.6139,0.42,0.01,0.46,131168,138016,123491
48708984,0.6125,-0.7875,-0.2975,-0.7781,-0.1962,0.6141,0.42,0.01,0.46,131164,138014,123496
48729492,0.4900,-0.7525,-0.2450,-0.7781,-0.1963,0.6143,0.42,0.00,0.46,131152,137998,123473
48749024,0.1925,-0.7000,-0.1575,-0.7781,-0.1964,0.6143,0.42,0.01,0.46,131157,138007,123469
48769532,0.1400,-0.5950,-0.2275,-0.7781,-0.1962,0.6148,0.42,0.01,0.46,131162,138001,123498
48789064,-0.0700,-0.4725,-0.1750,-0.7781,-0.1963,0.6154,0.42,0.01,0.46,131166,138004,123494
48809568,-0.3675,-0.2975,-0.1750,-0.7781,-0.1964,0.6155,0.42,0.01,0.46,131162,138010,123481
48829100,-0.4725,-0.4025,-0.1225,-0.7781,-0.1964,0.6151,0.42,0.01,0.46,131156,137999,123474
48849608,-0.7350,-0.3500,-0.1400,-0.7782,-0.1965,0.6148,0.42,0.01,0.46,131158,138004,123478
48869140,-0.7875,-0.3850,-0.1400,-0.7781,-0.1965,0.6144,0.42,0.01,0.46,131161,137992,123478
48889648,-0.7350,-0.4025,-0.1050,-0.7781,-0.1964,0.6141,0.42,0.01,0.46,131170,137999,123487
48909180,-0.5250,-0.5250,-0.1225,-0.7781,-0.1962,0.6139,0.42,0.01,0.46,131158,137989,123482
48929688,-0.4025,-0.5250,-0.1575,-0.7781,-0.1957,0.6138,0.42,0.00,0.46,131148,137995,123466
48949216,-0.4375,-0.5250,-0.2450,-0.7780,-0.1952,0.6138,0.42,0.00,0.46,131152,138000,123455
48969728,-0.1225,-0.4725,-0.3500,-0.7779,-0.1947,0.6139,0.42,0.01,0.46,131155,137993,123479
48989256,0.2450,-0.5950,-0.3850,-0.7779,-0.1945,0.6139,0.42,0.01,0.46,131166,137989,123492
49008788,0.5600,-0.7175,-0.4375,-0.7779,-0.1947,0.6138,0.42,0.01,0.46,131159,137994,123473
49029296,0.7175,-0.8225,-0.4025,-0.7780,-0.1951,0.6134,0.42,0.01,0.46,131155,137987,123472
49048828,0.8750,-0.7875,-0.3850,-0.7781,-0.1953,0.6132,0.42,0.00,0.46,131153,137998,123475
49069336,0.7350,-0.8400,-0.3675,-0.7782,-0.1956,0.6131,0.42,0.01,0.46,131157,138003,123477
49088868,0.4200,-0.7875,-0.3850,-0.7782,-0.1958,0.6129,0.42,0.01,0.46,131169,137996,123488
49109376,0.2625,-0.7525,-0.3500,-0.7784,-0.1961,0.6129,0.42,0.01,0.46,131157,137998,123470
49128904,0.0525,-0.6650,-0.2625,-0.7784,-0.1964,0.6131,0.42,0.00,0.46,131142,138009,123471
49149416,-0.2450,-0.6125,-0.2800,-0.7785,-0.1967,0.6135,0.42,0.00,0.46,131147,137998,123473
49168944,-0.4550,-0.5250,-0.2625,-0.7786,-0.1967,0.6140,0.42,0.01,0.46,131158,137992,123465
49189452,-0.5075,-0.3325,-0.2275,-0.7786,-0.1967,0.6148,0.42,0.01,0.46,131160,137990,123483
49208984,-0.5075,-0.1750,-0.2275,-0.7785,-0.1967,0.6155,0.42,0.01,0.46,131156,137985,123477
49229492,-0.5775,-0.0875,-0.2975,-0.7785,-0.1965,0.6156,0.42,0.00,0.46,131140,137992,123468
49249024,-0.6475,-0.1050,-0.2450,-0.7786,-0.1967,0.6144,0.42,0.00,0.46,131142,137987,123459
49269532,-1.3475,-0.5250,-0.1400,-0.7787,-0.1973,0.6104,0.42,0.01,0.47,131155,137965,123448
49289064,-1.3125,-0.8225,-0.1925,-0.7787,-0.1975,0.6083,0.42,0.01,0.46,131164,137967,123477
49309568,-0.7350,-1.2425,-0.1400,-0.7786,-0.1972,0.6077,0.42,0.01,0.46,131155,137973,123469
49329100,0.3150,-1.3300,-0.2800,-0.7784,-0.1962,0.6090,0.42,0.00,0.47,131148,137966,123452
49349608,1.6275,-1.3300,-0.4725,-0.7780,-0.1951,0.6117,0.42,0.00,0.46,131150,137977,123454
49369140,3.0450,-1.1550,-0.6125,-0.7780,-0.1946,0.6149,0.42,0.01,0.46,131156,137992,123468
49389648,3.4475,-1.1375,-0.5775,-0.7781,-0.1952,0.6156,0.42,0.01,0.46,131163,138000,123478
49409180,3.3075,-0.9975,-0.4725,-0.7784,-0.1962,0.6154,0.42,0.01,0.46,131157,137998,123481
49429688,2.3450,-0.9275,-0.3325,-0.7786,-0.1975,0.6152,0.42,0.00,0.46,131153,138005,123466
49449216,1.4175,-0.6825,-0.1750,-0.7787,-0.1984,0.6151,0.42,0.00,0.46,131150,138008,123481
49469728,0.0000,-0.4025,-0.0350,-0.7787,-0.1989,0.6149,0.42,0.01,0.46,131164,138006,123468
49489256,-1.8025,-0.1050,-0.1225,-0.7785,-0.1978,0.6141,0.42,0.01,0.46,131167,137993,123492
49508788,-2.4500,-0.0525,-0.1925,-0.7782,-0.1968,0.6134,0.42,0.01,0.46,131158,137993,123477
49529296,-2.6075,-0.0875,-0.2975,-0.7781,-0.1959,0.6127,0.42,0.00,0.46,131145,137986,123460
49548828,-1.8200,-0.2975,-0.4200,-0.7781,-0.1958,0.6123,0.42,0.00,0.46,131147,137978,123470
49579100,0.6300,-0.7700,-0.3850,-0.7781,-0.1958,0.6127,0.42,0.00,0.46,131150,137986,123455
49599608,2.7300,-1.0850,-0.4025,-0.7782,-0.1961,0.6138,0.42,0.00,0.46,131150,137987,123474
49619140,2.9925,-1.0675,-0.3675,-0.7782,-0.1962,0.6140,0.42,0.01,0.46,131159,138005,123487
49639648,2.6250,-1.1025,-0.3150,-0.7784,-0.1965,0.6135,0.42,0.01,0.46,131167,137997,123492
49659180,1.3650,-0.9450,-0.2975,-0.7784,-0.1967,0.6127,0.42,0.01,0.46,131165,138006,123478
49679688,-0.3150,-0.6825,-0.3150,-0.7784,-0.1967,0.6117,0.42,0.00,0.46,131152,137995,123472
49699216,-1.6450,-0.4200,-0.2975,-0.7784,-0.1965,0.6115,0.42,0.01,0.46,131154,137991,123464
49719728,-2.1700,-0.2100,-0.3675,-0.7784,-0.1965,0.6126,0.42,0.01,0.46,131156,137984,123470
49739256,-1.6800,-0.2100,-0.2975,-0.7784,-0.1967,0.6131,0.42,0.01,0.46,131158,137973,123482
49758788,-1.1200,-0.4025,-0.2625,-0.7784,-0.1969,0.6131,0.42,0.00,0.46,131152,137981,123477
49779296,-0.1575,-0.5950,-0.2100,-0.7785,-0.1972,0.6131,0.42,0.00,0.46,131146,137986,123473
49798828,0.6650,-0.8050,-0.1750,-0.7785,-0.1972,0.6129,0.42,0.00,0.46,131148,137980,123476
49819336,1.2950,-1.0150,-0.2975,-0.7786,-0.1970,0.6128,0.42,0.00,0.46,131151,137983,123474
49838868,1.4700,-0.9625,-0.3500,-0.7784,-0.1962,0.6126,0.42,0.01,0.46,131165,137992,123478
49859376,1.4350,-0.9450,-0.4725,-0.7781,-0.1957,0.6124,0.42,0.01,0.46,131154,137997,123477
49878904,0.9800,-0.9625,-0.5075,-0.7781,-0.1956,0.6124,0.42,0.00,0.46,131149,137996,123462
49899416,0.7525,-0.9275,-0.4900,-0.7781,-0.1957,0.6122,0.42,0.00,0.46,131148,137994,123473
49918944,0.6125,-0.7700,-0.4900,-0.7781,-0.1959,0.6124,0.42,0.01,0.46,131161,137988,123476
49939452,0.6825,-0.7525,-0.4375,-0.7784,-0.1965,0.6135,0.42,0.01,0.46,131164,138003,123492
49958984,0.7875,-0.7525,-0.2975,-0.7785,-0.1972,0.6141,0.42,0.01,0.46,131166,137988,123502
49979492,0.6825,-0.6825,-0.3675,-0.7785,-0.1976,0.6144,0.42,0.00,0.46,131150,138002,123465
49999024,0.3325,-0.5775,-0.1925,-0.7786,-0.1979,0.6144,0.42,0.00,0.46,131151,138000,123481
50019532,-0.0350,-0.5775,-0.1400,-0.7785,-0.1980,0.6146,0.42,0.01,0.46,131154,137992,123470
50039064,-0.5950,-0.4025,-0.1750,-0.7785,-0.1980,0.6144,0.42,0.01,0.46,131164,137988,123483
50059568,-1.3650,-0.2450,-0.1575,-0.7784,-0.1979,0.6137,0.42,0.01,0.46,131158,137982,123476
50079100,-1.4700,-0.2275,-0.2275,-0.7785,-0.1978,0.6132,0.42,0.00,0.46,131142,137986,123468
50099608,-1.1550,-0.4025,-0.1750,-0.7784,-0.1976,0.6132,0.42,0.00,0.46,131149,137976,123470
50119140,-0.4725,-0.4375,-0.1400,-0.7784,-0.1975,0.6134,0.42,0.00,0.46,131152,137976,123476
50139648,0.2800,-0.5600,-0.1750,-0.7785,-0.1974,0.6140,0.42,0.01,0.46,131156,137976,123470
50159180,0.9625,-0.5950,-0.1750,-0.7785,-0.1973,0.6141,0.42,0.01,0.46,131154,137985,123459
50179688,0.9975,-0.7875,-0.2275,-0.7785,-0.1970,0.6133,0.42,0.00,0.47,131132,137982,123450
50199216,0.7000,-0.7000,-0.1750,-0.7786,-0.1972,0.6122,0.42,0.00,0.46,131138,137993,123459
50219728,0.2450,-0.7875,-0.2450,-0.7786,-0.1969,0.6113,0.42,0.00,0.46,131153,137984,123476
50239256,-0.1925,-0.7175,-0.2975,-0.7785,-0.1967,0.6112,0.42,0.01,0.46,131157,137980,123473
50258788,-0.1400,-0.7175,-0.3850,-0.7785,-0.1964,0.6113,0.42,0.01,0.46,131155,137978,123476
50279296,0.0000,-0.7175,-0.3850,-0.7784,-0.1962,0.6116,0.42,0.00,0.46,131148,137973,123459
50298828,0.4375,-0.8400,-0.4025,-0.7785,-0.1958,0.6118,0.42,0.00,0.46,131141,137976,123457
50319336,0.7875,-0.9275,-0.4025,-0.7784,-0.1957,0.6120,0.42,0.01,0.46,131155,137987,123464
50338868,0.9975,-0.9275,-0.5075,-0.7784,-0.1958,0.6120,0.42,0.01,0.46,131157,137988,123494
50359376,1.3825,-1.0675,-0.4550,-0.7784,-0.1958,0.6122,0.42,0.01,0.46,131156,137986,123470
50378904,1.4700,-1.0500,-0.5250,-0.7784,-0.1959,0.6122,0.42,0.00,0.46,131143,137991,123474
50399416,1.4875,-0.9975,-0.4550,-0.7785,-0.1962,0.6124,0.42,0.00,0.46,131146,137995,123482
50418944,1.2950,-0.9975,-0.4375,-0.7785,-0.1964,0.6127,0.42,0.01,0.46,131156,137989,123474
50439452,0.9100,-0.9800,-0.3850,-0.7786,-0.1969,0.6127,0.42,0.01,0.46,131165,137999,123487
50458984,0.4200,-0.8575,-0.3325,-0.7786,-0.1973,0.6126,0.42,0.01,0.46,131164,137989,123485
50479492,0.1225,-0.7175,-0.3850,-0.7786,-0.1975,0.6128,0.42,0.00,0.46,131148,137990,123470
50499024,-0.1400,-0.6825,-0.3150,-0.7786,-0.1978,0.6131,0.42,0.00,0.46,131148,137992,123473
50519532,-0.2625,-0.5950,-0.1925,-0.7786,-0.1976,0.6135,0.42,0.01,0.46,131155,137987,123482
50539064,-0.3150,-0.5775,-0.2800,-0.7785,-0.1976,0.6139,0.42,0.01,0.46,131160,137994,123481
50579100,-0.0875,-0.5250,-0.1750,-0.7786,-0.1976,0.6143,0.42,0.00,0.46,131146,137988,123457
50598632,-0.1750,-0.5600,-0.2450,-0.7786,-0.1978,0.6143,0.42,0.00,0.46,131144,137982,123460
50618164,-0.0175,-0.5250,-0.1925,-0.7786,-0.1976,0.6143,0.42,0.00,0.46,131151,137981,123479
50638672,-0.1575,-0.4900,-0.2450,-0.7786,-0.1975,0.6141,0.42,0.01,0.46,131164,137983,123477
50658204,-0.3150,-0.5250,-0.1575,-0.7786,-0.1974,0.6137,0.42,0.01,0.46,131155,137988,123470
50678712,-0.4725,-0.4725,-0.2100,-0.7785,-0.1972,0.6129,0.42,0.01,0.47,131156,137969,123451
50698240,-0.4550,-0.5250,-0.2800,-0.7784,-0.1969,0.6128,0.42,0.00,0.47,131149,137986,123452
50718752,-0.1575,-0.6125,-0.3675,-0.7784,-0.1965,0.6129,0.42,0.01,0.46,131154,137979,123472
50738280,0.3850,-0.7175,-0.3325,-0.7784,-0.1963,0.6131,0.42,0.01,0.46,131158,137976,123486
50757812,0.5600,-0.7875,-0.3675,-0.7784,-0.1964,0.6127,0.42,0.01,0.46,131156,137974,123463
50778320,1.0500,-0.8925,-0.3675,-0.7784,-0.1969,0.6127,0.42,0.00,0.46,131142,137988,123455
50797852,1.1025,-0.8050,-0.2800,-0.7785,-0.1973,0.6132,0.42,0.00,0.46,131141,137986,123463
50818360,1.0325,-0.7525,-0.2800,-0.7785,-0.1973,0.6134,0.42,0.01,0.46,131154,137990,123465
50837888,0.7175,-0.6825,-0.3150,-0.7785,-0.1973,0.6134,0.42,0.01,0.46,131158,137988,123476
50858400,0.4900,-0.7525,-0.2975,-0.7785,-0.1973,0.6133,0.42,0.01,0.46,131161,137983,123485
50877928,0.2975,-0.7000,-0.2450,-0.7786,-0.1974,0.6131,0.42,0.00,0.46,131150,138000,123473
50898436,0.0000,-0.6825,-0.2975,-0.7786,-0.1974,0.6129,0.42,0.00,0.47,131140,137987,123451
50917968,-0.0700,-0.6300,-0.2275,-0.7786,-0.1975,0.6129,0.42,0.00,0.46,131147,137984,123468
50938476,-0.3675,-0.5600,-0.1575,-0.7786,-0.1975,0.6128,0.42,0.01,0.46,131157,137984,123483
50958008,-0.4900,-0.5950,-0.2100,-0.7786,-0.1975,0.6127,0.42,0.01,0.46,131154,137987,123474
50978516,-0.4200,-0.5600,-0.1925,-0.7786,-0.1974,0.6129,0.42,0.00,0.46,131146,137979,123472
50998048,-0.0525,-0.5775,-0.3500,-0.7786,-0.1968,0.6133,0.42,0.00,0.46,131144,137982,123463
51018552,0.2450,-0.6300,-0.3150,-0.7786,-0.1967,0.6135,0.42,0.00,0.46,131153,137979,123482
51038084,0.6300,-0.5950,-0.3150,-0.7785,-0.1967,0.6137,0.42,0.01,0.46,131158,137988,123470
51058592,0.9450,-0.6475,-0.3500,-0.7785,-0.1967,0.6137,0.42,0.00,0.46,131150,137988,123496
51078124,0.7525,-0.6475,-0.3150,-0.7785,-0.1969,0.6132,0.42,0.00,0.46,131148,137992,123465
51098632,0.4200,-0.7525,-0.2975,-0.7786,-0.1974,0.6121,0.42,0.00,0.46,131135,137989,123469
51118164,0.1050,-0.8050,-0.2800,-0.7787,-0.1976,0.6115,0.42,0.00,0.46,131145,137982,123476
51138672,0.2275,-0.7700,-0.1925,-0.7787,-0.1978,0.6115,0.42,0.01,0.46,131161,137984,123481
51158204,0.5075,-0.8050,-0.2275,-0.7788,-0.1978,0.6118,0.42,0.01,0.46,131161,137986,123481
51178712,0.6125,-0.9100,-0.2450,-0.7788,-0.1974,0.6122,0.42,0.00,0.46,131146,137980,123463
51198240,0.6125,-0.7875,-0.3500,-0.7787,-0.1970,0.6126,0.42,0.00,0.46,131142,137983,123472
51218752,0.4375,-0.7350,-0.3675,-0.7786,-0.1968,0.6131,0.42,0.01,0.46,131162,137989,123479
51238280,0.7000,-0.7350,-0.3325,-0.7786,-0.1969,0.6134,0.42,0.01,0.46,131162,137997,123482
51257812,0.7700,-0.7175,-0.2275,-0.7787,-0.1972,0.6135,0.42,0.01,0.46,131156,137994,123486
51278320,0.6475,-0.7000,-0.2800,-0.7787,-0.1974,0.6135,0.42,0.00,0.46,131149,137985,123477
51297852,0.4550,-0.6825,-0.2275,-0.7787,-0.1975,0.6132,0.42,0.00,0.46,131144,137993,123466
51318360,0.2275,-0.7000,-0.1750,-0.7786,-0.1975,0.6129,0.42,0.00,0.46,131152,137984,123473
51337888,-0.0175,-0.7175,-0.2975,-0.7786,-0.1973,0.6127,0.42,0.01,0.46,131159,137986,123494
51358400,-0.0875,-0.6650,-0.2625,-0.7784,-0.1972,0.6126,0.42,0.01,0.46,131163,137998,123483
51377928,0.0175,-0.5950,-0.2450,-0.7784,-0.1969,0.6128,0.42,0.00,0.46,131149,137991,123477
51398436,0.2450,-0.6650,-0.2800,-0.7784,-0.1968,0.6132,0.42,0.00,0.46,131149,137994,123465
51417968,0.3850,-0.6475,-0.3150,-0.7784,-0.1967,0.6131,0.42,0.00,0.46,131148,137986,123468
51438476,0.4900,-0.7525,-0.3500,-0.7784,-0.1964,0.6129,0.42,0.01,0.46,131169,137979,123493
51458008,0.3850,-0.7875,-0.3325,-0.7782,-0.1964,0.6127,0.42,0.00,0.46,131149,137995,123472
51478516,0.8225,-0.8575,-0.3500,-0.7782,-0.1963,0.6129,0.42,0.00,0.46,131152,138001,123474
51498048,0.9275,-0.8400,-0.3150,-0.7782,-0.1963,0.6133,0.42,0.00,0.46,131141,138003,123477
51518552,0.8575,-0.7875,-0.3500,-0.7781,-0.1962,0.6133,0.42,0.00,0.46,131152,137991,123477
51538084,0.5425,-0.7525,-0.3500,-0.7781,-0.1962,0.6132,0.42,0.01,0.46,131159,138000,123488
51558592,0.4900,-0.7875,-0.3500,-0.7781,-0.1967,0.6129,0.42,0.01,0.46,131154,138009,123482
51588868,0.3325,-0.8750,-0.2450,-0.7784,-0.1968,0.6126,0.42,0.01,0.46,131160,137999,123482
51609376,0.1050,-0.8050,-0.2275,-0.7784,-0.1969,0.6127,0.42,0.01,0.46,131158,138006,123483
51628904,0.0000,-0.6825,-0.2625,-0.7784,-0.1969,0.6132,0.42,0.01,0.46,131155,137998,123475
51649416,0.0525,-0.5950,-0.2625,-0.7784,-0.1968,0.6135,0.42,0.00,0.46,131140,138001,123466
51668944,-0.1050,-0.6125,-0.2625,-0.7784,-0.1967,0.6135,0.42,0.01,0.46,131159,137988,123473
51689452,-0.0700,-0.5600,-0.3500,-0.7784,-0.1967,0.6137,0.42,0.01,0.46,131156,137993,123474
51708984,0.1925,-0.6125,-0.3150,-0.7784,-0.1968,0.6139,0.42,0.01,0.46,131158,137994,123468
51729492,0.3150,-0.5950,-0.2450,-0.7784,-0.1969,0.6141,0.42,0.00,0.46,131145,137993,123469
51749024,0.4200,-0.7350,-0.3150,-0.7784,-0.1969,0.6143,0.42,0.00,0.46,131144,137988,123468
51769532,0.4375,-0.6125,-0.2100,-0.7784,-0.1969,0.6143,0.42,0.00,0.46,131153,137983,123482
51789064,0.1225,-0.5950,-0.2625,-0.7784,-0.1968,0.6138,0.42,0.01,0.46,131154,138001,123474
51809568,-0.0175,-0.6475,-0.2450,-0.7785,-0.1967,0.6132,0.42,0.00,0.46,131151,137993,123477
51829100,-0.1750,-0.5775,-0.2625,-0.7786,-0.1965,0.6128,0.42,0.00,0.46,131141,137993,123466
51849608,-0.0175,-0.6650,-0.2625,-0.7785,-0.1964,0.6128,0.42,0.00,0.46,131141,137997,123464
51869140,0.2100,-0.7350,-0.2800,-0.7784,-0.1962,0.6129,0.42,0.00,0.46,131153,137990,123470
51889648,0.5950,-0.7875,-0.3675,-0.7784,-0.1959,0.6131,0.42,0.01,0.46,131164,137990,123483
51909180,0.5775,-0.7700,-0.3325,-0.7785,-0.1961,0.6132,0.42,0.01,0.46,131156,137996,123478
51929688,0.7000,-0.7700,-0.4025,-0.7786,-0.1963,0.6131,0.42,0.00,0.46,131143,137997,123472
51949216,0.5250,-0.8575,-0.2975,-0.7786,-0.1964,0.6129,0.42,0.00,0.46,131145,138009,123469
51969728,0.4900,-0.7875,-0.2975,-0.7786,-0.1965,0.6129,0.42,0.01,0.46,131159,138003,123479
51989256,0.5075,-0.7350,-0.2625,-0.7786,-0.1968,0.6132,0.42,0.01,0.46,131162,137999,123485
52008788,0.5075,-0.7700,-0.2100,-0.7787,-0.1969,0.6133,0.42,0.01,0.46,131157,137999,123495
52029296,0.2975,-0.6825,-0.1925,-0.7786,-0.1970,0.6137,0.42,0.00,0.46,131145,138005,123472
52048828,-0.2450,-0.6125,-0.2100,-0.7786,-0.1972,0.6137,0.42,0.00,0.46,131142,137993,123479
52069336,-0.6125,-0.4550,-0.2100,-0.7786,-0.1972,0.6137,0.42,0.00,0.46,131151,137993,123487
52088868,-0.7875,-0.4025,-0.1925,-0.7787,-0.1973,0.6137,0.42,0.01,0.46,131156,137991,123487
52109376,-0.6300,-0.4025,-0.1575,-0.7787,-0.1973,0.6134,0.42,0.01,0.46,131154,137985,123469
52128904,-0.7350,-0.4900,-0.1925,-0.7787,-0.1972,0.6133,0.42,0.00,0.46,131145,137986,123463
52149416,-0.5075,-0.4725,-0.2975,-0.7786,-0.1967,0.6131,0.42,0.00,0.46,131146,137979,123474
52168944,-0.0350,-0.5950,-0.2450,-0.7786,-0.1964,0.6129,0.42,0.00,0.46,131149,137983,123472
52189452,0.3850,-0.6825,-0.2625,-0.7786,-0.1962,0.6129,0.42,0.01,0.46,131157,137985,123485
52208984,0.6125,-0.7175,-0.2800,-0.7786,-0.1958,0.6128,0.42,0.01,0.46,131154,137989,123487
52229492,0.8925,-0.8575,-0.4025,-0.7785,-0.1954,0.6126,0.42,0.00,0.46,131148,137990,123455
52249024,1.1200,-0.8925,-0.4375,-0.7786,-0.1954,0.6123,0.42,0.00,0.46,131147,137993,123469
52269532,1.0850,-0.9450,-0.5250,-0.7786,-0.1956,0.6122,0.42,0.00,0.46,131150,137998,123475
52289064,1.1725,-0.9625,-0.4375,-0.7786,-0.1957,0.6118,0.42,0.01,0.46,131165,137993,123482
52309568,1.0150,-1.0150,-0.4025,-0.7786,-0.1961,0.6116,0.42,0.00,0.46,131152,137996,123494
52329100,0.6825,-0.9800,-0.4900,-0.7786,-0.1961,0.6117,0.42,0.00,0.46,131149,137999,123477
52349608,0.3325,-0.8925,-0.4375,-0.7786,-0.1959,0.6120,0.42,0.00,0.46,131142,137999,123469
52369140,0.3500,-0.7525,-0.4550,-0.7785,-0.1959,0.6128,0.42,0.01,0.46,131154,137999,123474
52389648,0.2800,-0.7000,-0.4375,-0.7784,-0.1961,0.6134,0.42,0.01,0.46,131159,137999,123472
52409180,0.7000,-0.6300,-0.4200,-0.7785,-0.1962,0.6139,0.42,0.01,0.46,131155,138004,123478
52429688,0.7350,-0.7350,-0.3675,-0.7785,-0.1965,0.6140,0.42,0.00,0.46,131143,137997,123464
52449216,0.6825,-0.6650,-0.3850,-0.7786,-0.1969,0.6138,0.42,0.00,0.46,131146,137998,123478
52469728,0.1225,-0.6825,-0.3150,-0.7786,-0.1972,0.6132,0.42,0.00,0.46,131151,137995,123477
52489256,-0.1925,-0.6125,-0.3150,-0.7785,-0.1969,0.6127,0.42,0.01,0.46,131159,138004,123483
52508788,-0.5600,-0.5425,-0.2975,-0.7785,-0.1968,0.6126,0.42,0.01,0.46,131161,138003,123485
52529296,-0.5775,-0.5950,-0.3500,-0.7784,-0.1965,0.6127,0.42,0.00,0.46,131147,137988,123468
52548828,-0.1750,-0.6650,-0.3850,-0.7784,-0.1965,0.6131,0.42,0.00,0.46,131139,137992,123463
52588868,0.8575,-0.8050,-0.2975,-0.7786,-0.1968,0.6129,0.42,0.01,0.46,131155,137990,123481
52608400,0.9625,-0.8400,-0.2800,-0.7786,-0.1969,0.6129,0.42,0.01,0.46,131158,137994,123486
52627928,0.9100,-0.8750,-0.3325,-0.7785,-0.1968,0.6128,0.42,0.01,0.46,131155,137990,123470
52648436,0.7525,-0.9100,-0.3150,-0.7785,-0.1965,0.6127,0.42,0.00,0.46,131143,138004,123465
52667968,0.4900,-0.8050,-0.3675,-0.7784,-0.1963,0.6128,0.42,0.00,0.46,131146,138000,123460
52688476,0.3150,-0.8050,-0.4025,-0.7782,-0.1962,0.6129,0.42,0.01,0.46,131163,137994,123496
52708008,0.2450,-0.8050,-0.3675,-0.7782,-0.1962,0.6128,0.42,0.01,0.46,131160,137996,123491
52728516,0.3850,-0.7875,-0.4025,-0.7784,-0.1967,0.6132,0.42,0.00,0.46,131150,137998,123483
52748048,0.6475,-0.8050,-0.3500,-0.7784,-0.1969,0.6135,0.42,0.00,0.46,131146,138001,123466
52768552,0.7525,-0.8225,-0.3675,-0.7784,-0.1969,0.6138,0.42,0.00,0.46,131152,137991,123474
52788084,0.7175,-0.8225,-0.3325,-0.7784,-0.1972,0.6141,0.42,0.01,0.46,131168,138014,123491
52808592,0.7175,-0.7525,-0.2625,-0.7784,-0.1972,0.6143,0.42,0.01,0.46,131160,137999,123482
52828124,0.2275,-0.5950,-0.2450,-0.7784,-0.1973,0.6144,0.42,0.00,0.46,131153,138003,123487
52848632,-0.1925,-0.4550,-0.2450,-0.7785,-0.1974,0.6141,0.42,0.00,0.46,131147,138002,123468
52868164,-0.7525,-0.5075,-0.1750,-0.7784,-0.1974,0.6137,0.42,0.00,0.46,131152,137988,123463
52888672,-1.0150,-0.3500,-0.1925,-0.7785,-0.1975,0.6133,0.42,0.01,0.46,131160,138002,123470
52908204,-0.9100,-0.4375,-0.1575,-0.7785,-0.1975,0.6137,0.42,0.01,0.46,131154,137994,123478
52928712,-0.6125,-0.4375,-0.2100,-0.7785,-0.1974,0.6145,0.42,0.00,0.46,131145,137992,123478
52948240,0.3150,-0.3675,-0.2100,-0.7784,-0.1970,0.6159,0.42,0.00,0.46,131135,137991,123459
52968752,0.4025,-0.3150,-0.2450,-0.7784,-0.1969,0.6161,0.42,0.00,0.46,131146,137996,123468
52988280,0.3850,-0.2450,-0.2625,-0.7784,-0.1969,0.6157,0.42,0.00,0.46,131153,137988,123483
53007812,-0.0350,-0.2275,-0.1925,-0.7785,-0.1970,0.6146,0.42,0.00,0.46,131148,137990,123481
53028320,-0.4550,-0.3675,-0.1225,-0.7785,-0.1974,0.6133,0.42,0.00,0.46,131148,137984,123470
53047852,-0.7000,-0.4900,-0.1225,-0.7787,-0.1979,0.6117,0.42,0.00,0.46,131137,137988,123455
53068360,-0.7175,-0.5950,-0.0350,-0.7788,-0.1979,0.6105,0.42,0.00,0.46,131143,137983,123456
53087888,-0.5075,-0.7000,-0.1225,-0.7786,-0.1974,0.6106,0.42,0.00,0.46,131149,137992,123463
53108400,-0.1400,-0.7525,-0.1925,-0.7785,-0.1968,0.6110,0.42,0.00,0.46,131150,137981,123466
53127928,0.0175,-0.8400,-0.3325,-0.7784,-0.1961,0.6110,0.42,0.00,0.46,131145,137996,123468
53148436,0.3850,-0.8400,-0.4725,-0.7782,-0.1954,0.6120,0.42,0.00,0.46,131142,137981,123456
53167968,1.0675,-0.8050,-0.4550,-0.7781,-0.1950,0.6134,0.42,0.00,0.46,131145,137984,123476
53188476,1.6450,-0.7350,-0.5950,-0.7781,-0.1948,0.6150,0.42,0.01,0.46,131154,137986,123486
53208008,1.6975,-0.6825,-0.6125,-0.7782,-0.1951,0.6149,0.42,0.00,0.46,131153,137991,123479
53228516,1.4875,-0.6475,-0.5950,-0.7784,-0.1957,0.6138,0.42,0.00,0.46,131142,137992,123463
53248048,1.0325,-0.7700,-0.4725,-0.7786,-0.1967,0.6127,0.42,0.00,0.46,131139,138006,123462
53268552,0.7875,-0.7700,-0.4375,-0.7787,-0.1974,0.6120,0.42,0.00,0.46,131152,137986,123470
53288084,0.1225,-0.5950,-0.2800,-0.7788,-0.1981,0.6118,0.42,0.00,0.46,131153,137985,123490
53308592,-0.2800,-0.5775,-0.1575,-0.7790,-0.1989,0.6120,0.42,0.00,0.46,131153,137994,123481
53328124,-0.6300,-0.4725,-0.1575,-0.7791,-0.1990,0.6121,0.42,0.00,0.47,131146,137988,123452
53348632,-0.9975,-0.4725,-0.0700,-0.7791,-0.1989,0.6124,0.42,0.00,0.46,131134,137992,123457
53368164,-1.1025,-0.3850,-0.1400,-0.7790,-0.1984,0.6128,0.42,0.00,0.46,131148,137981,123469
53388672,-1.1200,-0.3500,-0.1750,-0.7790,-0.1980,0.6131,0.42,0.00,0.46,131148,137959,123474
53408204,-0.7000,-0.3150,-0.2625,-0.7788,-0.1975,0.6131,0.42,0.00,0.46,131153,137979,123472
53428712,-0.3850,-0.4025,-0.2275,-0.7790,-0.1973,0.6127,0.42,0.00,0.46,131139,137964,123471
53448240,-0.0175,-0.5075,-0.2975,-0.7790,-0.1972,0.6123,0.42,0.00,0.46,131133,137977,123472
53468752,0.3850,-0.6650,-0.2625,-0.7790,-0.1972,0.6121,0.42,0.00,0.46,131138,137974,123465
53488280,0.5250,-0.8050,-0.3150,-0.7790,-0.1970,0.6118,0.42,0.00,0.46,131139,137977,123485
53507812,0.7000,-0.8050,-0.3675,-0.7790,-0.1968,0.6117,0.42,0.00,0.46,131150,137966,123468
53528320,0.5425,-0.7875,-0.4375,-0.7788,-0.1967,0.6113,0.42,0.00,0.46,131144,137970,123470
53547852,0.4550,-0.8050,-0.4550,-0.7790,-0.1967,0.6115,0.42,0.00,0.46,131138,137978,123463
53568360,0.5775,-0.8225,-0.3850,-0.7790,-0.1970,0.6118,0.42,0.00,0.46,131138,137969,123469
53598632,0.7000,-0.7175,-0.3850,-0.7790,-0.1976,0.6126,0.42,0.00,0.46,131136,137974,123460
53618164,0.5775,-0.7000,-0.3500,-0.7791,-0.1981,0.6128,0.42,0.00,0.46,131145,137975,123472
53638672,0.1750,-0.5600,-0.2100,-0.7792,-0.1986,0.6127,0.42,0.01,0.46,131155,137978,123483
53658204,-0.1050,-0.5425,-0.1225,-0.7792,-0.1986,0.6124,0.42,0.00,0.46,131150,137974,123478
53678712,-0.2450,-0.4025,-0.2275,-0.7793,-0.1985,0.6124,0.42,0.00,0.46,131136,137970,123460
53698240,0.1225,-0.4375,-0.1925,-0.7793,-0.1986,0.6128,0.42,0.00,0.47,131134,137985,123451
53718752,0.2975,-0.4725,-0.1575,-0.7793,-0.1989,0.6131,0.42,0.00,0.46,131141,137979,123469
53738280,0.3500,-0.4725,-0.0875,-0.7795,-0.1992,0.6129,0.42,0.00,0.46,131139,137987,123472
53757812,-0.3675,-0.3325,0.0000,-0.7796,-0.1991,0.6122,0.42,0.00,0.46,131141,137979,123474
53778320,-1.1900,-0.3500,-0.0350,-0.7795,-0.1986,0.6112,0.42,0.00,0.46,131141,137971,123464
53797852,-1.6975,-0.3325,-0.1925,-0.7793,-0.1980,0.6104,0.42,0.00,0.47,131126,137964,123450
53818360,-1.4700,-0.3500,-0.2975,-0.7791,-0.1972,0.6104,0.42,0.00,0.46,131138,137973,123464
53837888,-0.6825,-0.4550,-0.3675,-0.7790,-0.1965,0.6109,0.42,0.00,0.46,131142,137956,123476
53858400,1.0675,-0.8050,-0.5075,-0.7791,-0.1963,0.6113,0.42,0.00,0.46,131147,137959,123474
53877928,2.0650,-1.0150,-0.4725,-0.7791,-0.1967,0.6118,0.42,0.00,0.46,131139,137976,123463
53898436,2.3100,-1.0150,-0.4550,-0.7792,-0.1973,0.6121,0.42,0.00,0.47,131129,137972,123452
53917968,2.1525,-0.9975,-0.3500,-0.7793,-0.1979,0.6118,0.42,0.00,0.46,131134,137971,123464
53938476,1.2250,-0.8750,-0.2625,-0.7796,-0.1984,0.6113,0.42,0.00,0.46,131149,137977,123474
53958008,0.1225,-0.6475,-0.2800,-0.7796,-0.1987,0.6112,0.42,0.00,0.46,131153,137981,123472
53978516,-0.8750,-0.2625,-0.2100,-0.7797,-0.1991,0.6117,0.42,0.00,0.46,131132,137982,123473
53998048,-1.3300,-0.1925,-0.1575,-0.7797,-0.1992,0.6120,0.42,0.00,0.47,131128,137966,123452
54018552,-1.5750,-0.1575,-0.1050,-0.7798,-0.1995,0.6120,0.42,0.00,0.46,131134,137957,123461
54038084,-1.4700,-0.1925,-0.0700,-0.7798,-0.1996,0.6115,0.42,0.00,0.46,131141,137963,123461
54058592,-1.3825,-0.3325,-0.0350,-0.7799,-0.1996,0.6112,0.42,0.00,0.46,131137,137957,123461
54078124,-0.9450,-0.4200,-0.0700,-0.7798,-0.1991,0.6111,0.42,0.00,0.46,131129,137965,123456
54098632,-0.2975,-0.5075,-0.1925,-0.7798,-0.1980,0.6115,0.42,0.00,0.47,131126,137952,123447
54118164,0.1750,-0.5425,-0.3150,-0.7797,-0.1974,0.6117,0.42,0.00,0.47,131132,137953,123451
54138672,0.4725,-0.6300,-0.3500,-0.7797,-0.1972,0.6115,0.42,0.00,0.46,131134,137961,123472
54158204,0.7350,-0.7525,-0.4375,-0.7796,-0.1970,0.6106,0.42,0.00,0.46,131141,137953,123454
54178712,0.5425,-0.8225,-0.4725,-0.7796,-0.1970,0.6100,0.42,0.00,0.46,131128,137947,123456
54198240,0.4900,-0.7700,-0.5075,-0.7797,-0.1972,0.6095,0.42,0.00,0.47,131122,137954,123450
54218752,0.3850,-0.9275,-0.5075,-0.7797,-0.1974,0.6093,0.42,0.00,0.46,131118,137957,123459
54238280,0.6300,-0.8575,-0.4725,-0.7798,-0.1978,0.6095,0.42,0.00,0.46,131136,137958,123463
54257812,0.7350,-0.9800,-0.4375,-0.7799,-0.1981,0.6098,0.42,0.00,0.46,131142,137960,123465
54278320,0.9975,-1.0150,-0.4025,-0.7799,-0.1984,0.6098,0.42,0.00,0.46,131133,137959,123467
54297852,1.0325,-0.9625,-0.3850,-0.7801,-0.1985,0.6102,0.42,0.00,0.47,131124,137967,123443
54318360,0.5775,-0.9100,-0.4200,-0.7799,-0.1985,0.6105,0.42,0.00,0.46,131137,137968,123460
54337888,0.4375,-0.8225,-0.3675,-0.7799,-0.1986,0.6101,0.42,0.00,0.46,131137,137961,123477
54358400,0.1575,-0.8400,-0.4550,-0.7799,-0.1985,0.6100,0.42,0.00,0.46,131148,137960,123463
54377928,0.3150,-0.8750,-0.3675,-0.7798,-0.1985,0.6105,0.42,0.00,0.46,131140,137960,123463
54398436,0.6125,-0.8925,-0.5250,-0.7798,-0.1984,0.6110,0.42,0.00,0.47,131125,137959,123441
54417968,1.0850,-0.8225,-0.4200,-0.7799,-0.1985,0.6115,0.42,0.00,0.46,131140,137966,123458
54438476,1.4525,-0.9450,-0.4550,-0.7799,-0.1989,0.6115,0.42,0.00,0.46,131148,137968,123473
54458008,1.2600,-0.9800,-0.3850,-0.7799,-0.1989,0.6112,0.42,0.00,0.46,131138,137981,123472
54478516,1.1375,-0.9450,-0.3500,-0.7798,-0.1990,0.6110,0.42,0.00,0.46,131136,137977,123469
54498048,0.5425,-0.8400,-0.3500,-0.7799,-0.1990,0.6106,0.42,0.00,0.46,131133,137961,123461
54518552,0.1050,-0.8050,-0.3675,-0.7799,-0.1990,0.6105,0.42,0.00,0.46,131139,137968,123481
54538084,-0.1400,-0.6825,-0.3500,-0.7798,-0.1990,0.6107,0.42,0.00,0.46,131141,137965,123474
54558592,-0.0525,-0.5775,-0.2975,-0.7799,-0.1991,0.6117,0.42,0.00,0.46,131145,137966,123484
54578124,0.1400,-0.6300,-0.2625,-0.7799,-0.1992,0.6124,0.42,0.00,0.46,131139,137972,123483
54608400,-0.0525,-0.5250,-0.2450,-0.7798,-0.1992,0.6122,0.42,0.00,0.46,131143,137958,123481
54627928,-0.2975,-0.6125,-0.2625,-0.7798,-0.1991,0.6118,0.42,0.00,0.46,131146,137971,123474
54648436,-0.1225,-0.5075,-0.2975,-0.7798,-0.1991,0.6120,0.42,0.00,0.46,131130,137960,123458
54667968,0.0350,-0.5075,-0.2800,-0.7798,-0.1989,0.6120,0.42,0.00,0.46,131134,137962,123458
54688476,0.3325,-0.6300,-0.3675,-0.7796,-0.1984,0.6120,0.42,0.00,0.46,131141,137964,123468
54708008,0.6475,-0.6300,-0.3150,-0.7796,-0.1983,0.6117,0.42,0.00,0.46,131143,137964,123486
54728516,0.7175,-0.7525,-0.2800,-0.7796,-0.1983,0.6112,0.42,0.00,0.46,131137,137970,123470
54748048,0.7875,-0.8225,-0.3500,-0.7796,-0.1984,0.6107,0.42,0.00,0.46,131132,137974,123465
54768552,0.5775,-0.8400,-0.3675,-0.7796,-0.1984,0.6102,0.42,0.00,0.46,131133,137975,123469
54788084,0.4025,-0.8750,-0.3150,-0.7795,-0.1984,0.6100,0.42,0.00,0.46,131139,137978,123478
54808592,0.5075,-0.8925,-0.3150,-0.7795,-0.1983,0.6102,0.42,0.00,0.46,131147,137972,123489
54828124,0.5775,-0.8925,-0.4375,-0.7793,-0.1981,0.6109,0.42,0.00,0.46,131130,137969,123469
54848632,0.7350,-0.8225,-0.3850,-0.7793,-0.1981,0.6116,0.42,0.00,0.46,131130,137977,123461
54868164,0.7175,-0.7700,-0.4200,-0.7793,-0.1985,0.6121,0.42,0.00,0.46,131131,137977,123464
54888672,0.5075,-0.6825,-0.3325,-0.7793,-0.1989,0.6124,0.42,0.00,0.46,131149,137973,123472
54908204,0.0175,-0.5600,-0.2800,-0.7796,-0.1991,0.6124,0.42,0.00,0.46,131141,137969,123477
54928712,-0.2625,-0.4900,-0.1925,-0.7796,-0.1993,0.6122,0.42,0.00,0.46,131134,137979,123472
54948240,-0.7000,-0.4725,-0.1400,-0.7797,-0.1995,0.6120,0.42,0.00,0.46,131130,137974,123457
54968752,-0.7350,-0.4200,-0.1400,-0.7797,-0.1993,0.6120,0.42,0.00,0.46,131134,137968,123463
54988280,-0.8575,-0.4900,-0.2100,-0.7796,-0.1991,0.6120,0.42,0.00,0.46,131141,137959,123469
55007812,-0.5600,-0.4200,-0.2100,-0.7796,-0.1989,0.6120,0.42,0.00,0.46,131144,137971,123469
55028320,-0.4725,-0.5250,-0.3325,-0.7793,-0.1984,0.6113,0.42,0.00,0.46,131137,137963,123459
55047852,-0.0350,-0.6650,-0.3150,-0.7795,-0.1981,0.6111,0.42,0.00,0.46,131129,137959,123459
55068360,0.4375,-0.7000,-0.3675,-0.7793,-0.1980,0.6110,0.42,0.00,0.47,131131,137969,123446
55087888,0.8925,-0.8575,-0.3850,-0.7793,-0.1979,0.6107,0.42,0.00,0.46,131140,137962,123473
55108400,1.2600,-0.9450,-0.3675,-0.7795,-0.1981,0.6109,0.42,0.00,0.46,131144,137971,123461
55127928,1.1375,-0.8925,-0.3675,-0.7795,-0.1984,0.6110,0.42,0.00,0.46,131138,137974,123460
55148436,0.9975,-0.8225,-0.3325,-0.7795,-0.1983,0.6112,0.42,0.00,0.46,131128,137963,123459
55167968,0.6125,-0.6650,-0.3675,-0.7793,-0.1981,0.6111,0.42,0.00,0.46,131124,137967,123461
55188476,0.3150,-0.7000,-0.3675,-0.7793,-0.1984,0.6112,0.42,0.00,0.46,131142,137967,123474
55208008,0.1400,-0.5250,-0.3500,-0.7796,-0.1990,0.6112,0.42,0.00,0.46,131140,137967,123467
55228516,-0.1750,-0.5950,-0.2800,-0.7797,-0.1993,0.6109,0.42,0.00,0.46,131130,137964,123468
55248048,-0.1750,-0.5775,-0.1750,-0.7796,-0.1996,0.6109,0.42,0.00,0.46,131134,137974,123460
55268552,-0.0875,-0.6125,-0.2275,-0.7796,-0.1997,0.6112,0.42,0.00,0.46,131136,137963,123459
55288084,-0.1575,-0.5425,-0.2100,-0.7796,-0.1995,0.6115,0.42,0.00,0.46,131140,137959,123477
55308592,-0.2275,-0.4900,-0.2450,-0.7796,-0.1992,0.6115,0.42,0.00,0.46,131136,137965,123472
55328124,-0.2275,-0.4900,-0.2100,-0.7795,-0.1990,0.6115,0.42,0.00,0.46,131135,137963,123474
55348632,0.1925,-0.5075,-0.2975,-0.7795,-0.1986,0.6112,0.42,0.00,0.46,131124,137974,123465
55368164,0.1050,-0.6125,-0.2800,-0.7795,-0.1986,0.6110,0.42,0.00,0.46,131127,137967,123456
55388672,0.2625,-0.6475,-0.2100,-0.7796,-0.1987,0.6107,0.42,0.00,0.46,131136,137960,123468
55408204,0.2975,-0.6825,-0.3150,-0.7797,-0.1989,0.6105,0.42,0.00,0.46,131141,137961,123472
55428712,0.1750,-0.7175,-0.2975,-0.7798,-0.1989,0.6100,0.42,0.00,0.46,131130,137957,123472
55448240,0.1225,-0.8050,-0.3150,-0.7797,-0.1987,0.6094,0.42,0.00,0.46,131122,137965,123459
55468752,0.2800,-0.8575,-0.3500,-0.7796,-0.1984,0.6093,0.42,0.00,0.46,131132,137965,123480
55488280,0.4200,-0.9975,-0.4025,-0.7796,-0.1983,0.6094,0.42,0.00,0.46,131133,137958,123468
55507812,0.8400,-0.9100,-0.3675,-0.7796,-0.1981,0.6098,0.42,0.00,0.46,131138,137956,123476
55528320,1.0850,-1.0150,-0.4025,-0.7796,-0.1981,0.6099,0.42,0.00,0.46,131133,137963,123461
55547852,1.3125,-1.0675,-0.4725,-0.7795,-0.1981,0.6100,0.42,0.00,0.46,131132,137972,123455
55568360,1.3300,-1.0675,-0.4200,-0.7795,-0.1981,0.6104,0.42,0.00,0.46,131138,137973,123469
55587888,1.3300,-0.9975,-0.5075,-0.7793,-0.1981,0.6107,0.42,0.00,0.46,131142,137971,123480
55618164,0.9800,-0.9800,-0.5425,-0.7793,-0.1979,0.6104,0.42,0.00,0.46,131138,137978,123460
55638672,0.8225,-1.0325,-0.5600,-0.7792,-0.1976,0.6100,0.42,0.00,0.46,131148,137973,123474
55658204,0.7700,-1.1200,-0.7000,-0.7791,-0.1974,0.6100,0.42,0.00,0.46,131145,137978,123478
55678712,1.1725,-1.0500,-0.5950,-0.7791,-0.1974,0.6107,0.42,0.00,0.46,131146,137978,123470
55698240,1.8375,-1.1025,-0.5600,-0.7791,-0.1976,0.6115,0.42,0.00,0.46,131137,137990,123473
55718752,2.0125,-1.1200,-0.5250,-0.7791,-0.1984,0.6124,0.42,0.00,0.46,131142,137999,123479
55738280,1.8550,-0.9975,-0.5250,-0.7791,-0.1989,0.6127,0.42,0.00,0.46,131150,137996,123491
55757812,1.2250,-0.9450,-0.3325,-0.7792,-0.1992,0.6127,0.42,0.01,0.46,131158,137994,123489
55778320,0.5425,-0.7000,-0.2975,-0.7793,-0.1996,0.6124,0.42,0.00,0.46,131144,137999,123482
55797852,-0.2275,-0.6475,-0.2800,-0.7792,-0.1997,0.6124,0.42,0.00,0.46,131135,137990,123473
55818360,-0.9800,-0.5425,-0.1925,-0.7792,-0.1996,0.6122,0.42,0.00,0.46,131143,137983,123461
55837888,-0.8750,-0.5600,-0.2450,-0.7792,-0.1993,0.6122,0.42,0.01,0.46,131156,137994,123491
55858400,-0.4200,-0.5425,-0.2100,-0.7791,-0.1992,0.6127,0.42,0.00,0.46,131148,137994,123475
55877928,0.1575,-0.5950,-0.1925,-0.7791,-0.1990,0.6135,0.42,0.00,0.46,131148,137990,123468
55898436,0.5075,-0.6300,-0.2800,-0.7791,-0.1986,0.6138,0.42,0.00,0.46,131137,137985,123456
55917968,0.8400,-0.6125,-0.2625,-0.7788,-0.1985,0.6137,0.42,0.00,0.46,131141,137997,123472
55938476,0.7000,-0.7700,-0.2275,-0.7790,-0.1986,0.6128,0.42,0.00,0.46,131147,137988,123478
55958008,0.7175,-0.8575,-0.2800,-0.7790,-0.1986,0.6122,0.42,0.01,0.46,131155,137988,123489
55978516,0.5250,-0.8225,-0.2800,-0.7788,-0.1981,0.6116,0.42,0.00,0.46,131145,137993,123482
55998048,0.3325,-0.7350,-0.3325,-0.7787,-0.1976,0.6115,0.42,0.00,0.46,131145,137987,123459
56018552,0.1750,-0.7525,-0.4025,-0.7786,-0.1972,0.6115,0.42,0.00,0.46,131143,137995,123477
56038084,0.3150,-0.8225,-0.4375,-0.7784,-0.1967,0.6121,0.42,0.00,0.46,131145,137998,123486
56058592,0.4900,-0.8225,-0.5250,-0.7785,-0.1965,0.6123,0.42,0.01,0.46,131158,137991,123487
56078124,1.0325,-0.9100,-0.4725,-0.7785,-0.1968,0.6124,0.42,0.00,0.46,131150,138003,123498
56098632,1.2600,-0.8925,-0.4375,-0.7786,-0.1972,0.6127,0.42,0.00,0.46,131136,137996,123473
56118164,1.7675,-1.0500,-0.3500,-0.7786,-0.1973,0.6133,0.42,0.00,0.46,131148,138000,123483
56138672,1.8375,-0.9625,-0.3500,-0.7786,-0.1975,0.6137,0.42,0.01,0.46,131156,138009,123495
56158204,1.2600,-0.8750,-0.3675,-0.7785,-0.1976,0.6135,0.42,0.01,0.46,131156,138017,123505
56178712,0.8050,-0.8575,-0.3150,-0.7786,-0.1979,0.6129,0.42,0.00,0.46,131148,138013,123484
56198240,0.1750,-0.7700,-0.2275,-0.7786,-0.1981,0.6127,0.42,0.00,0.46,131135,138011,123487
56218752,-0.1925,-0.6650,-0.2275,-0.7786,-0.1983,0.6127,0.42,0.00,0.46,131153,138006,123496
56238280,-0.1925,-0.5950,-0.1575,-0.7786,-0.1981,0.6129,0.42,0.00,0.46,131153,138005,123487
56257812,-0.3850,-0.6300,-0.1575,-0.7786,-0.1981,0.6132,0.42,0.01,0.46,131155,137998,123488
56278320,0.0000,-0.6300,-0.2100,-0.7785,-0.1979,0.6138,0.42,0.00,0.46,131152,138009,123484
56297852,0.1400,-0.5775,-0.1575,-0.7786,-0.1979,0.6138,0.42,0.00,0.46,131148,138005,123477
56318360,0.2625,-0.6300,-0.1750,-0.7785,-0.1976,0.6139,0.42,0.00,0.46,131149,138004,123491
56337888,0.1750,-0.5600,-0.1575,-0.7785,-0.1975,0.6137,0.42,0.00,0.46,131148,138001,123495
56358400,-0.0350,-0.5950,-0.1050,-0.7784,-0.1974,0.6135,0.42,0.00,0.46,131152,137999,123492
56377928,-0.0525,-0.5075,-0.1750,-0.7784,-0.1972,0.6132,0.42,0.00,0.46,131150,137998,123491
56398436,-0.3325,-0.5600,-0.2100,-0.7784,-0.1968,0.6128,0.42,0.00,0.46,131134,138005,123461
56417968,-0.2800,-0.6475,-0.2625,-0.7782,-0.1965,0.6129,0.42,0.00,0.46,131149,137990,123481
56438476,0.1400,-0.7000,-0.2625,-0.7782,-0.1963,0.6129,0.42,0.00,0.46,131150,137995,123479
56458008,0.4375,-0.7700,-0.3150,-0.7782,-0.1962,0.6127,0.42,0.01,0.46,131156,137990,123491
56478516,0.5950,-0.8050,-0.3325,-0.7782,-0.1962,0.6124,0.42,0.00,0.46,131146,137996,123475
56498048,0.8750,-0.8750,-0.3850,-0.7782,-0.1959,0.6122,0.42,0.00,0.46,131150,138010,123473
56518552,0.9975,-0.9275,-0.3850,-0.7782,-0.1957,0.6120,0.42,0.00,0.46,131146,137996,123478
56538084,1.0150,-0.9625,-0.4900,-0.7782,-0.1956,0.6120,0.42,0.01,0.46,131154,138004,123486
56558592,1.0850,-1.0675,-0.5075,-0.7782,-0.1956,0.6123,0.42,0.01,0.46,131160,138001,123498
56578124,1.3300,-1.0150,-0.4550,-0.7782,-0.1956,0.6127,0.42,0.00,0.46,131146,138012,123499
56598632,1.3475,-0.9975,-0.4200,-0.7784,-0.1957,0.6131,0.42,0.00,0.46,131146,138004,123470
56628904,1.0325,-0.8925,-0.4550,-0.7784,-0.1962,0.6135,0.42,0.00,0.46,131150,138004,123475
56649416,0.9450,-0.8750,-0.3150,-0.7785,-0.1967,0.6137,0.42,0.00,0.46,131149,138016,123481
56668944,0.6300,-0.8050,-0.2625,-0.7786,-0.1974,0.6138,0.42,0.00,0.46,131152,138025,123500
56689452,0.3325,-0.6825,-0.1225,-0.7786,-0.1979,0.6139,0.42,0.01,0.46,131166,138011,123503
56708984,-0.2275,-0.5775,-0.0175,-0.7785,-0.1983,0.6139,0.42,0.01,0.46,131158,138012,123501
56729492,-1.1725,-0.3325,-0.0700,-0.7785,-0.1978,0.6141,0.42,0.00,0.46,131144,138012,123486
56749024,-1.5925,-0.2450,-0.1050,-0.7784,-0.1974,0.6143,0.42,0.00,0.46,131143,138006,123478
56769532,-1.8900,-0.1925,-0.1050,-0.7782,-0.1968,0.6141,0.42,0.00,0.46,131151,138000,123468
56789064,-1.5925,-0.2100,-0.1750,-0.7781,-0.1962,0.6139,0.42,0.01,0.46,131159,137990,123478
56809568,-1.0675,-0.4025,-0.2975,-0.7781,-0.1959,0.6139,0.42,0.00,0.46,131153,137992,123483
56829100,-0.0525,-0.5425,-0.2450,-0.7781,-0.1958,0.6140,0.42,0.00,0.46,131146,138004,123475
56849608,1.1375,-0.7350,-0.3325,-0.7781,-0.1957,0.6141,0.42,0.00,0.46,131142,137994,123473
56869140,1.3475,-0.7700,-0.3675,-0.7781,-0.1954,0.6137,0.42,0.00,0.46,131150,137990,123470
56889648,1.2250,-0.8925,-0.3325,-0.7781,-0.1957,0.6131,0.42,0.01,0.46,131157,137992,123496
56909180,0.8750,-0.8400,-0.3500,-0.7782,-0.1962,0.6127,0.42,0.00,0.46,131152,137998,123483
56929688,0.4550,-0.7525,-0.2450,-0.7784,-0.1965,0.6128,0.42,0.00,0.46,131140,137999,123477
56949216,-0.0175,-0.5600,-0.1925,-0.7786,-0.1969,0.6139,0.42,0.00,0.46,131137,138004,123470
56969728,-0.3675,-0.2275,-0.2100,-0.7786,-0.1976,0.6156,0.42,0.00,0.46,131149,138006,123486
56989256,-1.1200,-0.0700,-0.0700,-0.7787,-0.1979,0.6160,0.42,0.00,0.46,131153,137993,123485
57008788,-1.9075,0.1925,-0.0700,-0.7786,-0.1978,0.6156,0.42,0.00,0.46,131146,138001,123474
57029296,-2.3275,0.2450,-0.1225,-0.7786,-0.1976,0.6144,0.42,0.00,0.46,131138,137990,123470
57048828,-2.3450,0.0350,-0.1575,-0.7786,-0.1976,0.6131,0.42,0.00,0.46,131132,137979,123469
57069336,-1.2775,-0.2975,-0.0875,-0.7788,-0.1983,0.6122,0.42,0.00,0.46,131136,137974,123463
57088868,-0.2275,-0.4725,-0.0175,-0.7790,-0.1989,0.6122,0.42,0.00,0.46,131149,137980,123476
57109376,0.3150,-0.5775,0.0175,-0.7791,-0.1991,0.6120,0.42,0.00,0.46,131141,137966,123476
57128904,0.1400,-0.6125,0.0525,-0.7791,-0.1986,0.6115,0.42,0.00,0.47,131134,137971,123451
57149416,-0.3325,-0.5075,-0.1050,-0.7788,-0.1979,0.6111,0.42,0.00,0.47,131131,137964,123452
57168944,-0.6125,-0.5250,-0.1925,-0.7786,-0.1969,0.6110,0.42,0.00,0.46,131141,137969,123461
57189452,-0.3150,-0.3675,-0.3150,-0.7786,-0.1962,0.6118,0.42,0.00,0.46,131145,137965,123469
57208984,0.2450,-0.5250,-0.3675,-0.7787,-0.1964,0.6127,0.42,0.00,0.46,131142,137965,123467
57229492,0.9975,-0.5600,-0.3675,-0.7790,-0.1970,0.6132,0.42,0.00,0.47,131128,137960,123447
57249024,1.2600,-0.5250,-0.2450,-0.7791,-0.1979,0.6128,0.42,0.00,0.47,131129,137966,123450
57269532,1.0500,-0.5775,-0.1750,-0.7793,-0.1986,0.6122,0.42,0.00,0.46,131135,137970,123465
57289064,0.4200,-0.4900,-0.1050,-0.7795,-0.1991,0.6115,0.42,0.00,0.46,131141,137979,123467
57309568,-0.8575,-0.3150,-0.1050,-0.7796,-0.1989,0.6102,0.42,0.00,0.46,131136,137974,123463
57329100,-1.2775,-0.3850,-0.1925,-0.7793,-0.1984,0.6095,0.42,0.00,0.47,131128,137961,123451
57349608,-1.4175,-0.4025,-0.2625,-0.7793,-0.1979,0.6093,0.42,0.00,0.46,131119,137965,123464
57369140,-0.8400,-0.5775,-0.3850,-0.7793,-0.1976,0.6094,0.42,0.00,0.47,131128,137961,123451
57389648,0.0175,-0.6825,-0.4200,-0.7793,-0.1975,0.6098,0.42,0.00,0.46,131139,137964,123465
57409180,0.8225,-0.8925,-0.4200,-0.7793,-0.1975,0.6102,0.42,0.00,0.46,131135,137960,123463
57429688,1.3475,-0.8925,-0.4550,-0.7793,-0.1975,0.6104,0.42,0.00,0.46,131124,137968,123455
57449216,1.2600,-0.8400,-0.4725,-0.7795,-0.1975,0.6102,0.42,0.00,0.47,131124,137972,123452
57469728,0.6650,-0.8575,-0.4025,-0.7795,-0.1976,0.6100,0.42,0.00,0.46,131129,137963,123467
57489256,0.3500,-0.7000,-0.4550,-0.7796,-0.1979,0.6098,0.42,0.00,0.46,131140,137969,123469
57508788,0.1400,-0.7175,-0.4025,-0.7797,-0.1984,0.6099,0.42,0.00,0.46,131140,137959,123456
57529296,-0.0350,-0.7350,-0.4025,-0.7799,-0.1990,0.6099,0.42,0.00,0.46,131128,137971,123454
57548828,-0.0875,-0.6825,-0.3675,-0.7799,-0.1991,0.6100,0.42,0.00,0.47,131119,137974,123452
57569336,-0.1925,-0.7000,-0.3325,-0.7799,-0.1991,0.6099,0.42,0.00,0.47,131128,137965,123448
57588868,-0.1400,-0.7700,-0.3500,-0.7798,-0.1990,0.6098,0.42,0.00,0.46,131135,137959,123467
57609376,-0.0175,-0.7875,-0.3500,-0.7798,-0.1989,0.6095,0.42,0.00,0.46,131136,137964,123468
57639648,0.7350,-0.9975,-0.4025,-0.7798,-0.1989,0.6095,0.42,0.00,0.46,131143,137963,123467
57659180,1.2425,-1.1200,-0.3850,-0.7797,-0.1987,0.6098,0.42,0.00,0.46,131138,137966,123471
57679688,1.5400,-1.2075,-0.4200,-0.7796,-0.1985,0.6100,0.42,0.00,0.46,131129,137972,123463
57699216,1.4700,-1.1900,-0.4900,-0.7796,-0.1983,0.6100,0.42,0.00,0.46,131126,137966,123460
57719728,1.2600,-1.1200,-0.5250,-0.7795,-0.1980,0.6099,0.42,0.00,0.46,131138,137979,123474
57739256,0.9450,-1.0850,-0.5950,-0.7793,-0.1978,0.6095,0.42,0.00,0.46,131151,137983,123472
57758788,0.7525,-1.1200,-0.5775,-0.7792,-0.1976,0.6093,0.42,0.00,0.46,131144,137971,123467
57779296,1.2250,-1.2425,-0.6650,-0.7791,-0.1975,0.6100,0.42,0.00,0.46,131138,137973,123456
57798828,1.5575,-1.2775,-0.6825,-0.7791,-0.1976,0.6107,0.42,0.00,0.46,131137,137980,123457
57819336,1.7500,-1.2250,-0.7350,-0.7790,-0.1978,0.6115,0.42,0.00,0.46,131146,137982,123460
57838868,1.7850,-1.1200,-0.5775,-0.7791,-0.1980,0.6118,0.42,0.00,0.46,131151,137993,123479
57859376,1.6100,-1.1725,-0.5075,-0.7791,-0.1984,0.6120,0.42,0.00,0.46,131150,137992,123473
57878904,1.0675,-0.9800,-0.4725,-0.7791,-0.1987,0.6123,0.42,0.00,0.46,131142,137992,123483
57899416,0.8225,-0.8925,-0.4725,-0.7791,-0.1991,0.6129,0.42,0.00,0.46,131144,138003,123469
57918944,0.6300,-0.8050,-0.4025,-0.7792,-0.1995,0.6132,0.42,0.00,0.46,131145,138003,123469
57939452,0.4375,-0.7000,-0.4025,-0.7791,-0.1998,0.6133,0.42,0.00,0.46,131153,137999,123474
57958984,0.2100,-0.5950,-0.2975,-0.7791,-0.2000,0.6135,0.42,0.00,0.46,131152,137986,123486
57979492,0.0700,-0.5775,-0.2100,-0.7792,-0.2001,0.6140,0.42,0.00,0.46,131146,138000,123468
57999024,-0.0175,-0.5075,-0.1225,-0.7791,-0.2002,0.6146,0.42,0.00,0.46,131133,137990,123463
58019532,-0.3675,-0.3850,-0.1225,-0.7791,-0.2000,0.6144,0.42,0.00,0.46,131149,137999,123472
58039064,-0.6300,-0.2450,-0.1400,-0.7790,-0.1996,0.6138,0.42,0.00,0.46,131153,138002,123478
58059568,-0.8400,-0.2800,-0.1050,-0.7788,-0.1993,0.6132,0.42,0.00,0.46,131148,137988,123468
58079100,-0.6475,-0.4550,-0.0875,-0.7788,-0.1992,0.6129,0.42,0.00,0.47,131137,137980,123452
58099608,-0.3500,-0.5600,-0.1225,-0.7788,-0.1987,0.6127,0.42,0.00,0.46,131135,137984,123457
58119140,-0.1575,-0.5600,-0.1225,-0.7788,-0.1983,0.6124,0.42,0.00,0.46,131142,137990,123460
58139648,0.0525,-0.5775,-0.2275,-0.7787,-0.1978,0.6127,0.42,0.00,0.46,131150,137988,123476
58159180,0.2800,-0.6825,-0.3150,-0.7786,-0.1974,0.6128,0.42,0.00,0.46,131151,137986,123483
58179688,0.4550,-0.6650,-0.2800,-0.7786,-0.1972,0.6127,0.42,0.00,0.46,131141,137988,123470
58199216,0.6300,-0.7525,-0.2975,-0.7786,-0.1972,0.6124,0.42,0.00,0.46,131137,137976,123468
58219728,0.9800,-0.8050,-0.2975,-0.7787,-0.1975,0.6124,0.42,0.00,0.46,131144,137983,123464
58239256,1.0500,-0.7700,-0.2625,-0.7788,-0.1979,0.6124,0.42,0.00,0.46,131152,137988,123491
58258788,0.8225,-0.6825,-0.2275,-0.7791,-0.1983,0.6124,0.42,0.00,0.46,131153,137986,123483
58279296,0.1750,-0.5600,-0.1225,-0.7792,-0.1986,0.6120,0.42,0.00,0.46,131140,137985,123466
58298828,-0.6300,-0.5075,-0.1225,-0.7792,-0.1991,0.6117,0.42,0.00,0.46,131134,137985,123464
58319336,-1.0675,-0.4725,-0.0525,-0.7793,-0.1993,0.6116,0.42,0.00,0.46,131140,137974,123470
58338868,-1.2600,-0.3150,-0.0525,-0.7793,-0.1993,0.6121,0.42,0.00,0.46,131150,137978,123476
58359376,-1.0850,-0.3150,0.0350,-0.7792,-0.1993,0.6126,0.42,0.00,0.46,131147,137976,123455
58378904,-1.1025,-0.2975,0.0350,-0.7793,-0.1992,0.6127,0.42,0.00,0.46,131134,137965,123456
58399416,-1.1025,-0.3150,0.0000,-0.7793,-0.1990,0.6126,0.42,0.00,0.47,131125,137962,123447
58418944,-1.0150,-0.3325,-0.0700,-0.7792,-0.1986,0.6122,0.42,0.00,0.47,131133,137967,123446
58439452,-0.9975,-0.3325,-0.1225,-0.7791,-0.1981,0.6122,0.42,0.00,0.46,131144,137963,123464
58458984,-0.8400,-0.3850,-0.2625,-0.7790,-0.1972,0.6122,0.42,0.00,0.46,131137,137967,123474
58479492,-0.4025,-0.3850,-0.3675,-0.7788,-0.1967,0.6120,0.42,0.00,0.47,131134,137963,123438
58499024,0.0175,-0.4550,-0.4200,-0.7788,-0.1964,0.6118,0.42,0.00,0.47,131129,137960,123447
58519532,0.8575,-0.6125,-0.4900,-0.7790,-0.1967,0.6117,0.42,0.00,0.46,131132,137955,123459
58539064,1.1900,-0.8050,-0.4375,-0.7791,-0.1974,0.6112,0.42,0.00,0.46,131139,137962,123468
58559568,1.7325,-0.9800,-0.4025,-0.7792,-0.1984,0.6107,0.42,0.00,0.46,131140,137975,123461
58579100,1.6975,-0.9800,-0.2975,-0.7793,-0.1990,0.6107,0.42,0.00,0.46,131136,137968,123457
58599608,1.0850,-0.8575,-0.2625,-0.7795,-0.1995,0.6102,0.42,0.00,0.47,131133,137974,123447
58619140,0.2625,-0.8575,-0.2450,-0.7793,-0.1996,0.6093,0.42,0.00,0.47,131136,137968,123442
58649416,-0.5425,-0.6825,-0.1925,-0.7793,-0.1993,0.6093,0.42,0.00,0.46,131127,137963,123456
58668944,-0.5600,-0.5775,-0.1750,-0.7793,-0.1996,0.6105,0.42,0.00,0.47,131129,137968,123439
58689452,-0.0525,-0.4900,-0.1050,-0.7796,-0.2000,0.6121,0.42,0.00,0.46,131139,137966,123463
58708984,0.0525,-0.2800,-0.0350,-0.7797,-0.2003,0.6127,0.42,0.00,0.46,131137,137964,123476
58729492,-0.1750,-0.2975,0.0000,-0.7797,-0.2006,0.6127,0.42,0.00,0.47,131130,137965,123448
58749024,-0.7700,-0.2100,-0.0350,-0.7798,-0.2006,0.6121,0.42,0.00,0.47,131133,137970,123431
58769532,-1.0850,-0.2100,0.0525,-0.7798,-0.2006,0.6113,0.42,0.00,0.47,131135,137959,123438
58789064,-1.5050,-0.2100,-0.1400,-0.7798,-0.2002,0.6109,0.42,0.00,0.47,131136,137951,123443
58809568,-1.3650,-0.2450,-0.1050,-0.7796,-0.1992,0.6101,0.42,0.00,0.47,131140,137942,123445
58829100,-1.1900,-0.3675,-0.2275,-0.7796,-0.1986,0.6094,0.42,0.00,0.47,131125,137943,123443
58849608,-0.6300,-0.5950,-0.4025,-0.7793,-0.1980,0.6089,0.42,0.00,0.47,131119,137947,123433
58869140,0.1050,-0.7350,-0.4025,-0.7795,-0.1976,0.6088,0.42,0.00,0.47,131119,137954,123424
58889648,1.1200,-1.0150,-0.4725,-0.7793,-0.1974,0.6088,0.42,0.00,0.47,131139,137943,123451
58909180,2.1000,-1.1725,-0.5075,-0.7795,-0.1975,0.6093,0.42,0.00,0.46,131141,137948,123463
58929688,2.3975,-1.2075,-0.6475,-0.7796,-0.1978,0.6096,0.42,0.00,0.47,131128,137970,123442
58949216,2.2925,-1.1550,-0.5425,-0.7796,-0.1983,0.6098,0.42,0.00,0.46,131128,137961,123454
58969728,1.8725,-1.0500,-0.5250,-0.7796,-0.1984,0.6096,0.42,0.00,0.46,131133,137963,123456
58989256,0.8400,-0.9275,-0.5775,-0.7797,-0.1986,0.6090,0.42,0.00,0.46,131147,137965,123467
59008788,0.0525,-0.7700,-0.4900,-0.7797,-0.1990,0.6089,0.42,0.00,0.46,131142,137957,123454
59029296,-0.6125,-0.7350,-0.4375,-0.7798,-0.1995,0.6090,0.42,0.00,0.47,131133,137962,123450
59048828,-0.5075,-0.6475,-0.4550,-0.7798,-0.1998,0.6095,0.42,0.00,0.47,131127,137959,123441
59069336,-0.0350,-0.7350,-0.4375,-0.7798,-0.2000,0.6102,0.42,0.00,0.46,131138,137949,123454
59088868,0.4900,-0.8225,-0.3675,-0.7799,-0.2001,0.6109,0.42,0.00,0.46,131138,137955,123461
59109376,1.0675,-0.8400,-0.4200,-0.7798,-0.2001,0.6113,0.42,0.00,0.46,131136,137961,123459
59128904,1.2075,-0.8750,-0.4550,-0.7798,-0.2001,0.6113,0.42,0.00,0.47,131130,137969,123446
59149416,0.8750,-0.9100,-0.4025,-0.7797,-0.1996,0.6107,0.42,0.00,0.47,131126,137961,123443
59168944,0.6125,-0.9275,-0.4025,-0.7796,-0.1995,0.6106,0.42,0.00,0.47,131127,137967,123441
59189452,0.3675,-0.7700,-0.5075,-0.7795,-0.1993,0.6105,0.42,0.00,0.46,131146,137959,123459
59208984,0.2975,-0.7525,-0.4725,-0.7795,-0.1995,0.6106,0.42,0.00,0.46,131142,137969,123459
59229492,0.2100,-0.7875,-0.4550,-0.7795,-0.1997,0.6107,0.42,0.00,0.47,131133,137968,123450
59249024,0.2975,-0.7350,-0.3150,-0.7796,-0.2001,0.6109,0.42,0.00,0.47,131130,137967,123441
59269532,0.4900,-0.7000,-0.3150,-0.7797,-0.2004,0.6112,0.42,0.00,0.47,131133,137968,123442
59289064,0.4200,-0.7175,-0.2975,-0.7797,-0.2006,0.6112,0.42,0.00,0.46,131145,137976,123463
59309568,0.3325,-0.7525,-0.3150,-0.7797,-0.2007,0.6110,0.42,0.00,0.47,131141,137960,123447
59329100,0.2450,-0.7350,-0.2625,-0.7796,-0.2006,0.6106,0.42,0.00,0.47,131137,137968,123442
59349608,0.1050,-0.7525,-0.3150,-0.7796,-0.2004,0.6107,0.42,0.00,0.47,131126,137963,123428
59369140,0.3675,-0.7000,-0.1925,-0.7796,-0.2002,0.6113,0.42,0.00,0.46,131137,137971,123456
59389648,0.5775,-0.6300,-0.3500,-0.7795,-0.2000,0.6118,0.42,0.00,0.46,131138,137972,123457
59409180,0.4375,-0.6125,-0.3325,-0.7795,-0.1997,0.6120,0.42,0.00,0.46,131144,137971,123459
59429688,0.5425,-0.7175,-0.3325,-0.7793,-0.1996,0.6113,0.42,0.00,0.46,131132,137977,123454
59449216,0.3150,-0.8225,-0.2975,-0.7795,-0.1996,0.6106,0.42,0.00,0.47,131126,137972,123439
59469728,0.4200,-0.8925,-0.3325,-0.7795,-0.1995,0.6102,0.42,0.00,0.47,131134,137979,123446
59489256,0.6825,-0.9275,-0.4025,-0.7793,-0.1990,0.6105,0.42,0.00,0.46,131150,137975,123464
59508788,1.0500,-0.8400,-0.4200,-0.7791,-0.1986,0.6110,0.42,0.00,0.46,131148,137976,123463
59529296,0.9800,-0.9275,-0.4900,-0.7792,-0.1986,0.6112,0.42,0.00,0.47,131138,137975,123438
59548828,1.0325,-0.8225,-0.4375,-0.7791,-0.1986,0.6113,0.42,0.00,0.47,131127,137984,123450
59569336,0.7875,-0.8575,-0.4900,-0.7791,-0.1987,0.6112,0.42,0.00,0.47,131139,137981,123443
59588868,0.6825,-0.8225,-0.4200,-0.7791,-0.1989,0.6111,0.42,0.00,0.46,131148,137982,123468
59609376,0.6825,-0.7875,-0.3850,-0.7791,-0.1993,0.6116,0.42,0.01,0.46,131154,137987,123461
59628904,0.7700,-0.7175,-0.2975,-0.7792,-0.1996,0.6121,0.42,0.00,0.47,131139,137986,123447
59659180,0.5775,-0.6475,-0.2275,-0.7793,-0.2001,0.6122,0.42,0.00,0.46,131151,137980,123457
59679688,0.4550,-0.7175,-0.2100,-0.7796,-0.2003,0.6120,0.42,0.00,0.46,131136,137973,123454
59699216,0.1050,-0.5775,-0.1400,-0.7795,-0.2004,0.6120,0.42,0.00,0.47,131130,137986,123444
59719728,-0.4900,-0.5075,-0.1050,-0.7796,-0.2007,0.6117,0.42,0.00,0.46,131138,137980,123473
59739256,-0.9625,-0.4375,-0.0875,-0.7796,-0.2006,0.6116,0.42,0.00,0.46,131149,137969,123469
59758788,-0.8225,-0.3675,-0.1050,-0.7796,-0.2006,0.6116,0.42,0.00,0.46,131145,137974,123465
