30130860,5.6175,-0.3675,-0.9100,-0.7693,-0.1379,0.6288,-0.21,-0.31,-0.08,125984,127625,132440
30161132,2.6775,-1.1725,-1.0325,-0.7675,-0.1360,0.6173,-0.21,-0.31,-0.08,125989,127613,132445
30181640,3.4125,-2.1350,-1.0675,-0.7679,-0.1364,0.6144,-0.21,-0.31,-0.08,125987,127611,132429
30201172,6.2300,-3.5700,-1.1725,-0.7663,-0.1396,0.6157,-0.21,-0.31,-0.08,125994,127622,132420
30221680,12.7575,-4.9350,-0.5775,-0.7688,-0.1434,0.6178,-0.21,-0.31,-0.08,126009,127598,132376
30241210,15.8550,-5.4950,0.0875,-0.7730,-0.1438,0.6198,-0.21,-0.31,-0.08,126003,127606,132347
30261718,13.7200,-4.7600,0.6825,-0.7769,-0.1405,0.6218,-0.21,-0.31,-0.08,125981,127598,132308
30281250,9.0475,-3.5350,1.1900,-0.7823,-0.1337,0.6209,-0.21,-0.31,-0.08,125977,127600,132306
30301756,0.2800,-1.8025,1.9075,-0.7873,-0.1253,0.6193,-0.21,-0.31,-0.07,125984,127614,132300
30321288,-5.3550,-0.4375,2.5550,-0.7901,-0.1203,0.6201,-0.21,-0.31,-0.08,125989,127627,132315
30340820,-7.9625,0.5775,3.1325,-0.7908,-0.1187,0.6220,-0.21,-0.31,-0.08,125977,127638,132342
30361328,-9.1700,1.4350,3.4650,-0.7891,-0.1192,0.6238,-0.21,-0.31,-0.08,125952,127634,132352
30380860,-8.8375,1.8550,3.6225,-0.7840,-0.1204,0.6248,-0.21,-0.31,-0.08,125937,127655,132385
30401368,-14.8225,1.6100,2.0475,-0.7760,-0.1246,0.6251,-0.21,-0.31,-0.08,125951,127665,132408
30420898,-4.4275,-0.0875,0.4025,-0.7741,-0.1332,0.6271,-0.21,-0.31,-0.08,125960,127664,132409
30441406,2.2575,-1.4000,-0.3675,-0.7747,-0.1335,0.6283,-0.21,-0.31,-0.08,125955,127662,132394
30460936,7.1225,-2.4150,-0.0875,-0.7759,-0.1335,0.6301,-0.21,-0.31,-0.08,125946,127667,132379
30481444,9.1000,-2.5375,-0.0525,-0.7791,-0.1318,0.6290,-0.21,-0.31,-0.08,125933,127661,132359
30500976,-0.4025,-1.9075,-0.7875,-0.7847,-0.1237,0.6263,-0.21,-0.31,-0.08,125944,127662,132383
30521484,-4.0775,-1.5925,-1.4000,-0.7851,-0.1210,0.6250,-0.21,-0.31,-0.08,125960,127663,132374
30541016,-2.4325,-1.4875,-1.9075,-0.7825,-0.1222,0.6244,-0.21,-0.31,-0.08,125953,127653,132377
30561524,2.1175,-1.4175,-2.1175,-0.7796,-0.1258,0.6249,-0.21,-0.31,-0.08,125939,127642,132355
30581054,6.4750,-1.1025,-2.1350,-0.7784,-0.1287,0.6259,-0.21,-0.31,-0.08,125945,127637,132341
30601562,6.0375,-0.6125,-2.2575,-0.7788,-0.1290,0.6267,-0.21,-0.31,-0.08,125955,127641,132359
30621092,1.0675,0.4375,-2.1700,-0.7792,-0.1264,0.6290,-0.21,-0.31,-0.08,125973,127625,132364
30641600,-3.3600,1.2775,-2.0125,-0.7782,-0.1257,0.6288,-0.21,-0.31,-0.08,125968,127629,132364
30661132,-4.0425,1.8025,-1.7850,-0.7762,-0.1269,0.6268,-0.21,-0.31,-0.08,125963,127618,132386
30681640,-0.2625,2.1875,-1.3650,-0.7745,-0.1296,0.6243,-0.21,-0.31,-0.08,125963,127620,132386
30701172,4.4450,2.3975,-0.8750,-0.7730,-0.1316,0.6222,-0.21,-0.31,-0.08,125980,127621,132385
30721680,-8.4175,2.5550,-0.6650,-0.7730,-0.1286,0.6226,-0.21,-0.31,-0.08,125988,127612,132402
30741210,-8.9425,1.1025,-0.6125,-0.7768,-0.1232,0.6273,-0.21,-0.31,-0.08,125987,127624,132430
30761718,-0.3675,-0.7525,-0.4375,-0.7786,-0.1271,0.6307,-0.21,-0.31,-0.08,125973,127613,132419
30781250,6.1775,-2.0475,0.0000,-0.7784,-0.1321,0.6324,-0.21,-0.31,-0.08,125969,127614,132402
30801756,9.3975,-2.5200,0.5425,-0.7792,-0.1330,0.6315,-0.21,-0.31,-0.08,125975,127614,132373
30821288,8.6800,-2.3275,0.7700,-0.7801,-0.1302,0.6298,-0.21,-0.31,-0.08,125982,127621,132367
30840820,5.9325,-1.8725,0.7350,-0.7797,-0.1266,0.6281,-0.21,-0.31,-0.08,125979,127628,132355
30861328,0.8400,-1.0850,0.3325,-0.7788,-0.1243,0.6246,-0.21,-0.31,-0.08,125968,127620,132342
30880860,0.8925,-0.9275,0.0700,-0.7803,-0.1244,0.6243,-0.21,-0.31,-0.08,125964,127627,132351
30901368,1.9600,-1.0850,0.0175,-0.7820,-0.1241,0.6261,-0.21,-0.31,-0.08,125975,127631,132346
30920898,4.2175,-1.1725,0.1925,-0.7842,-0.1237,0.6273,-0.21,-0.31,-0.08,125983,127636,132350
30941406,2.7300,-0.7700,0.1925,-0.7845,-0.1232,0.6262,-0.21,-0.31,-0.08,125972,127622,132345
30960936,-1.3475,-0.0350,0.2625,-0.7826,-0.1213,0.6238,-0.21,-0.31,-0.08,125963,127640,132350
30981444,-2.1525,0.0000,-0.0700,-0.7815,-0.1208,0.6227,-0.21,-0.31,-0.08,125963,127641,132346
31000976,-1.6975,-0.2275,-0.2800,-0.7815,-0.1198,0.6223,-0.21,-0.31,-0.08,125973,127639,132364
31021484,-0.0700,-0.7700,-0.2800,-0.7819,-0.1197,0.6223,-0.21,-0.31,-0.08,125984,127638,132357
31041016,2.0475,-1.2600,-0.2450,-0.7819,-0.1202,0.6232,-0.21,-0.31,-0.08,125981,127639,132341
31061524,4.6900,-1.6625,-0.0525,-0.7829,-0.1199,0.6242,-0.21,-0.31,-0.08,125962,127627,132333
31081054,4.8125,-1.5400,-0.1400,-0.7826,-0.1190,0.6250,-0.21,-0.31,-0.08,125961,127640,132318
31101562,3.3600,-1.1725,-0.2800,-0.7821,-0.1180,0.6250,-0.21,-0.31,-0.08,125972,127634,132326
31121092,0.7175,-0.6125,-0.3150,-0.7817,-0.1168,0.6244,-0.21,-0.31,-0.08,125979,127621,132333
31141600,-2.2050,-0.0700,-0.5950,-0.7810,-0.1159,0.6235,-0.21,-0.31,-0.08,125971,127631,132333
31171876,-3.4125,0.0175,-0.5600,-0.7812,-0.1161,0.6231,-0.21,-0.31,-0.08,125983,127633,132346
31192382,-0.2275,-0.5775,-0.4375,-0.7819,-0.1179,0.6249,-0.21,-0.31,-0.08,125980,127633,132341
31211914,1.9950,-1.1025,-0.2275,-0.7821,-0.1193,0.6261,-0.21,-0.31,-0.08,125968,127625,132343
31232420,3.2375,-1.3125,-0.0525,-0.7821,-0.1200,0.6267,-0.21,-0.31,-0.08,125961,127629,132328
31251952,2.5025,-1.2075,-0.1400,-0.7814,-0.1199,0.6261,-0.21,-0.31,-0.08,125972,127634,132329
31272460,1.1900,-1.0325,-0.2100,-0.7807,-0.1190,0.6249,-0.21,-0.31,-0.08,125985,127642,132334
31291992,-0.5950,-0.9625,-0.4900,-0.7791,-0.1180,0.6242,-0.21,-0.31,-0.08,125978,127634,132318
31312500,0.5775,-1.1025,-0.5775,-0.7797,-0.1176,0.6242,-0.21,-0.31,-0.08,125963,127631,132312
31332032,2.1175,-1.3825,-0.4025,-0.7820,-0.1171,0.6245,-0.21,-0.31,-0.08,125957,127630,132303
31352540,3.3600,-1.5225,-0.3675,-0.7830,-0.1171,0.6261,-0.21,-0.31,-0.08,125970,127632,132319
31372070,3.5350,-1.2775,-0.2975,-0.7830,-0.1166,0.6273,-0.21,-0.31,-0.08,125984,127630,132303
31392578,0.1925,-0.8925,-0.2975,-0.7828,-0.1154,0.6271,-0.21,-0.31,-0.08,125971,127627,132315
31412108,0.1925,-0.2975,-0.0700,-0.7814,-0.1164,0.6268,-0.21,-0.31,-0.08,125967,127630,132306
31432616,0.2800,-0.0875,-0.0525,-0.7808,-0.1182,0.6266,-0.21,-0.31,-0.07,125966,127631,132294
31452148,-1.0150,-0.2450,-0.3325,-0.7807,-0.1182,0.6274,-0.21,-0.31,-0.08,125977,127634,132311
31472656,1.9075,-0.9100,-0.0875,-0.7809,-0.1188,0.6288,-0.21,-0.31,-0.08,125978,127635,132302
31492188,2.3275,-1.1550,-0.0350,-0.7801,-0.1198,0.6287,-0.21,-0.31,-0.07,125975,127637,132299
31512696,2.9575,-1.3125,-0.0350,-0.7792,-0.1203,0.6276,-0.21,-0.31,-0.07,125956,127643,132299
31532226,2.7300,-1.4175,0.0175,-0.7801,-0.1187,0.6267,-0.21,-0.31,-0.07,125954,127631,132283
31552734,3.5175,-1.4700,0.0525,-0.7809,-0.1179,0.6268,-0.21,-0.31,-0.07,125969,127636,132285
31572264,3.6750,-1.5225,0.0175,-0.7815,-0.1169,0.6267,-0.21,-0.31,-0.07,125981,127633,132273
31591796,2.8175,-1.4000,-0.1050,-0.7820,-0.1158,0.6261,-0.21,-0.31,-0.07,125975,127633,132255
31612304,2.3100,-1.4000,-0.2275,-0.7821,-0.1147,0.6259,-0.21,-0.31,-0.07,125963,127626,132254
31631836,1.8900,-1.4525,-0.3500,-0.7821,-0.1136,0.6249,-0.21,-0.31,-0.07,125962,127629,132263
31652344,3.1150,-1.6275,-0.5775,-0.7815,-0.1127,0.6242,-0.21,-0.31,-0.07,125968,127632,132251
31671876,3.6750,-1.8550,-0.6300,-0.7815,-0.1120,0.6249,-0.21,-0.31,-0.07,125975,127634,132248
31692382,2.6250,-2.1000,-0.6650,-0.7820,-0.1111,0.6257,-0.21,-0.31,-0.07,125969,127630,132240
31711914,2.4150,-2.1175,-0.5425,-0.7820,-0.1103,0.6276,-0.21,-0.31,-0.07,125963,127628,132238
31732420,1.9950,-2.2050,-0.4900,-0.7819,-0.1091,0.6292,-0.21,-0.31,-0.07,125954,127625,132224
31751952,-2.2050,-1.9775,-0.1050,-0.7814,-0.1078,0.6304,-0.21,-0.31,-0.07,125969,127622,132225
31772460,-2.5725,-1.8200,0.1225,-0.7803,-0.1083,0.6310,-0.21,-0.31,-0.07,125971,127620,132230
31791992,-1.2775,-1.7500,0.3150,-0.7790,-0.1096,0.6315,-0.21,-0.31,-0.07,125965,127623,132244
31812500,-0.2450,-1.6975,0.4550,-0.7779,-0.1111,0.6316,-0.21,-0.31,-0.07,125952,127624,132220
31832032,0.5950,-1.5925,0.6125,-0.7771,-0.1120,0.6320,-0.21,-0.31,-0.07,125945,127631,132218
31852540,0.4900,-1.3825,0.6475,-0.7765,-0.1115,0.6322,-0.21,-0.31,-0.07,125961,127634,132225
31872070,-0.6650,-1.0500,0.6475,-0.7764,-0.1108,0.6316,-0.21,-0.31,-0.07,125968,127638,132235
31892578,0.4375,-0.8750,0.5425,-0.7767,-0.1114,0.6312,-0.21,-0.31,-0.07,125959,127650,132230
31912108,2.0825,-0.8050,0.4900,-0.7770,-0.1118,0.6310,-0.21,-0.31,-0.07,125942,127641,132221
31932616,1.0150,-0.5425,0.2275,-0.7774,-0.1110,0.6307,-0.21,-0.31,-0.07,125935,127646,132201
31952148,-0.2800,-0.3150,0.0875,-0.7775,-0.1102,0.6305,-0.21,-0.31,-0.07,125958,127641,132216
31972656,0.0700,-0.1925,-0.2625,-0.7771,-0.1103,0.6306,-0.21,-0.31,-0.07,125963,127654,132227
31992188,0.8400,0.0000,-0.4550,-0.7767,-0.1115,0.6301,-0.21,-0.31,-0.07,125962,127646,132212
32012696,2.0650,-0.0175,-0.5425,-0.7767,-0.1118,0.6298,-0.21,-0.31,-0.07,125949,127640,132220
32032226,2.1525,0.1400,-0.8225,-0.7771,-0.1113,0.6296,-0.21,-0.31,-0.07,125949,127643,132213
32052734,1.9950,0.2625,-0.8750,-0.7776,-0.1104,0.6299,-0.21,-0.31,-0.07,125959,127638,132230
32072264,1.1025,0.3675,-0.9975,-0.7784,-0.1096,0.6298,-0.21,-0.31,-0.07,125967,127633,132229
32091796,0.5250,0.4200,-1.0850,-0.7786,-0.1091,0.6295,-0.21,-0.31,-0.07,125962,127629,132226
32112304,0.5600,0.3500,-1.2075,-0.7782,-0.1091,0.6293,-0.21,-0.31,-0.07,125953,127639,132229
32131836,0.8050,0.3150,-1.2600,-0.7779,-0.1088,0.6293,-0.21,-0.31,-0.07,125959,127626,132228
32152344,-2.6425,0.1050,-1.2250,-0.7779,-0.1075,0.6299,-0.21,-0.31,-0.07,125968,127637,132234
32182616,-1.2950,-0.4725,-0.9275,-0.7784,-0.1064,0.6315,-0.21,-0.31,-0.07,125961,127622,132228
32202148,1.0325,-0.8575,-0.7000,-0.7790,-0.1074,0.6317,-0.21,-0.31,-0.07,125974,127625,132252
32222656,1.9250,-1.2250,-0.3850,-0.7793,-0.1077,0.6318,-0.21,-0.31,-0.07,125978,127630,132235
32242188,0.5075,-1.1200,-0.3500,-0.7791,-0.1071,0.6320,-0.21,-0.31,-0.07,125971,127618,132228
32262696,-1.4000,-1.1375,-0.4200,-0.7784,-0.1068,0.6321,-0.21,-0.31,-0.07,125961,127618,132215
32282226,-1.5400,-1.1375,-0.4025,-0.7775,-0.1075,0.6318,-0.21,-0.31,-0.07,125956,127610,132228
32302734,-0.5775,-1.1375,-0.3325,-0.7769,-0.1086,0.6317,-0.21,-0.31,-0.07,125979,127626,132235
32322264,0.2625,-1.1375,-0.3150,-0.7771,-0.1093,0.6311,-0.21,-0.31,-0.07,125971,127617,132231
32341796,-0.2975,-0.9800,-0.4025,-0.7785,-0.1088,0.6309,-0.21,-0.31,-0.07,125969,127627,132234
32362304,-1.3125,-0.9275,-0.4725,-0.7788,-0.1081,0.6309,-0.21,-0.31,-0.07,125956,127623,132224
32381836,-1.1025,-0.7700,-0.5250,-0.7787,-0.1088,0.6309,-0.21,-0.31,-0.07,125958,127627,132234
32402344,0.3325,-0.7525,-0.6300,-0.7784,-0.1102,0.6306,-0.21,-0.31,-0.07,125968,127615,132242
32421876,1.7325,-0.7000,-0.6125,-0.7782,-0.1113,0.6305,-0.21,-0.31,-0.07,125977,127622,132235
32442382,1.7150,-0.6650,-0.7175,-0.7784,-0.1108,0.6306,-0.21,-0.31,-0.07,125970,127616,132225
32461914,0.0875,-0.3850,-0.7000,-0.7784,-0.1100,0.6306,-0.21,-0.31,-0.07,125971,127605,132224
32482420,-1.5750,-0.2275,-0.7000,-0.7785,-0.1097,0.6305,-0.21,-0.31,-0.07,125959,127618,132238
32501952,-0.5600,-0.0350,-0.6300,-0.7787,-0.1105,0.6307,-0.21,-0.31,-0.07,125970,127616,132233
32522460,0.7700,0.0175,-0.5075,-0.7791,-0.1118,0.6307,-0.21,-0.31,-0.07,125988,127620,132228
32541992,-1.4350,0.0350,-0.4550,-0.7793,-0.1115,0.6309,-0.21,-0.31,-0.07,125977,127617,132244
32562500,-0.1050,-0.5250,-0.1050,-0.7798,-0.1115,0.6320,-0.21,-0.31,-0.07,125962,127609,132229
32582032,0.8400,-0.8050,-0.1225,-0.7799,-0.1120,0.6316,-0.21,-0.31,-0.07,125969,127620,132241
32602540,1.7675,-1.0325,-0.0700,-0.7797,-0.1121,0.6311,-0.21,-0.31,-0.07,125978,127613,132232
32622070,0.7175,-0.9975,-0.2100,-0.7791,-0.1115,0.6303,-0.21,-0.31,-0.07,125984,127617,132229
32642578,1.3300,-1.1025,-0.2100,-0.7790,-0.1109,0.6300,-0.21,-0.31,-0.07,125974,127617,132231
32662108,0.5425,-0.9100,-0.2800,-0.7788,-0.1098,0.6294,-0.21,-0.31,-0.07,125964,127615,132221
32682616,-0.2275,-0.7700,-0.4375,-0.7786,-0.1091,0.6298,-0.21,-0.31,-0.07,125963,127619,132216
32702148,-0.3675,-0.7000,-0.4725,-0.7784,-0.1088,0.6305,-0.21,-0.31,-0.07,125979,127624,132228
32722656,-0.7700,-0.4725,-0.5250,-0.7785,-0.1092,0.6310,-0.21,-0.31,-0.07,125981,127617,132244
32742188,-0.6825,-0.4725,-0.4900,-0.7787,-0.1098,0.6315,-0.21,-0.31,-0.07,125980,127624,132228
32762696,-0.4025,-0.4550,-0.4550,-0.7791,-0.1103,0.6315,-0.21,-0.31,-0.07,125963,127608,132241
32782226,0.5950,-0.7700,-0.3150,-0.7792,-0.1108,0.6314,-0.21,-0.31,-0.07,125966,127616,132248
32802734,0.7525,-0.8400,-0.3500,-0.7786,-0.1114,0.6307,-0.21,-0.31,-0.07,125972,127615,132242
32822264,0.3325,-0.8750,-0.4025,-0.7774,-0.1119,0.6305,-0.21,-0.31,-0.07,125990,127610,132235
32841796,0.4200,-1.0325,-0.3500,-0.7767,-0.1124,0.6307,-0.21,-0.31,-0.07,125984,127618,132230
32862304,0.6650,-1.0150,-0.3675,-0.7769,-0.1125,0.6310,-0.21,-0.31,-0.07,125965,127614,132230
32881836,1.5575,-1.1725,-0.3500,-0.7776,-0.1120,0.6312,-0.21,-0.31,-0.07,125958,127603,132232
32902344,1.5575,-1.0325,-0.3150,-0.7793,-0.1108,0.6305,-0.21,-0.31,-0.07,125981,127611,132226
32921876,0.1400,-0.8925,-0.4550,-0.7806,-0.1099,0.6295,-0.21,-0.31,-0.07,125991,127623,132226
32942382,-0.1225,-0.8400,-0.4900,-0.7808,-0.1098,0.6290,-0.21,-0.31,-0.07,125979,127609,132232
32961914,0.5775,-0.8925,-0.6300,-0.7802,-0.1102,0.6290,-0.21,-0.31,-0.07,125972,127612,132233
32982420,0.2800,-0.7875,-0.6125,-0.7790,-0.1103,0.6292,-0.21,-0.31,-0.07,125968,127611,132226
33001952,-0.1050,-0.6825,-0.5775,-0.7781,-0.1105,0.6293,-0.21,-0.31,-0.07,125981,127607,132239
33022460,0.8750,-0.4725,-0.3500,-0.7776,-0.1105,0.6298,-0.21,-0.31,-0.07,125988,127600,132228
33041992,-1.1725,-0.2625,-0.4025,-0.7779,-0.1100,0.6305,-0.21,-0.31,-0.07,125982,127619,132237
33062500,-1.6450,-0.1750,-0.5075,-0.7782,-0.1102,0.6314,-0.21,-0.31,-0.07,125981,127608,132230
33082032,-0.9275,-0.2625,-0.4550,-0.7784,-0.1110,0.6324,-0.21,-0.31,-0.07,125968,127604,132233
33102540,-0.5775,-0.2800,-0.3850,-0.7778,-0.1118,0.6332,-0.21,-0.31,-0.07,125977,127604,132238
33122070,-0.9450,-0.1925,-0.4200,-0.7773,-0.1125,0.6334,-0.21,-0.31,-0.07,125991,127612,132243
33142578,-0.5250,-0.3850,-0.3325,-0.7765,-0.1139,0.6339,-0.21,-0.31,-0.07,125981,127612,132251
33162108,0.1750,-0.5775,-0.1750,-0.7764,-0.1146,0.6342,-0.21,-0.31,-0.07,125970,127607,132255
33192382,1.2250,-0.8225,-0.1575,-0.7767,-0.1154,0.6338,-0.21,-0.31,-0.07,125976,127606,132256
33211914,1.7850,-0.8750,-0.1225,-0.7776,-0.1152,0.6332,-0.21,-0.31,-0.07,125977,127620,132228
33232420,2.3625,-0.8925,-0.0525,-0.7786,-0.1144,0.6324,-0.21,-0.31,-0.07,125973,127618,132228
33251952,1.8550,-0.8225,0.1050,-0.7799,-0.1133,0.6305,-0.21,-0.31,-0.07,125976,127604,132233
33272460,0.7875,-0.5075,-0.0525,-0.7803,-0.1124,0.6293,-0.21,-0.31,-0.07,125989,127615,132229
33291992,-0.3850,-0.4375,-0.1750,-0.7801,-0.1115,0.6285,-0.21,-0.31,-0.07,125987,127616,132238
33312500,-0.5075,-0.4900,-0.2100,-0.7798,-0.1114,0.6279,-0.21,-0.31,-0.07,125969,127617,132234
33332032,-0.1050,-0.7000,-0.1575,-0.7796,-0.1113,0.6278,-0.21,-0.31,-0.07,125968,127605,132229
33352540,1.7850,-1.0500,-0.1225,-0.7801,-0.1110,0.6281,-0.21,-0.31,-0.07,125981,127604,132235
33372070,2.1175,-1.0850,-0.1400,-0.7810,-0.1104,0.6279,-0.21,-0.31,-0.07,125990,127619,132226
33392578,1.6450,-0.9800,-0.1575,-0.7810,-0.1096,0.6281,-0.21,-0.31,-0.07,125976,127609,132232
33412108,0.9625,-0.8225,-0.1050,-0.7810,-0.1087,0.6283,-0.21,-0.31,-0.07,125970,127612,132217
33432616,-0.1925,-0.5425,-0.1225,-0.7807,-0.1083,0.6285,-0.21,-0.31,-0.07,125972,127624,132225
33452148,-0.5600,-0.4375,-0.0875,-0.7806,-0.1087,0.6293,-0.21,-0.31,-0.07,125968,127618,132230
33472656,0.2450,-0.4375,-0.0350,-0.7804,-0.1092,0.6301,-0.21,-0.31,-0.07,125980,127623,132226
33492188,0.3325,-0.4375,0.0175,-0.7799,-0.1098,0.6305,-0.21,-0.31,-0.07,125978,127620,132233
33512696,0.7350,-0.6125,0.0175,-0.7793,-0.1102,0.6306,-0.21,-0.31,-0.07,125963,127627,132221
33532226,0.5425,-0.7175,-0.0875,-0.7785,-0.1105,0.6310,-0.21,-0.31,-0.07,125964,127618,132225
33552734,1.1375,-0.7875,-0.0700,-0.7781,-0.1110,0.6314,-0.21,-0.31,-0.07,125976,127619,132226
33572264,1.1200,-0.7175,-0.1400,-0.7782,-0.1114,0.6310,-0.21,-0.31,-0.07,125983,127627,132221
33591796,1.7500,-0.8400,0.0350,-0.7786,-0.1109,0.6307,-0.21,-0.31,-0.07,125981,127618,132222
33612304,1.1550,-0.7875,0.0000,-0.7786,-0.1103,0.6303,-0.21,-0.31,-0.07,125966,127617,132218
33631836,0.9975,-0.8050,-0.0525,-0.7785,-0.1099,0.6299,-0.21,-0.31,-0.07,125958,127609,132221
33652344,0.8750,-0.7700,-0.0175,-0.7782,-0.1103,0.6300,-0.21,-0.31,-0.07,125976,127622,132222
33671876,1.3650,-0.9450,0.0350,-0.7784,-0.1105,0.6309,-0.21,-0.31,-0.07,125977,127620,132230
33692384,1.6800,-0.9100,0.1400,-0.7791,-0.1102,0.6312,-0.21,-0.31,-0.07,125972,127624,132220
33711912,1.4000,-0.7875,0.3325,-0.7806,-0.1083,0.6307,-0.21,-0.31,-0.07,125961,127624,132215
33732420,0.7700,-0.5950,0.4550,-0.7807,-0.1074,0.6301,-0.21,-0.31,-0.07,125961,127622,132212
33751952,0.0000,-0.5425,0.5250,-0.7798,-0.1066,0.6296,-0.21,-0.31,-0.07,125966,127630,132207
33772460,-1.2950,-0.4375,0.4725,-0.7787,-0.1064,0.6293,-0.21,-0.31,-0.07,125975,127645,132221
33791992,-0.3850,-0.6300,0.3850,-0.7779,-0.1074,0.6301,-0.21,-0.31,-0.07,125961,127648,132220
33812500,1.0150,-0.9625,0.1750,-0.7774,-0.1076,0.6310,-0.21,-0.31,-0.07,125954,127626,132220
33832032,1.6275,-1.0675,0.1050,-0.7774,-0.1081,0.6317,-0.21,-0.31,-0.07,125954,127632,132222
33852540,1.5050,-1.0850,0.1050,-0.7778,-0.1080,0.6321,-0.21,-0.31,-0.07,125963,127642,132225
33872072,0.7000,-0.7700,0.2450,-0.7779,-0.1074,0.6317,-0.21,-0.31,-0.07,125964,127643,132221
33892576,-0.1400,-0.5425,0.3500,-0.7774,-0.1068,0.6318,-0.21,-0.31,-0.07,125956,127644,132222
33912108,-1.0675,-0.4725,0.0700,-0.7767,-0.1071,0.6323,-0.21,-0.31,-0.07,125951,127642,132209
33932616,-0.4025,-0.5250,-0.2975,-0.7767,-0.1078,0.6324,-0.21,-0.31,-0.07,125951,127636,132209
33952148,0.4200,-0.5600,-0.2275,-0.7769,-0.1081,0.6323,-0.21,-0.31,-0.07,125959,127640,132220
33972656,0.3150,-0.6475,-0.1575,-0.7774,-0.1077,0.6317,-0.21,-0.31,-0.07,125967,127655,132223
33992188,0.6650,-0.7700,-0.2100,-0.7778,-0.1070,0.6315,-0.21,-0.31,-0.07,125958,127643,132221
34012696,0.3325,-0.7000,-0.2450,-0.7780,-0.1061,0.6309,-0.21,-0.31,-0.07,125948,127642,132214
34032224,-0.4200,-0.6300,-0.3325,-0.7776,-0.1057,0.6305,-0.21,-0.31,-0.07,125953,127644,132217
34052736,-0.1400,-0.6825,-0.4200,-0.7779,-0.1055,0.6304,-0.21,-0.31,-0.07,125959,127642,132217
34072264,0.3850,-0.7525,-0.3500,-0.7786,-0.1057,0.6303,-0.21,-0.31,-0.07,125971,127652,132209
34091796,1.4700,-0.8925,-0.2625,-0.7790,-0.1057,0.6307,-0.21,-0.31,-0.07,125957,127645,132208
34112304,1.3650,-0.9800,-0.2975,-0.7791,-0.1057,0.6307,-0.21,-0.31,-0.07,125948,127651,132210
34131836,1.0675,-0.8925,-0.2975,-0.7791,-0.1057,0.6305,-0.21,-0.31,-0.07,125947,127644,132209
34152344,-0.1750,-0.6825,-0.3325,-0.7788,-0.1052,0.6303,-0.21,-0.31,-0.07,125959,127643,132218
34171876,-0.9800,-0.4200,-0.5075,-0.7786,-0.1047,0.6301,-0.21,-0.31,-0.07,125965,127649,132213
34202148,-0.5950,-0.5775,-0.3500,-0.7788,-0.1054,0.6306,-0.21,-0.31,-0.07,125957,127643,132221
34222656,0.5075,-0.7350,-0.2625,-0.7788,-0.1058,0.6312,-0.21,-0.31,-0.07,125969,127646,132217
34242188,0.4725,-0.7175,-0.2975,-0.7788,-0.1059,0.6312,-0.21,-0.31,-0.07,125962,127643,132210
34262696,0.4200,-0.8050,-0.2975,-0.7785,-0.1060,0.6314,-0.21,-0.31,-0.07,125948,127639,132205
34282224,-0.1925,-0.6825,-0.2800,-0.7785,-0.1058,0.6305,-0.21,-0.31,-0.07,125949,127632,132220
34302736,0.0175,-0.7175,-0.3850,-0.7785,-0.1058,0.6310,-0.21,-0.31,-0.07,125962,127644,132235
34322264,0.4025,-0.7350,-0.3500,-0.7787,-0.1060,0.6315,-0.21,-0.31,-0.07,125967,127651,132223
34341796,0.3150,-0.6475,-0.2450,-0.7791,-0.1061,0.6315,-0.21,-0.31,-0.07,125963,127646,132222
34362304,0.4725,-0.6650,-0.2275,-0.7793,-0.1061,0.6317,-0.21,-0.31,-0.07,125947,127640,132222
34381836,0.2275,-0.4900,-0.2275,-0.7795,-0.1059,0.6312,-0.21,-0.31,-0.07,125943,127632,132214
34402344,-0.6650,-0.4200,-0.3500,-0.7788,-0.1057,0.6307,-0.21,-0.31,-0.07,125958,127641,132221
34421876,-0.4025,-0.5425,-0.3150,-0.7784,-0.1057,0.6307,-0.21,-0.31,-0.07,125970,127635,132234
34442384,0.6125,-0.6825,-0.3150,-0.7787,-0.1061,0.6310,-0.21,-0.31,-0.07,125961,127645,132223
34461912,2.1700,-1.0150,-0.1925,-0.7792,-0.1064,0.6315,-0.21,-0.31,-0.07,125951,127645,132208
34482420,2.5200,-1.1550,-0.2625,-0.7793,-0.1064,0.6315,-0.21,-0.31,-0.07,125954,127644,132209
34501952,1.3650,-1.0325,-0.2275,-0.7793,-0.1054,0.6311,-0.21,-0.31,-0.07,125954,127643,132213
34522460,-1.9600,-0.7175,-0.2100,-0.7792,-0.1038,0.6311,-0.21,-0.31,-0.07,125963,127644,132227
34541992,-1.0325,-0.5425,-0.1225,-0.7791,-0.1046,0.6310,-0.21,-0.31,-0.07,125957,127642,132230
34562500,0.9800,-0.3325,-0.0525,-0.7787,-0.1063,0.6305,-0.21,-0.31,-0.07,125941,127635,132205
34582032,-0.1925,-0.2625,-0.0700,-0.7786,-0.1070,0.6307,-0.21,-0.31,-0.07,125945,127635,132211
34602540,-0.5250,-0.3675,-0.2275,-0.7785,-0.1066,0.6322,-0.21,-0.31,-0.07,125964,127651,132226
34622072,0.4200,-0.6125,-0.1750,-0.7785,-0.1070,0.6327,-0.21,-0.31,-0.07,125969,127653,132213
34642576,0.5950,-0.7000,-0.2100,-0.7781,-0.1078,0.6320,-0.21,-0.31,-0.07,125959,127645,132221
34662108,0.8750,-0.7875,-0.0700,-0.7784,-0.1081,0.6318,-0.21,-0.31,-0.07,125957,127656,132219
34682616,1.3300,-0.7875,-0.0350,-0.7788,-0.1075,0.6317,-0.21,-0.31,-0.07,125942,127642,132217
34702148,1.5575,-0.9100,-0.0700,-0.7791,-0.1065,0.6312,-0.21,-0.31,-0.07,125957,127654,132209
34722656,1.2600,-0.8575,-0.1225,-0.7788,-0.1058,0.6309,-0.21,-0.31,-0.07,125964,127654,132206
34742188,0.9450,-0.8050,-0.2450,-0.7787,-0.1049,0.6305,-0.21,-0.31,-0.07,125959,127643,132208
34762696,1.0850,-0.8925,-0.2800,-0.7788,-0.1047,0.6304,-0.21,-0.31,-0.07,125943,127649,132197
34782224,1.0675,-0.9800,-0.2275,-0.7787,-0.1044,0.6305,-0.21,-0.31,-0.07,125946,127636,132201
34802736,1.5575,-1.0325,-0.2450,-0.7788,-0.1046,0.6305,-0.21,-0.31,-0.07,125947,127639,132195
34822264,1.7150,-1.0500,-0.2450,-0.7791,-0.1048,0.6309,-0.21,-0.31,-0.07,125964,127646,132209
34841796,2.0300,-1.0675,-0.1750,-0.7795,-0.1048,0.6312,-0.21,-0.31,-0.07,125959,127641,132195
34862304,0.6650,-0.7700,0.1225,-0.7797,-0.1030,0.6312,-0.21,-0.31,-0.07,125940,127647,132195
34881836,-1.1200,-0.3850,0.2275,-0.7795,-0.1021,0.6314,-0.21,-0.31,-0.07,125945,127643,132192
34902344,-2.0825,-0.1925,0.4025,-0.7790,-0.1020,0.6312,-0.21,-0.31,-0.07,125953,127654,132214
34921876,-2.8525,-0.1750,0.2450,-0.7782,-0.1032,0.6311,-0.21,-0.31,-0.07,125963,127648,132201
34942384,-0.2800,-0.4900,-0.1925,-0.7781,-0.1052,0.6316,-0.21,-0.31,-0.07,125953,127650,132201
34961912,0.7525,-0.8400,-0.2975,-0.7779,-0.1047,0.6320,-0.21,-0.31,-0.07,125949,127638,132204
34982420,2.3275,-1.2775,-0.2625,-0.7779,-0.1049,0.6322,-0.21,-0.31,-0.07,125943,127660,132196
35001952,1.9950,-1.1375,-0.2450,-0.7779,-0.1050,0.6323,-0.21,-0.31,-0.07,125950,127650,132196
35022460,1.6100,-0.9275,-0.1925,-0.7782,-0.1044,0.6323,-0.21,-0.31,-0.07,125958,127653,132195
35041992,0.4725,-0.6825,-0.1575,-0.7784,-0.1035,0.6317,-0.21,-0.31,-0.07,125960,127652,132199
35062500,-0.7875,-0.5775,-0.2450,-0.7784,-0.1030,0.6312,-0.21,-0.31,-0.07,125942,127645,132200
35082032,-0.8225,-0.5250,-0.4375,-0.7786,-0.1026,0.6307,-0.21,-0.31,-0.07,125939,127648,132186
35102540,-0.1575,-0.7525,-0.4725,-0.7785,-0.1026,0.6309,-0.21,-0.31,-0.07,125952,127646,132199
35122072,1.2775,-1.0675,-0.3325,-0.7788,-0.1032,0.6315,-0.21,-0.31,-0.07,125959,127655,132200
35142576,2.4850,-1.2600,-0.2800,-0.7792,-0.1037,0.6321,-0.21,-0.31,-0.07,125954,127657,132190
35162108,2.7825,-1.1900,-0.1750,-0.7797,-0.1033,0.6322,-0.21,-0.31,-0.07,125940,127657,132187
35182616,0.3150,-1.0150,-0.1225,-0.7801,-0.1015,0.6320,-0.21,-0.31,-0.07,125938,127648,132194
35212888,-2.6425,-0.5250,-0.0350,-0.7791,-0.1008,0.6312,-0.21,-0.31,-0.07,125940,127651,132187
35233400,-0.0875,-0.4550,0.0000,-0.7782,-0.1030,0.6307,-0.21,-0.31,-0.07,125941,127665,132187
35252928,2.4325,-0.4725,0.0525,-0.7774,-0.1048,0.6307,-0.21,-0.31,-0.07,125949,127653,132200
35273436,-1.5050,-0.5600,-0.2275,-0.7776,-0.1037,0.6320,-0.21,-0.31,-0.07,125957,127647,132192
35292968,0.0525,-0.7525,-0.2800,-0.7779,-0.1038,0.6327,-0.21,-0.31,-0.07,125952,127644,132204
35313476,0.6300,-0.8750,-0.3150,-0.7785,-0.1038,0.6323,-0.21,-0.31,-0.07,125932,127655,132190
35333008,0.2100,-0.6650,-0.2975,-0.7786,-0.1035,0.6320,-0.21,-0.31,-0.07,125939,127650,132199
35353516,0.0175,-0.5950,-0.3325,-0.7787,-0.1031,0.6318,-0.21,-0.31,-0.07,125954,127646,132196
35373048,0.3675,-0.6475,-0.3500,-0.7784,-0.1030,0.6320,-0.21,-0.31,-0.07,125962,127647,132205
35393552,0.1400,-0.6825,-0.3675,-0.7779,-0.1030,0.6321,-0.21,-0.31,-0.07,125953,127646,132209
35413084,0.5775,-0.7875,-0.2975,-0.7776,-0.1035,0.6322,-0.21,-0.31,-0.07,125940,127658,132196
35433592,1.1200,-0.8925,-0.2800,-0.7781,-0.1030,0.6321,-0.21,-0.31,-0.07,125943,127654,132196
35453124,0.9800,-0.9275,-0.3850,-0.7780,-0.1027,0.6321,-0.21,-0.31,-0.07,125957,127651,132203
35473632,0.1575,-0.7875,-0.4200,-0.7781,-0.1024,0.6315,-0.21,-0.31,-0.07,125954,127651,132200
35493164,-0.2275,-0.5950,-0.3675,-0.7785,-0.1026,0.6315,-0.21,-0.31,-0.07,125951,127652,132196
35513672,-0.1050,-0.5775,-0.3850,-0.7787,-0.1027,0.6318,-0.21,-0.31,-0.07,125934,127648,132196
35533204,0.5250,-0.6475,-0.2625,-0.7791,-0.1032,0.6322,-0.21,-0.31,-0.07,125946,127651,132200
35553712,0.8400,-0.7000,-0.2275,-0.7793,-0.1031,0.6323,-0.21,-0.31,-0.07,125947,127651,132200
35573240,0.6825,-0.7000,-0.2625,-0.7788,-0.1027,0.6322,-0.21,-0.31,-0.07,125954,127658,132206
35593752,-0.3325,-0.6125,-0.3325,-0.7784,-0.1026,0.6322,-0.21,-0.31,-0.07,125950,127650,132191
35613280,-0.7875,-0.4200,-0.3675,-0.7779,-0.1025,0.6320,-0.21,-0.31,-0.07,125940,127639,132184
35632812,-1.3125,-0.3675,-0.4025,-0.7778,-0.1026,0.6317,-0.21,-0.31,-0.07,125940,127645,132197
35653320,0.2625,-0.7525,-0.3325,-0.7781,-0.1032,0.6322,-0.21,-0.31,-0.07,125952,127649,132195
35672852,1.5925,-1.0675,-0.2800,-0.7784,-0.1037,0.6324,-0.21,-0.31,-0.07,125958,127650,132191
35693360,2.1875,-1.1900,-0.2625,-0.7786,-0.1041,0.6323,-0.21,-0.31,-0.07,125942,127654,132199
35712888,2.1175,-1.1550,-0.1575,-0.7788,-0.1039,0.6322,-0.21,-0.31,-0.07,125937,127653,132195
35733400,1.4700,-1.0500,-0.2800,-0.7788,-0.1032,0.6321,-0.21,-0.31,-0.07,125943,127659,132184
35752928,-0.0875,-0.7175,-0.3325,-0.7788,-0.1026,0.6315,-0.21,-0.31,-0.07,125952,127654,132186
35773436,-1.2075,-0.4025,-0.3325,-0.7792,-0.1025,0.6306,-0.21,-0.31,-0.07,125957,127657,132190
35792968,-0.2975,-0.7000,-0.3500,-0.7792,-0.1030,0.6310,-0.21,-0.31,-0.07,125954,127655,132192
35813476,1.0500,-0.8925,-0.3150,-0.7788,-0.1033,0.6317,-0.21,-0.31,-0.07,125936,127652,132173
35833008,2.2925,-1.2250,-0.2800,-0.7787,-0.1033,0.6324,-0.21,-0.31,-0.07,125940,127646,132181
35853516,1.8550,-1.1200,-0.2800,-0.7787,-0.1025,0.6322,-0.21,-0.31,-0.07,125957,127648,132191
35873048,-0.5425,-0.8750,-0.2625,-0.7786,-0.1010,0.6320,-0.21,-0.31,-0.07,125961,127654,132201
35893552,-1.6975,-0.5600,-0.2450,-0.7780,-0.1011,0.6317,-0.21,-0.31,-0.07,125945,127647,132190
35913084,0.6650,-0.4025,-0.0875,-0.7776,-0.1027,0.6315,-0.21,-0.31,-0.07,125937,127652,132178
35933592,-1.2600,-0.4725,-0.2975,-0.7774,-0.1028,0.6322,-0.21,-0.31,-0.07,125939,127653,132195
35953124,0.1050,-0.6475,-0.4025,-0.7774,-0.1037,0.6340,-0.21,-0.31,-0.07,125958,127660,132196
35973632,0.7875,-0.8225,-0.3850,-0.7771,-0.1039,0.6344,-0.21,-0.31,-0.07,125959,127643,132192
35993164,0.8575,-0.8400,-0.3850,-0.7767,-0.1047,0.6344,-0.21,-0.31,-0.07,125943,127649,132184
36013672,-0.3150,-0.6125,-0.4025,-0.7767,-0.1042,0.6344,-0.21,-0.31,-0.07,125938,127639,132187
36033204,0.0000,-0.4725,-0.4200,-0.7768,-0.1039,0.6342,-0.21,-0.31,-0.07,125943,127637,132197
36053712,-0.7700,-0.3325,-0.3850,-0.7770,-0.1036,0.6335,-0.21,-0.31,-0.07,125959,127651,132197
36073240,-0.9275,-0.4025,-0.4200,-0.7770,-0.1039,0.6335,-0.21,-0.31,-0.07,125957,127648,132201
36093752,0.2625,-0.5775,-0.3500,-0.7776,-0.1039,0.6334,-0.21,-0.31,-0.07,125941,127652,132186
36113280,1.6800,-0.8400,-0.3675,-0.7782,-0.1043,0.6333,-0.21,-0.31,-0.07,125934,127643,132179
36132812,1.6625,-0.9625,-0.2100,-0.7786,-0.1039,0.6327,-0.21,-0.31,-0.07,125941,127654,132188
36153320,1.2075,-0.9275,-0.2975,-0.7786,-0.1033,0.6320,-0.21,-0.31,-0.07,125955,127648,132191
36172852,1.1725,-0.8750,-0.2625,-0.7788,-0.1027,0.6312,-0.21,-0.31,-0.07,125962,127654,132180
36193360,0.7525,-0.9450,-0.2975,-0.7790,-0.1025,0.6306,-0.21,-0.31,-0.07,125949,127657,132171
36223632,1.4525,-1.0150,-0.2275,-0.7796,-0.1027,0.6310,-0.21,-0.31,-0.07,125958,127665,132169
36243164,2.0300,-1.0850,-0.1925,-0.7801,-0.1025,0.6314,-0.21,-0.31,-0.07,125953,127648,132181
36263672,1.3475,-1.0150,-0.1575,-0.7806,-0.1021,0.6312,-0.21,-0.31,-0.07,125939,127647,132171
36283204,1.1550,-0.7350,-0.2275,-0.7804,-0.1020,0.6315,-0.21,-0.31,-0.07,125945,127648,132167
36303712,-0.5950,-0.3500,-0.2275,-0.7797,-0.1010,0.6312,-0.21,-0.31,-0.07,125956,127656,132160
36323240,-0.5950,-0.2975,-0.2800,-0.7786,-0.1005,0.6315,-0.21,-0.31,-0.07,125959,127652,132170
36343752,-1.2075,-0.4200,-0.4200,-0.7771,-0.1014,0.6324,-0.21,-0.31,-0.07,125948,127648,132175
36363280,0.2450,-0.6475,-0.2975,-0.7769,-0.1021,0.6332,-0.21,-0.31,-0.07,125939,127651,132166
36382812,1.8550,-0.9975,-0.1400,-0.7773,-0.1030,0.6339,-0.21,-0.31,-0.07,125941,127650,132175
36403320,3.0975,-1.3475,-0.1575,-0.7776,-0.1035,0.6342,-0.21,-0.31,-0.07,125954,127656,132180
36422852,3.5175,-1.5050,-0.1050,-0.7778,-0.1028,0.6340,-0.21,-0.31,-0.07,125960,127659,132171
36443360,2.2575,-1.2075,-0.0525,-0.7774,-0.1019,0.6338,-0.21,-0.31,-0.07,125944,127653,132153
36462888,-1.5750,-0.6650,-0.2450,-0.7765,-0.1000,0.6333,-0.21,-0.31,-0.07,125931,127652,132167
36483400,-0.3150,-0.4550,-0.2275,-0.7767,-0.1008,0.6328,-0.21,-0.31,-0.07,125936,127651,132166
36502928,-0.6825,-0.3675,-0.2975,-0.7775,-0.1011,0.6324,-0.21,-0.31,-0.07,125950,127646,132183
36523436,0.2975,-0.6300,-0.3325,-0.7782,-0.1007,0.6334,-0.21,-0.31,-0.07,125961,127658,132165
36542968,1.2600,-0.8225,-0.3675,-0.7786,-0.1007,0.6334,-0.21,-0.31,-0.07,125951,127647,132169
36563476,0.2100,-0.5600,-0.5075,-0.7781,-0.1007,0.6322,-0.21,-0.31,-0.07,125932,127642,132173
36583008,-1.0500,-0.4725,-0.5425,-0.7774,-0.1003,0.6320,-0.21,-0.31,-0.07,125939,127647,132184
36603516,-1.5050,-0.3675,-0.4725,-0.7768,-0.0998,0.6320,-0.21,-0.31,-0.07,125961,127652,132173
36623048,-1.1550,-0.5075,-0.5075,-0.7769,-0.1000,0.6322,-0.21,-0.31,-0.07,125963,127658,132178
36643552,0.0350,-0.8400,-0.4550,-0.7770,-0.1009,0.6329,-0.21,-0.31,-0.07,125949,127650,132167
36663084,1.2775,-1.0150,-0.3500,-0.7774,-0.1016,0.6337,-0.21,-0.31,-0.07,125945,127642,132165
36683592,1.7850,-0.9800,-0.2625,-0.7779,-0.1016,0.6339,-0.21,-0.31,-0.07,125948,127642,132162
36703124,0.8925,-0.8750,-0.2450,-0.7779,-0.1009,0.6339,-0.21,-0.31,-0.07,125952,127648,132157
36723632,-0.0875,-0.5250,-0.3150,-0.7776,-0.1005,0.6337,-0.21,-0.31,-0.07,125959,127652,132173
36743164,-1.3475,-0.2275,-0.4025,-0.7769,-0.1009,0.6334,-0.21,-0.31,-0.07,125959,127654,132175
36763672,-1.1725,-0.2275,-0.4200,-0.7767,-0.1013,0.6337,-0.21,-0.31,-0.07,125942,127652,132160
36783204,-0.2625,-0.4550,-0.2450,-0.7770,-0.1021,0.6342,-0.21,-0.31,-0.07,125952,127656,132157
36803712,2.3800,-1.0675,-0.1400,-0.7778,-0.1030,0.6349,-0.21,-0.31,-0.07,125956,127647,132182
36823240,3.3075,-1.3300,-0.0525,-0.7780,-0.1033,0.6345,-0.21,-0.31,-0.07,125960,127655,132158
36843752,2.5550,-1.2075,-0.0875,-0.7780,-0.1028,0.6335,-0.21,-0.31,-0.07,125956,127655,132145
36863280,0.5950,-0.9625,-0.2450,-0.7781,-0.1011,0.6324,-0.21,-0.31,-0.07,125940,127653,132151
36882812,-1.1025,-0.6475,-0.4900,-0.7785,-0.0996,0.6314,-0.21,-0.31,-0.07,125940,127656,132157
36903320,-0.9275,-0.4900,-0.5950,-0.7790,-0.0993,0.6305,-0.21,-0.31,-0.07,125949,127649,132169
36922852,1.4000,-0.2275,-0.7175,-0.7793,-0.0993,0.6295,-0.21,-0.31,-0.07,125967,127656,132173
36943360,-0.2100,-0.3325,-0.8225,-0.7796,-0.0986,0.6307,-0.21,-0.31,-0.07,125951,127639,132177
36962888,-0.1925,-0.4550,-0.7000,-0.7796,-0.0981,0.6317,-0.21,-0.31,-0.07,125943,127640,132175
36983400,-0.4725,-0.4025,-0.6125,-0.7788,-0.0983,0.6321,-0.21,-0.31,-0.07,125943,127633,132169
37002928,-0.8050,-0.4725,-0.4900,-0.7774,-0.0987,0.6327,-0.21,-0.31,-0.07,125961,127641,132171
37023436,-0.4725,-0.6650,-0.4725,-0.7760,-0.1000,0.6335,-0.21,-0.31,-0.07,125965,127637,132187
37042968,-0.1050,-0.8225,-0.5075,-0.7752,-0.1010,0.6345,-0.21,-0.31,-0.07,125958,127638,132183
37063476,0.7350,-1.0500,-0.5250,-0.7746,-0.1024,0.6359,-0.21,-0.31,-0.07,125953,127634,132178
37083008,1.2425,-0.9800,-0.4375,-0.7743,-0.1035,0.6366,-0.21,-0.31,-0.07,125945,127635,132174
37103516,1.6800,-1.0325,-0.3500,-0.7751,-0.1039,0.6371,-0.21,-0.31,-0.07,125963,127632,132183
37123048,1.7500,-0.9975,-0.1400,-0.7760,-0.1037,0.6371,-0.21,-0.31,-0.07,125975,127649,132174
37143552,0.8750,-0.7000,-0.1925,-0.7771,-0.1032,0.6361,-0.21,-0.31,-0.07,125954,127643,132158
37163084,0.1925,-0.4375,-0.1925,-0.7776,-0.1027,0.6346,-0.21,-0.31,-0.07,125948,127637,132164
37183592,-0.4200,-0.3325,-0.2275,-0.7778,-0.1022,0.6339,-0.21,-0.31,-0.07,125955,127640,132162
37203124,0.3150,-0.6650,-0.2625,-0.7778,-0.1022,0.6333,-0.21,-0.31,-0.07,125969,127652,132170
37233400,2.5725,-1.2775,-0.3850,-0.7785,-0.1030,0.6326,-0.21,-0.31,-0.07,125954,127639,132153
37252928,3.9900,-1.3825,-0.4200,-0.7802,-0.1027,0.6315,-0.21,-0.31,-0.07,125961,127635,132153
37273436,3.0975,-1.4350,-0.5075,-0.7825,-0.1003,0.6304,-0.21,-0.31,-0.07,125970,127649,132156
37292968,1.1725,-1.3825,-0.7700,-0.7832,-0.0988,0.6298,-0.21,-0.31,-0.06,125959,127635,132122
37313476,1.4175,-1.5225,-0.8225,-0.7830,-0.0988,0.6300,-0.21,-0.31,-0.06,125947,127636,132126
37333008,1.7325,-1.6625,-0.8225,-0.7818,-0.0991,0.6305,-0.21,-0.31,-0.06,125953,127635,132114
37353516,1.3475,-1.8200,-0.7875,-0.7804,-0.0988,0.6314,-0.21,-0.31,-0.06,125968,127644,132131
37373048,0.7525,-1.9250,-0.6825,-0.7793,-0.0983,0.6329,-0.21,-0.31,-0.06,125967,127639,132135
37393552,0.1925,-1.9425,-0.4375,-0.7791,-0.0981,0.6337,-0.21,-0.31,-0.06,125959,127641,132119
37413084,1.4875,-2.1000,-0.3150,-0.7786,-0.0983,0.6346,-0.21,-0.31,-0.06,125943,127636,132118
37433592,1.3825,-2.2225,-0.1925,-0.7778,-0.0980,0.6355,-0.21,-0.31,-0.06,125953,127627,132104
37453124,0.0525,-2.2575,-0.1050,-0.7759,-0.0976,0.6367,-0.21,-0.31,-0.06,125959,127634,132105
37473632,-0.6475,-2.2575,0.0000,-0.7745,-0.0974,0.6377,-0.21,-0.31,-0.06,125957,127643,132099
37493164,-1.3825,-2.1875,0.1750,-0.7725,-0.0981,0.6385,-0.21,-0.31,-0.06,125946,127647,132106
37513672,0.4550,-2.1175,0.2800,-0.7720,-0.0991,0.6395,-0.21,-0.31,-0.06,125944,127646,132087
37533204,0.7875,-1.9600,0.4025,-0.7720,-0.0989,0.6400,-0.21,-0.31,-0.06,125941,127647,132075
37553712,-1.1025,-1.6800,0.4375,-0.7724,-0.0983,0.6400,-0.21,-0.31,-0.06,125953,127646,132095
37573240,-2.4850,-1.3300,0.2975,-0.7724,-0.0977,0.6399,-0.21,-0.31,-0.06,125963,127661,132098
37593752,-1.3300,-0.9975,0.2100,-0.7721,-0.0986,0.6385,-0.21,-0.31,-0.06,125945,127656,132079
37613280,-0.4900,-0.8925,0.0875,-0.7720,-0.0992,0.6372,-0.21,-0.31,-0.06,125941,127665,132080
37632812,0.2100,-0.6825,-0.1050,-0.7720,-0.0996,0.6362,-0.21,-0.31,-0.06,125935,127642,132095
37653320,0.5075,-0.3675,-0.2800,-0.7729,-0.0996,0.6353,-0.21,-0.31,-0.06,125946,127659,132091
37672852,0.4900,-0.0350,-0.5600,-0.7740,-0.0994,0.6344,-0.21,-0.31,-0.06,125954,127656,132100
37693360,0.5775,0.1050,-0.7350,-0.7749,-0.0992,0.6339,-0.21,-0.31,-0.06,125950,127646,132108
37712888,0.8750,0.3675,-0.9275,-0.7754,-0.0992,0.6337,-0.21,-0.31,-0.06,125940,127648,132097
37733400,0.7350,0.6300,-0.9800,-0.7754,-0.0991,0.6334,-0.21,-0.31,-0.06,125945,127649,132096
37752928,0.6825,0.7700,-1.1725,-0.7749,-0.0992,0.6334,-0.21,-0.31,-0.06,125955,127646,132097
37773436,0.9625,0.9450,-1.1375,-0.7745,-0.0998,0.6335,-0.21,-0.31,-0.06,125966,127643,132119
37792968,1.3300,0.9100,-1.1725,-0.7740,-0.1004,0.6339,-0.21,-0.31,-0.06,125961,127649,132104
37813476,2.1875,0.9800,-1.1550,-0.7740,-0.1005,0.6345,-0.21,-0.31,-0.06,125951,127637,132112
37833008,1.7500,0.9625,-0.9275,-0.7745,-0.0998,0.6356,-0.21,-0.31,-0.06,125952,127633,132104
37853516,0.9100,0.8750,-0.7875,-0.7747,-0.0993,0.6364,-0.21,-0.31,-0.06,125970,127637,132130
37873048,0.2275,0.7700,-0.7525,-0.7746,-0.0989,0.6372,-0.21,-0.31,-0.06,125975,127642,132126
37893552,0.0700,0.6650,-0.5425,-0.7743,-0.0989,0.6381,-0.21,-0.31,-0.07,125964,127627,132138
37913084,0.2625,0.4200,-0.4550,-0.7740,-0.0991,0.6385,-0.21,-0.31,-0.06,125960,127640,132129
37933592,0.4550,0.2800,-0.4200,-0.7737,-0.0993,0.6387,-0.21,-0.31,-0.07,125959,127629,132143
37953124,0.2100,-0.1750,-0.2275,-0.7740,-0.0991,0.6383,-0.21,-0.31,-0.06,125972,127641,132135
37973632,0.1225,-0.2625,-0.2800,-0.7745,-0.0988,0.6383,-0.21,-0.31,-0.06,125974,127632,132134
37993164,0.1050,-0.4725,-0.1575,-0.7752,-0.0987,0.6383,-0.21,-0.31,-0.07,125972,127634,132147
38013672,-0.0875,-0.5250,-0.1225,-0.7757,-0.0986,0.6378,-0.21,-0.31,-0.06,125952,127635,132132
38033204,0.1575,-0.6650,-0.2275,-0.7762,-0.0991,0.6375,-0.21,-0.31,-0.07,125961,127633,132140
38053712,0.5950,-0.8400,-0.2625,-0.7768,-0.0999,0.6366,-0.21,-0.31,-0.06,125975,127636,132136
38073240,1.4525,-0.9100,-0.2275,-0.7774,-0.1002,0.6361,-0.21,-0.31,-0.06,125981,127642,132136
38093752,1.1725,-0.9800,-0.1925,-0.7782,-0.0998,0.6355,-0.21,-0.31,-0.06,125969,127629,132135
38113280,-0.4900,-0.8575,-0.1750,-0.7790,-0.0986,0.6349,-0.21,-0.31,-0.06,125954,127633,132130
38132812,-1.3825,-0.7700,-0.1925,-0.7793,-0.0978,0.6342,-0.21,-0.31,-0.07,125958,127634,132152
38153320,-0.5250,-0.8050,-0.0700,-0.7791,-0.0980,0.6334,-0.21,-0.31,-0.06,125973,127638,132136
38172852,0.8050,-0.7000,-0.0875,-0.7787,-0.0985,0.6329,-0.21,-0.31,-0.06,125972,127649,132130
38193360,1.3125,-0.5950,0.0000,-0.7780,-0.0987,0.6327,-0.21,-0.31,-0.07,125966,127646,132144
38212888,0.7700,-0.5775,0.0875,-0.7779,-0.0982,0.6329,-0.21,-0.31,-0.06,125959,127632,132136
38243164,-1.1200,-0.5775,-0.0350,-0.7779,-0.0978,0.6338,-0.21,-0.31,-0.06,125969,127634,132126
38263672,-0.0875,-0.6475,-0.1925,-0.7778,-0.0986,0.6344,-0.21,-0.31,-0.07,125947,127634,132139
38283204,0.4375,-0.7000,-0.2450,-0.7775,-0.0992,0.6348,-0.21,-0.31,-0.07,125949,127634,132139
38303712,0.6300,-0.7700,-0.2975,-0.7769,-0.0998,0.6349,-0.21,-0.31,-0.06,125969,127651,132125
38323240,0.6125,-0.7000,-0.2275,-0.7768,-0.0997,0.6350,-0.21,-0.31,-0.07,125972,127641,132140
38343752,0.5425,-0.7875,-0.2625,-0.7767,-0.0994,0.6350,-0.21,-0.31,-0.06,125962,127636,132126
38363280,0.1400,-0.7175,-0.2800,-0.7764,-0.0991,0.6348,-0.21,-0.31,-0.06,125953,127636,132129
38382812,0.0000,-0.7875,-0.3325,-0.7764,-0.0988,0.6343,-0.21,-0.31,-0.07,125951,127639,132143
38403320,0.2450,-0.7875,-0.3850,-0.7768,-0.0987,0.6339,-0.21,-0.31,-0.06,125971,127639,132130
38422852,0.4200,-0.8575,-0.4550,-0.7768,-0.0987,0.6340,-0.21,-0.31,-0.07,125976,127644,132149
38443360,0.6475,-0.8050,-0.4900,-0.7771,-0.0988,0.6342,-0.21,-0.31,-0.06,125958,127638,132134
38462888,0.6125,-0.7700,-0.4025,-0.7776,-0.0988,0.6343,-0.21,-0.31,-0.06,125953,127634,132134
38483400,1.0500,-0.7700,-0.3675,-0.7781,-0.0991,0.6342,-0.21,-0.31,-0.06,125960,127627,132133
38502928,0.6125,-0.6825,-0.4025,-0.7782,-0.0989,0.6338,-0.21,-0.31,-0.06,125971,127641,132135
38523436,-1.1375,-0.6125,-0.4725,-0.7781,-0.0981,0.6334,-0.21,-0.31,-0.07,125979,127641,132140
38542968,-0.7000,-0.4900,-0.4900,-0.7784,-0.0981,0.6333,-0.21,-0.31,-0.06,125963,127641,132132
38563476,0.8575,-0.5775,-0.4550,-0.7781,-0.0987,0.6334,-0.21,-0.31,-0.06,125953,127644,132129
38583008,1.5750,-0.5775,-0.4550,-0.7779,-0.0992,0.6335,-0.21,-0.31,-0.07,125955,127641,132138
38603516,1.1375,-0.5425,-0.4550,-0.7775,-0.0987,0.6338,-0.21,-0.31,-0.06,125970,127643,132127
38623048,-0.3325,-0.4200,-0.4900,-0.7773,-0.0978,0.6338,-0.21,-0.31,-0.06,125977,127631,132135
38643552,-0.4375,-0.5075,-0.4200,-0.7768,-0.0982,0.6339,-0.21,-0.31,-0.07,125967,127636,132149
38663084,-0.3850,-0.5250,-0.4550,-0.7763,-0.0986,0.6340,-0.21,-0.31,-0.07,125951,127629,132143
38683592,-0.6300,-0.5600,-0.3675,-0.7762,-0.0988,0.6344,-0.21,-0.31,-0.07,125960,127632,132139
38703124,0.2100,-0.7875,-0.3325,-0.7764,-0.0993,0.6349,-0.21,-0.31,-0.06,125977,127634,132136
38723632,1.2950,-0.9450,-0.2100,-0.7767,-0.0999,0.6354,-0.21,-0.31,-0.07,125977,127639,132140
38743164,1.7850,-1.1025,-0.1925,-0.7771,-0.1003,0.6353,-0.21,-0.31,-0.06,125965,127641,132127
38763672,0.7525,-1.0500,-0.1750,-0.7781,-0.0994,0.6346,-0.21,-0.31,-0.06,125955,127629,132135
38783204,-0.7700,-0.9625,-0.1750,-0.7782,-0.0986,0.6343,-0.21,-0.31,-0.06,125959,127639,132132
38803712,-1.5575,-0.8575,-0.3675,-0.7782,-0.0985,0.6337,-0.21,-0.31,-0.07,125970,127627,132138
38823240,-0.5950,-0.9100,-0.3500,-0.7782,-0.0989,0.6333,-0.21,-0.31,-0.07,125975,127637,132138
38843752,0.4725,-0.8050,-0.4725,-0.7782,-0.0994,0.6327,-0.21,-0.31,-0.06,125965,127637,132125
38863280,1.4175,-0.9100,-0.5425,-0.7784,-0.0987,0.6324,-0.21,-0.31,-0.06,125955,127626,132134
38882812,0.0350,-0.7875,-0.6300,-0.7786,-0.0976,0.6326,-0.21,-0.31,-0.06,125957,127632,132129
38903320,-0.8050,-0.8750,-0.7350,-0.7787,-0.0972,0.6327,-0.21,-0.31,-0.06,125977,127634,132129
38922852,-0.8400,-0.9100,-0.8750,-0.7785,-0.0971,0.6331,-0.21,-0.31,-0.07,125975,127617,132143
38943360,-0.5775,-1.0150,-0.8750,-0.7782,-0.0974,0.6335,-0.21,-0.31,-0.07,125972,127633,132138
38962888,-0.6475,-1.0150,-0.9625,-0.7778,-0.0981,0.6339,-0.21,-0.31,-0.06,125967,127625,132133
38983400,0.0525,-0.9975,-0.9625,-0.7763,-0.0998,0.6344,-0.21,-0.31,-0.06,125962,127628,132129
39002928,0.2975,-0.9800,-0.7700,-0.7752,-0.1003,0.6353,-0.21,-0.31,-0.06,125974,127622,132134
39023436,-1.0500,-0.7175,-0.7175,-0.7746,-0.1003,0.6360,-0.21,-0.31,-0.07,125980,127632,132139
39042968,-1.3300,-0.5425,-0.5950,-0.7742,-0.1010,0.6364,-0.21,-0.31,-0.07,125979,127627,132148
39063476,-0.1575,-0.2625,-0.4025,-0.7738,-0.1019,0.6365,-0.21,-0.31,-0.07,125966,127625,132143
39083008,0.4025,-0.0525,-0.2800,-0.7740,-0.1025,0.6362,-0.21,-0.31,-0.06,125963,127624,132134
39103516,0.6300,0.5250,-0.1225,-0.7745,-0.1032,0.6355,-0.21,-0.31,-0.07,125986,127624,132142
39123048,1.1725,0.7175,-0.0350,-0.7747,-0.1037,0.6351,-0.21,-0.31,-0.07,125983,127621,132148
39143552,1.8025,0.9800,0.0000,-0.7748,-0.1042,0.6350,-0.21,-0.31,-0.07,125979,127621,132146
39163084,-4.9000,1.1550,-0.1575,-0.7759,-0.1028,0.6349,-0.21,-0.31,-0.07,125966,127618,132157
39183592,-4.6375,0.6300,-0.2625,-0.7765,-0.1020,0.6366,-0.21,-0.31,-0.07,125973,127622,132173
39203124,-1.7325,0.0350,-0.2100,-0.7778,-0.1026,0.6364,-0.21,-0.31,-0.07,125985,127630,132178
39223632,0.8575,-0.5425,0.0175,-0.7780,-0.1038,0.6355,-0.21,-0.31,-0.07,125993,127633,132172
39253904,2.0650,-0.7525,0.1225,-0.7796,-0.1025,0.6339,-0.21,-0.31,-0.07,125981,127631,132156
39274416,2.1175,-0.7875,0.0175,-0.7795,-0.1020,0.6337,-0.21,-0.31,-0.07,125985,127644,132162
39293944,1.9950,-0.7000,-0.0525,-0.7793,-0.1016,0.6329,-0.21,-0.31,-0.07,125976,127642,132149
39314452,1.1025,-0.7350,-0.1575,-0.7795,-0.1010,0.6312,-0.21,-0.31,-0.07,125963,127627,132153
39333984,1.0675,-0.7875,-0.1750,-0.7793,-0.1005,0.6306,-0.21,-0.31,-0.07,125968,127639,132143
39354492,1.0850,-0.8400,-0.1575,-0.7792,-0.1004,0.6301,-0.21,-0.31,-0.07,125986,127644,132152
39374024,1.1025,-0.9100,-0.2100,-0.7793,-0.1005,0.6298,-0.21,-0.31,-0.07,125990,127638,132155
39394532,1.4000,-1.0850,-0.1750,-0.7792,-0.1009,0.6300,-0.21,-0.31,-0.07,125974,127636,132152
39414064,1.8725,-1.0675,-0.1575,-0.7792,-0.1010,0.6303,-0.21,-0.31,-0.07,125965,127638,132142
39434568,2.4675,-1.3300,-0.0700,-0.7793,-0.1015,0.6310,-0.21,-0.31,-0.06,125971,127644,132126
39454100,2.7125,-1.3300,0.0700,-0.7795,-0.1013,0.6315,-0.21,-0.31,-0.07,125977,127639,132138
39474608,2.1525,-1.1200,0.0000,-0.7797,-0.1005,0.6316,-0.21,-0.31,-0.06,125979,127640,132131
39494140,1.2425,-0.8575,-0.0175,-0.7798,-0.0998,0.6317,-0.21,-0.31,-0.06,125968,127632,132123
39514648,1.0675,-0.7175,-0.1050,-0.7796,-0.0994,0.6320,-0.21,-0.31,-0.06,125961,127634,132129
39534180,0.9800,-0.6650,-0.2625,-0.7791,-0.0988,0.6318,-0.21,-0.31,-0.06,125960,127639,132122
39554688,0.8925,-0.8225,-0.2100,-0.7778,-0.0983,0.6322,-0.21,-0.31,-0.06,125980,127637,132135
39574216,1.7325,-1.1200,-0.2800,-0.7775,-0.0981,0.6327,-0.21,-0.31,-0.06,125981,127649,132127
39594728,1.9250,-1.2075,-0.2625,-0.7775,-0.0978,0.6329,-0.21,-0.31,-0.06,125967,127633,132109
39614256,1.7150,-1.0675,-0.3150,-0.7776,-0.0977,0.6328,-0.21,-0.31,-0.06,125958,127649,132112
39633788,0.7000,-0.8225,-0.3325,-0.7778,-0.0972,0.6327,-0.21,-0.31,-0.06,125966,127636,132116
39654296,-0.2800,-0.5600,-0.3675,-0.7778,-0.0970,0.6328,-0.21,-0.31,-0.06,125976,127647,132117
39673828,-0.3325,-0.5075,-0.3150,-0.7780,-0.0970,0.6327,-0.21,-0.31,-0.06,125980,127654,132110
39694336,0.0525,-0.6650,-0.2800,-0.7780,-0.0976,0.6331,-0.21,-0.31,-0.06,125971,127644,132115
39713868,0.9800,-0.9275,-0.1925,-0.7779,-0.0982,0.6335,-0.21,-0.31,-0.06,125964,127638,132113
39734376,1.5400,-0.9450,-0.1225,-0.7779,-0.0983,0.6338,-0.21,-0.31,-0.06,125966,127649,132104
39753904,1.5575,-1.0150,-0.1575,-0.7778,-0.0980,0.6337,-0.21,-0.31,-0.06,125978,127642,132108
39774416,0.3850,-0.7525,-0.3150,-0.7778,-0.0970,0.6332,-0.21,-0.31,-0.06,125975,127645,132104
39793944,-0.3500,-0.5250,-0.2975,-0.7778,-0.0964,0.6331,-0.21,-0.31,-0.06,125971,127651,132106
39814452,-0.6125,-0.4550,-0.2975,-0.7776,-0.0966,0.6329,-0.21,-0.31,-0.06,125960,127634,132118
39833984,-0.0525,-0.5775,-0.2975,-0.7779,-0.0971,0.6329,-0.21,-0.31,-0.06,125963,127643,132109
39854492,1.0850,-0.9100,-0.1225,-0.7784,-0.0975,0.6333,-0.21,-0.31,-0.06,125978,127657,132101
39874024,1.9075,-1.0500,-0.1400,-0.7782,-0.0972,0.6334,-0.21,-0.31,-0.06,125973,127644,132113
39894532,1.5750,-1.1025,-0.1575,-0.7778,-0.0966,0.6333,-0.21,-0.31,-0.06,125966,127646,132105
39914064,0.7875,-0.8575,-0.2275,-0.7780,-0.0960,0.6329,-0.21,-0.31,-0.06,125957,127643,132109
39934568,0.3150,-0.5950,-0.1925,-0.7782,-0.0954,0.6331,-0.21,-0.31,-0.06,125967,127642,132103
39954100,-0.6825,-0.5425,-0.1225,-0.7781,-0.0947,0.6333,-0.21,-0.31,-0.06,125975,127647,132109
39974608,-0.2100,-0.5075,-0.2100,-0.7778,-0.0948,0.6340,-0.21,-0.31,-0.06,125973,127638,132110
39994140,0.2275,-0.6300,-0.2800,-0.7770,-0.0954,0.6346,-0.21,-0.31,-0.06,125963,127642,132097
40014648,0.2975,-0.6125,-0.2800,-0.7765,-0.0954,0.6346,-0.21,-0.31,-0.06,125963,127642,132092
40034180,-0.2450,-0.5950,-0.3850,-0.7762,-0.0954,0.6345,-0.21,-0.31,-0.06,125963,127650,132097
40054688,-0.5250,-0.5250,-0.4200,-0.7758,-0.0959,0.6345,-0.21,-0.31,-0.06,125972,127648,132108
40074216,-0.3150,-0.6475,-0.3675,-0.7762,-0.0959,0.6348,-0.21,-0.31,-0.06,125982,127647,132114
40094728,0.9625,-0.8050,-0.2625,-0.7770,-0.0961,0.6350,-0.21,-0.31,-0.06,125966,127633,132109
40114256,1.0150,-0.8400,-0.2100,-0.7776,-0.0964,0.6348,-0.21,-0.31,-0.06,125949,127638,132100
40133788,0.8400,-0.7175,-0.1750,-0.7778,-0.0960,0.6340,-0.21,-0.31,-0.06,125962,127644,132089
40154296,-0.4725,-0.5250,-0.3325,-0.7776,-0.0954,0.6334,-0.21,-0.31,-0.06,125978,127646,132108
40173828,-0.8750,-0.4725,-0.4025,-0.7775,-0.0948,0.6329,-0.21,-0.31,-0.06,125974,127654,132121
40194336,-0.8225,-0.4550,-0.3500,-0.7774,-0.0946,0.6327,-0.21,-0.31,-0.06,125962,127646,132102
40213868,-0.1925,-0.6825,-0.3675,-0.7774,-0.0948,0.6327,-0.21,-0.31,-0.06,125961,127637,132114
40234376,0.8050,-0.8750,-0.3325,-0.7776,-0.0952,0.6332,-0.21,-0.31,-0.06,125966,127647,132119
40264648,1.2600,-1.0500,-0.3150,-0.7776,-0.0953,0.6334,-0.21,-0.31,-0.06,125956,127633,132099
40284180,1.2250,-0.9450,-0.3675,-0.7776,-0.0953,0.6335,-0.21,-0.31,-0.06,125964,127643,132101
40304688,0.8575,-0.9450,-0.3675,-0.7776,-0.0953,0.6337,-0.21,-0.31,-0.06,125982,127650,132108
40324216,0.7350,-0.7700,-0.3150,-0.7775,-0.0952,0.6340,-0.21,-0.31,-0.06,125985,127641,132101
40344728,0.3500,-0.7350,-0.3500,-0.7775,-0.0953,0.6342,-0.21,-0.31,-0.06,125963,127643,132112
40364256,0.5425,-0.5950,-0.2800,-0.7775,-0.0953,0.6344,-0.21,-0.31,-0.06,125955,127636,132100
40383788,0.1575,-0.7000,-0.3500,-0.7774,-0.0952,0.6343,-0.21,-0.31,-0.06,125959,127640,132103
40404296,-0.1750,-0.5425,-0.3325,-0.7774,-0.0952,0.6342,-0.21,-0.31,-0.06,125975,127645,132114
40423828,-0.8925,-0.4725,-0.3675,-0.7774,-0.0952,0.6339,-0.21,-0.31,-0.06,125980,127643,132117
40444336,-0.8750,-0.4375,-0.4025,-0.7774,-0.0950,0.6337,-0.21,-0.31,-0.06,125967,127642,132110
40463868,-0.3850,-0.5600,-0.3850,-0.7774,-0.0952,0.6337,-0.21,-0.31,-0.06,125959,127629,132114
40484376,0.3325,-0.6650,-0.3150,-0.7774,-0.0958,0.6339,-0.21,-0.31,-0.06,125967,127644,132121
40503904,0.6125,-0.7525,-0.3325,-0.7776,-0.0961,0.6338,-0.21,-0.31,-0.06,125976,127650,132126
40524416,1.2950,-0.8925,-0.2450,-0.7776,-0.0963,0.6342,-0.21,-0.31,-0.06,125981,127649,132106
40543944,1.7325,-1.0325,-0.2100,-0.7776,-0.0964,0.6343,-0.21,-0.31,-0.06,125962,127646,132105
40564452,1.9600,-1.0500,-0.2275,-0.7776,-0.0964,0.6340,-0.21,-0.31,-0.06,125961,127646,132105
40583984,1.2600,-0.9975,-0.2100,-0.7774,-0.0959,0.6338,-0.21,-0.31,-0.06,125969,127643,132101
40604492,0.3325,-0.7875,-0.2975,-0.7773,-0.0954,0.6334,-0.21,-0.31,-0.06,125976,127646,132100
40624024,-0.4725,-0.6125,-0.3325,-0.7773,-0.0952,0.6334,-0.21,-0.31,-0.06,125973,127651,132109
40644532,-0.3150,-0.5775,-0.2975,-0.7771,-0.0950,0.6340,-0.21,-0.31,-0.06,125962,127649,132106
40664064,0.4025,-0.7175,-0.3325,-0.7774,-0.0952,0.6349,-0.21,-0.31,-0.06,125950,127645,132109
40684568,0.6125,-0.7000,-0.2450,-0.7775,-0.0956,0.6351,-0.21,-0.31,-0.06,125960,127641,132096
40704100,0.4200,-0.6650,-0.2450,-0.7775,-0.0954,0.6351,-0.21,-0.31,-0.06,125975,127640,132105
40724608,-0.0700,-0.5250,-0.3150,-0.7773,-0.0947,0.6346,-0.21,-0.31,-0.06,125979,127649,132101
40744140,-0.6825,-0.4725,-0.3500,-0.7770,-0.0942,0.6339,-0.21,-0.31,-0.06,125965,127647,132104
40764648,-1.0325,-0.3675,-0.3675,-0.7768,-0.0941,0.6334,-0.21,-0.31,-0.06,125957,127637,132104
40784180,-1.1900,-0.4375,-0.5250,-0.7770,-0.0943,0.6332,-0.21,-0.31,-0.06,125963,127642,132110
40804688,0.4025,-0.7700,-0.3500,-0.7774,-0.0954,0.6342,-0.21,-0.31,-0.06,125981,127644,132115
40824216,1.1900,-0.9100,-0.2800,-0.7776,-0.0960,0.6343,-0.21,-0.31,-0.06,125982,127644,132115
40844728,1.5575,-0.9975,-0.2100,-0.7775,-0.0961,0.6346,-0.21,-0.31,-0.06,125963,127650,132108
40864256,0.8750,-0.8400,-0.2625,-0.7774,-0.0958,0.6342,-0.21,-0.31,-0.06,125961,127645,132109
40883788,-0.0525,-0.6300,-0.2800,-0.7774,-0.0954,0.6337,-0.21,-0.31,-0.06,125964,127638,132110
40904296,-0.8925,-0.5075,-0.3150,-0.7771,-0.0953,0.6334,-0.21,-0.31,-0.06,125973,127642,132108
40923828,-0.3325,-0.4900,-0.3150,-0.7771,-0.0954,0.6337,-0.21,-0.31,-0.06,125981,127643,132112
40944336,0.2975,-0.7000,-0.3675,-0.7773,-0.0958,0.6344,-0.21,-0.31,-0.06,125965,127637,132109
40963868,0.9275,-0.7875,-0.2625,-0.7773,-0.0959,0.6346,-0.21,-0.31,-0.06,125959,127641,132096
40984376,0.9450,-0.8225,-0.2450,-0.7774,-0.0960,0.6343,-0.21,-0.31,-0.06,125967,127633,132106
41003904,0.9450,-0.8750,-0.2625,-0.7773,-0.0959,0.6339,-0.21,-0.31,-0.06,125973,127649,132117
41024416,1.0500,-0.8750,-0.2625,-0.7773,-0.0958,0.6339,-0.21,-0.31,-0.06,125985,127637,132106
41043944,0.7875,-0.8925,-0.2450,-0.7771,-0.0956,0.6338,-0.21,-0.31,-0.06,125973,127652,132097
41064452,0.5775,-0.8050,-0.2975,-0.7771,-0.0956,0.6339,-0.21,-0.31,-0.06,125956,127642,132089
41083984,0.3500,-0.7000,-0.2800,-0.7773,-0.0954,0.6342,-0.21,-0.31,-0.06,125973,127646,132113
41104492,0.2625,-0.7000,-0.2975,-0.7774,-0.0950,0.6345,-0.21,-0.31,-0.06,125973,127645,132117
41124024,0.2450,-0.5950,-0.3150,-0.7773,-0.0949,0.6346,-0.21,-0.31,-0.06,125978,127644,132110
41144532,-0.1225,-0.4900,-0.4025,-0.7771,-0.0949,0.6345,-0.21,-0.31,-0.06,125972,127643,132096
41164064,-0.0350,-0.5950,-0.4375,-0.7771,-0.0949,0.6345,-0.21,-0.31,-0.06,125956,127640,132113
41184568,-0.1050,-0.5950,-0.3675,-0.7771,-0.0953,0.6346,-0.21,-0.31,-0.06,125964,127643,132112
41204100,0.7875,-0.6650,-0.2450,-0.7774,-0.0959,0.6349,-0.21,-0.31,-0.06,125975,127644,132105
41224608,1.2075,-0.8225,-0.1225,-0.7774,-0.0961,0.6351,-0.21,-0.31,-0.06,125976,127648,132108
41244140,1.7150,-0.9800,-0.2275,-0.7775,-0.0958,0.6356,-0.21,-0.31,-0.06,125969,127643,132101
41274416,0.3150,-0.7000,-0.2275,-0.7774,-0.0955,0.6339,-0.21,-0.31,-0.06,125978,127635,132112
41293944,-0.6125,-0.5250,-0.2975,-0.7774,-0.0953,0.6335,-0.21,-0.31,-0.06,125971,127639,132112
41314452,-0.9800,-0.4725,-0.2450,-0.7774,-0.0954,0.6334,-0.21,-0.31,-0.06,125963,127632,132108
41333984,-0.2275,-0.6825,-0.2275,-0.7775,-0.0955,0.6338,-0.21,-0.31,-0.06,125965,127649,132091
41354492,0.8750,-0.8750,-0.1750,-0.7776,-0.0954,0.6344,-0.21,-0.31,-0.06,125974,127649,132088
41374024,2.1875,-1.1375,-0.1750,-0.7779,-0.0954,0.6350,-0.21,-0.31,-0.06,125979,127643,132101
41394532,2.2925,-1.0850,-0.1575,-0.7780,-0.0949,0.6350,-0.21,-0.31,-0.06,125958,127644,132092
41414064,1.2950,-0.7700,-0.1575,-0.7781,-0.0942,0.6348,-0.21,-0.31,-0.06,125961,127649,132091
41434568,0.1750,-0.6125,-0.1750,-0.7779,-0.0935,0.6346,-0.21,-0.31,-0.06,125964,127647,132099
41454100,-0.6475,-0.3325,-0.2100,-0.7774,-0.0935,0.6346,-0.21,-0.31,-0.06,125974,127643,132109
41474608,-0.9625,-0.3150,-0.3500,-0.7767,-0.0939,0.6349,-0.21,-0.31,-0.06,125979,127649,132101
41494140,-0.3325,-0.4725,-0.3675,-0.7764,-0.0939,0.6351,-0.21,-0.31,-0.06,125971,127643,132101
41514648,0.0000,-0.6650,-0.2625,-0.7769,-0.0948,0.6349,-0.21,-0.31,-0.06,125958,127639,132106
41534180,0.8575,-0.8050,-0.1575,-0.7770,-0.0953,0.6350,-0.21,-0.31,-0.06,125962,127649,132101
41554688,1.1375,-0.8400,-0.1575,-0.7771,-0.0953,0.6353,-0.21,-0.31,-0.06,125971,127636,132097
41574216,1.0325,-0.8575,-0.1400,-0.7774,-0.0949,0.6353,-0.21,-0.31,-0.06,125979,127639,132099
41594728,0.3850,-0.6825,-0.2100,-0.7773,-0.0946,0.6348,-0.21,-0.31,-0.06,125964,127637,132099
41614256,-0.5600,-0.5425,-0.2800,-0.7771,-0.0937,0.6338,-0.21,-0.31,-0.06,125950,127647,132096
41633788,-0.3500,-0.5775,-0.3500,-0.7771,-0.0932,0.6339,-0.21,-0.31,-0.06,125959,127640,132113
41654296,0.2275,-0.7000,-0.3850,-0.7769,-0.0932,0.6342,-0.21,-0.31,-0.06,125970,127648,132121
41673828,0.7175,-0.8050,-0.3150,-0.7771,-0.0935,0.6344,-0.21,-0.31,-0.06,125985,127646,132108
41694336,1.0150,-0.8400,-0.2625,-0.7773,-0.0937,0.6349,-0.21,-0.31,-0.06,125965,127647,132104
41713868,0.9800,-0.8050,-0.2975,-0.7773,-0.0936,0.6349,-0.21,-0.31,-0.06,125957,127640,132097
41734376,0.0700,-0.6650,-0.2975,-0.7771,-0.0935,0.6346,-0.21,-0.31,-0.06,125963,127648,132105
41753904,-0.0175,-0.6475,-0.2625,-0.7771,-0.0937,0.6345,-0.21,-0.31,-0.06,125976,127648,132097
41774416,-0.1750,-0.6300,-0.3500,-0.7771,-0.0939,0.6345,-0.21,-0.31,-0.06,125974,127643,132114
41793944,-0.0875,-0.6475,-0.3500,-0.7771,-0.0941,0.6349,-0.21,-0.31,-0.06,125964,127639,132091
41814452,-0.3150,-0.5250,-0.2800,-0.7771,-0.0939,0.6346,-0.21,-0.31,-0.06,125958,127643,132106
41833984,-0.6125,-0.4900,-0.2975,-0.7771,-0.0937,0.6344,-0.21,-0.31,-0.06,125965,127641,132101
41854492,-0.7700,-0.4725,-0.3500,-0.7771,-0.0936,0.6344,-0.21,-0.31,-0.06,125974,127651,132104
41874024,-0.5075,-0.4725,-0.3850,-0.7771,-0.0937,0.6346,-0.21,-0.31,-0.06,125976,127644,132110
41894532,-0.2800,-0.5950,-0.4025,-0.7771,-0.0939,0.6346,-0.21,-0.31,-0.06,125969,127640,132118
41914064,0.0350,-0.6125,-0.3500,-0.7773,-0.0944,0.6344,-0.21,-0.31,-0.06,125957,127639,132117
41934568,0.5425,-0.6825,-0.2800,-0.7774,-0.0948,0.6345,-0.21,-0.31,-0.06,125968,127642,132108
41954100,1.0325,-0.7700,-0.2975,-0.7775,-0.0950,0.6348,-0.21,-0.31,-0.06,125982,127642,132108
41974608,0.8050,-0.8225,-0.2450,-0.7774,-0.0950,0.6343,-0.21,-0.31,-0.06,125975,127637,132114
41994140,0.0000,-0.6125,-0.2100,-0.7774,-0.0950,0.6342,-0.21,-0.31,-0.06,125964,127641,132104
42014648,-0.4025,-0.5600,-0.2800,-0.7775,-0.0952,0.6344,-0.21,-0.31,-0.06,125955,127636,132090
42034180,-0.2450,-0.5775,-0.2100,-0.7776,-0.0954,0.6345,-0.21,-0.31,-0.06,125962,127633,132104
42054688,0.1400,-0.6300,-0.1750,-0.7778,-0.0953,0.6345,-0.21,-0.31,-0.06,125980,127637,132104
42074216,0.7175,-0.7000,-0.2625,-0.7773,-0.0949,0.6353,-0.21,-0.31,-0.06,125974,127648,132095
42094728,0.9450,-0.7525,-0.2625,-0.7773,-0.0947,0.6354,-0.21,-0.31,-0.06,125964,127640,132103
42114256,0.7700,-0.6475,-0.2450,-0.7771,-0.0947,0.6351,-0.21,-0.31,-0.06,125954,127634,132110
42133788,0.0700,-0.5600,-0.3150,-0.7773,-0.0942,0.6350,-0.21,-0.31,-0.06,125961,127630,132097
42154296,-0.8400,-0.3500,-0.3500,-0.7771,-0.0937,0.6344,-0.21,-0.31,-0.06,125969,127649,132119
42173828,-1.8375,-0.1925,-0.4550,-0.7771,-0.0936,0.6342,-0.21,-0.31,-0.06,125982,127645,132119
42194336,-1.4875,-0.2275,-0.3325,-0.7773,-0.0946,0.6344,-0.21,-0.31,-0.06,125968,127635,132122
42213868,-0.4375,-0.4550,-0.2975,-0.7775,-0.0954,0.6349,-0.21,-0.31,-0.06,125960,127628,132123
42234376,0.7000,-0.6475,-0.1925,-0.7776,-0.0961,0.6353,-0.21,-0.31,-0.06,125966,127650,132110
42253904,1.3475,-0.8050,-0.1050,-0.7776,-0.0965,0.6350,-0.21,-0.31,-0.06,125979,127642,132118
42284180,0.8750,-0.7175,-0.1400,-0.7776,-0.0963,0.6340,-0.21,-0.31,-0.06,125963,127635,132122
42304688,0.3500,-0.7875,-0.1225,-0.7776,-0.0959,0.6332,-0.21,-0.31,-0.06,125969,127638,132121
42324216,0.2975,-0.8225,-0.2100,-0.7776,-0.0956,0.6332,-0.21,-0.31,-0.06,125980,127647,132114
42344728,0.4375,-0.8050,-0.2275,-0.7776,-0.0952,0.6332,-0.21,-0.31,-0.06,125971,127648,132097
42364256,0.7350,-0.8750,-0.2450,-0.7778,-0.0952,0.6332,-0.21,-0.31,-0.06,125954,127642,132105
42383788,1.2425,-0.9450,-0.2800,-0.7778,-0.0952,0.6334,-0.21,-0.31,-0.06,125967,127647,132099
42404296,1.4000,-0.9975,-0.2975,-0.7779,-0.0944,0.6334,-0.21,-0.31,-0.06,125973,127651,132114
42423828,0.6650,-0.8050,-0.4200,-0.7774,-0.0935,0.6331,-0.21,-0.31,-0.06,125974,127640,132113
42444336,-0.4200,-0.5775,-0.5425,-0.7769,-0.0933,0.6329,-0.21,-0.31,-0.06,125966,127643,132114
42463868,-0.9800,-0.4725,-0.5600,-0.7767,-0.0933,0.6332,-0.21,-0.31,-0.06,125962,127635,132104
42484376,-1.4175,-0.3850,-0.6125,-0.7767,-0.0933,0.6335,-0.21,-0.31,-0.06,125968,127638,132110
42503904,-1.0500,-0.5425,-0.5775,-0.7773,-0.0936,0.6339,-0.21,-0.31,-0.06,125979,127643,132112
42524416,-1.0150,-0.4900,-0.5075,-0.7774,-0.0942,0.6342,-0.21,-0.31,-0.06,125979,127637,132104
42543944,-0.7525,-0.4725,-0.4200,-0.7775,-0.0952,0.6346,-0.21,-0.31,-0.06,125971,127641,132106
42564452,-0.5775,-0.3500,-0.4025,-0.7776,-0.0956,0.6349,-0.21,-0.31,-0.06,125961,127641,132117
42583984,-0.7525,-0.3675,-0.3325,-0.7776,-0.0961,0.6350,-0.21,-0.31,-0.06,125969,127643,132106
42604492,-0.8750,-0.2800,-0.3500,-0.7773,-0.0967,0.6350,-0.21,-0.31,-0.06,125980,127636,132123
42624024,-0.4725,-0.4375,-0.3325,-0.7771,-0.0974,0.6350,-0.21,-0.31,-0.06,125978,127643,132132
42644532,0.5425,-0.8050,-0.1750,-0.7778,-0.0985,0.6349,-0.21,-0.31,-0.06,125962,127636,132129
42664064,1.7850,-0.9625,-0.0525,-0.7779,-0.0989,0.6350,-0.21,-0.31,-0.06,125955,127641,132135
42684568,1.8550,-0.9625,0.1050,-0.7784,-0.0985,0.6342,-0.21,-0.31,-0.06,125964,127639,132125
42704100,1.1375,-0.8925,-0.0700,-0.7786,-0.0977,0.6333,-0.21,-0.31,-0.06,125979,127645,132117
42724608,0.4375,-0.7175,-0.1575,-0.7785,-0.0971,0.6327,-0.21,-0.31,-0.06,125978,127646,132131
42744140,0.2800,-0.7000,-0.1400,-0.7784,-0.0969,0.6324,-0.21,-0.31,-0.06,125965,127636,132118
42764648,1.6450,-0.9450,-0.0525,-0.7786,-0.0970,0.6334,-0.21,-0.31,-0.06,125956,127635,132096
42784180,2.7825,-1.1375,0.0000,-0.7786,-0.0969,0.6344,-0.21,-0.31,-0.06,125965,127645,132112
42804688,2.5900,-1.1375,-0.0175,-0.7788,-0.0964,0.6344,-0.21,-0.31,-0.06,125979,127650,132100
42824216,1.1025,-0.8050,0.0175,-0.7786,-0.0954,0.6339,-0.21,-0.31,-0.06,125973,127661,132111
42844728,-0.4550,-0.4200,-0.1050,-0.7779,-0.0947,0.6333,-0.21,-0.31,-0.06,125965,127657,132101
42864256,-1.3475,-0.2800,-0.3325,-0.7769,-0.0949,0.6332,-0.21,-0.31,-0.06,125953,127653,132106
42883788,-0.9100,-0.4550,-0.2975,-0.7773,-0.0947,0.6334,-0.21,-0.31,-0.06,125961,127650,132097
42904296,0.1400,-0.6650,-0.3675,-0.7776,-0.0953,0.6339,-0.21,-0.31,-0.06,125972,127649,132114
42923828,1.4875,-0.9800,-0.1925,-0.7775,-0.0958,0.6342,-0.21,-0.31,-0.06,125976,127645,132099
42944336,2.0650,-1.0850,-0.1750,-0.7775,-0.0958,0.6342,-0.21,-0.31,-0.06,125966,127642,132103
42963868,1.7500,-1.1025,-0.2625,-0.7774,-0.0954,0.6337,-0.21,-0.31,-0.06,125956,127654,132092
42984376,1.5925,-0.9100,-0.1925,-0.7778,-0.0949,0.6334,-0.21,-0.31,-0.06,125963,127651,132104
43003904,0.5075,-0.7700,-0.3150,-0.7778,-0.0942,0.6329,-0.21,-0.31,-0.06,125976,127658,132108
43024416,0.4025,-0.7350,-0.3500,-0.7776,-0.0939,0.6332,-0.21,-0.31,-0.06,125969,127652,132108
43043944,-0.1400,-0.6825,-0.3850,-0.7775,-0.0937,0.6332,-0.21,-0.31,-0.06,125968,127646,132110
43064452,0.0175,-0.5950,-0.3850,-0.7775,-0.0936,0.6332,-0.21,-0.31,-0.06,125955,127647,132101
43083984,-0.0525,-0.7175,-0.3675,-0.7775,-0.0936,0.6335,-0.21,-0.31,-0.06,125960,127646,132105
43104492,0.3500,-0.7700,-0.4025,-0.7775,-0.0938,0.6342,-0.21,-0.31,-0.06,125974,127648,132102
43124024,0.2100,-0.6825,-0.4025,-0.7775,-0.0939,0.6342,-0.21,-0.31,-0.06,125983,127646,132105
43144532,-0.0875,-0.6125,-0.4025,-0.7776,-0.0939,0.6340,-0.21,-0.31,-0.06,125962,127652,132095
43164064,-0.0525,-0.6650,-0.3850,-0.7776,-0.0939,0.6340,-0.21,-0.31,-0.06,125960,127640,132118
43184568,0.1050,-0.7000,-0.3325,-0.7778,-0.0942,0.6339,-0.21,-0.31,-0.06,125964,127648,132105
43204100,0.1575,-0.7875,-0.2800,-0.7776,-0.0944,0.6339,-0.21,-0.31,-0.06,125971,127656,132110
43224608,0.0350,-0.7175,-0.3325,-0.7776,-0.0939,0.6334,-0.21,-0.31,-0.06,125978,127648,132100
43244140,0.0175,-0.7350,-0.4025,-0.7775,-0.0939,0.6332,-0.21,-0.31,-0.06,125968,127650,132105
43264648,-0.0175,-0.7525,-0.4200,-0.7775,-0.0941,0.6332,-0.21,-0.31,-0.06,125955,127643,132101
43294920,0.4550,-0.8050,-0.3675,-0.7776,-0.0943,0.6340,-0.21,-0.31,-0.06,125961,127647,132109
43315428,0.6825,-0.8750,-0.2800,-0.7776,-0.0944,0.6345,-0.21,-0.31,-0.06,125957,127656,132097
43334960,0.9450,-0.8750,-0.2800,-0.7776,-0.0949,0.6348,-0.21,-0.31,-0.06,125967,127651,132112
43355468,1.1550,-0.7875,-0.2275,-0.7776,-0.0952,0.6346,-0.21,-0.31,-0.06,125976,127643,132119
43375000,0.7525,-0.7875,-0.1400,-0.7776,-0.0952,0.6343,-0.21,-0.31,-0.06,125968,127643,132080
43395508,0.0350,-0.6825,-0.3150,-0.7774,-0.0947,0.6342,-0.21,-0.31,-0.06,125959,127654,132095
43415040,-0.9450,-0.5075,-0.3325,-0.7771,-0.0946,0.6343,-0.21,-0.31,-0.06,125958,127656,132102
43435544,-0.9625,-0.4375,-0.2975,-0.7774,-0.0944,0.6343,-0.21,-0.31,-0.06,125971,127651,132117
43455080,-0.6650,-0.4725,-0.3675,-0.7776,-0.0944,0.6343,-0.21,-0.31,-0.06,125974,127653,132117
43475584,0.4025,-0.7350,-0.2975,-0.7775,-0.0944,0.6348,-0.21,-0.31,-0.06,125970,127654,132118
43495116,1.1900,-0.9275,-0.2450,-0.7776,-0.0948,0.6350,-0.21,-0.31,-0.06,125963,127644,132100
43515624,1.2075,-0.8050,-0.2625,-0.7776,-0.0950,0.6351,-0.21,-0.31,-0.06,125955,127643,132099
43535156,1.0150,-0.7175,-0.3150,-0.7773,-0.0947,0.6351,-0.21,-0.31,-0.06,125964,127655,132101
43555664,-0.6825,-0.5425,-0.4550,-0.7763,-0.0943,0.6349,-0.21,-0.31,-0.06,125977,127658,132118
43575196,-1.1725,-0.3500,-0.3675,-0.7764,-0.0943,0.6342,-0.21,-0.31,-0.06,125974,127635,132109
43595704,-1.1550,-0.3850,-0.3675,-0.7769,-0.0944,0.6339,-0.21,-0.31,-0.06,125963,127647,132096
43615232,-0.3150,-0.4725,-0.3500,-0.7774,-0.0950,0.6344,-0.21,-0.31,-0.06,125960,127644,132113
43635744,1.0500,-0.7875,-0.2100,-0.7775,-0.0958,0.6349,-0.21,-0.31,-0.06,125966,127646,132108
43655272,1.7500,-0.9800,-0.1575,-0.7775,-0.0963,0.6351,-0.21,-0.31,-0.06,125973,127643,132096
43674804,1.6275,-0.9100,-0.0525,-0.7778,-0.0961,0.6348,-0.21,-0.31,-0.06,125978,127657,132098
43695312,0.9100,-0.8050,-0.1575,-0.7779,-0.0956,0.6338,-0.21,-0.31,-0.06,125960,127639,132096
43714844,0.6125,-0.8925,-0.2100,-0.7778,-0.0950,0.6332,-0.21,-0.31,-0.06,125957,127645,132088
43735352,0.5775,-0.9800,-0.2975,-0.7776,-0.0947,0.6327,-0.21,-0.31,-0.06,125965,127662,132100
43754880,0.9100,-1.0150,-0.2275,-0.7775,-0.0943,0.6327,-0.21,-0.31,-0.06,125971,127655,132093
43775392,1.1725,-1.0675,-0.2800,-0.7774,-0.0939,0.6329,-0.21,-0.31,-0.06,125974,127648,132102
43794920,1.4350,-1.0500,-0.3500,-0.7778,-0.0933,0.6335,-0.21,-0.31,-0.06,125965,127654,132087
43815428,1.2425,-0.9625,-0.2975,-0.7782,-0.0925,0.6334,-0.21,-0.31,-0.06,125958,127648,132076
43834960,0.3500,-0.8050,-0.2800,-0.7784,-0.0920,0.6332,-0.21,-0.31,-0.06,125972,127653,132091
43855468,-0.6650,-0.5250,-0.2975,-0.7778,-0.0920,0.6334,-0.21,-0.31,-0.06,125973,127654,132100
43875000,-1.1550,-0.4550,-0.4375,-0.7769,-0.0925,0.6338,-0.21,-0.31,-0.06,125972,127657,132104
43895508,-0.9450,-0.4550,-0.5250,-0.7764,-0.0931,0.6348,-0.21,-0.31,-0.06,125962,127643,132099
43915040,-0.7525,-0.4550,-0.4900,-0.7765,-0.0937,0.6353,-0.21,-0.31,-0.06,125958,127645,132096
43935544,-0.5075,-0.5250,-0.4375,-0.7767,-0.0942,0.6354,-0.21,-0.31,-0.06,125966,127651,132093
43955080,-0.1750,-0.5600,-0.3150,-0.7769,-0.0944,0.6354,-0.21,-0.31,-0.06,125972,127649,132109
43975584,-0.6300,-0.4900,-0.4200,-0.7765,-0.0944,0.6356,-0.21,-0.31,-0.06,125966,127644,132097
43995116,-0.7175,-0.5425,-0.3850,-0.7759,-0.0949,0.6356,-0.21,-0.31,-0.06,125964,127634,132105
44015624,-0.5775,-0.5425,-0.4200,-0.7757,-0.0956,0.6355,-0.21,-0.31,-0.06,125955,127646,132110
44035156,-0.0875,-0.7525,-0.3500,-0.7763,-0.0958,0.6355,-0.21,-0.31,-0.06,125968,127644,132118
44055664,1.1725,-1.0500,-0.3675,-0.7769,-0.0964,0.6356,-0.21,-0.31,-0.06,125972,127651,132112
44075196,2.2225,-1.2075,-0.1750,-0.7776,-0.0966,0.6350,-0.21,-0.31,-0.06,125969,127640,132103
44095704,2.0650,-1.0850,-0.1750,-0.7782,-0.0964,0.6345,-0.21,-0.31,-0.06,125958,127638,132103
44115232,1.8900,-1.0500,-0.1050,-0.7781,-0.0955,0.6344,-0.21,-0.31,-0.06,125958,127647,132093
44135744,-0.2100,-0.6650,-0.2975,-0.7778,-0.0943,0.6339,-0.21,-0.31,-0.06,125973,127644,132092
44155272,-1.1025,-0.4025,-0.4025,-0.7776,-0.0939,0.6337,-0.21,-0.31,-0.06,125981,127642,132113
44174804,-0.9450,-0.4550,-0.3850,-0.7776,-0.0941,0.6339,-0.21,-0.31,-0.06,125985,127643,132109
44195312,0.1225,-0.7000,-0.2975,-0.7779,-0.0944,0.6349,-0.21,-0.31,-0.06,125963,127645,132109
44214844,1.0675,-0.8750,-0.2100,-0.7779,-0.0948,0.6354,-0.21,-0.31,-0.06,125954,127633,132099
44235352,1.4700,-0.8400,-0.2625,-0.7775,-0.0948,0.6354,-0.21,-0.31,-0.06,125963,127646,132100
44254880,0.6650,-0.6475,-0.2450,-0.7774,-0.0947,0.6350,-0.21,-0.31,-0.06,125976,127644,132100
44275392,-0.1050,-0.5775,-0.2275,-0.7774,-0.0946,0.6349,-0.21,-0.31,-0.06,125973,127652,132095
44305664,-0.4725,-0.4550,-0.2450,-0.7773,-0.0944,0.6346,-0.21,-0.31,-0.06,125970,127649,132109
44325196,-0.5425,-0.5075,-0.2450,-0.7774,-0.0944,0.6345,-0.21,-0.31,-0.06,125975,127649,132099
44345704,-0.1750,-0.6125,-0.2975,-0.7774,-0.0949,0.6344,-0.21,-0.31,-0.06,125965,127641,132114
44365232,0.9625,-0.8750,-0.1925,-0.7775,-0.0952,0.6344,-0.21,-0.31,-0.06,125959,127639,132106
44385744,1.5575,-1.0150,-0.1225,-0.7776,-0.0953,0.6343,-0.21,-0.31,-0.06,125972,127643,132096
44405272,1.6100,-1.0500,-0.1225,-0.7775,-0.0952,0.6343,-0.21,-0.31,-0.06,125976,127650,132095
44424804,1.4700,-0.9975,-0.2450,-0.7774,-0.0947,0.6342,-0.21,-0.31,-0.06,125982,127647,132093
44445312,0.6475,-0.9100,-0.2975,-0.7773,-0.0941,0.6340,-0.21,-0.31,-0.06,125965,127646,132102
44464844,0.3850,-0.7000,-0.2800,-0.7773,-0.0939,0.6342,-0.21,-0.31,-0.06,125955,127643,132078
44485352,0.0350,-0.6475,-0.3150,-0.7770,-0.0936,0.6345,-0.21,-0.31,-0.06,125970,127641,132101
44504880,0.0000,-0.6475,-0.3500,-0.7769,-0.0937,0.6349,-0.21,-0.31,-0.06,125977,127655,132093
44525392,-0.0175,-0.5600,-0.3675,-0.7769,-0.0939,0.6346,-0.21,-0.31,-0.06,125974,127643,132093
44544920,0.1050,-0.6475,-0.2975,-0.7770,-0.0941,0.6349,-0.21,-0.31,-0.06,125959,127646,132087
44565428,0.6650,-0.7175,-0.2625,-0.7770,-0.0941,0.6354,-0.21,-0.31,-0.06,125957,127641,132088
44584960,0.3325,-0.6125,-0.3500,-0.7769,-0.0938,0.6353,-0.21,-0.31,-0.06,125968,127641,132096
44605468,-0.5075,-0.4725,-0.3500,-0.7769,-0.0936,0.6346,-0.21,-0.31,-0.06,125973,127639,132093
44625000,-0.7525,-0.4200,-0.3675,-0.7768,-0.0936,0.6344,-0.21,-0.31,-0.06,125968,127641,132106
44645508,-0.6475,-0.4725,-0.4375,-0.7769,-0.0937,0.6345,-0.21,-0.31,-0.06,125961,127643,132093
44665040,-0.1050,-0.6125,-0.3675,-0.7770,-0.0942,0.6348,-0.21,-0.31,-0.06,125960,127646,132105
44685544,0.3675,-0.8050,-0.2975,-0.7770,-0.0943,0.6351,-0.21,-0.31,-0.06,125968,127648,132089
44705080,0.1750,-0.6825,-0.2800,-0.7769,-0.0943,0.6346,-0.21,-0.31,-0.06,125977,127652,132102
44725584,0.2275,-0.6825,-0.3675,-0.7769,-0.0941,0.6343,-0.21,-0.31,-0.06,125975,127643,132101
44745116,0.3500,-0.8050,-0.3850,-0.7770,-0.0942,0.6343,-0.21,-0.31,-0.06,125964,127649,132101
44765624,0.8925,-0.8400,-0.3500,-0.7771,-0.0947,0.6345,-0.21,-0.31,-0.06,125960,127645,132091
44785156,1.1725,-0.8750,-0.2450,-0.7773,-0.0950,0.6346,-0.21,-0.31,-0.06,125965,127649,132106
44805664,1.2600,-0.9625,-0.2450,-0.7771,-0.0950,0.6348,-0.21,-0.31,-0.06,125976,127642,132103
44825196,0.4025,-0.7875,-0.2100,-0.7767,-0.0948,0.6349,-0.21,-0.31,-0.06,125974,127637,132093
44845704,-0.4375,-0.5775,-0.3150,-0.7769,-0.0941,0.6346,-0.21,-0.31,-0.06,125959,127648,132082
44865232,-0.7700,-0.4725,-0.4375,-0.7770,-0.0938,0.6346,-0.21,-0.31,-0.06,125957,127625,132094
44885744,-0.5250,-0.4550,-0.4550,-0.7770,-0.0938,0.6349,-0.21,-0.31,-0.06,125974,127640,132103
44905272,0.0700,-0.6825,-0.3675,-0.7771,-0.0941,0.6349,-0.21,-0.31,-0.06,125976,127642,132100
44924804,0.6475,-0.7875,-0.3150,-0.7771,-0.0943,0.6351,-0.21,-0.31,-0.06,125974,127650,132105
44945312,0.8575,-0.8225,-0.3850,-0.7770,-0.0941,0.6350,-0.21,-0.31,-0.06,125971,127630,132092
44964844,-0.1225,-0.6125,-0.4025,-0.7769,-0.0938,0.6348,-0.21,-0.31,-0.06,125958,127645,132088
44985352,-0.7875,-0.3850,-0.3850,-0.7769,-0.0938,0.6346,-0.21,-0.31,-0.06,125969,127642,132110
45004880,-1.0850,-0.3500,-0.3675,-0.7769,-0.0942,0.6345,-0.21,-0.31,-0.06,125982,127643,132101
45025392,-0.4025,-0.5775,-0.3325,-0.7773,-0.0949,0.6350,-0.21,-0.31,-0.06,125980,127638,132103
45044920,0.5950,-0.7175,-0.2800,-0.7774,-0.0955,0.6351,-0.21,-0.31,-0.06,125964,127634,132090
45065428,1.4525,-0.9625,-0.1750,-0.7771,-0.0956,0.6350,-0.21,-0.31,-0.06,125957,127648,132100
45084960,1.2075,-0.9625,-0.2100,-0.7771,-0.0955,0.6348,-0.21,-0.31,-0.06,125966,127651,132091
45105468,0.9275,-0.8575,-0.1400,-0.7773,-0.0954,0.6344,-0.21,-0.31,-0.06,125973,127642,132103
45125000,0.3325,-0.6825,-0.2450,-0.7771,-0.0950,0.6342,-0.21,-0.31,-0.06,125974,127647,132101
45145508,-0.1400,-0.6825,-0.2625,-0.7770,-0.0947,0.6343,-0.21,-0.31,-0.06,125970,127649,132093
45165040,-0.0700,-0.5075,-0.2800,-0.7769,-0.0944,0.6344,-0.21,-0.31,-0.06,125954,127636,132092
45185544,0.4900,-0.6825,-0.2800,-0.7770,-0.0948,0.6346,-0.21,-0.31,-0.06,125969,127651,132101
45205080,1.1200,-0.8750,-0.2450,-0.7771,-0.0949,0.6349,-0.21,-0.31,-0.06,125971,127644,132100
45225584,1.4350,-0.8925,-0.2100,-0.7771,-0.0948,0.6349,-0.21,-0.31,-0.06,125973,127645,132109
45245116,1.1025,-0.8925,-0.2625,-0.7771,-0.0947,0.6346,-0.21,-0.31,-0.06,125956,127647,132093
45265624,0.8575,-0.7875,-0.3150,-0.7771,-0.0947,0.6342,-0.21,-0.31,-0.06,125958,127640,132090
45285156,0.4200,-0.6825,-0.2450,-0.7770,-0.0947,0.6344,-0.21,-0.31,-0.06,125961,127650,132076
45315428,0.3325,-0.7525,-0.2975,-0.7770,-0.0942,0.6345,-0.21,-0.31,-0.06,125955,127644,132095
45334960,-0.1050,-0.6475,-0.3850,-0.7769,-0.0938,0.6340,-0.21,-0.31,-0.06,125961,127644,132097
45355468,-0.2450,-0.6825,-0.3675,-0.7769,-0.0935,0.6338,-0.21,-0.31,-0.06,125975,127648,132095
45375000,-0.5075,-0.6825,-0.4200,-0.7769,-0.0928,0.6337,-0.21,-0.31,-0.06,125972,127653,132088
45395508,-0.4025,-0.6650,-0.5425,-0.7770,-0.0925,0.6334,-0.21,-0.31,-0.06,125964,127641,132091
45415040,0.0000,-0.7700,-0.4725,-0.7771,-0.0925,0.6339,-0.21,-0.31,-0.06,125955,127635,132086
45435544,0.1575,-0.6825,-0.6125,-0.7767,-0.0927,0.6349,-0.21,-0.31,-0.06,125962,127644,132095
45455080,-0.0875,-0.5775,-0.5600,-0.7764,-0.0932,0.6356,-0.21,-0.31,-0.06,125976,127645,132099
45475584,-0.4725,-0.4200,-0.5075,-0.7764,-0.0939,0.6361,-0.21,-0.31,-0.06,125977,127641,132109
45495116,-1.1900,-0.2625,-0.3850,-0.7762,-0.0950,0.6364,-0.21,-0.31,-0.06,125965,127637,132096
45515624,-1.3300,-0.2100,-0.3150,-0.7763,-0.0963,0.6367,-0.21,-0.31,-0.06,125960,127639,132093
45535156,-1.1900,-0.3150,-0.1400,-0.7764,-0.0971,0.6368,-0.21,-0.31,-0.06,125967,127639,132112
45555664,-0.6125,-0.3500,-0.1050,-0.7769,-0.0976,0.6368,-0.21,-0.31,-0.06,125982,127645,132114
45575196,-0.2800,-0.5250,0.0000,-0.7769,-0.0980,0.6366,-0.21,-0.31,-0.06,125976,127644,132095
45595704,1.3825,-0.7700,0.0700,-0.7774,-0.0977,0.6361,-0.21,-0.31,-0.06,125975,127642,132100
45615232,2.0125,-0.9450,-0.0175,-0.7776,-0.0974,0.6354,-0.21,-0.31,-0.06,125962,127645,132093
45635744,2.3975,-1.0325,0.0000,-0.7781,-0.0966,0.6342,-0.21,-0.31,-0.06,125972,127645,132096
45655272,1.8725,-1.0500,-0.1225,-0.7780,-0.0959,0.6334,-0.21,-0.31,-0.06,125974,127645,132099
45674804,1.3825,-0.9800,-0.1925,-0.7779,-0.0954,0.6332,-0.21,-0.31,-0.06,125977,127648,132092
45695312,1.4175,-0.9450,-0.1050,-0.7781,-0.0949,0.6332,-0.21,-0.31,-0.06,125959,127648,132084
45714844,1.1550,-0.9100,-0.0875,-0.7785,-0.0943,0.6332,-0.21,-0.31,-0.06,125959,127641,132065
45735352,0.5425,-0.5775,-0.0350,-0.7787,-0.0939,0.6334,-0.21,-0.31,-0.06,125955,127654,132095
45754880,-0.4725,-0.3850,-0.0700,-0.7781,-0.0939,0.6338,-0.21,-0.31,-0.06,125974,127660,132089
45775392,-0.3675,-0.3675,-0.1925,-0.7771,-0.0944,0.6348,-0.21,-0.31,-0.06,125968,127654,132105
45794920,-0.1575,-0.5425,-0.2450,-0.7767,-0.0946,0.6353,-0.21,-0.31,-0.06,125965,127647,132104
45815428,0.2275,-0.6300,-0.1750,-0.7767,-0.0948,0.6354,-0.21,-0.31,-0.06,125954,127653,132080
45834960,0.6475,-0.6475,-0.1400,-0.7770,-0.0947,0.6354,-0.21,-0.31,-0.06,125961,127655,132083
45855468,1.1550,-0.8575,-0.1575,-0.7771,-0.0942,0.6349,-0.21,-0.31,-0.06,125975,127662,132095
45875000,1.4350,-0.9100,-0.2275,-0.7769,-0.0937,0.6346,-0.21,-0.31,-0.06,125971,127644,132089
45895508,1.3475,-0.9800,-0.3325,-0.7767,-0.0932,0.6346,-0.21,-0.31,-0.06,125960,127653,132080
45915040,0.4375,-0.8225,-0.3500,-0.7763,-0.0930,0.6342,-0.21,-0.31,-0.06,125963,127649,132080
45935544,0.1575,-0.7350,-0.4375,-0.7765,-0.0926,0.6337,-0.21,-0.31,-0.06,125962,127649,132086
45955080,-0.1575,-0.6825,-0.4550,-0.7769,-0.0926,0.6337,-0.21,-0.31,-0.06,125979,127655,132085
45975584,0.5600,-0.8225,-0.3150,-0.7771,-0.0931,0.6342,-0.21,-0.31,-0.06,125975,127666,132089
45995116,0.6650,-0.7700,-0.2975,-0.7771,-0.0936,0.6343,-0.21,-0.31,-0.06,125953,127648,132089
46015624,0.6475,-0.7700,-0.2800,-0.7771,-0.0938,0.6349,-0.21,-0.31,-0.06,125954,127639,132078
46035156,0.3325,-0.6825,-0.3150,-0.7770,-0.0935,0.6349,-0.21,-0.31,-0.06,125961,127649,132093
46055664,-0.4375,-0.5425,-0.3500,-0.7770,-0.0932,0.6348,-0.21,-0.31,-0.06,125975,127651,132091
46075196,-0.6825,-0.4025,-0.3675,-0.7770,-0.0932,0.6348,-0.21,-0.31,-0.06,125969,127647,132088
46095704,-0.1575,-0.5425,-0.2975,-0.7771,-0.0935,0.6353,-0.21,-0.31,-0.06,125962,127647,132101
46115232,0.3850,-0.7175,-0.2625,-0.7771,-0.0935,0.6354,-0.21,-0.31,-0.06,125954,127651,132099
46135744,0.7175,-0.7350,-0.2975,-0.7771,-0.0933,0.6351,-0.21,-0.31,-0.06,125961,127656,132095
46155272,0.3500,-0.6650,-0.3325,-0.7771,-0.0932,0.6346,-0.21,-0.31,-0.06,125972,127652,132100
46174804,-0.2275,-0.5600,-0.3150,-0.7769,-0.0933,0.6345,-0.21,-0.31,-0.06,125975,127654,132095
46195312,-0.6475,-0.4900,-0.3325,-0.7771,-0.0933,0.6342,-0.21,-0.31,-0.06,125966,127643,132093
46214844,-0.2450,-0.6300,-0.3850,-0.7773,-0.0935,0.6344,-0.21,-0.31,-0.06,125952,127653,132101
46235352,-0.4025,-0.6300,-0.3150,-0.7773,-0.0935,0.6344,-0.21,-0.31,-0.06,125966,127655,132098
46254880,-0.5775,-0.4900,-0.3500,-0.7773,-0.0935,0.6344,-0.21,-0.31,-0.06,125973,127655,132096
46275392,-0.4200,-0.4900,-0.2625,-0.7773,-0.0937,0.6348,-0.21,-0.31,-0.06,125973,127654,132087
46294920,0.5250,-0.5775,-0.3150,-0.7773,-0.0939,0.6355,-0.21,-0.31,-0.06,125962,127655,132109
46325196,1.3825,-0.8050,-0.2275,-0.7774,-0.0939,0.6361,-0.21,-0.31,-0.06,125979,127646,132097
46345704,0.5775,-0.6650,-0.2450,-0.7771,-0.0937,0.6353,-0.21,-0.31,-0.06,125960,127659,132085
46365232,-0.9625,-0.4200,-0.4200,-0.7765,-0.0935,0.6346,-0.21,-0.31,-0.06,125963,127648,132092
46385744,-1.5400,-0.2275,-0.4725,-0.7763,-0.0938,0.6343,-0.21,-0.31,-0.06,125970,127650,132102
46405272,-1.0500,-0.4200,-0.3325,-0.7765,-0.0942,0.6344,-0.21,-0.31,-0.06,125980,127644,132113
46424804,0.4725,-0.7175,-0.2800,-0.7774,-0.0948,0.6349,-0.21,-0.31,-0.06,125976,127650,132087
46445312,2.0475,-1.0150,-0.1400,-0.7781,-0.0954,0.6351,-0.21,-0.31,-0.06,125962,127651,132101
46464844,1.9950,-0.9625,-0.0875,-0.7779,-0.0952,0.6346,-0.21,-0.31,-0.06,125959,127652,132095
46485352,0.4375,-0.7875,-0.1925,-0.7776,-0.0944,0.6337,-0.21,-0.31,-0.06,125962,127652,132097
46504880,-0.6650,-0.4725,-0.3150,-0.7775,-0.0939,0.6332,-0.21,-0.31,-0.06,125979,127655,132101
46525392,-1.0325,-0.4550,-0.3150,-0.7775,-0.0938,0.6332,-0.21,-0.31,-0.06,125974,127648,132113
46544920,0.6650,-0.8925,-0.2450,-0.7776,-0.0942,0.6339,-0.21,-0.31,-0.06,125968,127651,132099
46565428,2.1175,-1.1900,-0.2275,-0.7776,-0.0943,0.6345,-0.21,-0.31,-0.06,125955,127639,132093
46584960,2.3100,-1.2075,-0.2100,-0.7775,-0.0939,0.6344,-0.21,-0.31,-0.06,125965,127661,132088
46605468,1.5225,-1.0850,-0.2450,-0.7774,-0.0935,0.6342,-0.21,-0.31,-0.06,125969,127639,132093
46625000,0.5600,-0.9100,-0.4025,-0.7773,-0.0932,0.6339,-0.21,-0.31,-0.06,125973,127653,132093
46645508,-0.1750,-0.5425,-0.3500,-0.7773,-0.0930,0.6339,-0.21,-0.31,-0.06,125961,127643,132091
46665040,-0.5075,-0.5425,-0.4200,-0.7774,-0.0931,0.6340,-0.21,-0.31,-0.06,125955,127643,132093
46685544,-0.0525,-0.5950,-0.4025,-0.7774,-0.0933,0.6343,-0.21,-0.31,-0.06,125963,127645,132096
46705080,0.2100,-0.6825,-0.3675,-0.7774,-0.0937,0.6344,-0.21,-0.31,-0.06,125981,127647,132099
46725584,0.4200,-0.8050,-0.2450,-0.7774,-0.0937,0.6343,-0.21,-0.31,-0.06,125973,127646,132097
46745116,0.3150,-0.7875,-0.3675,-0.7774,-0.0936,0.6342,-0.21,-0.31,-0.06,125959,127651,132086
46765624,0.2625,-0.7700,-0.3325,-0.7774,-0.0933,0.6342,-0.21,-0.31,-0.06,125959,127657,132096
46785156,0.1225,-0.7350,-0.3150,-0.7774,-0.0932,0.6344,-0.21,-0.31,-0.06,125960,127653,132093
46805664,0.3325,-0.7350,-0.2800,-0.7774,-0.0935,0.6345,-0.21,-0.31,-0.06,125977,127655,132098
46825196,0.6650,-0.7700,-0.2275,-0.7774,-0.0937,0.6346,-0.21,-0.31,-0.06,125979,127647,132091
46845704,0.8750,-0.8050,-0.2625,-0.7775,-0.0938,0.6348,-0.21,-0.31,-0.06,125961,127646,132087
46865232,0.7350,-0.8050,-0.2450,-0.7774,-0.0939,0.6345,-0.21,-0.31,-0.06,125951,127633,132091
46885744,0.3850,-0.7525,-0.2800,-0.7774,-0.0937,0.6343,-0.21,-0.31,-0.06,125968,127651,132101
46905272,0.0875,-0.7000,-0.2450,-0.7771,-0.0935,0.6344,-0.21,-0.31,-0.06,125974,127648,132095
46924804,-0.2450,-0.6125,-0.3150,-0.7771,-0.0935,0.6344,-0.21,-0.31,-0.06,125974,127656,132087
46945312,0.0175,-0.7000,-0.2275,-0.7773,-0.0937,0.6348,-0.21,-0.31,-0.06,125960,127643,132078
46964844,0.5075,-0.8225,-0.2450,-0.7774,-0.0937,0.6351,-0.21,-0.31,-0.06,125952,127652,132092
46985352,1.1025,-0.8400,-0.2450,-0.7776,-0.0936,0.6354,-0.21,-0.31,-0.06,125968,127662,132082
47004880,0.6825,-0.6650,-0.2800,-0.7771,-0.0932,0.6354,-0.21,-0.31,-0.06,125976,127645,132078
47025392,-0.1925,-0.5775,-0.3500,-0.7767,-0.0928,0.6350,-0.21,-0.31,-0.06,125976,127660,132074
47044920,-0.8925,-0.4725,-0.4200,-0.7765,-0.0927,0.6346,-0.21,-0.31,-0.06,125958,127644,132087
47065428,-1.2250,-0.3500,-0.4375,-0.7768,-0.0927,0.6346,-0.21,-0.31,-0.06,125957,127638,132090
47084960,-0.9625,-0.4200,-0.4025,-0.7770,-0.0931,0.6346,-0.21,-0.31,-0.06,125961,127647,132080
47105468,-0.5250,-0.5425,-0.3150,-0.7773,-0.0936,0.6346,-0.21,-0.31,-0.06,125978,127645,132101
47125000,0.6125,-0.7525,-0.1575,-0.7774,-0.0943,0.6346,-0.21,-0.31,-0.06,125971,127642,132097
47145508,1.2600,-0.9625,-0.2275,-0.7774,-0.0947,0.6344,-0.21,-0.31,-0.06,125965,127645,132091
47165040,1.7150,-1.1550,-0.1225,-0.7775,-0.0947,0.6344,-0.21,-0.31,-0.06,125954,127650,132074
47185544,1.5925,-1.0500,-0.1750,-0.7774,-0.0942,0.6344,-0.21,-0.31,-0.06,125967,127656,132097
47205080,0.7700,-0.8575,-0.2800,-0.7773,-0.0937,0.6342,-0.21,-0.31,-0.06,125979,127654,132087
47225584,-0.4725,-0.6125,-0.3850,-0.7771,-0.0932,0.6340,-0.21,-0.31,-0.06,125979,127646,132089
47245116,-0.2800,-0.6300,-0.3150,-0.7770,-0.0930,0.6344,-0.21,-0.31,-0.06,125962,127649,132083
47265624,0.3850,-0.7350,-0.3150,-0.7771,-0.0931,0.6349,-0.21,-0.31,-0.06,125957,127641,132093
47285156,0.7875,-0.8750,-0.2800,-0.7769,-0.0932,0.6351,-0.21,-0.31,-0.06,125966,127656,132092
47305664,1.0150,-0.8225,-0.2800,-0.7769,-0.0932,0.6354,-0.21,-0.31,-0.06,125982,127653,132088
47335936,0.0525,-0.5425,-0.3325,-0.7769,-0.0931,0.6353,-0.21,-0.31,-0.06,125973,127643,132096
47356444,-0.3500,-0.5250,-0.3500,-0.7771,-0.0931,0.6354,-0.21,-0.31,-0.06,125977,127641,132091
47375976,-0.3150,-0.4725,-0.3325,-0.7771,-0.0932,0.6354,-0.21,-0.31,-0.06,125970,127651,132093
47396484,-0.6475,-0.4550,-0.3500,-0.7771,-0.0932,0.6349,-0.21,-0.31,-0.06,125964,127634,132095
47416016,-0.5250,-0.5075,-0.4200,-0.7770,-0.0932,0.6344,-0.21,-0.31,-0.06,125959,127640,132092
47436524,-0.1575,-0.6125,-0.4025,-0.7770,-0.0932,0.6342,-0.21,-0.31,-0.06,125972,127647,132091
47456056,0.8575,-0.9625,-0.3325,-0.7773,-0.0936,0.6343,-0.21,-0.31,-0.06,125982,127639,132096
47476560,1.6450,-1.0500,-0.2975,-0.7773,-0.0939,0.6346,-0.21,-0.31,-0.06,125972,127645,132096
47496092,1.4700,-0.9450,-0.2450,-0.7773,-0.0939,0.6349,-0.21,-0.31,-0.06,125962,127642,132079
47516600,0.9800,-0.8225,-0.3325,-0.7773,-0.0937,0.6349,-0.21,-0.31,-0.06,125964,127645,132093
47536132,0.0000,-0.6300,-0.3150,-0.7771,-0.0935,0.6344,-0.21,-0.31,-0.06,125972,127655,132091
47556640,-0.1225,-0.5775,-0.3150,-0.7771,-0.0935,0.6344,-0.21,-0.31,-0.06,125987,127643,132099
47576172,0.3500,-0.7525,-0.2275,-0.7773,-0.0941,0.6349,-0.21,-0.31,-0.06,125978,127650,132097
47596680,1.0500,-0.8925,-0.1750,-0.7774,-0.0944,0.6354,-0.21,-0.31,-0.06,125965,127642,132084
47616208,1.1200,-0.8225,-0.2100,-0.7774,-0.0941,0.6356,-0.21,-0.31,-0.06,125964,127649,132083
47636720,0.0700,-0.6125,-0.2975,-0.7771,-0.0935,0.6351,-0.21,-0.31,-0.06,125972,127643,132093
47656248,-1.0500,-0.2975,-0.3500,-0.7771,-0.0931,0.6346,-0.21,-0.31,-0.06,125978,127646,132097
47676756,-0.8925,-0.2975,-0.3325,-0.7773,-0.0932,0.6351,-0.21,-0.31,-0.06,125969,127640,132087
47696288,-0.0525,-0.4550,-0.2450,-0.7775,-0.0937,0.6359,-0.21,-0.31,-0.06,125962,127644,132097
47715820,1.0850,-0.6125,-0.2100,-0.7779,-0.0939,0.6361,-0.21,-0.31,-0.06,125966,127653,132099
47736328,1.5575,-0.7525,-0.1225,-0.7782,-0.0939,0.6359,-0.21,-0.31,-0.06,125973,127642,132108
47755860,0.9450,-0.7175,-0.1225,-0.7781,-0.0936,0.6353,-0.21,-0.31,-0.06,125977,127657,132096
47776368,0.0000,-0.4200,-0.1750,-0.7776,-0.0933,0.6345,-0.21,-0.31,-0.06,125976,127657,132098
47795896,-0.8750,-0.3325,-0.3150,-0.7774,-0.0936,0.6343,-0.21,-0.31,-0.06,125960,127646,132082
47816408,-0.3150,-0.4025,-0.2275,-0.7776,-0.0939,0.6346,-0.21,-0.31,-0.06,125955,127652,132087
47835936,0.8225,-0.5775,-0.1050,-0.7781,-0.0944,0.6348,-0.21,-0.31,-0.06,125971,127658,132097
47856444,1.7500,-0.8400,-0.0350,-0.7785,-0.0949,0.6350,-0.21,-0.31,-0.06,125974,127662,132092
47875976,2.2925,-0.9275,0.1050,-0.7786,-0.0947,0.6350,-0.21,-0.31,-0.06,125970,127652,132100
47896484,1.6100,-0.7700,0.1400,-0.7785,-0.0939,0.6345,-0.21,-0.31,-0.06,125963,127655,132085
47916016,-0.4200,-0.4025,0.0350,-0.7778,-0.0928,0.6335,-0.21,-0.31,-0.06,125958,127664,132092
47936524,-0.9275,-0.3850,-0.0700,-0.7775,-0.0928,0.6332,-0.21,-0.31,-0.06,125967,127657,132101
47956056,-0.3500,-0.4900,-0.1400,-0.7776,-0.0930,0.6338,-0.21,-0.31,-0.06,125975,127656,132102
47976560,1.1375,-0.7350,-0.0875,-0.7780,-0.0927,0.6346,-0.21,-0.31,-0.06,125961,127662,132097
47996092,1.5575,-0.7525,0.0350,-0.7780,-0.0930,0.6349,-0.21,-0.31,-0.06,125951,127655,132096
48016600,1.0500,-0.7525,-0.0350,-0.7778,-0.0930,0.6349,-0.21,-0.31,-0.06,125951,127661,132078
48036132,0.4900,-0.7000,-0.1225,-0.7768,-0.0927,0.6344,-0.21,-0.31,-0.06,125965,127660,132095
48056640,0.2275,-0.5600,-0.3150,-0.7765,-0.0926,0.6342,-0.21,-0.31,-0.06,125970,127664,132089
48076172,0.1050,-0.5775,-0.2975,-0.7769,-0.0926,0.6343,-0.21,-0.31,-0.06,125969,127659,132088
48096680,0.5075,-0.7350,-0.2625,-0.7771,-0.0928,0.6346,-0.21,-0.31,-0.06,125948,127666,132089
48116208,0.8050,-0.8050,-0.2450,-0.7774,-0.0928,0.6349,-0.21,-0.31,-0.06,125955,127659,132085
48136720,0.5075,-0.7000,-0.1750,-0.7774,-0.0922,0.6345,-0.21,-0.31,-0.06,125963,127658,132092
48156248,-0.3325,-0.5425,-0.3150,-0.7773,-0.0917,0.6339,-0.21,-0.31,-0.06,125974,127669,132098
48176756,-0.4200,-0.5600,-0.2975,-0.7774,-0.0917,0.6343,-0.21,-0.31,-0.06,125962,127654,132102
48196288,0.3675,-0.5950,-0.2450,-0.7779,-0.0919,0.6349,-0.21,-0.31,-0.06,125951,127661,132093
48215820,0.5250,-0.6825,-0.1225,-0.7782,-0.0917,0.6346,-0.21,-0.31,-0.06,125949,127662,132084
48236328,0.3325,-0.5425,-0.1225,-0.7781,-0.0914,0.6343,-0.21,-0.31,-0.06,125960,127663,132091
48255860,-0.2975,-0.5950,-0.1925,-0.7776,-0.0913,0.6337,-0.21,-0.31,-0.06,125969,127673,132093
48276368,-0.1050,-0.7000,-0.3850,-0.7770,-0.0920,0.6334,-0.21,-0.31,-0.06,125964,127665,132088
48295896,0.6300,-0.8225,-0.3325,-0.7771,-0.0921,0.6340,-0.21,-0.31,-0.06,125953,127656,132082
48316408,1.4350,-0.9975,-0.1925,-0.7774,-0.0924,0.6346,-0.21,-0.31,-0.06,125951,127663,132091
48346680,1.0850,-0.9275,-0.2100,-0.7775,-0.0921,0.6344,-0.21,-0.31,-0.06,125952,127654,132084
48366208,-0.0700,-0.5950,-0.2975,-0.7776,-0.0913,0.6338,-0.21,-0.31,-0.06,125947,127654,132076
48386720,-0.3500,-0.5950,-0.2625,-0.7775,-0.0909,0.6339,-0.21,-0.31,-0.06,125961,127661,132078
48406248,0.0350,-0.6300,-0.3150,-0.7774,-0.0914,0.6344,-0.21,-0.31,-0.06,125975,127662,132079
48426756,0.6300,-0.7175,-0.2975,-0.7773,-0.0916,0.6350,-0.21,-0.31,-0.06,125963,127666,132087
48446288,0.9975,-0.7875,-0.2800,-0.7774,-0.0915,0.6350,-0.21,-0.31,-0.06,125954,127657,132075
48465820,0.3150,-0.7000,-0.4025,-0.7771,-0.0911,0.6348,-0.21,-0.31,-0.06,125954,127660,132087
48486328,-0.8750,-0.4200,-0.3325,-0.7771,-0.0910,0.6339,-0.21,-0.31,-0.06,125962,127654,132092
48505860,-1.1375,-0.4550,-0.3150,-0.7771,-0.0915,0.6339,-0.21,-0.31,-0.06,125974,127659,132096
48526368,-0.1400,-0.5950,-0.2800,-0.7774,-0.0919,0.6346,-0.21,-0.31,-0.06,125959,127657,132096
48545896,0.6300,-0.7175,-0.2275,-0.7776,-0.0921,0.6348,-0.21,-0.31,-0.06,125955,127657,132088
48566408,1.1725,-0.8575,-0.2100,-0.7776,-0.0924,0.6346,-0.21,-0.31,-0.06,125952,127653,132096
48585936,1.1375,-0.9275,-0.1925,-0.7776,-0.0922,0.6343,-0.21,-0.31,-0.06,125965,127658,132089
48606444,0.4900,-0.7700,-0.2625,-0.7775,-0.0915,0.6339,-0.21,-0.31,-0.06,125978,127658,132110
48625976,-0.0350,-0.6475,-0.2275,-0.7774,-0.0913,0.6338,-0.21,-0.31,-0.06,125967,127656,132097
48646484,-0.0525,-0.6125,-0.3325,-0.7774,-0.0913,0.6338,-0.21,-0.31,-0.06,125956,127657,132080
48666016,0.2100,-0.6825,-0.3325,-0.7775,-0.0913,0.6339,-0.21,-0.31,-0.06,125945,127662,132076
48686524,0.7350,-0.7700,-0.3150,-0.7776,-0.0915,0.6343,-0.21,-0.31,-0.06,125962,127660,132092
48706056,1.4000,-0.9100,-0.2100,-0.7776,-0.0915,0.6346,-0.21,-0.31,-0.06,125966,127661,132088
48726560,0.7700,-0.8400,-0.2625,-0.7775,-0.0913,0.6345,-0.21,-0.31,-0.06,125966,127662,132076
48746092,-0.0175,-0.6125,-0.2975,-0.7774,-0.0911,0.6343,-0.21,-0.31,-0.06,125955,127662,132089
48766600,-0.3850,-0.5425,-0.3150,-0.7774,-0.0909,0.6342,-0.21,-0.31,-0.06,125955,127660,132089
48786132,-0.4900,-0.4550,-0.3500,-0.7774,-0.0909,0.6340,-0.21,-0.31,-0.06,125964,127662,132092
48806640,-0.3150,-0.5600,-0.3500,-0.7774,-0.0910,0.6339,-0.21,-0.31,-0.06,125971,127662,132079
48826172,0.4025,-0.8050,-0.2975,-0.7775,-0.0910,0.6338,-0.21,-0.31,-0.06,125962,127658,132092
48846680,0.9800,-0.9625,-0.3325,-0.7779,-0.0914,0.6340,-0.21,-0.31,-0.06,125947,127655,132075
48866208,1.1200,-0.9975,-0.2625,-0.7779,-0.0915,0.6342,-0.21,-0.31,-0.06,125950,127659,132080
48886720,1.0150,-0.8750,-0.2800,-0.7779,-0.0915,0.6342,-0.21,-0.31,-0.06,125963,127667,132078
48906248,0.2800,-0.7525,-0.3500,-0.7778,-0.0910,0.6338,-0.21,-0.31,-0.06,125977,127661,132080
48926756,-0.1225,-0.6825,-0.3675,-0.7776,-0.0908,0.6337,-0.21,-0.31,-0.06,125964,127661,132083
48946288,0.0875,-0.7000,-0.4025,-0.7776,-0.0909,0.6339,-0.21,-0.31,-0.06,125952,127652,132074
48965820,0.6650,-0.8225,-0.3675,-0.7778,-0.0911,0.6344,-0.21,-0.31,-0.06,125950,127654,132084
48986328,1.1550,-0.9100,-0.2625,-0.7778,-0.0915,0.6349,-0.21,-0.31,-0.06,125965,127660,132089
49005860,1.1725,-0.8400,-0.2275,-0.7778,-0.0914,0.6351,-0.21,-0.31,-0.06,125975,127657,132078
49026368,0.3675,-0.6825,-0.2625,-0.7775,-0.0913,0.6348,-0.21,-0.31,-0.06,125962,127663,132083
49045896,-0.6650,-0.3850,-0.3150,-0.7774,-0.0909,0.6343,-0.21,-0.31,-0.06,125954,127655,132088
49066408,-1.1375,-0.3850,-0.3325,-0.7775,-0.0908,0.6342,-0.21,-0.31,-0.06,125956,127658,132079
49085936,-0.5600,-0.5600,-0.3325,-0.7776,-0.0910,0.6344,-0.21,-0.31,-0.06,125962,127656,132089
49106444,0.1925,-0.7350,-0.2625,-0.7778,-0.0913,0.6346,-0.21,-0.31,-0.06,125972,127652,132084
49125976,0.8925,-0.8575,-0.2800,-0.7778,-0.0913,0.6351,-0.21,-0.31,-0.06,125969,127659,132091
49146484,1.1025,-0.8225,-0.2975,-0.7776,-0.0910,0.6351,-0.21,-0.31,-0.06,125960,127659,132085
49166016,0.7875,-0.7875,-0.3150,-0.7776,-0.0910,0.6349,-0.21,-0.31,-0.06,125950,127662,132084
49186524,0.1750,-0.7000,-0.2800,-0.7775,-0.0910,0.6344,-0.21,-0.31,-0.06,125967,127655,132085
49206056,0.0700,-0.7175,-0.3150,-0.7775,-0.0909,0.6343,-0.21,-0.31,-0.06,125974,127659,132101
49226560,-0.2275,-0.5425,-0.3150,-0.7774,-0.0909,0.6342,-0.21,-0.31,-0.06,125967,127667,132088
49246092,-0.2800,-0.6475,-0.3675,-0.7775,-0.0913,0.6343,-0.21,-0.31,-0.06,125953,127662,132063
49266600,-0.2450,-0.5950,-0.2450,-0.7778,-0.0917,0.6343,-0.21,-0.31,-0.06,125952,127662,132084
49286132,0.5425,-0.8050,-0.2625,-0.7779,-0.0922,0.6345,-0.21,-0.31,-0.06,125962,127665,132091
49306640,1.2075,-0.8400,-0.1925,-0.7779,-0.0924,0.6346,-0.21,-0.31,-0.06,125968,127667,132091
49326172,1.2600,-0.8750,-0.1575,-0.7778,-0.0920,0.6348,-0.21,-0.31,-0.06,125966,127672,132079
49356444,0.1925,-0.6300,-0.2450,-0.7776,-0.0913,0.6344,-0.21,-0.31,-0.06,125968,127659,132083
49375976,-0.5775,-0.4200,-0.3150,-0.7774,-0.0908,0.6342,-0.21,-0.31,-0.06,125962,127660,132092
49396484,-0.7350,-0.5250,-0.3500,-0.7774,-0.0905,0.6343,-0.21,-0.31,-0.06,125956,127659,132080
49416016,0.1400,-0.5950,-0.2975,-0.7775,-0.0910,0.6348,-0.21,-0.31,-0.06,125949,127654,132084
49436524,0.9975,-0.8225,-0.2275,-0.7776,-0.0915,0.6349,-0.21,-0.31,-0.06,125964,127652,132084
49456056,1.5225,-0.8925,-0.2100,-0.7776,-0.0917,0.6350,-0.21,-0.31,-0.06,125972,127660,132087
49476560,1.3300,-0.8925,-0.2275,-0.7775,-0.0913,0.6349,-0.21,-0.31,-0.06,125957,127666,132084
49496092,0.5775,-0.7700,-0.3500,-0.7773,-0.0908,0.6344,-0.21,-0.31,-0.06,125954,127660,132084
49516600,-0.8400,-0.4025,-0.3850,-0.7769,-0.0905,0.6339,-0.21,-0.31,-0.06,125959,127656,132082
49536132,-1.2250,-0.3850,-0.3675,-0.7771,-0.0905,0.6339,-0.21,-0.31,-0.06,125967,127665,132088
49556640,-0.7525,-0.5775,-0.4200,-0.7774,-0.0908,0.6342,-0.21,-0.31,-0.06,125979,127669,132101
49576172,0.1750,-0.7525,-0.2975,-0.7775,-0.0913,0.6346,-0.21,-0.31,-0.06,125963,127658,132102
49596680,0.5600,-0.7350,-0.3325,-0.7776,-0.0916,0.6346,-0.21,-0.31,-0.06,125948,127652,132087
49616208,0.6475,-0.8400,-0.2100,-0.7774,-0.0916,0.6346,-0.21,-0.31,-0.06,125954,127666,132087
49636720,0.5600,-0.8225,-0.3150,-0.7776,-0.0915,0.6344,-0.21,-0.31,-0.06,125963,127666,132089
49656248,0.5425,-0.7700,-0.2275,-0.7778,-0.0915,0.6343,-0.21,-0.31,-0.06,125975,127657,132093
49676756,0.5600,-0.7875,-0.2975,-0.7778,-0.0915,0.6344,-0.21,-0.31,-0.06,125967,127659,132088
49696288,0.5600,-0.7175,-0.2625,-0.7776,-0.0914,0.6346,-0.21,-0.31,-0.06,125957,127655,132085
49715820,0.2800,-0.6650,-0.3500,-0.7776,-0.0914,0.6346,-0.21,-0.31,-0.06,125955,127645,132088
49736328,-0.0700,-0.5775,-0.2975,-0.7776,-0.0913,0.6345,-0.21,-0.31,-0.06,125961,127659,132091
49755860,-0.5075,-0.4900,-0.3325,-0.7776,-0.0914,0.6344,-0.21,-0.31,-0.06,125968,127665,132101
49776368,-0.4550,-0.5950,-0.2975,-0.7776,-0.0915,0.6344,-0.21,-0.31,-0.06,125965,127651,132096
49795896,-0.4375,-0.5075,-0.3150,-0.7778,-0.0916,0.6342,-0.21,-0.31,-0.06,125952,127659,132088
49816408,-0.3675,-0.5775,-0.3325,-0.7779,-0.0917,0.6340,-0.21,-0.31,-0.06,125950,127661,132085
49835936,0.3850,-0.6650,-0.2800,-0.7778,-0.0917,0.6345,-0.21,-0.31,-0.06,125957,127662,132097
49856444,0.8575,-0.7350,-0.2800,-0.7778,-0.0917,0.6350,-0.21,-0.31,-0.06,125971,127664,132092
49875976,0.8925,-0.6125,-0.2975,-0.7776,-0.0917,0.6353,-0.21,-0.31,-0.06,125966,127663,132101
49896484,0.2975,-0.5425,-0.3150,-0.7776,-0.0916,0.6351,-0.21,-0.31,-0.06,125958,127651,132088
49916016,-0.6475,-0.3850,-0.3325,-0.7775,-0.0915,0.6346,-0.21,-0.31,-0.06,125948,127664,132087
49936524,-1.4700,-0.2100,-0.3500,-0.7771,-0.0915,0.6342,-0.21,-0.31,-0.06,125967,127664,132100
49956056,-1.4350,-0.3150,-0.3325,-0.7769,-0.0925,0.6342,-0.21,-0.31,-0.06,125974,127662,132102
49976560,0.6650,-0.6475,-0.1750,-0.7776,-0.0931,0.6349,-0.21,-0.31,-0.06,125963,127656,132084
49996092,1.5575,-0.9100,-0.1225,-0.7784,-0.0932,0.6351,-0.21,-0.31,-0.06,125961,127654,132082
50016600,1.9075,-0.8925,-0.0700,-0.7784,-0.0932,0.6346,-0.21,-0.31,-0.06,125952,127657,132091
50036132,1.3650,-0.8575,-0.0700,-0.7781,-0.0930,0.6338,-0.21,-0.31,-0.06,125959,127662,132095
50056640,0.6125,-0.6825,-0.1750,-0.7780,-0.0922,0.6332,-0.21,-0.31,-0.06,125965,127670,132079
50076172,0.1050,-0.6300,-0.3150,-0.7780,-0.0917,0.6332,-0.21,-0.31,-0.06,125971,127662,132087
50096680,0.1925,-0.6650,-0.1750,-0.7781,-0.0920,0.6337,-0.21,-0.31,-0.06,125956,127657,132093
50116208,0.7700,-0.7525,-0.1750,-0.7781,-0.0922,0.6342,-0.21,-0.31,-0.06,125950,127658,132082
50136720,0.9450,-0.8050,-0.1750,-0.7780,-0.0919,0.6344,-0.21,-0.31,-0.06,125970,127677,132093
50156248,0.8750,-0.7000,-0.2450,-0.7779,-0.0915,0.6342,-0.21,-0.31,-0.06,125974,127672,132084
50176756,0.1050,-0.6125,-0.3150,-0.7779,-0.0911,0.6337,-0.21,-0.31,-0.06,125960,127668,132079
50196288,-0.0175,-0.5425,-0.2975,-0.7778,-0.0910,0.6337,-0.21,-0.31,-0.06,125954,127669,132083
50215820,0.2975,-0.6825,-0.2975,-0.7779,-0.0913,0.6339,-0.21,-0.31,-0.06,125943,127664,132079
50236328,0.9100,-0.7175,-0.2975,-0.7781,-0.0916,0.6343,-0.21,-0.31,-0.06,125966,127662,132082
50255860,0.9800,-0.7875,-0.1925,-0.7781,-0.0919,0.6343,-0.21,-0.31,-0.06,125973,127670,132087
50276368,0.9450,-0.7875,-0.1925,-0.7781,-0.0917,0.6340,-0.21,-0.31,-0.06,125968,127672,132081
50295896,0.5425,-0.7350,-0.2450,-0.7780,-0.0913,0.6338,-0.21,-0.31,-0.06,125957,127673,132096
50316408,-0.1050,-0.5775,-0.2800,-0.7778,-0.0905,0.6334,-0.21,-0.31,-0.06,125961,127661,132085
