39387696,0.6300,-0.8750,-0.6650,0.7171,-0.0489,0.7102,-0.21,0.29,0.38,135771,127557,124815
39407224,-0.1925,-0.9275,-0.8400,0.7174,-0.0500,0.7100,-0.21,0.29,0.38,135760,127562,124824
39427736,-1.2075,-0.8750,-0.9625,0.7174,-0.0505,0.7104,-0.21,0.29,0.38,135763,127568,124834
39447264,-0.7175,-0.9975,-1.0500,0.7175,-0.0509,0.7110,-0.21,0.29,0.38,135765,127568,124842
39466796,-0.9975,-0.9450,-1.0150,0.7176,-0.0505,0.7114,-0.22,0.29,0.38,135765,127549,124828
39487304,-0.4375,-1.1025,-1.0850,0.7176,-0.0503,0.7119,-0.21,0.29,0.38,135774,127566,124814
39506836,0.2450,-1.0500,-1.0325,0.7177,-0.0495,0.7119,-0.21,0.29,0.38,135770,127550,124814
39527344,-1.4175,-0.9100,-0.8925,0.7178,-0.0475,0.7109,-0.21,0.29,0.38,135763,127559,124838
39546876,-1.5400,-0.9625,-0.8925,0.7178,-0.0466,0.7110,-0.21,0.29,0.38,135767,127558,124850
39567384,0.9450,-1.0675,-0.7700,0.7178,-0.0466,0.7117,-0.21,0.29,0.38,135774,127566,124824
39586912,1.2425,-0.9275,-0.6475,0.7180,-0.0459,0.7121,-0.21,0.29,0.38,135781,127561,124823
39607420,1.1725,-1.0150,-0.5950,0.7180,-0.0454,0.7127,-0.21,0.29,0.38,135773,127564,124819
39626952,0.2450,-1.2950,-0.5775,0.7178,-0.0448,0.7133,-0.21,0.29,0.38,135769,127569,124825
39647460,-0.0700,-1.2950,-0.6125,0.7180,-0.0444,0.7142,-0.21,0.29,0.38,135774,127566,124840
39666992,0.3675,-1.2775,-0.5425,0.7181,-0.0442,0.7144,-0.21,0.29,0.38,135777,127574,124829
39687500,0.5600,-1.4350,-0.4725,0.7182,-0.0439,0.7144,-0.21,0.29,0.38,135791,127557,124812
39707032,0.7350,-1.4525,-0.3850,0.7182,-0.0437,0.7144,-0.21,0.29,0.38,135780,127560,124824
39727540,0.8750,-1.4000,-0.3850,0.7183,-0.0436,0.7144,-0.21,0.29,0.38,135781,127572,124826
39747072,1.2950,-1.5400,-0.2975,0.7186,-0.0433,0.7147,-0.21,0.29,0.38,135775,127572,124832
39767576,1.0150,-1.5925,-0.2800,0.7187,-0.0428,0.7149,-0.21,0.29,0.38,135786,127569,124823
39787108,1.1900,-1.7325,-0.2100,0.7188,-0.0425,0.7147,-0.21,0.29,0.38,135786,127574,124813
39807616,1.6625,-1.6625,-0.1225,0.7189,-0.0425,0.7142,-0.21,0.29,0.38,135793,127582,124813
39827148,1.9250,-1.5925,-0.0875,0.7191,-0.0423,0.7133,-0.21,0.29,0.38,135787,127589,124815
39847656,2.6250,-1.7150,-0.0700,0.7193,-0.0425,0.7122,-0.21,0.29,0.38,135788,127599,124825
39867188,1.1025,-1.3825,-0.0350,0.7198,-0.0418,0.7094,-0.21,0.29,0.38,135790,127584,124821
39887696,-0.0350,-1.2600,-0.0700,0.7200,-0.0417,0.7081,-0.21,0.29,0.38,135797,127578,124793
39907224,0.9800,-1.2600,-0.0525,0.7202,-0.0426,0.7081,-0.21,0.29,0.38,135793,127588,124793
39927736,1.2600,-1.2950,-0.1050,0.7204,-0.0427,0.7081,-0.21,0.29,0.38,135789,127601,124802
39947264,0.6300,-1.2250,-0.0875,0.7205,-0.0426,0.7078,-0.21,0.29,0.38,135791,127595,124822
39966796,0.0175,-1.2250,-0.1575,0.7208,-0.0423,0.7077,-0.21,0.29,0.38,135795,127596,124800
39987304,0.2625,-1.2075,-0.0875,0.7210,-0.0422,0.7071,-0.21,0.29,0.38,135802,127570,124803
40006836,1.2600,-1.0850,-0.0525,0.7211,-0.0425,0.7066,-0.21,0.29,0.38,135795,127589,124789
40027344,2.2225,-0.9800,-0.0700,0.7214,-0.0431,0.7061,-0.21,0.29,0.38,135793,127592,124816
40046876,1.5225,-0.9100,-0.0350,0.7215,-0.0431,0.7054,-0.21,0.29,0.38,135794,127607,124809
40067384,-0.1925,-0.8750,-0.2275,0.7215,-0.0431,0.7048,-0.21,0.29,0.38,135795,127593,124807
40086912,-0.8750,-0.8575,-0.2625,0.7216,-0.0436,0.7046,-0.21,0.29,0.38,135805,127587,124804
40107420,0.3850,-0.7700,-0.3150,0.7218,-0.0444,0.7047,-0.21,0.29,0.38,135800,127588,124803
40126952,1.3125,-0.7350,-0.2450,0.7220,-0.0447,0.7048,-0.21,0.29,0.38,135792,127590,124819
40147460,0.8400,-0.7525,-0.2800,0.7220,-0.0447,0.7049,-0.21,0.29,0.38,135790,127595,124815
40166992,0.2450,-0.7350,-0.3850,0.7220,-0.0448,0.7052,-0.21,0.29,0.38,135798,127596,124818
40187500,-0.2100,-0.7875,-0.4375,0.7221,-0.0450,0.7053,-0.21,0.29,0.38,135802,127596,124795
40207032,0.2975,-0.7875,-0.4900,0.7222,-0.0454,0.7059,-0.21,0.29,0.38,135807,127596,124800
40227540,0.6475,-0.7700,-0.5075,0.7222,-0.0451,0.7064,-0.21,0.29,0.38,135795,127602,124826
40247072,-0.2275,-0.7700,-0.4550,0.7222,-0.0440,0.7065,-0.21,0.29,0.38,135794,127601,124825
40267576,-0.8050,-0.7700,-0.4375,0.7224,-0.0431,0.7064,-0.21,0.29,0.38,135797,127595,124802
40287108,-0.8925,-0.7350,-0.4200,0.7225,-0.0425,0.7066,-0.21,0.29,0.38,135800,127593,124799
40307616,1.7150,-0.8575,-0.2625,0.7224,-0.0426,0.7072,-0.21,0.29,0.38,135799,127589,124802
40327148,1.4000,-0.8050,-0.1225,0.7225,-0.0415,0.7069,-0.21,0.29,0.38,135801,127600,124795
40347656,0.8750,-0.9100,-0.1575,0.7225,-0.0412,0.7069,-0.21,0.29,0.38,135788,127610,124808
40377928,0.6125,-0.7000,-0.1575,0.7225,-0.0417,0.7065,-0.21,0.29,0.38,135793,127611,124804
40398436,0.7000,-0.6650,-0.1925,0.7225,-0.0425,0.7061,-0.21,0.29,0.38,135797,127601,124802
40417968,0.7875,-0.7000,-0.2800,0.7225,-0.0432,0.7061,-0.21,0.29,0.38,135802,127600,124803
40438476,-0.3850,-0.6125,-0.4375,0.7225,-0.0434,0.7061,-0.21,0.29,0.38,135803,127583,124786
40458008,-0.6825,-0.7000,-0.4900,0.7225,-0.0438,0.7063,-0.21,0.29,0.38,135799,127599,124809
40478516,-0.7700,-0.7000,-0.6300,0.7225,-0.0444,0.7064,-0.21,0.29,0.38,135798,127596,124808
40498048,0.4375,-0.6825,-0.5075,0.7225,-0.0449,0.7061,-0.21,0.29,0.38,135796,127606,124805
40518552,0.9975,-0.5425,-0.5950,0.7226,-0.0451,0.7060,-0.21,0.29,0.38,135803,127601,124799
40538084,-0.5950,-0.5075,-0.6475,0.7225,-0.0448,0.7054,-0.21,0.29,0.38,135806,127581,124794
40558592,-1.3650,-0.5950,-0.8050,0.7226,-0.0445,0.7047,-0.21,0.29,0.38,135795,127590,124808
40578124,-1.3475,-0.4025,-0.7175,0.7227,-0.0443,0.7039,-0.21,0.29,0.38,135796,127597,124822
40598632,0.1750,-0.2625,-0.7000,0.7227,-0.0443,0.7039,-0.21,0.29,0.38,135794,127603,124815
40618164,1.9425,-0.3675,-0.6475,0.7227,-0.0443,0.7048,-0.21,0.29,0.38,135801,127606,124811
40638672,1.7850,-0.4025,-0.5775,0.7226,-0.0434,0.7058,-0.21,0.29,0.38,135804,127604,124787
40658204,-0.7175,-0.5075,-0.5600,0.7224,-0.0420,0.7074,-0.21,0.29,0.38,135800,127597,124804
40678712,-1.0675,-0.6475,-0.5600,0.7222,-0.0416,0.7087,-0.21,0.29,0.38,135791,127602,124821
40698240,0.6475,-0.7875,-0.5075,0.7221,-0.0418,0.7099,-0.21,0.29,0.38,135793,127609,124807
40718752,1.4875,-0.7875,-0.4550,0.7221,-0.0415,0.7103,-0.21,0.29,0.38,135799,127609,124796
40738280,1.3650,-0.8225,-0.3675,0.7221,-0.0410,0.7100,-0.21,0.29,0.38,135804,127607,124796
40757812,0.5775,-0.8575,-0.4025,0.7221,-0.0405,0.7100,-0.21,0.29,0.38,135799,127608,124800
40778320,0.1225,-0.9100,-0.3675,0.7220,-0.0403,0.7099,-0.21,0.29,0.38,135798,127610,124816
40797852,-0.1575,-0.9100,-0.4025,0.7220,-0.0400,0.7097,-0.21,0.29,0.38,135793,127616,124813
40818360,-0.0700,-0.9100,-0.3500,0.7222,-0.0397,0.7096,-0.21,0.29,0.38,135798,127607,124804
40837888,0.2625,-0.8575,-0.2800,0.7222,-0.0395,0.7093,-0.21,0.29,0.38,135806,127603,124799
40858400,1.0325,-0.8925,-0.2275,0.7222,-0.0397,0.7088,-0.21,0.29,0.38,135806,127603,124799
40877928,0.8750,-0.9100,-0.1575,0.7222,-0.0398,0.7082,-0.21,0.29,0.38,135802,127607,124817
40898436,-0.9100,-0.7350,-0.2625,0.7222,-0.0397,0.7065,-0.21,0.29,0.38,135793,127607,124822
40917968,0.2100,-0.7350,-0.2450,0.7224,-0.0403,0.7060,-0.21,0.29,0.38,135801,127604,124813
40938476,1.4525,-0.6125,-0.2450,0.7224,-0.0409,0.7056,-0.21,0.29,0.38,135804,127605,124788
40958008,1.1375,-0.5075,-0.1750,0.7224,-0.0407,0.7053,-0.21,0.29,0.38,135797,127611,124799
40978516,-0.8575,-0.4725,-0.3500,0.7225,-0.0405,0.7048,-0.21,0.29,0.38,135798,127611,124825
40998048,-0.3325,-0.5775,-0.3150,0.7224,-0.0417,0.7055,-0.21,0.29,0.38,135791,127615,124820
41018552,0.9800,-0.4375,-0.3675,0.7224,-0.0423,0.7058,-0.21,0.29,0.38,135804,127601,124809
41038084,1.2250,-0.4550,-0.3850,0.7224,-0.0427,0.7056,-0.21,0.29,0.38,135812,127604,124792
41058592,-0.4375,-0.4375,-0.5075,0.7224,-0.0425,0.7053,-0.21,0.29,0.38,135801,127609,124809
41078124,-1.3300,-0.3850,-0.6125,0.7222,-0.0426,0.7050,-0.21,0.29,0.38,135795,127603,124815
41098632,-0.8050,-0.3675,-0.5950,0.7222,-0.0429,0.7054,-0.21,0.29,0.38,135794,127608,124811
41118164,0.8400,-0.4025,-0.5075,0.7222,-0.0432,0.7064,-0.21,0.29,0.38,135804,127600,124811
41138672,0.8225,-0.4375,-0.5775,0.7222,-0.0429,0.7071,-0.21,0.29,0.38,135799,127600,124800
41158204,0.0875,-0.4725,-0.5950,0.7222,-0.0425,0.7075,-0.21,0.29,0.38,135796,127608,124803
41178712,-0.6300,-0.5075,-0.5950,0.7222,-0.0422,0.7074,-0.21,0.29,0.38,135793,127601,124815
41198240,-0.2450,-0.4725,-0.5775,0.7222,-0.0423,0.7074,-0.21,0.29,0.38,135799,127610,124816
41218752,0.7350,-0.5250,-0.5950,0.7221,-0.0426,0.7077,-0.21,0.29,0.38,135802,127603,124799
41238280,-0.2800,-0.5250,-0.5250,0.7221,-0.0418,0.7076,-0.21,0.29,0.38,135801,127596,124795
41257812,-1.2075,-0.5600,-0.5425,0.7220,-0.0411,0.7078,-0.21,0.29,0.38,135797,127604,124798
41278320,0.4725,-0.6475,-0.4375,0.7219,-0.0414,0.7091,-0.21,0.29,0.38,135792,127607,124814
41297852,1.1725,-0.6475,-0.3850,0.7218,-0.0407,0.7098,-0.21,0.29,0.38,135798,127611,124827
41318360,0.7525,-0.7875,-0.3325,0.7218,-0.0400,0.7102,-0.21,0.29,0.38,135802,127611,124809
41337888,-0.0875,-0.7175,-0.2625,0.7218,-0.0392,0.7104,-0.21,0.29,0.38,135808,127600,124808
41358400,0.8400,-0.9450,-0.1750,0.7216,-0.0390,0.7110,-0.21,0.29,0.38,135795,127611,124804
41388672,1.5400,-0.8925,-0.0875,0.7218,-0.0387,0.7110,-0.21,0.29,0.38,135802,127600,124790
41408204,0.5250,-0.9450,-0.0700,0.7216,-0.0382,0.7108,-0.21,0.29,0.38,135802,127609,124796
41428712,0.4200,-0.9800,-0.0350,0.7216,-0.0382,0.7109,-0.21,0.29,0.38,135794,127614,124805
41448240,1.5575,-1.0325,-0.0175,0.7216,-0.0388,0.7113,-0.21,0.29,0.38,135795,127613,124804
41468752,2.5025,-1.0150,0.0875,0.7216,-0.0395,0.7115,-0.21,0.29,0.38,135798,127614,124790
41488280,1.3475,-1.1550,-0.0350,0.7216,-0.0395,0.7113,-0.21,0.29,0.38,135808,127620,124797
41507812,-0.0700,-1.2250,-0.0350,0.7218,-0.0395,0.7110,-0.21,0.29,0.38,135799,127629,124788
41528320,-0.2625,-1.2425,-0.1225,0.7219,-0.0401,0.7108,-0.21,0.29,0.38,135798,127613,124807
41547852,1.3475,-1.1725,-0.1050,0.7220,-0.0411,0.7108,-0.21,0.29,0.38,135804,127629,124794
41568360,2.5900,-1.2425,-0.1400,0.7220,-0.0417,0.7105,-0.21,0.29,0.38,135800,127613,124781
41587888,1.6800,-1.2950,-0.2450,0.7221,-0.0415,0.7102,-0.21,0.29,0.38,135809,127621,124778
41608400,-0.1575,-1.2775,-0.2275,0.7222,-0.0407,0.7093,-0.21,0.29,0.38,135805,127616,124787
41627928,-0.5425,-1.2425,-0.2625,0.7224,-0.0405,0.7086,-0.21,0.29,0.38,135804,127636,124790
41648436,1.3300,-1.2775,-0.2100,0.7225,-0.0407,0.7085,-0.21,0.29,0.38,135805,127624,124790
41667968,2.1700,-1.1375,-0.1225,0.7226,-0.0403,0.7080,-0.21,0.29,0.38,135810,127632,124784
41688476,1.4700,-1.1200,-0.0350,0.7227,-0.0392,0.7069,-0.21,0.29,0.38,135818,127640,124766
41708008,1.0850,-1.1550,-0.0875,0.7229,-0.0390,0.7064,-0.21,0.29,0.38,135808,127633,124767
41728516,1.5225,-1.0150,-0.0700,0.7230,-0.0393,0.7058,-0.21,0.29,0.38,135811,127638,124790
41748048,1.8725,-0.9100,-0.1400,0.7231,-0.0395,0.7050,-0.21,0.29,0.38,135810,127649,124783
41768552,0.8925,-0.8225,-0.2100,0.7232,-0.0393,0.7042,-0.21,0.29,0.39,135811,127640,124761
41788084,-0.0700,-0.7875,-0.2450,0.7233,-0.0397,0.7035,-0.21,0.29,0.39,135822,127641,124757
41808592,0.6475,-0.7525,-0.3850,0.7235,-0.0407,0.7032,-0.21,0.29,0.38,135807,127638,124771
41828124,0.2800,-0.6125,-0.3675,0.7236,-0.0410,0.7027,-0.21,0.29,0.38,135801,127645,124783
41848632,-0.9625,-0.6825,-0.5775,0.7236,-0.0410,0.7022,-0.21,0.29,0.38,135804,127639,124786
41868164,-1.4700,-0.5775,-0.6125,0.7236,-0.0412,0.7022,-0.21,0.29,0.38,135812,127633,124788
41888672,-0.4725,-0.5250,-0.5600,0.7236,-0.0415,0.7025,-0.21,0.29,0.38,135810,127639,124767
41908204,0.5425,-0.4900,-0.5775,0.7236,-0.0415,0.7028,-0.21,0.29,0.38,135805,127640,124779
41928712,0.1400,-0.4725,-0.5775,0.7236,-0.0407,0.7027,-0.21,0.29,0.38,135797,127645,124786
41948240,-0.8050,-0.4375,-0.5775,0.7236,-0.0401,0.7027,-0.21,0.29,0.38,135801,127644,124795
41968752,-1.4350,-0.4025,-0.6650,0.7236,-0.0398,0.7030,-0.21,0.29,0.38,135810,127620,124797
41988280,-0.5425,-0.4375,-0.6300,0.7236,-0.0397,0.7038,-0.21,0.29,0.38,135812,127629,124767
42007812,0.0525,-0.5075,-0.5425,0.7235,-0.0393,0.7047,-0.21,0.29,0.38,135809,127630,124782
42028320,-0.0700,-0.5075,-0.4900,0.7235,-0.0379,0.7054,-0.21,0.29,0.38,135807,127632,124800
42047852,0.0350,-0.5600,-0.3675,0.7235,-0.0372,0.7059,-0.21,0.29,0.38,135807,127631,124799
42068360,0.6650,-0.6125,-0.2625,0.7235,-0.0370,0.7067,-0.21,0.29,0.38,135807,127621,124786
42087888,1.3300,-0.6825,-0.2275,0.7235,-0.0368,0.7072,-0.21,0.29,0.38,135811,127632,124782
42108400,1.3125,-0.7000,-0.1925,0.7233,-0.0368,0.7076,-0.21,0.29,0.38,135812,127640,124777
42127928,0.7525,-0.7350,-0.2625,0.7233,-0.0371,0.7078,-0.21,0.29,0.38,135805,127642,124795
42148436,0.4900,-0.8750,-0.2800,0.7233,-0.0378,0.7081,-0.21,0.29,0.38,135798,127635,124791
42167968,-0.4550,-0.7875,-0.4025,0.7233,-0.0379,0.7080,-0.21,0.29,0.38,135809,127635,124778
42188476,-0.2100,-0.8750,-0.3850,0.7233,-0.0383,0.7081,-0.21,0.29,0.39,135809,127626,124761
42208008,0.5775,-0.8225,-0.3150,0.7232,-0.0386,0.7081,-0.21,0.29,0.38,135811,127644,124779
42228516,0.4900,-0.9100,-0.4025,0.7232,-0.0386,0.7078,-0.21,0.29,0.38,135804,127642,124790
42248048,0.2100,-0.9100,-0.4025,0.7233,-0.0384,0.7078,-0.21,0.29,0.38,135798,127643,124791
42268552,0.9625,-0.9450,-0.4200,0.7233,-0.0384,0.7077,-0.21,0.29,0.38,135809,127634,124779
42288084,0.7175,-0.8400,-0.4375,0.7235,-0.0382,0.7070,-0.21,0.29,0.38,135812,127638,124774
42308592,-0.2625,-0.8050,-0.4375,0.7235,-0.0376,0.7061,-0.21,0.29,0.38,135810,127637,124773
42328124,-0.2625,-0.8050,-0.3500,0.7235,-0.0376,0.7059,-0.21,0.29,0.38,135800,127638,124787
42348632,0.2625,-0.7700,-0.2800,0.7236,-0.0370,0.7054,-0.21,0.29,0.38,135803,127648,124795
42368164,0.1400,-0.6650,-0.1750,0.7236,-0.0366,0.7049,-0.21,0.29,0.38,135811,127629,124781
42398436,1.3650,-0.6825,-0.1750,0.7235,-0.0368,0.7049,-0.21,0.29,0.38,135812,127643,124783
42417968,1.5225,-0.7175,-0.2100,0.7235,-0.0370,0.7049,-0.21,0.29,0.38,135810,127641,124783
42438476,1.1725,-0.6300,-0.1925,0.7235,-0.0371,0.7047,-0.21,0.29,0.38,135813,127643,124773
42458008,0.3325,-0.5600,-0.2275,0.7235,-0.0373,0.7044,-0.21,0.29,0.38,135810,127636,124769
42478516,0.0175,-0.5250,-0.3150,0.7236,-0.0379,0.7043,-0.21,0.29,0.38,135806,127644,124797
42498048,0.7525,-0.5250,-0.4375,0.7235,-0.0387,0.7047,-0.21,0.29,0.38,135800,127649,124788
42518552,0.9975,-0.6300,-0.4375,0.7235,-0.0390,0.7052,-0.21,0.29,0.38,135811,127642,124784
42538084,-0.2100,-0.5950,-0.5425,0.7235,-0.0390,0.7052,-0.21,0.29,0.38,135812,127643,124773
42558592,-0.8925,-0.6300,-0.6300,0.7233,-0.0394,0.7054,-0.21,0.29,0.38,135806,127658,124776
42578124,0.4025,-0.6125,-0.6300,0.7233,-0.0399,0.7059,-0.21,0.29,0.38,135808,127645,124767
42598632,-0.6650,-0.5425,-0.6650,0.7233,-0.0394,0.7055,-0.21,0.29,0.38,135809,127637,124788
42618164,-1.3125,-0.6300,-0.6825,0.7235,-0.0384,0.7056,-0.21,0.29,0.38,135811,127635,124778
42638672,-1.0150,-0.6825,-0.5600,0.7235,-0.0376,0.7060,-0.21,0.29,0.38,135814,127636,124766
42658204,-0.2625,-0.6125,-0.5600,0.7235,-0.0368,0.7064,-0.21,0.29,0.38,135808,127629,124775
42678712,1.0150,-0.7000,-0.3675,0.7235,-0.0362,0.7071,-0.21,0.29,0.38,135800,127649,124791
42698240,1.1200,-0.7700,-0.2100,0.7233,-0.0353,0.7076,-0.21,0.29,0.38,135804,127645,124788
42718752,0.4725,-0.8225,-0.1225,0.7233,-0.0342,0.7078,-0.21,0.29,0.38,135801,127645,124780
42738280,1.2075,-0.8925,-0.0700,0.7233,-0.0342,0.7081,-0.21,0.29,0.38,135814,127641,124767
42757812,1.3125,-0.8925,-0.0350,0.7235,-0.0342,0.7078,-0.21,0.29,0.38,135813,127646,124774
42778320,1.4000,-0.8400,0.0875,0.7235,-0.0342,0.7076,-0.21,0.29,0.38,135803,127651,124793
42797852,0.1225,-0.8575,0.0175,0.7235,-0.0342,0.7074,-0.21,0.29,0.38,135803,127647,124780
42818360,-0.0525,-0.9625,-0.0525,0.7235,-0.0349,0.7076,-0.21,0.29,0.38,135805,127641,124778
42837888,0.5775,-0.8575,-0.1050,0.7235,-0.0359,0.7078,-0.21,0.29,0.39,135810,127651,124760
42858400,0.7175,-0.9275,-0.1400,0.7235,-0.0364,0.7078,-0.21,0.29,0.38,135805,127644,124769
42877928,0.6825,-0.9450,-0.0875,0.7235,-0.0368,0.7077,-0.21,0.29,0.38,135800,127653,124775
42898436,0.5775,-0.9625,-0.1925,0.7235,-0.0375,0.7076,-0.21,0.29,0.38,135808,127654,124776
42917968,1.0150,-0.9100,-0.2450,0.7235,-0.0381,0.7074,-0.21,0.29,0.39,135814,127644,124763
42938476,0.7350,-0.9100,-0.2975,0.7235,-0.0383,0.7072,-0.21,0.29,0.39,135813,127640,124756
42958008,0.1400,-0.9800,-0.3500,0.7236,-0.0386,0.7071,-0.21,0.29,0.38,135812,127637,124767
42978516,0.0875,-0.9625,-0.4025,0.7237,-0.0381,0.7069,-0.21,0.29,0.38,135809,127650,124782
42998048,0.9800,-0.8750,-0.2975,0.7238,-0.0377,0.7066,-0.21,0.29,0.38,135806,127660,124771
43018552,0.8225,-0.8925,-0.2975,0.7239,-0.0370,0.7065,-0.21,0.29,0.39,135810,127651,124762
43038084,1.0500,-1.0150,-0.1750,0.7238,-0.0366,0.7065,-0.21,0.29,0.38,135819,127640,124771
43058592,1.6450,-0.8925,-0.1050,0.7239,-0.0362,0.7064,-0.21,0.29,0.39,135814,127657,124759
43078124,1.8550,-0.9450,-0.0525,0.7239,-0.0361,0.7064,-0.21,0.29,0.38,135809,127664,124776
43098632,1.0325,-0.9800,-0.1750,0.7239,-0.0361,0.7061,-0.21,0.29,0.38,135816,127661,124778
43118164,0.0700,-0.9450,-0.2625,0.7241,-0.0361,0.7063,-0.21,0.29,0.39,135818,127656,124758
43138672,-0.3150,-1.0150,-0.2450,0.7241,-0.0361,0.7064,-0.21,0.29,0.39,135825,127656,124753
43158204,0.3500,-1.0675,-0.2100,0.7242,-0.0364,0.7067,-0.21,0.29,0.38,135814,127655,124770
43178712,0.9975,-1.0325,-0.2625,0.7242,-0.0366,0.7071,-0.21,0.29,0.38,135808,127665,124780
43198240,0.7350,-1.1025,-0.3325,0.7243,-0.0366,0.7074,-0.21,0.29,0.38,135811,127665,124772
43218752,0.3150,-1.2075,-0.3325,0.7244,-0.0364,0.7075,-0.21,0.29,0.39,135823,127668,124750
43238280,-0.3850,-1.1725,-0.3325,0.7246,-0.0360,0.7070,-0.21,0.29,0.39,135826,127659,124746
43257812,-0.4375,-1.1550,-0.2975,0.7246,-0.0359,0.7065,-0.21,0.29,0.39,135823,127657,124749
43278320,1.0500,-1.1550,-0.2625,0.7247,-0.0362,0.7063,-0.21,0.29,0.38,135815,127667,124767
43297852,0.2625,-0.9975,-0.2975,0.7249,-0.0356,0.7050,-0.21,0.29,0.39,135814,127656,124761
43318360,0.1400,-1.1375,-0.2975,0.7249,-0.0355,0.7048,-0.21,0.29,0.39,135827,127649,124762
43337888,0.8750,-1.1550,-0.2625,0.7250,-0.0356,0.7047,-0.21,0.29,0.39,135825,127659,124746
43358400,0.6125,-0.9275,-0.2625,0.7252,-0.0354,0.7046,-0.21,0.29,0.39,135826,127656,124745
43377928,1.4175,-1.1375,-0.2275,0.7252,-0.0355,0.7049,-0.21,0.29,0.39,135818,127672,124755
43408204,0.4900,-1.1025,-0.1575,0.7254,-0.0346,0.7047,-0.21,0.29,0.39,135823,127660,124761
43428712,1.0500,-1.1550,-0.1750,0.7254,-0.0346,0.7044,-0.21,0.29,0.39,135821,127662,124761
43448240,1.5400,-1.0325,-0.0700,0.7255,-0.0346,0.7038,-0.21,0.29,0.39,135823,127667,124757
43468752,1.4000,-0.9800,-0.1050,0.7258,-0.0348,0.7031,-0.21,0.29,0.39,135827,127668,124755
43488280,1.1375,-0.9450,-0.1225,0.7258,-0.0351,0.7026,-0.21,0.29,0.39,135826,127664,124743
43507812,0.7000,-0.9100,-0.2450,0.7259,-0.0356,0.7022,-0.21,0.29,0.39,135828,127677,124752
43528320,0.6125,-0.7525,-0.3325,0.7260,-0.0366,0.7024,-0.21,0.29,0.39,135829,127681,124762
43547852,0.8050,-0.8750,-0.4200,0.7261,-0.0371,0.7025,-0.21,0.29,0.38,135825,127676,124768
43568360,-0.4375,-0.8400,-0.5250,0.7261,-0.0371,0.7021,-0.21,0.29,0.39,135830,127672,124758
43587888,-1.1375,-0.8225,-0.5600,0.7261,-0.0372,0.7017,-0.21,0.29,0.39,135830,127661,124739
43608400,-0.1925,-0.8225,-0.6825,0.7263,-0.0378,0.7020,-0.21,0.29,0.39,135829,127670,124750
43627928,0.7525,-0.8400,-0.7175,0.7264,-0.0379,0.7022,-0.21,0.29,0.39,135828,127668,124761
43648436,-1.4175,-0.7525,-0.7700,0.7264,-0.0362,0.7015,-0.21,0.29,0.39,135831,127673,124746
43667968,-1.9950,-0.7525,-0.6125,0.7264,-0.0354,0.7013,-0.21,0.29,0.39,135827,127664,124750
43688476,-0.8925,-0.6650,-0.5775,0.7264,-0.0349,0.7013,-0.21,0.29,0.39,135835,127666,124742
43708008,0.4550,-0.5950,-0.4375,0.7264,-0.0342,0.7015,-0.21,0.29,0.39,135830,127671,124739
43728516,1.2600,-0.7000,-0.2450,0.7264,-0.0334,0.7019,-0.21,0.29,0.39,135826,127685,124751
43748048,0.8925,-0.7000,-0.2625,0.7264,-0.0322,0.7020,-0.21,0.29,0.38,135822,127672,124766
43768552,-0.2450,-0.5775,-0.1050,0.7264,-0.0312,0.7015,-0.21,0.29,0.39,135832,127667,124749
43788084,1.1900,-0.6475,-0.0525,0.7264,-0.0317,0.7017,-0.21,0.29,0.39,135838,127659,124746
43808592,1.3650,-0.6125,0.0175,0.7264,-0.0318,0.7017,-0.21,0.29,0.39,135827,127675,124749
43828124,0.1575,-0.5425,-0.0700,0.7264,-0.0317,0.7014,-0.21,0.29,0.39,135827,127680,124761
43848632,-0.5775,-0.5600,-0.1225,0.7264,-0.0320,0.7015,-0.21,0.29,0.38,135830,127676,124768
43868164,0.4550,-0.5600,-0.0525,0.7264,-0.0325,0.7021,-0.21,0.29,0.39,135834,127662,124753
43888672,1.0500,-0.5075,-0.0350,0.7264,-0.0336,0.7027,-0.21,0.29,0.39,135836,127661,124736
43908204,1.1550,-0.6650,-0.0700,0.7264,-0.0344,0.7032,-0.21,0.29,0.39,135829,127666,124750
43928712,-0.0175,-0.6650,-0.2100,0.7264,-0.0346,0.7032,-0.21,0.29,0.39,135819,127659,124746
43948240,-0.6650,-0.6125,-0.2975,0.7264,-0.0351,0.7032,-0.21,0.29,0.38,135823,127666,124769
43968752,-0.3150,-0.7350,-0.2975,0.7264,-0.0357,0.7036,-0.21,0.29,0.39,135831,127663,124744
43988280,-0.3325,-0.7350,-0.2625,0.7264,-0.0355,0.7035,-0.21,0.29,0.39,135826,127663,124749
44007812,-1.1375,-0.6125,-0.2975,0.7264,-0.0351,0.7032,-0.21,0.29,0.39,135827,127661,124749
44028320,0.1400,-0.7175,-0.2800,0.7263,-0.0355,0.7039,-0.21,0.29,0.39,135826,127677,124757
44047852,2.0650,-0.7700,-0.2275,0.7263,-0.0360,0.7046,-0.21,0.29,0.38,135820,127674,124766
44068360,1.6800,-0.7875,-0.2625,0.7263,-0.0357,0.7044,-0.21,0.29,0.39,135834,127673,124754
44087888,0.6650,-0.8225,-0.2450,0.7263,-0.0354,0.7042,-0.21,0.29,0.39,135831,127673,124757
44108400,-0.1575,-0.7525,-0.3150,0.7263,-0.0353,0.7031,-0.21,0.29,0.39,135830,127678,124750
44127928,0.1400,-0.6125,-0.3675,0.7264,-0.0355,0.7022,-0.21,0.29,0.38,135820,127690,124771
44148436,0.1925,-0.5075,-0.2625,0.7264,-0.0359,0.7015,-0.21,0.29,0.38,135825,127678,124776
44167968,0.0875,-0.5775,-0.3675,0.7263,-0.0361,0.7010,-0.21,0.29,0.39,135834,127667,124754
44188476,-0.6825,-0.3850,-0.4200,0.7263,-0.0366,0.7006,-0.21,0.29,0.39,135835,127665,124746
44208008,0.1575,-0.4550,-0.5425,0.7263,-0.0377,0.7006,-0.21,0.29,0.39,135823,127671,124757
44228516,0.1225,-0.3675,-0.7175,0.7264,-0.0387,0.7004,-0.21,0.29,0.38,135822,127667,124770
44248048,-0.1225,-0.3675,-0.7175,0.7263,-0.0389,0.7004,-0.21,0.29,0.38,135823,127668,124774
44268552,-0.7700,-0.2625,-0.7700,0.7263,-0.0389,0.7005,-0.21,0.29,0.38,135827,127659,124770
44288084,-1.2600,-0.2275,-0.8750,0.7261,-0.0388,0.7006,-0.21,0.29,0.39,135829,127658,124761
44308592,-0.9625,-0.3325,-0.9275,0.7261,-0.0388,0.7010,-0.21,0.29,0.38,135823,127660,124766
44328124,-0.4025,-0.2275,-0.8575,0.7260,-0.0386,0.7015,-0.21,0.29,0.38,135818,127650,124789
44348632,-0.8050,-0.2275,-0.8575,0.7260,-0.0372,0.7015,-0.21,0.29,0.38,135819,127663,124785
44368164,-0.9275,-0.1400,-0.8225,0.7259,-0.0364,0.7019,-0.21,0.29,0.38,135820,127657,124775
44388672,-0.5775,-0.2450,-0.7175,0.7259,-0.0356,0.7026,-0.21,0.29,0.39,135826,127647,124760
44418944,-0.3150,-0.3850,-0.5950,0.7257,-0.0346,0.7038,-0.21,0.29,0.38,135819,127649,124765
44439452,0.4550,-0.4725,-0.4550,0.7254,-0.0340,0.7052,-0.21,0.29,0.38,135824,127653,124767
44458984,0.2100,-0.4900,-0.5250,0.7254,-0.0337,0.7054,-0.21,0.29,0.38,135821,127658,124776
44479492,0.0525,-0.4725,-0.3850,0.7253,-0.0334,0.7059,-0.21,0.29,0.38,135815,127653,124775
44499024,0.4025,-0.5950,-0.3675,0.7252,-0.0337,0.7065,-0.21,0.29,0.38,135824,127657,124780
44519532,0.3850,-0.5425,-0.3500,0.7250,-0.0337,0.7066,-0.21,0.29,0.39,135827,127657,124759
44539064,0.4900,-0.5950,-0.3850,0.7250,-0.0339,0.7067,-0.21,0.29,0.38,135822,127650,124769
44559568,-0.7175,-0.6650,-0.4375,0.7249,-0.0339,0.7066,-0.21,0.29,0.38,135820,127671,124778
44579100,-0.3675,-0.7175,-0.3850,0.7248,-0.0344,0.7069,-0.21,0.29,0.38,135814,127664,124784
44599608,0.5600,-0.7175,-0.3850,0.7247,-0.0346,0.7070,-0.21,0.29,0.38,135824,127652,124779
44619140,0.3675,-0.6125,-0.3850,0.7248,-0.0344,0.7066,-0.21,0.29,0.38,135823,127664,124766
44639648,0.3500,-0.7175,-0.4200,0.7247,-0.0344,0.7067,-0.21,0.29,0.39,135830,127656,124763
44659180,0.3325,-0.7875,-0.3500,0.7248,-0.0345,0.7066,-0.21,0.29,0.38,135816,127653,124778
44679688,0.0875,-0.7700,-0.3850,0.7249,-0.0348,0.7060,-0.21,0.29,0.38,135814,127652,124789
44699216,0.0525,-0.6475,-0.4025,0.7249,-0.0350,0.7056,-0.21,0.29,0.38,135823,127658,124787
44719728,0.3325,-0.6300,-0.4200,0.7249,-0.0353,0.7056,-0.21,0.29,0.38,135829,127650,124779
44739256,0.3675,-0.7175,-0.4025,0.7249,-0.0353,0.7061,-0.21,0.29,0.38,135821,127662,124776
44758788,0.7350,-0.7875,-0.3325,0.7248,-0.0354,0.7066,-0.21,0.29,0.38,135819,127646,124779
44779296,0.1050,-0.9275,-0.3850,0.7248,-0.0346,0.7070,-0.21,0.29,0.38,135813,127650,124789
44798828,0.0000,-0.8575,-0.3675,0.7248,-0.0343,0.7067,-0.21,0.29,0.38,135822,127654,124789
44819336,0.3500,-0.8400,-0.2975,0.7247,-0.0342,0.7064,-0.21,0.29,0.38,135827,127650,124779
44838868,1.3825,-0.8400,-0.2275,0.7248,-0.0346,0.7059,-0.21,0.29,0.38,135829,127654,124769
44859376,1.3825,-0.7875,-0.1750,0.7249,-0.0348,0.7054,-0.21,0.29,0.38,135831,127669,124780
44878904,0.8400,-0.7700,-0.2800,0.7249,-0.0350,0.7047,-0.21,0.29,0.38,135817,127671,124785
44899416,-0.5075,-0.6475,-0.4025,0.7249,-0.0355,0.7042,-0.21,0.29,0.38,135823,127670,124787
44918944,-0.1050,-0.7000,-0.4550,0.7249,-0.0364,0.7041,-0.21,0.29,0.38,135833,127665,124778
44939452,-0.2625,-0.6650,-0.5425,0.7250,-0.0370,0.7037,-0.21,0.29,0.38,135823,127648,124776
44958984,-0.6125,-0.5775,-0.5775,0.7249,-0.0372,0.7033,-0.21,0.29,0.38,135825,127667,124778
44979492,-1.2950,-0.5600,-0.6300,0.7249,-0.0375,0.7035,-0.21,0.29,0.38,135820,127659,124798
44999024,0.1575,-0.7350,-0.6475,0.7249,-0.0378,0.7042,-0.21,0.29,0.38,135819,127663,124788
45019532,-0.0875,-0.5600,-0.6300,0.7250,-0.0373,0.7039,-0.21,0.29,0.38,135822,127647,124780
45039064,0.0875,-0.6475,-0.6475,0.7250,-0.0368,0.7041,-0.21,0.29,0.38,135831,127641,124791
45059568,-0.5250,-0.6475,-0.5775,0.7250,-0.0361,0.7036,-0.21,0.29,0.38,135820,127642,124790
45079100,-0.8050,-0.5250,-0.5775,0.7250,-0.0355,0.7033,-0.21,0.29,0.38,135816,127658,124815
45099608,0.2100,-0.5075,-0.5600,0.7250,-0.0353,0.7035,-0.21,0.29,0.38,135819,127655,124793
45119140,-0.8575,-0.4375,-0.4725,0.7249,-0.0344,0.7036,-0.21,0.29,0.38,135826,127644,124776
45139648,-0.8400,-0.5600,-0.3850,0.7249,-0.0340,0.7042,-0.21,0.29,0.38,135817,127643,124788
45159180,0.6475,-0.5950,-0.3150,0.7249,-0.0343,0.7050,-0.21,0.29,0.38,135821,127637,124814
45179688,0.9100,-0.5425,-0.2100,0.7248,-0.0343,0.7054,-0.21,0.29,0.38,135818,127651,124817
45199216,1.4700,-0.6125,-0.2275,0.7247,-0.0343,0.7059,-0.21,0.29,0.38,135823,127642,124795
45219728,-0.1050,-0.7000,-0.2100,0.7247,-0.0339,0.7058,-0.21,0.29,0.38,135827,127654,124769
45239256,0.4725,-0.6650,-0.2450,0.7247,-0.0348,0.7064,-0.21,0.29,0.38,135824,127638,124784
45258788,0.9450,-0.7525,-0.2100,0.7247,-0.0349,0.7065,-0.21,0.29,0.38,135819,127651,124783
45279296,0.4550,-0.7525,-0.1750,0.7247,-0.0346,0.7064,-0.21,0.29,0.38,135814,127651,124788
45298828,-0.6825,-0.7350,-0.2625,0.7247,-0.0346,0.7061,-0.21,0.29,0.38,135822,127648,124795
45319336,-0.1225,-0.9100,-0.2450,0.7247,-0.0351,0.7066,-0.21,0.29,0.38,135827,127648,124782
45338868,1.4875,-0.7525,-0.2100,0.7247,-0.0357,0.7071,-0.21,0.29,0.38,135826,127645,124775
45359376,1.2950,-0.9450,-0.2275,0.7247,-0.0359,0.7070,-0.21,0.29,0.38,135822,127647,124793
45378904,0.1225,-0.9800,-0.2625,0.7247,-0.0357,0.7065,-0.21,0.29,0.38,135827,127656,124779
45399416,-1.1025,-0.8750,-0.3325,0.7248,-0.0356,0.7063,-0.21,0.29,0.38,135825,127645,124801
45429688,1.5400,-0.9800,-0.2450,0.7247,-0.0364,0.7071,-0.21,0.29,0.38,135820,127653,124788
45449216,0.8225,-0.9800,-0.1400,0.7248,-0.0355,0.7071,-0.21,0.29,0.38,135825,127644,124784
45469728,0.4025,-1.0675,-0.0700,0.7249,-0.0346,0.7075,-0.21,0.29,0.38,135836,127642,124777
45489256,0.9100,-1.1200,-0.0700,0.7249,-0.0343,0.7076,-0.21,0.29,0.38,135827,127643,124775
45508788,1.5225,-1.2075,0.0525,0.7249,-0.0338,0.7074,-0.21,0.29,0.38,135833,127656,124776
45529296,2.0300,-1.1550,0.1050,0.7250,-0.0338,0.7074,-0.21,0.29,0.38,135819,127665,124785
45548828,2.8175,-1.2250,0.1050,0.7252,-0.0338,0.7069,-0.21,0.29,0.38,135821,127669,124767
45569336,1.5925,-1.0850,0.1225,0.7252,-0.0337,0.7059,-0.21,0.29,0.39,135835,127672,124761
45588868,2.0125,-1.2075,0.1400,0.7253,-0.0346,0.7053,-0.21,0.29,0.39,135837,127664,124763
45609376,1.7150,-1.0500,-0.0700,0.7254,-0.0350,0.7047,-0.21,0.29,0.39,135833,127674,124758
45628904,0.8575,-0.9975,-0.1050,0.7254,-0.0356,0.7043,-0.21,0.29,0.38,135824,127681,124783
45649416,1.0850,-1.0675,-0.1050,0.7254,-0.0362,0.7043,-0.21,0.29,0.38,135831,127689,124772
45668944,0.8050,-1.0850,-0.2275,0.7255,-0.0367,0.7043,-0.21,0.29,0.38,135837,127671,124765
45689452,0.9450,-1.0325,-0.3150,0.7257,-0.0370,0.7044,-0.21,0.29,0.39,135837,127674,124748
45708984,1.2775,-1.1550,-0.2800,0.7257,-0.0366,0.7044,-0.21,0.29,0.39,135839,127680,124755
45729492,0.9625,-1.1025,-0.3500,0.7258,-0.0360,0.7042,-0.21,0.29,0.38,135828,127682,124776
45749024,0.7350,-1.0850,-0.2800,0.7259,-0.0351,0.7039,-0.21,0.29,0.38,135832,127692,124768
45769532,0.7350,-1.1375,-0.2800,0.7260,-0.0344,0.7042,-0.21,0.29,0.39,135838,127680,124755
45789064,0.9625,-1.1725,-0.1925,0.7261,-0.0337,0.7039,-0.21,0.29,0.39,135838,127678,124745
45809568,0.4900,-1.0500,-0.1050,0.7263,-0.0325,0.7032,-0.21,0.29,0.39,135841,127681,124757
45829100,1.4875,-1.0675,0.0000,0.7264,-0.0320,0.7032,-0.21,0.29,0.39,135836,127693,124764
45849608,1.9775,-1.0675,0.0525,0.7264,-0.0315,0.7030,-0.21,0.29,0.39,135840,127692,124753
45869140,2.1175,-1.1025,0.1225,0.7265,-0.0314,0.7025,-0.21,0.29,0.39,135839,127691,124746
45889648,1.6275,-1.0150,0.0700,0.7266,-0.0315,0.7022,-0.21,0.29,0.39,135847,127689,124744
45909180,1.1375,-0.9625,0.0350,0.7268,-0.0316,0.7015,-0.21,0.29,0.39,135843,127699,124757
45929688,1.2950,-0.8225,-0.0350,0.7269,-0.0326,0.7009,-0.20,0.29,0.39,135835,127714,124760
45949216,0.1575,-0.8225,-0.0875,0.7269,-0.0329,0.7003,-0.21,0.29,0.38,135835,127701,124767
45969728,-0.3500,-0.8400,-0.2275,0.7270,-0.0337,0.7000,-0.21,0.29,0.39,135839,127700,124742
45989256,-0.0700,-0.8400,-0.3325,0.7271,-0.0343,0.6998,-0.21,0.29,0.39,135843,127688,124735
46008788,-0.6300,-0.6475,-0.4025,0.7271,-0.0344,0.6992,-0.21,0.29,0.39,135836,127693,124749
46029296,0.3850,-0.5425,-0.3850,0.7271,-0.0349,0.6989,-0.21,0.29,0.39,135837,127707,124749
46048828,1.2075,-0.4725,-0.4025,0.7272,-0.0350,0.6988,-0.21,0.29,0.39,135837,127706,124755
46069336,0.2100,-0.4550,-0.5425,0.7272,-0.0345,0.6983,-0.21,0.29,0.39,135843,127697,124746
46088868,-0.8400,-0.3500,-0.5600,0.7272,-0.0342,0.6980,-0.21,0.29,0.39,135841,127692,124727
46109376,-0.6475,-0.4200,-0.5600,0.7272,-0.0342,0.6985,-0.21,0.29,0.39,135834,127690,124748
46128904,0.1225,-0.2975,-0.5600,0.7271,-0.0342,0.6991,-0.21,0.29,0.39,135830,127706,124747
46149416,-0.0175,-0.3500,-0.5425,0.7271,-0.0338,0.6997,-0.21,0.29,0.39,135836,127701,124744
46168944,-0.3325,-0.4375,-0.5950,0.7271,-0.0332,0.7009,-0.21,0.29,0.39,135842,127685,124759
46189452,-0.7175,-0.4550,-0.5075,0.7270,-0.0325,0.7014,-0.21,0.29,0.39,135845,127687,124738
46208984,-0.0700,-0.5250,-0.4025,0.7269,-0.0320,0.7022,-0.21,0.29,0.39,135832,127697,124741
46229492,0.8400,-0.5600,-0.2975,0.7269,-0.0315,0.7027,-0.21,0.29,0.39,135829,127692,124763
46249024,0.5600,-0.5250,-0.2975,0.7269,-0.0310,0.7028,-0.21,0.29,0.39,135828,127706,124760
46269532,0.5775,-0.5775,-0.2625,0.7269,-0.0309,0.7035,-0.21,0.29,0.39,135835,127697,124757
46289064,0.8400,-0.6300,-0.1925,0.7269,-0.0309,0.7039,-0.21,0.29,0.39,135840,127697,124736
46309568,0.7700,-0.7350,-0.1575,0.7268,-0.0310,0.7042,-0.21,0.29,0.39,135836,127708,124750
46329100,0.2975,-0.6825,-0.2450,0.7269,-0.0310,0.7042,-0.21,0.29,0.39,135827,127700,124753
46349608,-0.6125,-0.7175,-0.3150,0.7269,-0.0314,0.7041,-0.21,0.29,0.39,135831,127705,124759
46369140,-0.0700,-0.8225,-0.3500,0.7269,-0.0318,0.7044,-0.21,0.29,0.39,135842,127698,124742
46389648,-0.1400,-0.8400,-0.2975,0.7268,-0.0321,0.7047,-0.21,0.29,0.39,135832,127681,124744
46409180,0.1575,-0.8225,-0.3325,0.7269,-0.0321,0.7047,-0.21,0.29,0.39,135833,127697,124744
46439452,0.1050,-0.8225,-0.2625,0.7269,-0.0317,0.7039,-0.21,0.29,0.39,135840,127675,124741
46458984,-0.1575,-0.6825,-0.2975,0.7269,-0.0314,0.7033,-0.21,0.29,0.39,135837,127690,124753
46479492,-0.2625,-0.7175,-0.2800,0.7269,-0.0311,0.7027,-0.21,0.29,0.39,135838,127696,124760
46499024,0.0875,-0.6475,-0.1400,0.7269,-0.0312,0.7026,-0.21,0.29,0.38,135840,127691,124767
46519532,1.2950,-0.7350,-0.1400,0.7269,-0.0314,0.7024,-0.21,0.29,0.39,135843,127686,124735
46539064,0.3675,-0.5425,-0.2275,0.7269,-0.0312,0.7017,-0.21,0.29,0.39,135844,127692,124721
46559568,0.0875,-0.7000,-0.2275,0.7269,-0.0316,0.7019,-0.21,0.29,0.39,135840,127692,124758
46579100,-0.2100,-0.6825,-0.3500,0.7269,-0.0318,0.7019,-0.21,0.29,0.39,135834,127702,124755
46599608,-0.2100,-0.5775,-0.2800,0.7269,-0.0320,0.7015,-0.21,0.29,0.39,135832,127693,124759
46619140,-0.0350,-0.5075,-0.2975,0.7269,-0.0326,0.7014,-0.21,0.29,0.39,135843,127691,124754
46639648,0.7175,-0.5250,-0.2975,0.7269,-0.0329,0.7016,-0.21,0.29,0.39,135843,127685,124733
46659180,-0.3500,-0.4550,-0.3675,0.7269,-0.0329,0.7016,-0.21,0.29,0.39,135839,127693,124741
46679688,-0.5775,-0.5075,-0.4200,0.7268,-0.0328,0.7024,-0.21,0.29,0.38,135825,127685,124775
46699216,0.1225,-0.6650,-0.3500,0.7266,-0.0329,0.7037,-0.21,0.29,0.39,135829,127689,124762
46719728,1.2775,-0.7175,-0.3150,0.7266,-0.0332,0.7053,-0.21,0.29,0.39,135842,127690,124740
46739256,1.4350,-0.9975,-0.2275,0.7264,-0.0326,0.7072,-0.21,0.29,0.39,135841,127696,124734
46758788,0.1050,-1.1900,-0.2800,0.7264,-0.0314,0.7076,-0.21,0.29,0.39,135836,127694,124760
46779296,-1.7675,-1.1550,-0.2275,0.7265,-0.0303,0.7074,-0.21,0.29,0.38,135838,127695,124767
46798828,-0.1750,-1.2425,-0.1750,0.7266,-0.0303,0.7075,-0.21,0.29,0.38,135833,127698,124768
46819336,1.6100,-1.2425,0.1225,0.7266,-0.0298,0.7071,-0.21,0.29,0.39,135840,127690,124737
46838868,1.3825,-1.1900,0.1925,0.7266,-0.0288,0.7064,-0.21,0.29,0.39,135845,127691,124738
46859376,0.4725,-1.2775,0.3325,0.7268,-0.0272,0.7058,-0.21,0.29,0.39,135840,127691,124746
46878904,0.2100,-1.3125,0.3675,0.7269,-0.0267,0.7052,-0.21,0.29,0.39,135835,127700,124755
46899416,1.0850,-1.2075,0.5425,0.7270,-0.0268,0.7043,-0.21,0.29,0.39,135841,127690,124761
46918944,2.0825,-1.1900,0.6125,0.7271,-0.0276,0.7033,-0.21,0.29,0.39,135844,127689,124741
46939452,1.9250,-1.0150,0.5950,0.7272,-0.0285,0.7021,-0.21,0.29,0.39,135849,127692,124742
46958984,1.1550,-0.9100,0.4200,0.7274,-0.0296,0.7008,-0.21,0.29,0.39,135842,127696,124750
46979492,0.7175,-0.7700,0.2625,0.7276,-0.0322,0.6997,-0.21,0.29,0.39,135832,127703,124751
46999024,0.9975,-0.8050,0.0700,0.7276,-0.0344,0.6997,-0.21,0.29,0.39,135840,127709,124746
47019532,0.7875,-0.7700,-0.1225,0.7277,-0.0359,0.6999,-0.21,0.29,0.39,135844,127683,124736
47039064,-0.4725,-0.7525,-0.2450,0.7277,-0.0368,0.7002,-0.21,0.29,0.39,135850,127693,124731
47059568,-0.4900,-0.8575,-0.3675,0.7277,-0.0379,0.7008,-0.21,0.29,0.39,135837,127695,124749
47079100,0.7000,-0.9450,-0.6300,0.7277,-0.0394,0.7017,-0.21,0.29,0.39,135836,127693,124754
47099608,0.7175,-0.9975,-0.7000,0.7277,-0.0393,0.7024,-0.21,0.29,0.39,135845,127703,124749
47119140,0.1750,-1.0850,-0.7350,0.7277,-0.0386,0.7027,-0.21,0.29,0.39,135849,127683,124741
47139648,-0.5250,-1.1375,-0.7525,0.7279,-0.0375,0.7027,-0.21,0.29,0.39,135852,127691,124723
47159180,-0.2800,-1.1200,-0.6475,0.7279,-0.0361,0.7028,-0.21,0.29,0.39,135846,127702,124737
47179688,0.9800,-1.1025,-0.5425,0.7280,-0.0348,0.7031,-0.21,0.29,0.39,135845,127699,124751
47199216,1.6450,-1.0850,-0.3500,0.7281,-0.0323,0.7027,-0.21,0.29,0.39,135847,127703,124749
47219728,1.0675,-1.1375,-0.1925,0.7282,-0.0307,0.7025,-0.21,0.29,0.39,135851,127703,124730
47239256,0.4375,-1.1200,-0.1225,0.7282,-0.0295,0.7021,-0.20,0.29,0.39,135856,127715,124712
47258788,1.0500,-1.1025,0.0875,0.7282,-0.0290,0.7020,-0.21,0.29,0.39,135847,127708,124711
47279296,1.3125,-1.0500,0.1400,0.7283,-0.0285,0.7015,-0.21,0.29,0.39,135846,127706,124750
47298828,1.2775,-1.1025,0.1400,0.7286,-0.0284,0.7013,-0.21,0.29,0.39,135848,127702,124737
47319336,1.1550,-1.0325,0.2100,0.7286,-0.0285,0.7009,-0.21,0.29,0.39,135858,127707,124728
47338868,1.3475,-1.0150,0.1925,0.7288,-0.0292,0.7006,-0.20,0.29,0.39,135853,127719,124720
47359376,1.1900,-0.9975,0.1750,0.7288,-0.0298,0.7003,-0.20,0.29,0.39,135854,127719,124723
47378904,1.0675,-1.0150,0.0525,0.7288,-0.0307,0.6998,-0.21,0.29,0.39,135848,127713,124717
47399416,0.2100,-0.9800,-0.0700,0.7291,-0.0314,0.6992,-0.20,0.29,0.39,135855,127719,124741
47418944,-0.2800,-0.8225,-0.2275,0.7291,-0.0325,0.6988,-0.20,0.29,0.39,135855,127716,124734
47449216,-0.2625,-0.8400,-0.2450,0.7292,-0.0332,0.6982,-0.21,0.29,0.39,135852,127711,124728
47469728,-0.4725,-0.7350,-0.3675,0.7293,-0.0333,0.6978,-0.21,0.29,0.39,135862,127695,124725
47489256,-0.2275,-0.7000,-0.3675,0.7293,-0.0334,0.6977,-0.21,0.29,0.39,135860,127701,124720
47508788,0.4550,-0.7700,-0.3150,0.7293,-0.0332,0.6978,-0.21,0.29,0.39,135853,127712,124721
47529296,0.9625,-0.6300,-0.2800,0.7296,-0.0328,0.6978,-0.20,0.29,0.39,135852,127716,124737
47548828,0.9450,-0.6475,-0.2450,0.7296,-0.0322,0.6976,-0.21,0.29,0.39,135847,127710,124737
47569336,0.7875,-0.6300,-0.2100,0.7296,-0.0320,0.6974,-0.21,0.29,0.39,135861,127712,124729
47588868,0.6125,-0.5600,-0.2625,0.7296,-0.0321,0.6971,-0.20,0.29,0.39,135858,127717,124723
47609376,0.8925,-0.5425,-0.3675,0.7297,-0.0325,0.6972,-0.20,0.29,0.39,135857,127716,124724
47628904,1.0150,-0.5075,-0.3850,0.7297,-0.0327,0.6975,-0.21,0.29,0.39,135855,127710,124729
47649416,0.5425,-0.5075,-0.4025,0.7297,-0.0332,0.6976,-0.20,0.29,0.39,135855,127721,124736
47668944,0.4375,-0.4900,-0.5075,0.7297,-0.0337,0.6980,-0.20,0.29,0.39,135850,127727,124720
47689452,0.0525,-0.5425,-0.6125,0.7296,-0.0340,0.6983,-0.20,0.29,0.39,135855,127727,124709
47708984,-0.0875,-0.5600,-0.6825,0.7296,-0.0343,0.6986,-0.20,0.29,0.39,135855,127718,124719
47729492,0.0875,-0.5425,-0.7350,0.7296,-0.0345,0.6991,-0.20,0.29,0.39,135849,127722,124729
47749024,0.1750,-0.5600,-0.7875,0.7296,-0.0343,0.6997,-0.20,0.29,0.39,135853,127724,124737
47769532,0.2800,-0.7000,-0.7525,0.7294,-0.0333,0.7005,-0.20,0.29,0.39,135853,127718,124719
47789064,0.2100,-0.7350,-0.6825,0.7293,-0.0322,0.7008,-0.20,0.29,0.39,135858,127716,124716
47809568,0.0525,-0.7175,-0.5950,0.7293,-0.0310,0.7010,-0.20,0.29,0.39,135847,127715,124723
47829100,0.7350,-0.8225,-0.5250,0.7293,-0.0299,0.7015,-0.20,0.29,0.39,135850,127727,124741
47849608,0.5775,-0.7525,-0.3675,0.7293,-0.0284,0.7015,-0.20,0.29,0.39,135856,127726,124734
47869140,0.4375,-0.7525,-0.2450,0.7293,-0.0275,0.7017,-0.20,0.29,0.39,135857,127723,124715
47889648,1.1025,-0.9100,-0.0700,0.7292,-0.0268,0.7022,-0.20,0.29,0.39,135857,127722,124706
47909180,1.2425,-0.9800,-0.0350,0.7292,-0.0266,0.7024,-0.20,0.29,0.39,135860,127738,124716
47929688,1.7850,-0.9625,-0.0175,0.7292,-0.0266,0.7027,-0.20,0.29,0.39,135856,127738,124737
47949216,1.4000,-1.0675,-0.0175,0.7292,-0.0266,0.7027,-0.20,0.29,0.39,135860,127732,124724
47969728,1.4000,-1.0325,-0.0700,0.7292,-0.0268,0.7027,-0.20,0.29,0.39,135859,127721,124712
47989256,1.2775,-1.0850,-0.0525,0.7292,-0.0273,0.7027,-0.20,0.29,0.39,135862,127736,124700
48008788,1.7325,-1.1725,-0.0350,0.7293,-0.0284,0.7026,-0.20,0.29,0.39,135855,127752,124708
48029296,1.4525,-1.1025,-0.1400,0.7293,-0.0288,0.7021,-0.20,0.29,0.39,135853,127747,124720
48048828,0.4725,-1.1025,-0.2450,0.7294,-0.0290,0.7010,-0.20,0.29,0.39,135854,127740,124708
48069336,-0.2800,-1.0325,-0.2800,0.7296,-0.0294,0.7002,-0.20,0.29,0.39,135864,127748,124700
48088868,1.7500,-1.0150,-0.2450,0.7297,-0.0306,0.7000,-0.20,0.29,0.39,135862,127754,124695
48109376,1.1375,-1.0150,-0.3325,0.7299,-0.0305,0.6992,-0.20,0.29,0.39,135856,127752,124687
48128904,-0.1925,-0.9800,-0.4375,0.7300,-0.0303,0.6983,-0.20,0.29,0.39,135855,127761,124699
48149416,-0.2100,-0.8400,-0.5250,0.7300,-0.0305,0.6977,-0.20,0.29,0.39,135857,127758,124708
48168944,0.3675,-0.7175,-0.5425,0.7300,-0.0307,0.6974,-0.20,0.29,0.39,135861,127742,124700
48189452,1.1025,-0.7175,-0.5600,0.7300,-0.0311,0.6974,-0.20,0.29,0.39,135859,127745,124694
48208984,-0.4550,-0.7700,-0.6475,0.7303,-0.0304,0.6970,-0.20,0.29,0.39,135866,127746,124698
48229492,-2.2225,-0.7350,-0.8050,0.7303,-0.0299,0.6969,-0.20,0.29,0.39,135856,127741,124717
48249024,-1.8025,-0.6475,-0.6825,0.7303,-0.0296,0.6966,-0.20,0.29,0.39,135859,127738,124719
48269532,-0.7700,-0.4900,-0.6475,0.7304,-0.0295,0.6964,-0.20,0.29,0.39,135862,127737,124715
48289064,0.1225,-0.5775,-0.6125,0.7304,-0.0293,0.6964,-0.20,0.29,0.39,135865,127731,124709
48309568,0.4900,-0.5425,-0.5775,0.7304,-0.0289,0.6966,-0.20,0.29,0.39,135864,127738,124711
48329100,-0.0875,-0.5250,-0.5075,0.7304,-0.0282,0.6966,-0.20,0.29,0.39,135857,127743,124722
48349608,-0.1400,-0.5425,-0.4725,0.7304,-0.0279,0.6966,-0.20,0.29,0.39,135852,127744,124726
48369140,0.9450,-0.5075,-0.4550,0.7303,-0.0283,0.6972,-0.20,0.29,0.39,135865,127738,124713
48389648,0.9975,-0.5250,-0.4900,0.7303,-0.0284,0.6974,-0.20,0.29,0.39,135865,127736,124703
48409180,-0.2800,-0.5075,-0.5600,0.7303,-0.0282,0.6971,-0.20,0.29,0.39,135859,127744,124718
48449216,-1.5575,-0.4550,-0.6125,0.7304,-0.0287,0.6971,-0.20,0.29,0.39,135859,127739,124717
48468752,0.0350,-0.4025,-0.5950,0.7303,-0.0290,0.6976,-0.20,0.29,0.39,135860,127727,124715
48488280,-0.1050,-0.4375,-0.5950,0.7303,-0.0287,0.6978,-0.20,0.29,0.39,135858,127730,124700
48507812,-0.1050,-0.4725,-0.4725,0.7303,-0.0281,0.6982,-0.20,0.29,0.39,135867,127715,124728
48528320,0.0350,-0.4725,-0.4550,0.7303,-0.0275,0.6982,-0.20,0.29,0.39,135849,127732,124732
48547852,0.3325,-0.4200,-0.3500,0.7303,-0.0271,0.6978,-0.20,0.29,0.39,135856,127743,124730
48568360,0.7175,-0.4375,-0.3150,0.7302,-0.0271,0.6976,-0.20,0.29,0.39,135857,127735,124709
48587888,0.8750,-0.3850,-0.3325,0.7303,-0.0273,0.6977,-0.20,0.29,0.39,135867,127728,124703
48608400,0.0875,-0.3850,-0.3500,0.7302,-0.0276,0.6980,-0.20,0.29,0.39,135860,127730,124726
48627928,-0.5600,-0.4725,-0.4900,0.7300,-0.0278,0.6986,-0.20,0.29,0.39,135857,127736,124739
48648436,-0.1575,-0.4550,-0.4025,0.7299,-0.0284,0.7000,-0.20,0.29,0.39,135853,127739,124738
48667968,0.0525,-0.6300,-0.4550,0.7298,-0.0285,0.7015,-0.20,0.29,0.39,135858,127727,124728
48688476,0.0000,-0.8225,-0.4375,0.7297,-0.0287,0.7030,-0.20,0.29,0.39,135855,127721,124717
48708008,-0.1925,-1.0150,-0.4375,0.7296,-0.0284,0.7049,-0.20,0.29,0.39,135855,127723,124723
48728516,0.6825,-1.2250,-0.4375,0.7294,-0.0285,0.7059,-0.20,0.29,0.39,135858,127729,124728
48748048,0.6650,-1.1900,-0.3850,0.7294,-0.0281,0.7060,-0.20,0.29,0.39,135863,127729,124725
48768552,0.3850,-1.2775,-0.3150,0.7294,-0.0277,0.7058,-0.20,0.29,0.39,135860,127733,124720
48788084,0.4900,-1.3650,-0.3150,0.7294,-0.0273,0.7053,-0.20,0.29,0.39,135865,127721,124715
48808592,0.0000,-1.3300,-0.1925,0.7296,-0.0264,0.7042,-0.20,0.29,0.39,135861,127728,124703
48828124,0.9975,-1.3300,-0.1225,0.7296,-0.0260,0.7037,-0.20,0.29,0.39,135865,127740,124734
48848632,1.7325,-1.2250,0.0000,0.7298,-0.0257,0.7032,-0.20,0.29,0.39,135859,127736,124729
48868164,2.0300,-1.2775,0.0875,0.7299,-0.0254,0.7026,-0.20,0.29,0.39,135866,127736,124719
48888672,1.1200,-1.3650,0.1050,0.7300,-0.0249,0.7017,-0.20,0.29,0.39,135870,127732,124706
48908204,1.3125,-1.3125,0.1575,0.7300,-0.0253,0.7014,-0.20,0.29,0.39,135868,127739,124707
48928712,2.2925,-1.2250,0.1225,0.7303,-0.0264,0.7003,-0.20,0.29,0.39,135863,127743,124709
48948240,1.4000,-1.1025,0.1050,0.7304,-0.0267,0.6989,-0.20,0.29,0.39,135867,127759,124722
48968752,0.1050,-1.0150,-0.0175,0.7304,-0.0272,0.6981,-0.20,0.29,0.39,135865,127737,124702
48988280,-0.2625,-1.0850,-0.0700,0.7305,-0.0276,0.6975,-0.20,0.29,0.39,135874,127738,124690
49007812,-0.2975,-0.9275,-0.1400,0.7307,-0.0281,0.6969,-0.20,0.29,0.39,135867,127742,124695
49028320,0.4375,-0.8225,-0.1750,0.7308,-0.0289,0.6966,-0.20,0.29,0.39,135864,127747,124725
49047852,2.6775,-1.0150,-0.2450,0.7309,-0.0305,0.6976,-0.20,0.29,0.39,135867,127764,124711
49068360,1.1025,-1.0500,-0.4025,0.7310,-0.0303,0.6974,-0.20,0.29,0.39,135870,127751,124709
49087888,-0.9275,-0.9625,-0.5075,0.7311,-0.0303,0.6969,-0.20,0.29,0.39,135877,127748,124690
49108400,-0.3150,-0.9800,-0.5950,0.7313,-0.0310,0.6972,-0.20,0.29,0.39,135876,127744,124708
49127928,0.3675,-0.9625,-0.5775,0.7314,-0.0315,0.6972,-0.20,0.29,0.39,135861,127750,124700
49148436,0.7000,-0.8750,-0.6125,0.7314,-0.0316,0.6969,-0.20,0.29,0.39,135869,127745,124715
49167968,-1.2775,-0.8575,-0.7525,0.7318,-0.0306,0.6949,-0.20,0.29,0.39,135872,127752,124703
49188476,-3.0275,-0.5250,-0.8750,0.7319,-0.0298,0.6930,-0.20,0.29,0.39,135879,127730,124713
49208008,-4.5150,-0.2975,-0.8575,0.7320,-0.0288,0.6908,-0.20,0.29,0.39,135872,127722,124700
49228516,-3.0450,-0.2100,-0.7350,0.7320,-0.0293,0.6905,-0.20,0.29,0.39,135868,127736,124721
49248048,1.3475,-0.1575,-0.6125,0.7320,-0.0300,0.6915,-0.20,0.29,0.39,135862,127735,124741
49268552,2.2400,0.0000,-0.4200,0.7319,-0.0293,0.6927,-0.20,0.29,0.39,135873,127734,124700
49288084,1.2250,-0.3325,-0.4725,0.7318,-0.0289,0.6944,-0.20,0.29,0.39,135874,127726,124713
49308592,0.5775,-0.4375,-0.5600,0.7316,-0.0294,0.6961,-0.20,0.29,0.39,135868,127739,124694
49328124,0.7875,-0.5075,-0.7175,0.7316,-0.0303,0.6975,-0.20,0.29,0.39,135857,127741,124715
49348632,0.8225,-0.5425,-0.7875,0.7315,-0.0312,0.6989,-0.20,0.29,0.39,135862,127750,124713
49368164,0.8400,-0.7525,-0.9800,0.7314,-0.0317,0.7005,-0.20,0.29,0.39,135869,127752,124713
49388672,-1.9600,-1.0325,-1.1025,0.7313,-0.0307,0.7020,-0.20,0.29,0.39,135876,127736,124721
49408204,-3.1500,-1.1200,-1.0675,0.7311,-0.0300,0.7025,-0.20,0.29,0.39,135876,127722,124716
49428712,-1.7325,-1.1725,-0.9975,0.7311,-0.0292,0.7025,-0.20,0.29,0.39,135871,127736,124737
49458984,2.2050,-1.1200,-0.6650,0.7311,-0.0283,0.7026,-0.20,0.29,0.39,135876,127735,124707
49479492,3.1675,-1.1725,-0.5600,0.7311,-0.0273,0.7027,-0.20,0.29,0.39,135867,127752,124734
49499024,1.6800,-1.3650,-0.4550,0.7310,-0.0251,0.7030,-0.20,0.29,0.39,135874,127755,124712
49519532,-0.5075,-1.4525,-0.4200,0.7310,-0.0234,0.7024,-0.20,0.29,0.39,135878,127749,124709
49539064,-0.5950,-1.3825,-0.2975,0.7313,-0.0223,0.7015,-0.20,0.29,0.39,135883,127741,124715
49559568,1.6800,-1.3825,-0.0175,0.7314,-0.0216,0.7003,-0.20,0.29,0.39,135880,127748,124711
49579100,2.3975,-1.0850,0.1225,0.7315,-0.0204,0.6986,-0.20,0.29,0.39,135874,127757,124720
49599608,1.4175,-1.1550,0.3675,0.7318,-0.0190,0.6969,-0.20,0.29,0.39,135883,127751,124715
49619140,1.6450,-1.1025,0.4550,0.7318,-0.0193,0.6964,-0.20,0.29,0.39,135883,127750,124698
49639648,1.9075,-1.0150,0.5425,0.7319,-0.0198,0.6959,-0.20,0.29,0.39,135883,127752,124690
49659180,1.8900,-0.8750,0.4900,0.7320,-0.0205,0.6954,-0.20,0.29,0.39,135878,127759,124686
49679688,1.5400,-0.8050,0.4375,0.7320,-0.0217,0.6954,-0.20,0.29,0.39,135870,127764,124705
49699216,1.5050,-0.9100,0.3675,0.7321,-0.0233,0.6954,-0.20,0.29,0.39,135877,127760,124687
49719728,0.0525,-0.8400,0.0525,0.7324,-0.0253,0.6949,-0.20,0.29,0.39,135884,127757,124696
49739256,-0.1225,-0.8225,-0.0350,0.7325,-0.0268,0.6947,-0.20,0.29,0.39,135888,127753,124686
49758788,1.3650,-0.8225,-0.1575,0.7326,-0.0284,0.6948,-0.20,0.29,0.39,135881,127754,124692
49779296,1.5575,-0.6825,-0.2275,0.7327,-0.0292,0.6945,-0.20,0.29,0.39,135877,127762,124698
49798828,-0.9450,-0.6475,-0.5425,0.7327,-0.0293,0.6939,-0.20,0.29,0.39,135879,127761,124709
49819336,-2.0650,-0.7175,-0.6475,0.7327,-0.0299,0.6942,-0.20,0.29,0.39,135888,127755,124686
49838868,0.8225,-0.6825,-0.6300,0.7327,-0.0310,0.6955,-0.20,0.29,0.39,135897,127760,124674
49859376,1.8375,-0.6650,-0.6475,0.7327,-0.0307,0.6959,-0.20,0.29,0.39,135877,127753,124686
49878904,-0.1575,-0.7000,-0.7000,0.7329,-0.0293,0.6954,-0.20,0.29,0.39,135879,127764,124695
49899416,-1.8550,-0.8050,-0.6475,0.7327,-0.0277,0.6952,-0.20,0.29,0.39,135880,127759,124699
49918944,-0.5950,-0.7350,-0.5425,0.7327,-0.0271,0.6954,-0.20,0.29,0.39,135887,127755,124678
49939452,1.6100,-0.6300,-0.4375,0.7327,-0.0267,0.6954,-0.20,0.29,0.39,135892,127753,124678
49958984,0.1925,-0.5950,-0.3675,0.7329,-0.0250,0.6944,-0.20,0.29,0.39,135884,127764,124703
49979492,-1.6625,-0.5950,-0.3850,0.7329,-0.0239,0.6941,-0.20,0.29,0.39,135878,127750,124711
49999024,-1.6100,-0.5600,-0.2100,0.7330,-0.0234,0.6939,-0.20,0.29,0.39,135877,127762,124708
50019532,0.1225,-0.3500,-0.1400,0.7330,-0.0238,0.6941,-0.20,0.29,0.39,135883,127752,124695
50039064,1.1900,-0.3325,-0.0700,0.7329,-0.0240,0.6944,-0.20,0.29,0.39,135890,127755,124696
50059568,1.3125,-0.6300,-0.0700,0.7327,-0.0244,0.6963,-0.20,0.29,0.39,135878,127755,124696
50079100,0.2100,-0.7350,-0.1050,0.7327,-0.0244,0.6971,-0.20,0.29,0.39,135874,127763,124714
50099608,-0.7000,-0.7700,-0.1750,0.7327,-0.0248,0.6975,-0.20,0.29,0.39,135875,127751,124704
50119140,-0.5950,-0.8225,-0.2275,0.7327,-0.0254,0.6977,-0.20,0.29,0.39,135881,127759,124701
50139648,-0.2800,-0.8575,-0.2275,0.7329,-0.0257,0.6978,-0.20,0.29,0.39,135890,127741,124696
50159180,0.2625,-0.8750,-0.2450,0.7329,-0.0260,0.6983,-0.20,0.29,0.39,135877,127743,124702
50179688,0.7175,-0.9975,-0.2100,0.7329,-0.0260,0.6989,-0.20,0.29,0.39,135877,127754,124716
50199216,0.3150,-0.9975,-0.1925,0.7329,-0.0256,0.6993,-0.20,0.29,0.39,135882,127745,124715
50219728,0.5425,-1.0675,-0.1400,0.7329,-0.0256,0.6995,-0.20,0.29,0.39,135878,127749,124702
50239256,0.6825,-1.1375,-0.0875,0.7329,-0.0255,0.6998,-0.20,0.29,0.39,135890,127749,124689
50258788,1.3475,-1.2250,-0.1575,0.7329,-0.0259,0.7000,-0.20,0.29,0.39,135892,127757,124704
50279296,1.6450,-1.2250,-0.0700,0.7329,-0.0257,0.7002,-0.20,0.29,0.39,135879,127749,124696
50298828,1.5225,-1.3300,-0.0875,0.7330,-0.0254,0.6994,-0.20,0.29,0.39,135886,127761,124709
50319336,0.6825,-1.2075,-0.0175,0.7331,-0.0248,0.6983,-0.20,0.29,0.39,135891,127757,124696
50338868,0.5775,-1.1550,-0.0175,0.7332,-0.0245,0.6972,-0.20,0.29,0.39,135890,127757,124686
50359376,1.6450,-1.0675,0.0175,0.7332,-0.0249,0.6970,-0.20,0.29,0.39,135892,127763,124691
50378904,3.3250,-1.0850,0.0875,0.7333,-0.0254,0.6972,-0.20,0.29,0.39,135881,127778,124690
50399416,2.3275,-1.1725,0.0875,0.7333,-0.0251,0.6976,-0.20,0.29,0.39,135884,127782,124695
50418944,0.3675,-1.3825,-0.0350,0.7335,-0.0248,0.6981,-0.20,0.29,0.39,135889,127766,124684
50439452,-0.8750,-1.3825,-0.1400,0.7336,-0.0249,0.6974,-0.20,0.29,0.39,135891,127760,124685
50469728,0.1050,-1.2425,-0.0875,0.7338,-0.0254,0.6956,-0.20,0.29,0.39,135892,127771,124688
50489256,-1.5750,-1.0325,-0.1750,0.7342,-0.0246,0.6937,-0.20,0.29,0.39,135897,127760,124674
50508788,-0.8925,-1.0150,-0.0875,0.7343,-0.0244,0.6928,-0.20,0.29,0.39,135895,127756,124698
50529296,-0.7875,-0.8575,0.0175,0.7344,-0.0238,0.6922,-0.20,0.29,0.39,135891,127752,124711
50548828,-0.3850,-0.8925,0.0875,0.7346,-0.0232,0.6915,-0.20,0.29,0.39,135892,127749,124702
50569336,-2.3275,-0.6300,0.1400,0.7347,-0.0221,0.6904,-0.20,0.29,0.39,135897,127735,124702
50588868,-3.0275,-0.6125,0.1925,0.7349,-0.0217,0.6893,-0.20,0.29,0.39,135900,127729,124691
50609376,-1.7500,-0.5425,0.3325,0.7349,-0.0221,0.6888,-0.20,0.29,0.39,135893,127724,124698
50628904,-0.0875,-0.2800,0.4725,0.7349,-0.0227,0.6889,-0.20,0.29,0.39,135887,127732,124719
50649416,0.2450,-0.2800,0.4375,0.7352,-0.0237,0.6891,-0.20,0.29,0.39,135892,127726,124719
50668944,-0.8575,-0.2625,0.3850,0.7351,-0.0246,0.6891,-0.20,0.29,0.39,135892,127716,124700
50689452,-0.9625,-0.2450,0.2450,0.7352,-0.0264,0.6891,-0.20,0.29,0.39,135893,127719,124699
50708984,-0.1925,-0.0700,0.1400,0.7351,-0.0288,0.6898,-0.20,0.29,0.39,135890,127716,124708
50729492,1.3825,-0.0700,-0.0175,0.7349,-0.0315,0.6911,-0.20,0.29,0.39,135883,127721,124707
50749024,0.9975,-0.2800,-0.2450,0.7348,-0.0336,0.6925,-0.20,0.29,0.39,135889,127730,124724
50769532,-0.7350,-0.4550,-0.6825,0.7346,-0.0359,0.6945,-0.21,0.29,0.39,135888,127712,124703
50789064,-1.2075,-0.5775,-0.7700,0.7346,-0.0371,0.6958,-0.20,0.29,0.39,135894,127715,124704
50809568,-0.6125,-0.6125,-0.9625,0.7344,-0.0382,0.6970,-0.21,0.29,0.39,135887,127711,124702
50829100,0.2100,-0.6475,-1.1200,0.7343,-0.0386,0.6981,-0.20,0.29,0.39,135884,127723,124723
50849608,0.3850,-0.9100,-1.1550,0.7342,-0.0381,0.6988,-0.20,0.29,0.39,135890,127735,124722
50869140,0.2100,-1.1025,-1.2075,0.7341,-0.0365,0.6995,-0.20,0.29,0.39,135892,127718,124706
50889648,-0.3500,-1.1200,-1.1725,0.7342,-0.0351,0.6995,-0.20,0.29,0.39,135899,127726,124706
50909180,-0.0525,-1.1200,-1.0500,0.7341,-0.0338,0.6995,-0.20,0.29,0.39,135890,127716,124708
50929688,1.1725,-1.1375,-0.9975,0.7342,-0.0322,0.6998,-0.20,0.29,0.39,135888,127728,124729
50949216,2.0300,-1.2425,-0.7525,0.7341,-0.0304,0.6995,-0.20,0.29,0.39,135893,127729,124725
50969728,1.5750,-1.2425,-0.5600,0.7341,-0.0281,0.6988,-0.20,0.29,0.39,135901,127733,124717
50989256,1.0675,-1.3300,-0.4200,0.7342,-0.0255,0.6977,-0.20,0.29,0.39,135904,127731,124704
51008788,0.8925,-1.1900,-0.2275,0.7344,-0.0240,0.6967,-0.20,0.29,0.39,135903,127733,124702
51029296,1.2950,-1.1025,-0.1050,0.7344,-0.0228,0.6958,-0.20,0.29,0.39,135895,127745,124715
51048828,1.2600,-1.0150,0.0700,0.7346,-0.0222,0.6948,-0.20,0.29,0.39,135894,127746,124726
51069336,0.9975,-0.9625,0.1400,0.7347,-0.0222,0.6941,-0.20,0.29,0.39,135900,127748,124708
51088868,0.5250,-0.9450,0.1050,0.7348,-0.0227,0.6930,-0.20,0.30,0.39,135906,127750,124692
51109376,0.6125,-0.7700,0.0700,0.7351,-0.0244,0.6920,-0.20,0.29,0.39,135899,127735,124696
51128904,1.2600,-0.6475,-0.0525,0.7352,-0.0254,0.6914,-0.20,0.29,0.39,135893,127748,124705
51149416,0.1575,-0.5600,-0.1225,0.7352,-0.0261,0.6913,-0.20,0.29,0.39,135890,127743,124707
51168944,-0.2450,-0.6825,-0.1750,0.7352,-0.0266,0.6914,-0.20,0.29,0.39,135904,127740,124708
51189452,-0.8050,-0.6825,-0.2100,0.7352,-0.0272,0.6917,-0.20,0.30,0.39,135906,127728,124708
51208984,0.4025,-0.7700,-0.3150,0.7352,-0.0282,0.6922,-0.20,0.29,0.39,135900,127737,124691
51229492,-0.0350,-0.5425,-0.2800,0.7352,-0.0283,0.6919,-0.20,0.29,0.39,135896,127743,124704
51249024,-0.1925,-0.5950,-0.2975,0.7352,-0.0283,0.6919,-0.20,0.29,0.39,135892,127744,124716
51269532,-0.0700,-0.6475,-0.3850,0.7352,-0.0282,0.6920,-0.20,0.29,0.39,135896,127728,124693
51289064,-0.6125,-0.5775,-0.3150,0.7352,-0.0276,0.6917,-0.20,0.29,0.39,135896,127722,124693
51309568,-1.4700,-0.5600,-0.2625,0.7352,-0.0268,0.6913,-0.20,0.29,0.39,135898,127718,124711
51329100,0.0875,-0.5600,-0.2100,0.7352,-0.0268,0.6913,-0.20,0.29,0.39,135898,127733,124722
51349608,0.6650,-0.4025,-0.0700,0.7352,-0.0267,0.6910,-0.20,0.29,0.39,135896,127731,124715
51369140,0.8575,-0.3500,-0.0700,0.7352,-0.0267,0.6905,-0.20,0.29,0.39,135898,127729,124709
51389648,0.7700,-0.2275,-0.0525,0.7352,-0.0273,0.6906,-0.20,0.29,0.39,135901,127727,124699
51409180,0.4025,-0.2625,-0.1575,0.7352,-0.0278,0.6908,-0.20,0.29,0.39,135894,127730,124706
51429688,-1.0675,-0.1925,-0.2100,0.7352,-0.0278,0.6903,-0.20,0.29,0.39,135889,127724,124719
51449216,-1.9600,-0.0700,-0.3675,0.7352,-0.0288,0.6895,-0.20,0.29,0.39,135894,127732,124721
51479492,1.6450,-0.0875,-0.3850,0.7351,-0.0320,0.6902,-0.20,0.29,0.39,135888,127728,124726
51499024,1.9950,0.1400,-0.4725,0.7349,-0.0332,0.6905,-0.20,0.29,0.39,135890,127736,124721
51519532,0.6475,0.0350,-0.7525,0.7348,-0.0339,0.6911,-0.20,0.29,0.39,135897,127727,124720
51539064,-2.1875,-0.1225,-0.9450,0.7347,-0.0339,0.6919,-0.21,0.29,0.39,135891,127709,124702
51559568,-3.5350,-0.1400,-1.1375,0.7344,-0.0340,0.6928,-0.21,0.29,0.39,135885,127702,124714
51579100,-1.8200,-0.1400,-1.0675,0.7343,-0.0342,0.6938,-0.20,0.29,0.39,135882,127714,124721
51599608,0.2450,-0.0875,-1.0150,0.7342,-0.0338,0.6949,-0.20,0.29,0.39,135892,127720,124732
51619140,0.4375,-0.2275,-0.8575,0.7341,-0.0325,0.6956,-0.21,0.29,0.39,135886,127710,124721
51639648,-0.3150,-0.2625,-0.8225,0.7340,-0.0307,0.6961,-0.21,0.29,0.39,135889,127707,124717
51659180,-1.1375,-0.3675,-0.7000,0.7337,-0.0294,0.6966,-0.21,0.29,0.39,135884,127713,124723
51679688,0.3500,-0.3325,-0.5075,0.7336,-0.0281,0.6970,-0.20,0.29,0.39,135881,127716,124732
51699216,0.1575,-0.3150,-0.4550,0.7336,-0.0272,0.6967,-0.21,0.29,0.39,135884,127712,124745
51719728,0.5425,-0.3675,-0.2975,0.7335,-0.0270,0.6966,-0.20,0.29,0.39,135887,127718,124729
51739256,0.8575,-0.3150,-0.2625,0.7333,-0.0273,0.6965,-0.20,0.29,0.39,135892,127714,124711
51758788,1.7150,-0.2800,-0.2800,0.7332,-0.0281,0.6967,-0.20,0.29,0.39,135884,127718,124721
51779296,1.6100,-0.3500,-0.3500,0.7330,-0.0288,0.6970,-0.20,0.29,0.39,135885,127720,124739
51798828,-0.5425,-0.3150,-0.4900,0.7329,-0.0296,0.6974,-0.21,0.29,0.39,135874,127711,124746
51819336,-0.4025,-0.4900,-0.6300,0.7327,-0.0307,0.6982,-0.20,0.29,0.39,135884,127716,124713
51838868,0.1925,-0.6125,-0.6475,0.7327,-0.0315,0.6989,-0.20,0.29,0.39,135885,127715,124717
51859376,-0.4375,-0.5250,-0.7350,0.7327,-0.0315,0.6992,-0.20,0.29,0.39,135879,127725,124733
51878904,-0.7525,-0.6125,-0.7525,0.7325,-0.0314,0.6995,-0.20,0.29,0.39,135877,127724,124729
51899416,0.5425,-0.8225,-0.7700,0.7325,-0.0314,0.7004,-0.20,0.29,0.39,135879,127719,124743
51918944,1.2425,-0.8750,-0.6825,0.7324,-0.0310,0.7009,-0.20,0.29,0.39,135890,127716,124729
51939452,1.1550,-0.9800,-0.6125,0.7324,-0.0300,0.7010,-0.21,0.29,0.39,135881,127710,124734
51958984,-0.4725,-1.0500,-0.6125,0.7324,-0.0284,0.7009,-0.20,0.29,0.39,135883,127719,124723
51979492,-0.4900,-1.0675,-0.5075,0.7322,-0.0275,0.7010,-0.20,0.29,0.39,135873,127725,124736
51999024,0.1750,-1.1025,-0.3675,0.7322,-0.0262,0.7004,-0.20,0.29,0.39,135878,127724,124742
52019532,0.5600,-0.8575,-0.0700,0.7324,-0.0244,0.6986,-0.20,0.29,0.39,135887,127714,124740
52039064,1.3650,-0.8225,0.1050,0.7324,-0.0237,0.6976,-0.21,0.29,0.39,135892,127710,124721
52059568,1.7675,-0.8050,0.2800,0.7325,-0.0234,0.6967,-0.20,0.29,0.39,135881,127721,124728
52079100,1.5400,-0.6825,0.2625,0.7326,-0.0234,0.6956,-0.20,0.29,0.39,135877,127714,124742
52099608,0.8225,-0.5250,0.2275,0.7326,-0.0242,0.6950,-0.20,0.29,0.39,135880,127732,124729
52119140,1.5400,-0.5250,0.1575,0.7326,-0.0255,0.6949,-0.20,0.29,0.39,135884,127730,124719
52139648,0.5250,-0.4025,0.0175,0.7327,-0.0271,0.6941,-0.20,0.29,0.39,135889,127715,124707
52159180,0.8225,-0.4200,-0.0525,0.7329,-0.0285,0.6943,-0.20,0.29,0.39,135886,127724,124721
52179688,0.8400,-0.3850,-0.1400,0.7329,-0.0298,0.6947,-0.20,0.29,0.39,135881,127735,124730
52199216,-0.1575,-0.4725,-0.2800,0.7329,-0.0306,0.6947,-0.20,0.29,0.39,135877,127724,124734
52219728,-0.5425,-0.4025,-0.5075,0.7329,-0.0315,0.6945,-0.20,0.29,0.39,135885,127723,124723
52239256,-0.0875,-0.2975,-0.5250,0.7329,-0.0327,0.6945,-0.20,0.29,0.39,135887,127716,124724
52258788,0.6125,-0.4200,-0.7350,0.7327,-0.0336,0.6953,-0.20,0.29,0.39,135874,127723,124720
52279296,0.0525,-0.4375,-0.8225,0.7327,-0.0334,0.6961,-0.20,0.29,0.39,135878,127738,124734
52298828,-0.4200,-0.5425,-0.8575,0.7325,-0.0328,0.6971,-0.20,0.29,0.39,135870,127727,124725
52319336,-0.0875,-0.7000,-0.7525,0.7324,-0.0320,0.6982,-0.20,0.29,0.39,135879,127731,124725
52338868,0.7700,-0.7525,-0.6825,0.7324,-0.0311,0.6986,-0.20,0.29,0.39,135884,127724,124724
52359376,-0.1750,-0.6475,-0.6475,0.7324,-0.0300,0.6981,-0.20,0.29,0.39,135881,127733,124722
52378904,-0.0875,-0.6300,-0.6300,0.7322,-0.0290,0.6974,-0.20,0.29,0.39,135874,127735,124735
52399416,-0.2800,-0.5600,-0.5950,0.7322,-0.0284,0.6971,-0.20,0.29,0.39,135872,127734,124734
52418944,0.0700,-0.5250,-0.5600,0.7322,-0.0279,0.6970,-0.20,0.29,0.39,135879,127741,124730
52439452,0.1750,-0.5600,-0.4725,0.7322,-0.0273,0.6974,-0.20,0.29,0.39,135885,127739,124709
52458984,0.5950,-0.5950,-0.3850,0.7322,-0.0271,0.6981,-0.20,0.29,0.39,135882,127735,124722
52489256,0.1750,-0.7350,-0.2975,0.7321,-0.0270,0.6986,-0.20,0.29,0.39,135887,127729,124715
52508788,0.6475,-0.7000,-0.3675,0.7321,-0.0275,0.6987,-0.20,0.29,0.39,135882,127730,124719
52529296,1.2250,-0.7700,-0.4375,0.7320,-0.0278,0.6987,-0.20,0.29,0.39,135875,127734,124734
52548828,0.1925,-0.6825,-0.4550,0.7320,-0.0281,0.6983,-0.20,0.29,0.39,135876,127739,124730
52569336,-0.5075,-0.7525,-0.5600,0.7320,-0.0281,0.6981,-0.20,0.29,0.39,135879,127735,124722
52588868,-1.1550,-0.7000,-0.5075,0.7320,-0.0277,0.6978,-0.20,0.29,0.39,135892,127725,124730
52609376,-0.1050,-0.7175,-0.4025,0.7321,-0.0271,0.6981,-0.20,0.29,0.39,135879,127729,124741
52628904,0.5600,-0.7175,-0.2800,0.7320,-0.0266,0.6982,-0.20,0.29,0.39,135877,127729,124741
52649416,0.4550,-0.7350,-0.1925,0.7320,-0.0260,0.6981,-0.20,0.29,0.39,135872,127723,124738
52668944,-0.3150,-0.7525,-0.1750,0.7320,-0.0256,0.6978,-0.20,0.29,0.39,135878,127727,124730
52689452,0.6475,-0.8400,-0.1225,0.7320,-0.0261,0.6978,-0.20,0.29,0.39,135879,127731,124728
52708984,0.8050,-0.6650,-0.0875,0.7321,-0.0264,0.6972,-0.20,0.29,0.39,135888,127732,124729
52729492,0.5950,-0.6125,-0.0875,0.7320,-0.0267,0.6972,-0.20,0.29,0.39,135872,127747,124733
52749024,0.3150,-0.7525,-0.1750,0.7321,-0.0272,0.6975,-0.20,0.29,0.39,135874,127729,124743
52769532,0.9800,-0.7525,-0.1925,0.7320,-0.0278,0.6977,-0.20,0.29,0.39,135882,127732,124726
52789064,0.4900,-0.7350,-0.2275,0.7320,-0.0281,0.6974,-0.20,0.29,0.39,135882,127730,124719
52809568,-0.2275,-0.6650,-0.3150,0.7320,-0.0284,0.6967,-0.20,0.29,0.39,135880,127737,124735
52829100,0.6125,-0.5950,-0.3675,0.7321,-0.0295,0.6964,-0.20,0.29,0.39,135870,127744,124747
52849608,0.8050,-0.4900,-0.4200,0.7322,-0.0301,0.6960,-0.20,0.29,0.39,135874,127742,124737
52869140,0.1225,-0.5600,-0.5250,0.7322,-0.0301,0.6956,-0.20,0.29,0.39,135880,127738,124732
52889648,-1.0150,-0.5075,-0.5600,0.7321,-0.0298,0.6952,-0.20,0.29,0.39,135880,127719,124725
52909180,-1.1025,-0.4550,-0.5600,0.7322,-0.0295,0.6947,-0.20,0.29,0.39,135881,127715,124733
52929688,0.5425,-0.3150,-0.4900,0.7322,-0.0294,0.6945,-0.20,0.29,0.39,135870,127728,124750
52949216,1.2250,-0.2100,-0.4375,0.7321,-0.0290,0.6950,-0.20,0.29,0.39,135865,127742,124739
52969728,1.2075,-0.2975,-0.3675,0.7320,-0.0285,0.6958,-0.20,0.29,0.39,135881,127729,124730
52989256,0.4725,-0.4200,-0.3850,0.7319,-0.0282,0.6964,-0.20,0.29,0.39,135887,127729,124725
53008788,0.5950,-0.3675,-0.4375,0.7318,-0.0281,0.6971,-0.20,0.29,0.39,135880,127736,124739
53029296,-0.1750,-0.4200,-0.3675,0.7318,-0.0279,0.6975,-0.20,0.29,0.39,135864,127734,124747
53048828,0.4025,-0.5775,-0.3850,0.7316,-0.0283,0.6983,-0.20,0.29,0.39,135869,127741,124743
53069336,0.3500,-0.6475,-0.4550,0.7315,-0.0285,0.6995,-0.20,0.29,0.39,135876,127729,124743
53088868,-0.0350,-0.6825,-0.5075,0.7315,-0.0287,0.7002,-0.20,0.29,0.39,135876,127740,124719
53109376,-0.1750,-0.8400,-0.5775,0.7313,-0.0288,0.7009,-0.20,0.29,0.39,135876,127727,124743
53128904,0.0175,-0.9275,-0.4550,0.7313,-0.0285,0.7013,-0.20,0.29,0.39,135869,127729,124735
53149416,-0.1925,-0.8750,-0.4725,0.7314,-0.0282,0.7013,-0.20,0.29,0.39,135871,127740,124752
53168944,0.7525,-0.9450,-0.3850,0.7314,-0.0281,0.7010,-0.20,0.29,0.39,135881,127729,124735
53189452,1.1900,-0.8925,-0.3850,0.7314,-0.0283,0.7008,-0.20,0.29,0.39,135881,127725,124723
53208984,0.8925,-0.8575,-0.4375,0.7314,-0.0282,0.7004,-0.20,0.29,0.39,135877,127734,124739
53229492,-0.6125,-0.9275,-0.4725,0.7315,-0.0276,0.6998,-0.20,0.29,0.39,135876,127724,124737
53249024,-1.6975,-0.9275,-0.4550,0.7315,-0.0268,0.6989,-0.20,0.29,0.39,135874,127735,124751
53269532,-0.6825,-0.9100,-0.3850,0.7315,-0.0266,0.6986,-0.20,0.29,0.39,135880,127732,124724
53289064,0.7700,-0.7700,-0.1925,0.7316,-0.0260,0.6978,-0.20,0.29,0.39,135884,127729,124720
53309568,0.3675,-0.7000,-0.1750,0.7318,-0.0251,0.6972,-0.20,0.29,0.39,135872,127735,124733
53329100,0.6475,-0.8050,-0.0525,0.7316,-0.0249,0.6969,-0.20,0.29,0.39,135867,127738,124739
53349608,1.0500,-0.6475,-0.0175,0.7316,-0.0251,0.6966,-0.20,0.29,0.39,135875,127731,124735
53369140,1.8900,-0.7000,0.0350,0.7318,-0.0259,0.6964,-0.20,0.29,0.39,135882,127739,124733
53389648,1.1025,-0.5950,-0.1050,0.7318,-0.0266,0.6961,-0.20,0.29,0.39,135878,127732,124724
53409180,-0.0875,-0.5775,-0.2625,0.7318,-0.0276,0.6959,-0.20,0.29,0.39,135879,127731,124722
53429688,-1.1375,-0.5950,-0.3850,0.7319,-0.0282,0.6960,-0.20,0.29,0.39,135871,127735,124746
53449216,-0.8400,-0.5950,-0.3675,0.7318,-0.0290,0.6963,-0.20,0.29,0.39,135876,127744,124744
53469728,-0.1925,-0.5600,-0.4725,0.7318,-0.0298,0.6966,-0.20,0.29,0.39,135880,127726,124721
53500000,0.1575,-0.5950,-0.4725,0.7318,-0.0299,0.6970,-0.20,0.29,0.39,135872,127734,124745
53520508,-0.9100,-0.6125,-0.4550,0.7318,-0.0294,0.6970,-0.20,0.29,0.39,135876,127725,124725
53540040,0.0175,-0.5950,-0.5250,0.7316,-0.0298,0.6976,-0.20,0.29,0.39,135879,127726,124729
53560544,0.2800,-0.6300,-0.4900,0.7315,-0.0295,0.6980,-0.20,0.29,0.39,135876,127730,124732
53580080,0.4200,-0.6825,-0.4550,0.7316,-0.0290,0.6980,-0.20,0.29,0.39,135869,127740,124750
53600584,-0.2625,-0.5950,-0.4725,0.7316,-0.0283,0.6978,-0.20,0.29,0.39,135875,127728,124750
53620116,0.3675,-0.7350,-0.3850,0.7316,-0.0281,0.6982,-0.20,0.29,0.39,135884,127731,124730
53640624,0.2625,-0.7000,-0.4025,0.7315,-0.0277,0.6986,-0.20,0.29,0.39,135884,127725,124741
53660156,0.5075,-0.8225,-0.3325,0.7315,-0.0273,0.6993,-0.20,0.29,0.39,135875,127739,124735
53680664,0.5775,-0.9275,-0.2800,0.7315,-0.0268,0.6997,-0.20,0.29,0.39,135872,127730,124745
53700196,0.5075,-0.8925,-0.1925,0.7316,-0.0262,0.7000,-0.20,0.29,0.39,135878,127735,124751
53720704,1.5575,-0.9975,-0.0875,0.7316,-0.0261,0.7003,-0.20,0.29,0.39,135880,127734,124721
53740232,1.2600,-0.9100,-0.0350,0.7316,-0.0255,0.6998,-0.20,0.29,0.39,135881,127737,124722
53760744,0.5775,-0.9100,-0.0175,0.7318,-0.0253,0.6991,-0.20,0.29,0.39,135878,127735,124735
53780272,0.5250,-0.8750,-0.0875,0.7316,-0.0255,0.6985,-0.20,0.29,0.39,135877,127748,124744
53799804,1.0150,-0.8750,-0.1400,0.7318,-0.0260,0.6982,-0.20,0.29,0.39,135875,127739,124738
53820312,0.3150,-0.8575,-0.1050,0.7318,-0.0262,0.6977,-0.20,0.29,0.39,135879,127730,124726
53839844,0.0000,-0.8050,-0.1400,0.7318,-0.0266,0.6975,-0.20,0.29,0.39,135883,127734,124708
53860352,-0.2625,-0.7875,-0.2100,0.7318,-0.0275,0.6977,-0.20,0.29,0.39,135882,127743,124735
53879880,0.4200,-0.9100,-0.3150,0.7318,-0.0282,0.6981,-0.20,0.29,0.39,135872,127735,124735
53900392,0.6475,-0.8925,-0.3150,0.7318,-0.0287,0.6980,-0.20,0.29,0.39,135879,127735,124738
53919920,0.2975,-0.7525,-0.3500,0.7319,-0.0290,0.6971,-0.20,0.29,0.39,135882,127736,124734
53940428,-0.0175,-0.7350,-0.4550,0.7320,-0.0294,0.6964,-0.20,0.29,0.39,135888,127740,124713
53959960,-0.8925,-0.7000,-0.5250,0.7320,-0.0295,0.6959,-0.20,0.29,0.39,135878,127729,124738
53980468,-1.2775,-0.6650,-0.5075,0.7320,-0.0288,0.6955,-0.20,0.29,0.39,135874,127735,124733
54000000,-0.5600,-0.6300,-0.4200,0.7320,-0.0284,0.6956,-0.20,0.29,0.39,135882,127738,124742
54020508,-0.5075,-0.5600,-0.4025,0.7320,-0.0277,0.6955,-0.20,0.29,0.39,135884,127728,124734
54040040,0.1050,-0.6300,-0.3150,0.7320,-0.0273,0.6955,-0.20,0.29,0.39,135884,127731,124730
54060544,0.7175,-0.5250,-0.2450,0.7320,-0.0271,0.6956,-0.20,0.29,0.39,135875,127733,124741
54080080,0.3850,-0.4550,-0.1925,0.7321,-0.0270,0.6953,-0.20,0.29,0.39,135877,127738,124760
54100584,-0.3850,-0.4375,-0.2800,0.7321,-0.0272,0.6950,-0.20,0.29,0.39,135878,127724,124747
54120116,-1.1725,-0.4200,-0.3325,0.7320,-0.0276,0.6952,-0.21,0.29,0.39,135881,127712,124745
54140624,-0.5600,-0.4725,-0.3325,0.7320,-0.0282,0.6956,-0.21,0.29,0.39,135881,127713,124728
54160156,-0.2975,-0.4725,-0.3325,0.7319,-0.0284,0.6963,-0.20,0.29,0.39,135871,127730,124737
54180664,0.5950,-0.5425,-0.2975,0.7319,-0.0287,0.6969,-0.20,0.29,0.39,135869,127730,124742
54200196,0.2975,-0.5075,-0.3150,0.7320,-0.0288,0.6974,-0.20,0.29,0.39,135877,127733,124746
54220704,-0.3850,-0.5425,-0.3850,0.7320,-0.0287,0.6977,-0.20,0.29,0.39,135878,127724,124721
54240232,-0.9450,-0.7000,-0.3675,0.7319,-0.0283,0.6980,-0.21,0.29,0.39,135884,127713,124723
54260744,-1.1375,-0.7000,-0.4025,0.7319,-0.0281,0.6981,-0.21,0.29,0.39,135876,127702,124750
54280272,0.0350,-0.6125,-0.2800,0.7318,-0.0283,0.6985,-0.20,0.29,0.39,135871,127714,124747
54299804,1.6625,-0.7350,-0.1575,0.7318,-0.0283,0.6991,-0.20,0.29,0.39,135872,127716,124755
54320312,0.7175,-0.8225,-0.1050,0.7316,-0.0272,0.6998,-0.21,0.29,0.39,135885,127712,124737
54339844,0.2800,-0.9100,-0.0525,0.7315,-0.0268,0.7005,-0.21,0.29,0.39,135884,127712,124740
54360352,0.8225,-1.0325,0.0175,0.7315,-0.0267,0.7011,-0.20,0.29,0.39,135873,127723,124733
54379880,1.2600,-0.9975,0.0525,0.7315,-0.0264,0.7010,-0.20,0.29,0.39,135875,127726,124755
54400392,0.6825,-0.9625,0.1925,0.7315,-0.0262,0.7009,-0.20,0.29,0.39,135875,127719,124746
54419920,0.6650,-1.1375,0.0875,0.7315,-0.0262,0.7008,-0.20,0.29,0.39,135886,127718,124732
54440428,1.0325,-1.1725,0.1225,0.7318,-0.0268,0.7003,-0.20,0.29,0.39,135882,127717,124733
54459960,1.2600,-1.0675,0.1750,0.7318,-0.0273,0.6998,-0.20,0.29,0.39,135884,127728,124724
54480468,1.5225,-1.0500,0.0875,0.7318,-0.0281,0.6993,-0.20,0.29,0.39,135874,127721,124756
54510744,0.5950,-1.1550,-0.0350,0.7319,-0.0293,0.6985,-0.20,0.29,0.39,135877,127724,124729
54530272,0.1225,-1.0500,-0.1750,0.7320,-0.0299,0.6981,-0.20,0.29,0.39,135876,127736,124745
54549804,0.7175,-1.0325,-0.2625,0.7321,-0.0310,0.6974,-0.20,0.29,0.39,135880,127715,124743
54570312,0.3325,-0.9275,-0.2975,0.7321,-0.0310,0.6966,-0.20,0.29,0.39,135885,127718,124742
54589844,0.4200,-0.9450,-0.2975,0.7322,-0.0311,0.6963,-0.20,0.29,0.39,135885,127724,124713
54610352,0.1225,-0.9100,-0.3325,0.7322,-0.0307,0.6956,-0.20,0.29,0.39,135882,127719,124728
54629880,0.0875,-0.7700,-0.2450,0.7325,-0.0306,0.6953,-0.20,0.29,0.39,135877,127719,124738
54650392,0.8750,-0.7875,-0.2625,0.7326,-0.0301,0.6950,-0.20,0.29,0.39,135884,127730,124737
54669920,0.2625,-0.7700,-0.2450,0.7326,-0.0298,0.6949,-0.20,0.29,0.39,135882,127720,124729
54690428,0.1925,-0.8225,-0.3325,0.7327,-0.0295,0.6948,-0.20,0.29,0.39,135889,127723,124712
54709960,-0.2275,-0.6825,-0.2800,0.7327,-0.0292,0.6945,-0.20,0.29,0.39,135885,127721,124728
54730468,0.7700,-0.6300,-0.2625,0.7329,-0.0295,0.6947,-0.20,0.29,0.39,135871,127731,124735
54750000,0.7525,-0.5950,-0.2800,0.7329,-0.0296,0.6947,-0.20,0.29,0.39,135881,127714,124737
54770508,-0.3325,-0.7000,-0.4200,0.7329,-0.0298,0.6949,-0.20,0.29,0.39,135886,127720,124716
54790040,-0.2450,-0.7000,-0.3500,0.7330,-0.0298,0.6955,-0.20,0.29,0.39,135892,127714,124732
54810544,-0.2625,-0.6650,-0.3675,0.7330,-0.0295,0.6961,-0.20,0.29,0.39,135883,127721,124736
54830080,-0.1050,-0.7700,-0.2975,0.7330,-0.0290,0.6965,-0.20,0.29,0.39,135880,127734,124742
54850584,0.6125,-0.8050,-0.2975,0.7329,-0.0288,0.6969,-0.20,0.29,0.39,135885,127720,124729
54870116,0.7875,-0.7525,-0.2450,0.7330,-0.0285,0.6966,-0.20,0.29,0.39,135886,127722,124708
54890624,0.6475,-0.7000,-0.2800,0.7330,-0.0284,0.6960,-0.20,0.29,0.39,135891,127731,124715
54910156,0.2450,-0.7000,-0.2625,0.7330,-0.0285,0.6956,-0.20,0.29,0.39,135878,127725,124730
54930664,0.0350,-0.7000,-0.2625,0.7331,-0.0288,0.6956,-0.20,0.29,0.39,135879,127729,124738
54950196,0.1575,-0.7175,-0.3500,0.7330,-0.0290,0.6958,-0.20,0.29,0.39,135884,127725,124741
54970704,0.4025,-0.7525,-0.2800,0.7330,-0.0290,0.6959,-0.20,0.29,0.39,135884,127720,124713
54990232,-0.0350,-0.6825,-0.2450,0.7331,-0.0288,0.6960,-0.20,0.29,0.39,135891,127721,124723
55010744,0.6300,-0.7875,-0.2450,0.7330,-0.0289,0.6966,-0.20,0.29,0.39,135883,127731,124730
55030272,1.6450,-0.7525,-0.2625,0.7330,-0.0290,0.6970,-0.20,0.29,0.39,135876,127736,124742
55049804,1.6100,-0.7350,-0.1925,0.7330,-0.0288,0.6967,-0.20,0.29,0.39,135884,127736,124739
55070312,0.7000,-0.7350,-0.2625,0.7330,-0.0284,0.6961,-0.20,0.29,0.39,135885,127734,124721
55089844,-0.3325,-0.7000,-0.3150,0.7331,-0.0285,0.6958,-0.20,0.29,0.39,135893,127727,124704
55110352,0.9625,-0.7000,-0.3500,0.7330,-0.0292,0.6961,-0.20,0.29,0.39,135882,127730,124729
55129880,0.6475,-0.7525,-0.3150,0.7330,-0.0289,0.6961,-0.20,0.29,0.39,135881,127734,124739
55150392,0.4375,-0.7700,-0.4200,0.7330,-0.0287,0.6961,-0.20,0.29,0.39,135879,127741,124725
55169920,0.0000,-0.6475,-0.4025,0.7330,-0.0288,0.6961,-0.20,0.29,0.39,135888,127733,124717
55190428,0.9100,-0.7000,-0.4025,0.7331,-0.0293,0.6961,-0.20,0.29,0.39,135889,127724,124721
55209960,0.6475,-0.6825,-0.4550,0.7331,-0.0294,0.6958,-0.20,0.29,0.39,135884,127734,124737
55230468,0.2100,-0.6475,-0.5075,0.7331,-0.0298,0.6956,-0.20,0.29,0.39,135881,127733,124748
55250000,0.0350,-0.6650,-0.6125,0.7332,-0.0300,0.6959,-0.20,0.29,0.39,135879,127737,124728
55270508,-0.4200,-0.6650,-0.5775,0.7332,-0.0298,0.6959,-0.20,0.29,0.39,135883,127723,124725
55290040,-0.5950,-0.6650,-0.6300,0.7332,-0.0293,0.6959,-0.20,0.29,0.39,135887,127720,124721
55310544,0.4025,-0.6650,-0.6125,0.7332,-0.0290,0.6959,-0.20,0.29,0.39,135884,127737,124728
55330080,0.4725,-0.6475,-0.5075,0.7331,-0.0283,0.6959,-0.20,0.29,0.39,135880,127744,124737
55350584,0.5075,-0.5775,-0.4375,0.7331,-0.0273,0.6955,-0.20,0.29,0.39,135883,127742,124724
55370116,0.0175,-0.6125,-0.4200,0.7332,-0.0270,0.6954,-0.20,0.29,0.39,135890,127727,124723
55390624,0.3500,-0.6125,-0.3675,0.7331,-0.0268,0.6956,-0.20,0.29,0.39,135887,127729,124715
55410156,1.1725,-0.6650,-0.3850,0.7331,-0.0271,0.6956,-0.20,0.29,0.39,135883,127735,124733
55430664,0.2625,-0.4725,-0.3850,0.7331,-0.0270,0.6954,-0.20,0.29,0.39,135879,127752,124747
55450196,0.0350,-0.5775,-0.4375,0.7331,-0.0272,0.6953,-0.20,0.29,0.39,135880,127741,124735
55470704,0.1225,-0.6300,-0.4725,0.7330,-0.0278,0.6959,-0.20,0.29,0.39,135892,127735,124712
55490232,0.3500,-0.6650,-0.4725,0.7330,-0.0281,0.6963,-0.20,0.29,0.39,135885,127730,124724
55520508,-0.4375,-0.6125,-0.4900,0.7330,-0.0276,0.6960,-0.20,0.29,0.39,135885,127736,124713
55540040,-0.7350,-0.5075,-0.5250,0.7329,-0.0278,0.6959,-0.20,0.29,0.39,135893,127731,124720
55560544,0.8575,-0.6300,-0.5600,0.7329,-0.0285,0.6965,-0.20,0.29,0.39,135881,127733,124738
55580080,0.1225,-0.4550,-0.5600,0.7327,-0.0283,0.6959,-0.20,0.29,0.39,135875,127743,124735
55600584,-1.5400,-0.5075,-0.5600,0.7329,-0.0276,0.6954,-0.20,0.29,0.39,135881,127734,124747
55620116,-1.2775,-0.5425,-0.6300,0.7327,-0.0277,0.6958,-0.20,0.29,0.39,135881,127730,124724
55640624,0.5950,-0.5425,-0.6125,0.7327,-0.0278,0.6965,-0.20,0.29,0.39,135885,127727,124720
55660156,0.8750,-0.4550,-0.4725,0.7327,-0.0272,0.6966,-0.20,0.29,0.39,135886,127748,124729
55680664,0.4025,-0.6475,-0.3675,0.7327,-0.0262,0.6975,-0.20,0.29,0.39,135876,127751,124743
55700196,0.2625,-0.7350,-0.3150,0.7326,-0.0257,0.6980,-0.20,0.29,0.39,135882,127744,124755
55720704,0.8400,-0.6650,-0.2100,0.7326,-0.0256,0.6981,-0.20,0.29,0.39,135890,127737,124725
55740232,0.6650,-0.7000,-0.2275,0.7326,-0.0254,0.6977,-0.20,0.29,0.39,135886,127732,124719
55760744,0.0700,-0.6300,-0.2275,0.7326,-0.0254,0.6974,-0.20,0.29,0.39,135881,127737,124738
55780272,0.7000,-0.7350,-0.2625,0.7325,-0.0261,0.6975,-0.20,0.29,0.39,135871,127739,124746
55799804,0.5425,-0.5950,-0.3150,0.7325,-0.0264,0.6974,-0.20,0.29,0.39,135878,127738,124737
55820312,0.5075,-0.7175,-0.2975,0.7325,-0.0268,0.6976,-0.20,0.29,0.39,135888,127739,124725
55839844,-0.1575,-0.7700,-0.3675,0.7325,-0.0271,0.6977,-0.20,0.29,0.39,135882,127734,124729
55860352,0.4550,-0.7875,-0.3325,0.7325,-0.0276,0.6980,-0.20,0.29,0.39,135890,127740,124713
55879880,0.8750,-0.7175,-0.4025,0.7326,-0.0278,0.6977,-0.20,0.29,0.39,135881,127747,124741
55900392,0.7875,-0.7525,-0.3850,0.7326,-0.0281,0.6972,-0.20,0.29,0.39,135889,127740,124745
55919920,-0.4200,-0.5600,-0.6125,0.7326,-0.0284,0.6966,-0.20,0.29,0.39,135884,127751,124735
55940428,-0.0350,-0.6825,-0.5425,0.7326,-0.0289,0.6965,-0.20,0.29,0.39,135886,127738,124729
55959960,0.4375,-0.6125,-0.6125,0.7326,-0.0288,0.6963,-0.20,0.29,0.39,135887,127754,124734
55980468,-0.0350,-0.5425,-0.6125,0.7327,-0.0281,0.6959,-0.20,0.29,0.39,135877,127747,124743
56000000,-0.9275,-0.4900,-0.6475,0.7327,-0.0273,0.6955,-0.20,0.29,0.39,135876,127732,124734
56020508,-0.9975,-0.6825,-0.5250,0.7326,-0.0267,0.6954,-0.20,0.29,0.39,135890,127738,124719
56040040,0.6475,-0.4725,-0.4025,0.7327,-0.0264,0.6953,-0.20,0.29,0.39,135888,127745,124717
56060544,1.0325,-0.4550,-0.2625,0.7327,-0.0260,0.6952,-0.20,0.29,0.39,135882,127740,124734
56080080,0.4550,-0.4025,-0.4550,0.7327,-0.0260,0.6952,-0.20,0.29,0.39,135881,127747,124735
56100584,0.5075,-0.4200,-0.4025,0.7326,-0.0264,0.6956,-0.20,0.29,0.39,135886,127748,124729
56120116,0.0175,-0.4025,-0.3850,0.7327,-0.0265,0.6956,-0.20,0.29,0.39,135892,127737,124730
56140624,-0.7525,-0.3675,-0.4550,0.7326,-0.0265,0.6956,-0.20,0.29,0.39,135890,127748,124724
56160156,-0.0175,-0.4725,-0.4550,0.7325,-0.0268,0.6961,-0.20,0.29,0.39,135882,127735,124735
56180664,0.3675,-0.5075,-0.4200,0.7325,-0.0268,0.6966,-0.20,0.29,0.39,135875,127737,124743
56200196,0.9975,-0.5075,-0.3500,0.7324,-0.0270,0.6971,-0.20,0.29,0.39,135881,127749,124741
56220704,0.2450,-0.5425,-0.4200,0.7324,-0.0268,0.6972,-0.20,0.29,0.39,135887,127734,124726
56240232,-0.1225,-0.6475,-0.5075,0.7322,-0.0268,0.6975,-0.20,0.29,0.39,135880,127741,124730
56260744,-0.5425,-0.5775,-0.4725,0.7322,-0.0271,0.6976,-0.20,0.29,0.39,135878,127738,124747
56280272,0.0175,-0.5775,-0.5075,0.7322,-0.0271,0.6975,-0.20,0.29,0.39,135873,127743,124748
56299804,-0.3675,-0.5075,-0.4725,0.7321,-0.0268,0.6975,-0.20,0.29,0.39,135877,127741,124751
56320312,0.4725,-0.6125,-0.3850,0.7321,-0.0268,0.6985,-0.20,0.29,0.39,135876,127736,124737
56339844,0.8925,-0.7350,-0.3850,0.7320,-0.0264,0.6992,-0.20,0.29,0.39,135888,127733,124735
56360352,0.3150,-0.7350,-0.3500,0.7320,-0.0257,0.6995,-0.20,0.29,0.39,135875,127732,124742
56379880,0.0700,-0.7525,-0.3150,0.7320,-0.0251,0.6999,-0.20,0.29,0.39,135876,127741,124741
56400392,0.8925,-0.9100,-0.2100,0.7320,-0.0250,0.6999,-0.20,0.29,0.39,135876,127744,124742
56419920,1.0500,-0.8575,-0.1225,0.7320,-0.0248,0.6995,-0.20,0.29,0.39,135883,127740,124721
56440428,1.0675,-0.8225,-0.1050,0.7320,-0.0244,0.6992,-0.20,0.29,0.39,135882,127744,124724
56459960,0.1400,-0.7875,-0.1050,0.7321,-0.0244,0.6988,-0.20,0.29,0.39,135888,127743,124735
56480468,1.5050,-0.9450,-0.0875,0.7320,-0.0254,0.6988,-0.20,0.29,0.39,135880,127743,124743
56500000,0.7350,-0.7875,-0.1400,0.7321,-0.0256,0.6983,-0.20,0.29,0.39,135873,127745,124751
56530272,-0.1575,-0.8050,-0.2275,0.7321,-0.0264,0.6978,-0.20,0.29,0.39,135872,127752,124747
56549804,0.0350,-0.9100,-0.2800,0.7321,-0.0273,0.6978,-0.20,0.29,0.39,135884,127747,124735
56570312,0.4725,-0.8050,-0.3325,0.7322,-0.0279,0.6977,-0.20,0.29,0.39,135883,127733,124717
56589844,0.9275,-0.7525,-0.3675,0.7322,-0.0283,0.6977,-0.20,0.29,0.39,135883,127737,124709
56610352,0.3850,-0.8225,-0.4375,0.7321,-0.0281,0.6976,-0.20,0.29,0.39,135885,127746,124724
56629880,-0.3675,-0.8925,-0.4900,0.7322,-0.0277,0.6971,-0.20,0.29,0.39,135878,127750,124750
56650392,-0.0525,-0.7875,-0.4375,0.7322,-0.0276,0.6966,-0.20,0.29,0.39,135881,127741,124730
56669920,0.3325,-0.6650,-0.4375,0.7322,-0.0273,0.6961,-0.20,0.29,0.39,135884,127745,124733
56690428,-0.0175,-0.6475,-0.3850,0.7322,-0.0268,0.6955,-0.20,0.29,0.39,135886,127743,124715
56709960,0.5950,-0.5950,-0.3500,0.7322,-0.0266,0.6955,-0.20,0.29,0.39,135885,127748,124726
56730468,0.2975,-0.5775,-0.3500,0.7324,-0.0261,0.6956,-0.20,0.29,0.39,135881,127756,124737
56750000,0.2450,-0.5600,-0.2800,0.7322,-0.0260,0.6960,-0.20,0.29,0.39,135882,127754,124744
56770508,0.0525,-0.6650,-0.3675,0.7322,-0.0260,0.6964,-0.20,0.29,0.39,135885,127743,124728
56790040,-0.1050,-0.6475,-0.3325,0.7324,-0.0260,0.6964,-0.20,0.29,0.39,135887,127749,124728
56810544,0.3150,-0.6125,-0.3325,0.7324,-0.0261,0.6964,-0.20,0.29,0.39,135883,127747,124738
56830080,0.3325,-0.5075,-0.3500,0.7322,-0.0264,0.6963,-0.20,0.29,0.39,135877,127761,124740
56850584,0.8750,-0.7175,-0.3675,0.7321,-0.0270,0.6969,-0.20,0.29,0.39,135883,127747,124743
56870116,0.0700,-0.5775,-0.4550,0.7320,-0.0270,0.6971,-0.20,0.29,0.39,135882,127742,124721
56890624,-0.5600,-0.6650,-0.4900,0.7321,-0.0268,0.6972,-0.20,0.29,0.39,135889,127736,124719
56910156,-0.5075,-0.6475,-0.4375,0.7322,-0.0268,0.6974,-0.20,0.29,0.39,135889,127742,124726
56930664,0.4375,-0.6825,-0.4725,0.7321,-0.0270,0.6976,-0.20,0.29,0.39,135878,127742,124745
56950196,0.2800,-0.6300,-0.3675,0.7322,-0.0261,0.6975,-0.20,0.29,0.39,135877,127752,124737
56970704,-0.3850,-0.6825,-0.3850,0.7322,-0.0254,0.6972,-0.20,0.29,0.39,135885,127745,124722
56990232,-0.0175,-0.6825,-0.3150,0.7322,-0.0251,0.6971,-0.20,0.29,0.39,135894,127745,124715
57010744,1.4000,-0.7000,-0.2100,0.7321,-0.0254,0.6976,-0.20,0.29,0.39,135883,127749,124728
57030272,1.7500,-0.7175,-0.1750,0.7321,-0.0251,0.6981,-0.20,0.29,0.39,135881,127751,124730
57049804,1.3825,-0.8575,-0.2100,0.7321,-0.0251,0.6987,-0.20,0.29,0.39,135878,127759,124717
57070312,-0.1925,-0.7875,-0.1575,0.7321,-0.0243,0.6986,-0.20,0.29,0.39,135883,127743,124722
57089844,0.3325,-0.8925,-0.1050,0.7321,-0.0242,0.6986,-0.20,0.29,0.39,135883,127751,124728
57110352,1.5750,-0.8575,-0.0525,0.7321,-0.0243,0.6986,-0.20,0.29,0.39,135875,127753,124735
57129880,1.7850,-0.8750,-0.0175,0.7321,-0.0242,0.6985,-0.20,0.29,0.39,135874,127753,124725
57150392,0.6650,-0.8575,-0.0350,0.7321,-0.0240,0.6981,-0.20,0.29,0.39,135881,127761,124743
57169920,0.2100,-0.8925,-0.1575,0.7321,-0.0245,0.6981,-0.20,0.29,0.39,135883,127756,124737
57190428,0.5950,-0.7700,-0.1400,0.7321,-0.0253,0.6978,-0.20,0.29,0.39,135887,127749,124709
57209960,0.0175,-0.8050,-0.2275,0.7322,-0.0255,0.6971,-0.20,0.29,0.39,135884,127764,124726
57230468,0.0525,-0.8050,-0.2450,0.7322,-0.0261,0.6969,-0.20,0.29,0.39,135872,127759,124733
57250000,0.3325,-0.8050,-0.3325,0.7322,-0.0267,0.6966,-0.20,0.29,0.39,135884,127764,124729
57270508,-0.3150,-0.7350,-0.3850,0.7322,-0.0268,0.6961,-0.20,0.29,0.39,135888,127743,124715
57290040,-0.3850,-0.7875,-0.4200,0.7322,-0.0271,0.6959,-0.20,0.29,0.39,135889,127754,124713
57310544,0.0350,-0.7175,-0.4550,0.7322,-0.0276,0.6956,-0.20,0.29,0.39,135882,127759,124727
57330080,-0.4900,-0.5250,-0.4375,0.7324,-0.0273,0.6949,-0.20,0.29,0.39,135880,127757,124727
57350584,-0.1050,-0.5425,-0.4550,0.7324,-0.0272,0.6947,-0.20,0.29,0.39,135878,127759,124727
57370116,-0.2275,-0.5775,-0.4025,0.7325,-0.0270,0.6947,-0.20,0.29,0.39,135888,127747,124712
57390624,-0.0700,-0.5075,-0.3850,0.7325,-0.0268,0.6947,-0.20,0.29,0.39,135891,127748,124721
57410156,-0.4375,-0.4375,-0.4025,0.7325,-0.0262,0.6947,-0.20,0.29,0.39,135886,127747,124741
57430664,-0.3850,-0.4200,-0.3500,0.7325,-0.0261,0.6949,-0.20,0.29,0.39,135869,127759,124735
57450196,0.3325,-0.4900,-0.4025,0.7325,-0.0266,0.6949,-0.20,0.29,0.39,135879,127749,124746
57470704,0.4375,-0.2800,-0.4725,0.7325,-0.0270,0.6952,-0.20,0.29,0.39,135887,127745,124722
57490232,0.2100,-0.4375,-0.4375,0.7325,-0.0271,0.6955,-0.20,0.29,0.39,135886,127742,124718
57510744,-1.1025,-0.3850,-0.5250,0.7324,-0.0272,0.6959,-0.20,0.29,0.39,135878,127734,124729
57541016,-1.0325,-0.5600,-0.5775,0.7322,-0.0271,0.6971,-0.20,0.29,0.39,135887,127732,124719
57561524,-0.6825,-0.5075,-0.4725,0.7322,-0.0271,0.6975,-0.20,0.29,0.39,135881,127735,124741
57581056,0.0525,-0.6300,-0.4900,0.7322,-0.0268,0.6978,-0.20,0.29,0.39,135882,127749,124741
57601560,-0.1050,-0.5950,-0.4550,0.7322,-0.0264,0.6978,-0.20,0.29,0.39,135887,127745,124730
57621092,-0.1050,-0.6475,-0.3850,0.7322,-0.0257,0.6976,-0.20,0.29,0.39,135890,127729,124728
57641600,-0.7350,-0.6300,-0.2625,0.7321,-0.0246,0.6970,-0.20,0.29,0.39,135885,127727,124730
57661132,0.0350,-0.6125,-0.2275,0.7321,-0.0243,0.6965,-0.20,0.29,0.39,135878,127733,124741
57681640,0.2450,-0.3675,-0.0350,0.7320,-0.0238,0.6958,-0.20,0.29,0.39,135880,127731,124743
57701172,0.8225,-0.3150,0.0175,0.7320,-0.0238,0.6958,-0.20,0.29,0.39,135882,127740,124729
57721680,1.7675,-0.5425,0.1050,0.7320,-0.0242,0.6964,-0.20,0.29,0.39,135884,127728,124724
57741208,1.8725,-0.5250,0.0875,0.7320,-0.0249,0.6977,-0.20,0.29,0.39,135886,127732,124737
57761720,1.4350,-0.5950,0.0525,0.7318,-0.0253,0.6988,-0.20,0.29,0.39,135877,127739,124743
57781248,0.8225,-0.7525,0.0000,0.7316,-0.0257,0.6999,-0.20,0.29,0.39,135872,127753,124743
57801756,0.3325,-0.9625,-0.1400,0.7315,-0.0262,0.7010,-0.20,0.29,0.39,135878,127740,124729
57821288,0.2975,-1.0325,-0.1575,0.7315,-0.0268,0.7021,-0.20,0.29,0.39,135882,127736,124721
57840820,-0.1750,-1.1200,-0.1575,0.7315,-0.0271,0.7028,-0.20,0.29,0.39,135882,127733,124720
57861328,0.5600,-1.3825,-0.1750,0.7314,-0.0276,0.7037,-0.20,0.29,0.39,135876,127742,124747
57880860,0.6650,-1.3825,-0.1225,0.7314,-0.0271,0.7033,-0.20,0.29,0.39,135876,127741,124751
57901368,0.1050,-1.2950,-0.1050,0.7314,-0.0267,0.7025,-0.20,0.29,0.39,135876,127743,124743
57920896,0.4200,-1.3650,-0.1925,0.7315,-0.0267,0.7019,-0.20,0.29,0.39,135892,127735,124735
57941408,0.1225,-1.3300,-0.1575,0.7316,-0.0264,0.7008,-0.20,0.29,0.39,135887,127738,124729
57960936,-0.1225,-1.2600,-0.0700,0.7319,-0.0259,0.6995,-0.20,0.29,0.39,135886,127736,124737
57981444,0.1750,-1.1900,0.0700,0.7320,-0.0253,0.6980,-0.20,0.29,0.39,135883,127738,124750
58000976,0.1400,-1.0325,0.0350,0.7321,-0.0246,0.6967,-0.20,0.29,0.39,135883,127742,124729
58021484,0.6650,-0.9275,0.2275,0.7322,-0.0244,0.6956,-0.20,0.29,0.39,135896,127727,124720
58041016,1.1375,-0.7875,0.2800,0.7324,-0.0245,0.6947,-0.20,0.29,0.39,135883,127728,124724
58061524,0.9275,-0.6650,0.2450,0.7325,-0.0246,0.6937,-0.20,0.29,0.39,135883,127738,124737
58081056,0.7175,-0.7000,0.2625,0.7325,-0.0253,0.6931,-0.20,0.29,0.39,135880,127732,124745
58101560,1.3650,-0.5775,0.1400,0.7327,-0.0268,0.6925,-0.20,0.29,0.39,135886,127734,124739
58121092,0.4550,-0.4900,0.0000,0.7329,-0.0276,0.6919,-0.20,0.29,0.39,135890,127725,124723
58141600,-0.1050,-0.4200,-0.0875,0.7330,-0.0288,0.6921,-0.20,0.29,0.39,135894,127733,124722
58161132,0.2625,-0.4725,-0.2625,0.7329,-0.0303,0.6931,-0.20,0.29,0.39,135883,127745,124725
58181640,0.5950,-0.4725,-0.3325,0.7329,-0.0312,0.6939,-0.20,0.29,0.39,135884,127740,124747
58201172,-0.0350,-0.5775,-0.4725,0.7327,-0.0317,0.6955,-0.20,0.29,0.39,135883,127742,124734
58221680,-0.8400,-0.6825,-0.5250,0.7326,-0.0318,0.6965,-0.20,0.29,0.39,135889,127726,124719
58241208,-1.0325,-0.7525,-0.6475,0.7325,-0.0314,0.6974,-0.20,0.29,0.39,135888,127716,124724
58261720,-0.2100,-0.7525,-0.5075,0.7325,-0.0309,0.6981,-0.20,0.29,0.39,135887,127740,124745
58281248,0.5250,-0.8050,-0.5075,0.7325,-0.0303,0.6982,-0.20,0.29,0.39,135884,127740,124755
58301756,-0.5075,-0.7875,-0.4900,0.7325,-0.0287,0.6978,-0.20,0.29,0.39,135883,127731,124741
58321288,-1.1375,-0.7875,-0.2275,0.7325,-0.0262,0.6971,-0.20,0.29,0.39,135893,127714,124737
58340820,-0.4375,-0.7525,-0.0875,0.7325,-0.0251,0.6969,-0.21,0.29,0.39,135899,127712,124740
58361328,0.5950,-0.6475,0.1225,0.7326,-0.0242,0.6969,-0.20,0.29,0.39,135888,127737,124741
58380860,1.7850,-0.7875,0.3850,0.7325,-0.0237,0.6971,-0.20,0.29,0.39,135888,127738,124745
58401368,1.9950,-0.7525,0.3850,0.7326,-0.0233,0.6967,-0.20,0.29,0.39,135889,127735,124743
58420896,1.1025,-0.6475,0.4025,0.7326,-0.0232,0.6961,-0.20,0.29,0.39,135887,127720,124729
58441408,1.5400,-0.6650,0.4550,0.7326,-0.0246,0.6955,-0.20,0.29,0.39,135893,127731,124738
58460936,1.9600,-0.4900,0.2975,0.7327,-0.0264,0.6954,-0.20,0.29,0.39,135880,127748,124734
58481444,1.7150,-0.5250,0.1575,0.7327,-0.0281,0.6956,-0.20,0.29,0.39,135878,127737,124735
58500976,1.1375,-0.6650,0.0000,0.7326,-0.0296,0.6963,-0.20,0.29,0.39,135883,127733,124728
58521484,0.3675,-0.7525,-0.2275,0.7326,-0.0310,0.6967,-0.20,0.29,0.39,135886,127729,124725
58551756,0.2800,-0.7875,-0.5425,0.7326,-0.0337,0.6975,-0.20,0.29,0.39,135882,127736,124734
58571288,0.8575,-0.7875,-0.7175,0.7325,-0.0349,0.6977,-0.20,0.29,0.39,135890,127730,124719
58590820,-0.2275,-0.7525,-0.9450,0.7326,-0.0351,0.6975,-0.20,0.29,0.39,135889,127721,124723
58611328,-2.2925,-0.8575,-1.0675,0.7326,-0.0349,0.6971,-0.20,0.29,0.39,135879,127727,124730
58630860,-2.8875,-0.8575,-1.1725,0.7327,-0.0346,0.6969,-0.20,0.29,0.39,135882,127725,124749
58651368,-1.9250,-0.8750,-1.1550,0.7327,-0.0339,0.6971,-0.21,0.29,0.39,135889,127709,124754
58670896,0.2450,-0.7700,-1.0325,0.7327,-0.0322,0.6970,-0.21,0.29,0.39,135895,127713,124733
58691408,0.2625,-0.8575,-0.8400,0.7327,-0.0303,0.6966,-0.20,0.29,0.39,135895,127723,124741
58710936,-0.9275,-0.7350,-0.7175,0.7327,-0.0279,0.6960,-0.20,0.29,0.39,135886,127722,124745
58731444,-0.3500,-0.8050,-0.5075,0.7329,-0.0265,0.6959,-0.20,0.29,0.39,135884,127722,124750
58750976,0.6125,-0.6650,-0.2975,0.7329,-0.0255,0.6955,-0.20,0.29,0.39,135882,127718,124737
58771484,1.5575,-0.5250,-0.1225,0.7330,-0.0250,0.6949,-0.20,0.29,0.39,135898,127723,124736
58791016,1.0675,-0.4900,-0.0350,0.7330,-0.0246,0.6943,-0.20,0.29,0.39,135887,127731,124748
58811524,0.4725,-0.4900,-0.0875,0.7330,-0.0250,0.6943,-0.20,0.29,0.39,135884,127722,124734
58831056,0.5425,-0.4725,-0.1750,0.7330,-0.0259,0.6947,-0.20,0.29,0.39,135880,127731,124761
58851560,0.3150,-0.4900,-0.2800,0.7331,-0.0268,0.6950,-0.20,0.29,0.39,135886,127719,124743
58871092,-0.3675,-0.4550,-0.3150,0.7330,-0.0278,0.6954,-0.20,0.29,0.39,135893,127727,124723
58891600,0.0875,-0.6475,-0.4200,0.7329,-0.0295,0.6964,-0.20,0.29,0.39,135883,127722,124737
58911132,0.3325,-0.7700,-0.5600,0.7329,-0.0303,0.6964,-0.20,0.29,0.39,135881,127734,124739
58931640,-0.3325,-0.5075,-0.5950,0.7329,-0.0307,0.6961,-0.20,0.29,0.39,135872,127735,124743
58951172,-0.3150,-0.5075,-0.6825,0.7329,-0.0314,0.6959,-0.20,0.29,0.39,135884,127724,124742
58971680,-0.4550,-0.4900,-0.8050,0.7327,-0.0316,0.6959,-0.20,0.29,0.39,135886,127725,124733
58991208,-1.0500,-0.4900,-0.8400,0.7327,-0.0312,0.6956,-0.21,0.29,0.39,135889,127699,124746
59011720,-0.8575,-0.5075,-0.7525,0.7327,-0.0305,0.6960,-0.20,0.29,0.39,135881,127724,124747
59031248,-0.2275,-0.5600,-0.7175,0.7327,-0.0300,0.6966,-0.20,0.29,0.39,135875,127724,124752
59051756,0.3675,-0.6125,-0.6475,0.7326,-0.0292,0.6974,-0.20,0.29,0.39,135890,127723,124738
59071288,0.8750,-0.7875,-0.5775,0.7325,-0.0284,0.6981,-0.20,0.29,0.39,135891,127720,124739
59090820,1.1200,-0.7700,-0.4375,0.7325,-0.0275,0.6986,-0.20,0.29,0.39,135891,127717,124733
59111328,1.6975,-0.8225,-0.3500,0.7324,-0.0270,0.6991,-0.20,0.29,0.39,135887,127728,124755
59130860,1.8900,-0.8400,-0.2100,0.7324,-0.0261,0.6989,-0.20,0.29,0.39,135885,127741,124761
59151368,0.6300,-0.7525,-0.1925,0.7324,-0.0256,0.6985,-0.20,0.29,0.39,135892,127738,124752
59170896,0.4725,-0.7525,-0.2800,0.7325,-0.0257,0.6982,-0.20,0.29,0.39,135888,127727,124741
59191408,0.7875,-0.7525,-0.2625,0.7325,-0.0261,0.6981,-0.20,0.29,0.39,135888,127726,124732
59210936,1.3650,-0.7700,-0.1750,0.7325,-0.0265,0.6980,-0.20,0.29,0.39,135892,127730,124747
59231444,0.8750,-0.8400,-0.2800,0.7325,-0.0266,0.6976,-0.20,0.29,0.39,135879,127742,124747
59250976,0.1050,-0.8050,-0.3150,0.7325,-0.0266,0.6969,-0.20,0.29,0.39,135888,127737,124743
59271484,0.1050,-0.8050,-0.3500,0.7325,-0.0271,0.6969,-0.20,0.29,0.39,135894,127730,124719
59291016,1.1375,-0.8400,-0.4025,0.7326,-0.0278,0.6969,-0.20,0.29,0.39,135881,127737,124720
59311524,1.2075,-0.6475,-0.3850,0.7327,-0.0281,0.6964,-0.20,0.29,0.39,135882,127743,124741
59331056,0.1925,-0.7000,-0.4200,0.7327,-0.0278,0.6956,-0.20,0.29,0.39,135884,127741,124741
59351560,-0.8225,-0.6475,-0.5075,0.7329,-0.0273,0.6952,-0.20,0.29,0.39,135886,127746,124734
59371092,-0.2625,-0.6300,-0.4725,0.7329,-0.0272,0.6950,-0.20,0.29,0.39,135889,127730,124734
59391600,0.1400,-0.4725,-0.4025,0.7327,-0.0268,0.6949,-0.20,0.29,0.39,135889,127729,124735
59411132,0.2275,-0.5425,-0.3675,0.7327,-0.0265,0.6949,-0.20,0.29,0.39,135887,127747,124751
59431640,0.1225,-0.5250,-0.3150,0.7327,-0.0264,0.6949,-0.20,0.29,0.39,135882,127743,124746
59451172,0.1925,-0.5075,-0.3675,0.7327,-0.0266,0.6952,-0.20,0.29,0.39,135882,127739,124743
59471680,0.5950,-0.4725,-0.3675,0.7327,-0.0271,0.6954,-0.20,0.29,0.39,135894,127734,124713
59491208,0.1400,-0.5075,-0.4375,0.7327,-0.0273,0.6958,-0.20,0.29,0.39,135886,127740,124739
59511720,-0.2275,-0.6125,-0.5075,0.7327,-0.0273,0.6961,-0.20,0.29,0.39,135881,127745,124741
59531248,-0.7175,-0.5425,-0.5075,0.7327,-0.0276,0.6961,-0.20,0.29,0.39,135881,127744,124747
59561524,0.2275,-0.5250,-0.4725,0.7327,-0.0279,0.6964,-0.20,0.29,0.39,135889,127734,124745
59581056,0.1400,-0.5075,-0.5250,0.7326,-0.0281,0.6964,-0.20,0.29,0.39,135888,127735,124748
