30946288,34.9125,16.3275,9.0475,0.0290,-0.0168,0.9797,-0.14,0.31,0.33,136220,128809,125632
30965820,28.9625,16.8350,7.0350,0.0199,-0.0137,0.9837,-0.14,0.31,0.34,136196,128841,125578
30986328,12.9675,17.3250,3.7275,0.0155,-0.0079,0.9884,-0.14,0.31,0.34,136165,128851,125533
31005860,7.6825,16.6775,1.9600,0.0199,-0.0085,0.9902,-0.13,0.31,0.34,136135,128874,125516
31026368,16.0300,15.0150,0.6125,0.0277,-0.0139,0.9938,-0.13,0.31,0.34,136102,128935,125494
31045898,26.6175,13.3875,-0.1750,0.0353,-0.0181,0.9987,-0.13,0.31,0.34,136083,128982,125455
31066406,28.2275,12.3025,-1.0850,0.0439,-0.0159,1.0026,-0.12,0.31,0.35,136072,129027,125404
31085936,24.3950,11.1825,-1.9425,0.0536,-0.0090,1.0083,-0.12,0.30,0.35,136048,129062,125369
31106444,15.3300,9.3800,-3.0450,0.0691,0.0048,1.0196,-0.12,0.30,0.35,136028,129101,125357
31125976,10.0975,7.6650,-3.7975,0.0756,0.0142,1.0277,-0.12,0.30,0.35,135999,129125,125359
31146484,6.3700,5.2325,-4.2875,0.0810,0.0232,1.0358,-0.12,0.30,0.35,135998,129133,125365
31166016,3.5875,1.9600,-4.8475,0.0827,0.0307,1.0430,-0.12,0.30,0.35,135993,129127,125354
31186524,3.6925,-1.7675,-5.5650,0.0832,0.0349,1.0523,-0.12,0.30,0.35,135990,129138,125342
31206054,3.9900,-5.6000,-6.7375,0.0828,0.0370,1.0624,-0.12,0.30,0.35,135997,129154,125368
31226562,11.2875,-11.8300,-8.8725,0.0906,0.0386,1.0792,-0.11,0.30,0.35,136012,129198,125378
31246092,21.7350,-15.7675,-10.2725,0.1024,0.0411,1.0897,-0.11,0.30,0.35,136036,129259,125351
31266600,34.9650,-19.5125,-11.2175,0.1175,0.0442,1.0989,-0.11,0.30,0.35,136064,129335,125321
31286132,49.0000,-22.9075,-11.3925,0.1379,0.0490,1.1048,-0.10,0.31,0.35,136095,129465,125276
31306640,61.6350,-25.9000,-10.7975,0.1581,0.0600,1.1061,-0.09,0.31,0.36,136116,129628,125250
31326172,77.2275,-28.0175,-9.1350,0.1784,0.0754,1.1034,-0.08,0.31,0.36,136140,129815,125224
31346680,77.9100,-27.7375,-7.7875,0.2075,0.1057,1.0964,-0.07,0.31,0.36,136158,129993,125186
31366210,59.4825,-26.0925,-6.0375,0.2261,0.1366,1.0843,-0.06,0.31,0.36,136169,130107,125183
31386718,17.6225,-23.2575,-4.3925,0.2468,0.1697,1.0685,-0.06,0.31,0.36,136166,130090,125213
31406250,-39.3050,-19.9850,-3.5000,0.2586,0.2007,1.0502,-0.07,0.31,0.35,136144,129959,125288
31426756,-98.7525,-15.9950,-2.8700,0.2594,0.2261,1.0321,-0.08,0.31,0.34,136108,129704,125445
31446288,-157.4825,-10.5000,-2.5375,0.2547,0.2377,1.0111,-0.10,0.31,0.33,136075,129388,125611
31465820,-170.3625,-7.4725,-3.0275,0.2466,0.2217,1.0024,-0.12,0.30,0.32,136034,129075,125794
31486328,-145.1100,-6.2125,-4.0250,0.2291,0.1829,1.0006,-0.14,0.30,0.31,135974,128829,125957
31505860,-98.3150,-5.8450,-5.1625,0.1984,0.1313,1.0026,-0.14,0.30,0.31,135916,128724,126048
31526368,-39.2175,-6.0200,-5.4600,0.1514,0.0773,1.0016,-0.14,0.29,0.31,135842,128750,126066
31545898,32.0775,-6.0025,-3.3075,0.0927,0.0281,0.9972,-0.13,0.29,0.31,135784,128928,125968
31566406,131.9500,-4.6375,1.3125,-0.0470,-0.0639,0.9825,-0.11,0.28,0.32,135724,129204,125795
31585936,138.7575,-1.2950,0.3500,-0.1398,-0.1171,0.9588,-0.10,0.28,0.33,135674,129465,125656
31606444,107.8000,2.4325,-4.7075,-0.2298,-0.1586,0.9448,-0.09,0.28,0.33,135616,129663,125610
31625976,56.1575,6.3700,-11.2000,-0.3257,-0.1728,0.9690,-0.08,0.27,0.33,135570,129717,125615
31646484,-2.9400,8.4175,-14.9975,-0.4192,-0.1225,1.0341,-0.09,0.27,0.33,135548,129635,125657
31666016,-63.2275,7.8050,-12.3025,-0.4714,0.0001,1.0829,-0.10,0.27,0.33,135540,129434,125728
31686524,-96.1275,6.5450,-3.0450,-0.4723,0.1643,1.0577,-0.11,0.27,0.32,135531,129276,125812
31706054,-35.4725,2.5725,2.0125,-0.4753,0.1934,1.0320,-0.11,0.27,0.32,135528,129246,125846
31726562,-10.1150,-1.2425,5.3550,-0.4778,0.1995,1.0110,-0.11,0.27,0.32,135531,129228,125862
31746092,-40.5475,-4.6200,6.3000,-0.4673,0.1970,0.9923,-0.12,0.27,0.31,135556,129124,125925
31766600,-58.6250,-9.6775,6.1250,-0.4414,0.1737,0.9898,-0.13,0.28,0.31,135593,129017,125956
31786132,-9.0125,-19.2675,6.9300,-0.4080,0.1324,0.9980,-0.13,0.28,0.31,135639,129021,125956
31806640,40.6700,-24.4125,8.1725,-0.3606,0.0695,1.0070,-0.12,0.28,0.31,135687,129146,125915
31826172,71.7325,-27.1250,8.9775,-0.3310,0.0501,1.0065,-0.11,0.28,0.32,135729,129304,125867
31846680,72.3800,-27.3000,8.8025,-0.2977,0.0514,1.0035,-0.10,0.29,0.32,135796,129438,125803
31876952,38.6575,-24.0450,6.0200,-0.2501,0.0655,1.0038,-0.09,0.29,0.32,135866,129523,125778
31897460,1.9775,-19.4600,3.2725,-0.2067,0.0798,1.0072,-0.10,0.30,0.32,135925,129497,125788
31916992,-21.3675,-16.5025,1.9600,-0.1842,0.0878,1.0059,-0.10,0.30,0.32,135975,129433,125802
31937500,-34.0025,-13.7025,1.4175,-0.1681,0.0913,1.0037,-0.10,0.30,0.32,136022,129369,125823
31957032,-30.7475,-11.7950,1.6275,-0.1562,0.0869,1.0028,-0.11,0.30,0.32,136058,129330,125864
31977540,-20.6675,-10.9550,2.2575,-0.1477,0.0784,1.0003,-0.11,0.31,0.32,136083,129307,125891
31997070,-9.2575,-10.4300,2.8000,-0.1379,0.0687,0.9966,-0.11,0.31,0.32,136123,129294,125895
32017578,10.4650,-9.3450,2.8175,-0.1282,0.0503,0.9941,-0.11,0.31,0.32,136161,129314,125869
32037108,11.9875,-8.0500,2.1350,-0.1269,0.0425,0.9908,-0.11,0.31,0.32,136189,129302,125861
32057616,0.8050,-6.4925,1.1900,-0.1231,0.0418,0.9827,-0.11,0.31,0.32,136208,129309,125883
32077148,-11.8300,-4.6375,0.0175,-0.1155,0.0423,0.9728,-0.11,0.31,0.32,136232,129285,125899
32097656,-19.1800,-2.7125,-1.4350,-0.1066,0.0410,0.9642,-0.11,0.32,0.31,136278,129234,125924
32117188,-19.3375,-0.6650,-3.1150,-0.0988,0.0376,0.9587,-0.12,0.32,0.31,136311,129183,125921
32137696,-18.4100,2.2400,-3.9550,-0.0874,0.0329,0.9514,-0.12,0.32,0.31,136331,129144,125930
32157226,-14.6825,3.6050,-4.3400,-0.0821,0.0273,0.9493,-0.12,0.32,0.31,136349,129141,125963
32177734,0.4725,4.1825,-4.2350,-0.0745,0.0184,0.9544,-0.12,0.32,0.31,136370,129154,125943
32197264,19.4250,4.3050,-3.9375,-0.0655,0.0098,0.9628,-0.11,0.32,0.32,136391,129204,125909
32216796,31.2725,4.4275,-3.7275,-0.0604,0.0049,0.9694,-0.11,0.33,0.32,136420,129253,125860
32237304,32.0950,5.4950,-3.5525,-0.0569,0.0084,0.9730,-0.11,0.33,0.32,136445,129306,125822
32256836,26.4075,6.4400,-3.7100,-0.0538,0.0153,0.9733,-0.10,0.33,0.32,136459,129357,125797
32277344,20.4750,7.3500,-4.2875,-0.0498,0.0201,0.9745,-0.10,0.33,0.32,136468,129394,125772
32296876,15.3300,8.1025,-4.9700,-0.0465,0.0228,0.9787,-0.10,0.33,0.32,136482,129410,125751
32317382,9.3975,8.8725,-5.4250,-0.0481,0.0246,0.9859,-0.10,0.33,0.33,136517,129414,125730
32336914,3.9025,9.2400,-5.6875,-0.0521,0.0266,0.9921,-0.10,0.33,0.33,136533,129390,125712
32357420,-10.4825,10.7100,-5.4250,-0.0572,0.0325,0.9936,-0.10,0.33,0.33,136538,129381,125727
32376952,-15.1375,11.0600,-4.2175,-0.0595,0.0379,0.9903,-0.11,0.33,0.33,136549,129345,125732
32397460,-12.6350,10.7625,-1.7325,-0.0612,0.0421,0.9880,-0.11,0.34,0.33,136569,129312,125729
32416992,-3.9025,10.2725,1.3825,-0.0630,0.0449,0.9883,-0.11,0.34,0.33,136579,129293,125699
32437500,-1.2775,10.3425,3.5525,-0.0619,0.0475,0.9893,-0.11,0.34,0.33,136584,129261,125697
32457032,-11.4275,11.5850,4.9350,-0.0512,0.0512,0.9926,-0.11,0.34,0.33,136573,129210,125706
32477540,-42.4900,12.9500,6.0550,-0.0246,0.0599,0.9980,-0.12,0.34,0.32,136567,129102,125751
32497070,-52.2025,13.2125,7.0700,-0.0044,0.0586,1.0036,-0.13,0.34,0.32,136568,128991,125790
32517578,-41.2650,13.0200,8.1550,0.0150,0.0504,1.0103,-0.13,0.34,0.32,136573,128915,125790
32537108,-12.6700,12.1100,9.3275,0.0300,0.0400,1.0158,-0.13,0.34,0.32,136563,128887,125772
32557616,1.7500,11.9175,10.1150,0.0478,0.0342,1.0175,-0.13,0.33,0.32,136542,128880,125779
32577148,5.1100,12.1625,10.3600,0.0672,0.0331,1.0208,-0.13,0.33,0.32,136519,128897,125772
32597656,6.0375,11.7600,10.6225,0.1030,0.0345,1.0272,-0.13,0.33,0.33,136499,128892,125729
32617188,9.3625,11.5325,11.0600,0.1185,0.0326,1.0346,-0.13,0.33,0.33,136492,128905,125689
32637696,18.3925,10.9725,12.0225,0.1247,0.0305,1.0401,-0.13,0.33,0.33,136463,128931,125639
32657226,14.8750,10.7100,12.8275,0.1272,0.0326,1.0368,-0.13,0.33,0.33,136426,128957,125634
32677734,3.3775,10.0975,13.2125,0.1294,0.0354,1.0299,-0.13,0.33,0.33,136401,128931,125639
32697264,-2.9050,8.4350,13.6500,0.1365,0.0345,1.0252,-0.13,0.32,0.33,136368,128925,125621
32716796,2.6600,6.6850,13.8250,0.1369,0.0304,1.0250,-0.13,0.32,0.33,136353,128919,125624
32737304,2.1175,5.3375,13.4575,0.1344,0.0288,1.0248,-0.13,0.32,0.33,136321,128901,125598
32756836,-5.8800,4.2875,12.3900,0.1366,0.0315,1.0241,-0.13,0.32,0.33,136299,128876,125605
32777344,-11.7075,2.3450,10.8150,0.1454,0.0323,1.0232,-0.14,0.32,0.33,136271,128848,125649
32796876,-8.5400,0.0000,8.9250,0.1559,0.0278,1.0246,-0.14,0.32,0.33,136257,128835,125648
32817382,8.0325,-3.1850,6.4750,0.1682,0.0166,1.0297,-0.14,0.32,0.33,136245,128851,125609
32836914,19.1450,-4.4975,4.7075,0.1731,0.0113,1.0377,-0.13,0.32,0.33,136241,128891,125606
32857420,23.5200,-5.3725,2.5375,0.1778,0.0079,1.0465,-0.13,0.31,0.33,136227,128944,125591
32887696,11.7425,-7.4550,-0.4375,0.1869,0.0065,1.0544,-0.13,0.31,0.34,136221,128961,125569
32907226,12.0400,-9.2750,-2.0125,0.1935,0.0039,1.0603,-0.13,0.31,0.34,136226,129014,125572
32927734,25.7600,-11.7775,-4.1650,0.2026,0.0012,1.0618,-0.12,0.31,0.34,136209,129083,125570
32947264,38.5000,-13.1600,-4.9700,0.2069,0.0002,1.0593,-0.12,0.31,0.34,136221,129179,125533
32966796,52.4475,-14.4200,-5.5650,0.2089,-0.0007,1.0605,-0.11,0.31,0.34,136226,129292,125476
32987304,59.4125,-15.0675,-6.1600,0.2062,0.0012,1.0648,-0.10,0.31,0.34,136219,129434,125426
33006836,54.8975,-14.5775,-6.4575,0.2047,0.0094,1.0657,-0.09,0.31,0.35,136211,129557,125418
33027344,43.0500,-13.2300,-6.6675,0.2073,0.0217,1.0609,-0.09,0.31,0.35,136191,129650,125401
33046876,26.2675,-10.1850,-7.5775,0.2128,0.0429,1.0444,-0.08,0.31,0.35,136171,129703,125399
33067382,7.4725,-7.3150,-8.4875,0.2174,0.0598,1.0283,-0.08,0.31,0.35,136150,129706,125411
33086914,-17.9200,-3.8675,-9.1525,0.2181,0.0752,1.0114,-0.09,0.31,0.34,136112,129664,125440
33107420,-42.0175,-0.3675,-9.9400,0.2223,0.0856,0.9945,-0.09,0.30,0.34,136058,129573,125517
33126952,-58.4850,3.2375,-10.7450,0.2317,0.0899,0.9804,-0.10,0.30,0.33,135992,129467,125599
33147460,-62.4225,7.1225,-11.2525,0.2349,0.0860,0.9699,-0.10,0.30,0.33,135923,129354,125663
33166992,-57.8725,12.7400,-11.4450,0.2196,0.0760,0.9560,-0.11,0.29,0.33,135845,129242,125706
33187500,-54.1625,16.0475,-11.4625,0.2024,0.0709,0.9484,-0.12,0.29,0.32,135763,129145,125773
33207032,-54.6350,18.6025,-11.1300,0.1743,0.0636,0.9385,-0.12,0.28,0.32,135666,129063,125833
33227540,-41.5800,19.5475,-10.0275,0.1209,0.0466,0.9342,-0.12,0.27,0.32,135560,129033,125870
33247070,-13.5450,19.9150,-7.8225,0.0467,0.0179,0.9353,-0.12,0.27,0.32,135467,129059,125852
33267578,38.5350,18.1475,-6.4050,-0.0853,-0.0691,0.9571,-0.12,0.26,0.32,135385,129138,125803
33287108,42.5775,16.4325,-8.9775,-0.1882,-0.1324,0.9905,-0.11,0.26,0.32,135315,129195,125754
33307616,40.7750,13.6150,-10.7975,-0.2957,-0.1652,1.0483,-0.11,0.26,0.33,135250,129298,125724
33327148,30.4500,10.4650,-9.1350,-0.3902,-0.1369,1.1078,-0.11,0.25,0.32,135211,129327,125751
33347656,-6.0900,8.5750,-4.8300,-0.4541,-0.0532,1.1248,-0.11,0.25,0.32,135186,129266,125773
33367188,-41.7025,6.8425,0.0525,-0.4682,0.0516,1.0908,-0.12,0.25,0.32,135181,129167,125833
33387696,-39.9350,4.0600,5.7575,-0.4656,0.1508,1.0221,-0.12,0.25,0.32,135164,129077,125857
33407226,-17.9900,1.0850,8.4525,-0.4715,0.1682,1.0026,-0.12,0.25,0.32,135150,129076,125887
33427734,-14.0525,-2.8175,9.2225,-0.4629,0.1646,0.9934,-0.12,0.25,0.31,135153,129044,125918
33447264,-22.5400,-6.7725,8.3300,-0.4382,0.1449,0.9882,-0.13,0.25,0.31,135169,128988,125931
33466796,-24.2375,-10.6050,7.0175,-0.4003,0.1146,0.9822,-0.13,0.25,0.31,135199,128947,125946
33487304,-5.1100,-14.3500,5.7750,-0.3577,0.0849,0.9776,-0.13,0.25,0.32,135226,128968,125908
33506836,41.7900,-16.8700,5.3375,-0.3045,0.0573,0.9755,-0.12,0.26,0.32,135258,129058,125902
33527344,58.8525,-16.1175,5.2325,-0.2793,0.0525,0.9778,-0.11,0.26,0.32,135277,129195,125848
33546876,52.7100,-13.9300,4.6375,-0.2572,0.0599,0.9782,-0.11,0.26,0.32,135304,129269,125814
33567384,28.6300,-10.7800,3.7450,-0.2392,0.0725,0.9759,-0.11,0.26,0.32,135326,129286,125770
33586912,6.7375,-7.5775,3.2725,-0.2256,0.0820,0.9767,-0.11,0.26,0.32,135345,129279,125769
33607420,0.7350,-4.9525,3.4125,-0.2159,0.0874,0.9814,-0.11,0.26,0.32,135346,129285,125774
33626952,3.0275,-1.7325,3.9725,-0.2131,0.0930,0.9872,-0.11,0.26,0.32,135355,129300,125768
33647460,1.9950,-0.2800,4.5675,-0.2142,0.0963,0.9889,-0.11,0.26,0.32,135361,129296,125770
33666992,-2.5200,0.5075,4.9875,-0.2140,0.0974,0.9895,-0.11,0.26,0.32,135372,129269,125751
33687500,-4.4625,0.2975,5.7750,-0.2125,0.0939,0.9919,-0.11,0.26,0.32,135386,129247,125749
33707032,-1.6800,-0.3850,5.7050,-0.2135,0.0847,0.9964,-0.11,0.26,0.32,135398,129257,125759
33727540,-0.9275,-1.2775,4.9525,-0.2176,0.0719,1.0019,-0.11,0.26,0.32,135408,129238,125768
33747072,1.1200,-2.1525,4.2000,-0.2151,0.0662,1.0021,-0.11,0.27,0.32,135421,129243,125754
33767576,3.9900,-3.0450,3.2375,-0.2087,0.0627,1.0008,-0.11,0.27,0.33,135455,129238,125732
33787108,6.0550,-3.8850,2.2225,-0.2033,0.0611,0.9997,-0.11,0.27,0.33,135490,129231,125720
33807616,-2.1525,-4.4275,0.8225,-0.1998,0.0587,0.9974,-0.11,0.27,0.33,135524,129219,125746
33827148,-15.0500,-5.1625,-1.1375,-0.1979,0.0547,0.9953,-0.12,0.27,0.32,135558,129187,125783
33847656,-10.3250,-6.5625,-3.7275,-0.1950,0.0449,0.9952,-0.12,0.28,0.32,135605,129168,125771
33867188,4.2875,-7.5775,-4.5150,-0.1912,0.0417,0.9944,-0.12,0.28,0.32,135665,129173,125752
33897460,25.3925,-8.9425,-4.9700,-0.1915,0.0405,0.9950,-0.11,0.29,0.33,135743,129246,125703
33916992,31.8325,-9.9750,-5.4425,-0.1926,0.0392,0.9949,-0.11,0.29,0.33,135814,129294,125677
33937500,26.4250,-10.6750,-6.7725,-0.1901,0.0412,0.9921,-0.11,0.29,0.33,135878,129325,125634
33957032,20.2125,-10.5875,-7.8575,-0.1852,0.0442,0.9894,-0.10,0.30,0.33,135940,129376,125627
33977540,17.0625,-9.6775,-9.0475,-0.1790,0.0458,0.9816,-0.10,0.30,0.33,136006,129425,125617
33997072,24.5000,-8.7325,-9.7125,-0.1709,0.0425,0.9810,-0.10,0.31,0.33,136070,129459,125599
34017576,23.4850,-7.4200,-10.4475,-0.1610,0.0465,0.9809,-0.10,0.31,0.34,136136,129480,125563
34037108,5.9325,-5.2150,-11.0775,-0.1477,0.0610,0.9827,-0.10,0.31,0.34,136200,129460,125566
34057616,-22.7675,-2.3800,-11.3750,-0.1320,0.0786,0.9836,-0.10,0.32,0.33,136249,129366,125611
34077148,-55.7550,1.6450,-11.0250,-0.1019,0.0844,0.9852,-0.11,0.32,0.33,136286,129272,125656
34097656,-45.5000,3.3950,-9.9400,-0.0819,0.0745,0.9930,-0.12,0.32,0.33,136330,129174,125698
34117188,-27.3700,4.9525,-7.8400,-0.0598,0.0667,1.0004,-0.12,0.32,0.33,136356,129120,125717
34137696,-11.2000,6.3000,-5.4250,-0.0405,0.0628,1.0075,-0.12,0.32,0.33,136392,129102,125696
34157224,4.6025,7.4900,-3.1500,-0.0270,0.0603,1.0141,-0.12,0.33,0.33,136405,129130,125662
34177736,13.3175,8.7850,-1.3475,-0.0132,0.0634,1.0158,-0.12,0.33,0.33,136400,129172,125641
34197264,17.6400,11.3225,0.6300,0.0105,0.0748,1.0135,-0.11,0.33,0.33,136407,129215,125611
34216796,17.0450,12.8450,1.8025,0.0228,0.0804,1.0121,-0.11,0.33,0.34,136409,129239,125559
34237304,18.1475,13.5625,2.9050,0.0283,0.0811,1.0136,-0.11,0.33,0.34,136404,129271,125507
34256836,17.2200,13.9125,4.2350,0.0257,0.0821,1.0153,-0.11,0.32,0.34,136388,129297,125478
34277344,17.1500,13.7550,5.7925,0.0178,0.0838,1.0167,-0.10,0.32,0.34,136369,129370,125445
34296876,24.9900,13.0725,7.6300,0.0155,0.0832,1.0187,-0.10,0.32,0.35,136354,129424,125400
34317384,34.6675,11.4625,10.8850,0.0224,0.0892,1.0163,-0.10,0.32,0.35,136337,129481,125344
34336912,26.2850,10.6750,13.0550,0.0264,0.0944,1.0104,-0.10,0.32,0.35,136330,129511,125291
34357420,8.9600,9.9925,14.7175,0.0310,0.0981,1.0044,-0.10,0.32,0.35,136302,129512,125285
34376952,-0.4025,8.5750,15.8550,0.0434,0.0986,1.0003,-0.10,0.32,0.35,136281,129508,125287
34397460,3.4650,6.9125,16.6600,0.0636,0.0966,0.9974,-0.09,0.32,0.35,136261,129529,125273
34416992,16.1350,5.8450,17.1325,0.0869,0.0949,0.9972,-0.09,0.32,0.36,136238,129560,125214
34437500,22.9950,5.8625,16.4150,0.1198,0.1047,0.9978,-0.09,0.31,0.36,136216,129587,125181
34457032,7.2800,6.6675,14.7700,0.1484,0.1188,0.9967,-0.09,0.31,0.36,136178,129583,125181
34477540,-15.2250,7.2625,12.6700,0.1770,0.1309,0.9969,-0.09,0.31,0.36,136139,129533,125229
34497072,-26.6175,7.2275,10.5700,0.1974,0.1322,1.0061,-0.10,0.31,0.36,136106,129471,125245
34517576,-26.1975,6.3175,8.7150,0.2069,0.1259,1.0208,-0.10,0.31,0.35,136078,129388,125257
34537108,-32.8825,4.0075,5.8100,0.2129,0.1157,1.0365,-0.11,0.30,0.35,136042,129308,125289
34557616,-34.2125,1.5750,3.5700,0.2176,0.1053,1.0443,-0.11,0.30,0.35,136013,129250,125354
34577148,-23.9925,-1.5925,1.3125,0.2197,0.0898,1.0505,-0.11,0.30,0.35,135981,129223,125379
34597656,-6.1600,-4.9000,-1.1725,0.2223,0.0741,1.0547,-0.11,0.30,0.35,135965,129234,125404
34617188,11.7775,-8.0500,-3.7100,0.2284,0.0606,1.0574,-0.11,0.30,0.35,135962,129248,125386
34637696,25.8300,-10.5000,-6.1775,0.2303,0.0519,1.0591,-0.11,0.30,0.35,135957,129334,125362
34657224,39.6900,-12.8275,-8.8025,0.2251,0.0470,1.0591,-0.10,0.30,0.35,135942,129428,125345
34677736,41.8075,-13.4400,-9.7300,0.2242,0.0500,1.0543,-0.09,0.30,0.35,135930,129536,125347
34697264,39.2175,-13.2475,-10.0100,0.2275,0.0522,1.0466,-0.09,0.30,0.35,135917,129638,125312
34716796,47.0925,-13.4925,-10.0800,0.2277,0.0483,1.0388,-0.08,0.29,0.35,135899,129747,125295
34737304,58.0650,-12.8450,-10.0975,0.2247,0.0466,1.0326,-0.07,0.29,0.36,135888,129908,125232
34756836,63.1750,-11.7425,-9.7650,0.2205,0.0554,1.0232,-0.06,0.29,0.36,135858,130030,125216
34777344,27.4225,-8.0325,-10.2375,0.2252,0.1021,0.9992,-0.06,0.29,0.36,135810,130088,125244
34796876,-32.7425,-3.7975,-11.7600,0.2322,0.1458,0.9808,-0.07,0.29,0.35,135764,129973,125311
34817384,-108.8325,1.0150,-14.2450,0.2317,0.1814,0.9623,-0.08,0.28,0.34,135709,129691,125433
34836912,-166.3550,5.7575,-16.9050,0.2176,0.1892,0.9536,-0.11,0.28,0.33,135648,129326,125614
34857420,-179.8300,9.6425,-18.0075,0.1869,0.1565,0.9588,-0.13,0.27,0.32,135566,128992,125817
34876952,-160.0375,13.0900,-17.2725,0.1237,0.0843,0.9753,-0.14,0.27,0.31,135480,128749,125989
34907224,-48.2300,16.0825,-15.6100,-0.1125,-0.1396,1.0339,-0.15,0.26,0.31,135359,128611,126074
34927736,15.8375,14.7175,-16.1350,-0.2353,-0.2302,1.0615,-0.14,0.26,0.31,135279,128705,126055
34947264,68.0575,12.0050,-16.6950,-0.3534,-0.2628,1.0941,-0.14,0.25,0.31,135239,128857,125986
34966796,78.5925,8.8725,-15.2600,-0.4493,-0.1998,1.1104,-0.13,0.25,0.31,135219,128929,125925
34987304,20.9125,7.2450,-11.0250,-0.4875,-0.0417,1.0817,-0.13,0.25,0.31,135203,128877,125952
35006836,-17.6575,4.5150,-5.3375,-0.4925,0.0949,1.0394,-0.13,0.25,0.31,135206,128888,125974
35027344,-14.9450,1.0675,-3.9550,-0.4963,0.1318,1.0242,-0.13,0.25,0.31,135215,128861,126009
35046876,-33.7050,-2.5900,-3.3950,-0.4863,0.1401,0.9997,-0.14,0.25,0.31,135229,128800,126073
35067384,-40.3375,-6.2825,-3.4475,-0.4575,0.1185,0.9760,-0.14,0.26,0.30,135267,128719,126101
35086912,-22.7675,-10.1850,-3.7450,-0.4155,0.0859,0.9551,-0.14,0.26,0.30,135301,128702,126092
35107420,29.1550,-15.2600,-1.5575,-0.3506,0.0560,0.9361,-0.14,0.26,0.30,135325,128770,126079
35126952,48.9125,-16.0125,0.9275,-0.3239,0.0517,0.9333,-0.13,0.26,0.31,135347,128885,126035
35147460,51.5900,-15.0500,3.2025,-0.3021,0.0578,0.9372,-0.13,0.26,0.31,135370,128972,125991
35166992,41.3000,-12.1450,5.2675,-0.2835,0.0698,0.9425,-0.12,0.26,0.31,135387,129026,125949
35187500,23.3625,-7.9275,7.2800,-0.2674,0.0838,0.9468,-0.12,0.26,0.31,135394,129042,125913
35207032,8.1375,-3.6225,9.3450,-0.2545,0.0971,0.9525,-0.12,0.26,0.32,135387,129050,125902
35227540,4.9350,1.5225,13.0200,-0.2452,0.1098,0.9665,-0.12,0.26,0.31,135361,129065,125914
35247072,4.1125,3.6925,15.2775,-0.2445,0.1125,0.9737,-0.12,0.26,0.32,135330,129069,125898
35267576,0.9275,4.8125,16.9400,-0.2468,0.1114,0.9782,-0.12,0.26,0.32,135309,129042,125874
35287108,-2.0650,5.1975,18.1125,-0.2491,0.1076,0.9794,-0.13,0.26,0.32,135290,129022,125851
35307616,-2.0825,5.6175,19.2150,-0.2523,0.0989,0.9804,-0.13,0.26,0.32,135269,129011,125868
35327148,4.2175,6.0375,19.9500,-0.2601,0.0839,0.9870,-0.12,0.25,0.32,135237,129024,125858
35347656,2.1000,6.1600,18.7075,-0.2734,0.0647,0.9991,-0.12,0.25,0.32,135221,129025,125847
35367188,-9.0475,5.5475,15.9600,-0.2786,0.0566,1.0037,-0.13,0.25,0.32,135215,128987,125834
35387696,-18.7425,4.3750,12.5300,-0.2824,0.0503,1.0021,-0.13,0.25,0.32,135225,128917,125845
35407224,-20.5100,2.8000,9.5200,-0.2850,0.0423,0.9972,-0.13,0.25,0.32,135237,128879,125863
35427736,-13.7025,0.7350,6.9125,-0.2879,0.0316,0.9911,-0.13,0.26,0.32,135255,128866,125886
35447264,-2.8525,-1.1725,4.6550,-0.2902,0.0184,0.9871,-0.13,0.26,0.32,135297,128873,125876
35466796,16.9225,-3.7800,1.9600,-0.2830,0.0041,0.9823,-0.13,0.26,0.32,135340,128886,125828
35487304,22.8725,-4.8650,0.2275,-0.2711,0.0024,0.9760,-0.13,0.26,0.32,135391,128924,125786
35506836,24.8675,-5.4425,-1.0325,-0.2569,0.0071,0.9672,-0.13,0.27,0.32,135433,128955,125761
35527344,24.7625,-5.6350,-1.8025,-0.2390,0.0176,0.9593,-0.13,0.27,0.33,135482,129019,125745
35546876,19.7225,-5.4075,-2.0650,-0.2245,0.0261,0.9550,-0.12,0.27,0.33,135528,129046,125728
35567384,8.9775,-4.8825,-3.7975,-0.2084,0.0300,0.9560,-0.12,0.28,0.33,135593,129052,125699
35586912,9.3275,-4.4100,-4.7950,-0.1930,0.0310,0.9616,-0.12,0.28,0.33,135646,129044,125666
35607420,13.0550,-3.5700,-4.9350,-0.1791,0.0370,0.9701,-0.12,0.28,0.33,135695,129065,125656
35626952,7.3675,-2.2750,-4.4100,-0.1693,0.0510,0.9765,-0.12,0.28,0.33,135732,129073,125636
35647460,-13.5450,-0.0875,-4.0250,-0.1614,0.0656,0.9812,-0.13,0.29,0.33,135781,129019,125675
35666992,-38.8675,2.6425,-3.8675,-0.1532,0.0694,0.9897,-0.13,0.29,0.33,135829,128919,125707
35687500,-49.6475,4.9000,-3.2900,-0.1376,0.0531,1.0106,-0.14,0.29,0.33,135854,128796,125725
35707032,-43.8375,5.6175,-2.2925,-0.1259,0.0386,1.0224,-0.14,0.29,0.32,135886,128715,125779
35727540,-33.8800,6.0025,-0.9625,-0.1109,0.0228,1.0308,-0.15,0.29,0.32,135898,128658,125820
35747072,-24.9725,6.2650,0.4375,-0.0971,0.0094,1.0368,-0.15,0.30,0.32,135918,128614,125841
35767576,-16.9225,6.0725,1.5575,-0.0837,0.0001,1.0413,-0.15,0.30,0.32,135945,128582,125818
35787108,-5.1450,5.2150,2.5900,-0.0694,-0.0068,1.0466,-0.15,0.30,0.32,135960,128587,125790
35807616,18.2875,3.4475,3.1325,-0.0547,-0.0212,1.0555,-0.15,0.30,0.32,135969,128628,125763
35827148,25.6725,2.6600,2.5375,-0.0517,-0.0295,1.0580,-0.15,0.30,0.33,135977,128691,125730
35847656,25.3750,1.8375,1.3300,-0.0527,-0.0312,1.0580,-0.14,0.30,0.33,136007,128747,125690
35867188,21.3325,1.2075,-0.1575,-0.0533,-0.0287,1.0573,-0.14,0.30,0.33,136028,128780,125650
35887696,20.0200,0.4375,-1.7500,-0.0498,-0.0276,1.0568,-0.14,0.30,0.33,136062,128793,125599
35917968,13.8075,-0.8575,-4.9000,-0.0231,-0.0293,1.0514,-0.14,0.31,0.34,136104,128857,125567
35938476,13.4050,-1.9425,-5.6175,-0.0056,-0.0310,1.0492,-0.13,0.31,0.34,136136,128891,125538
35958008,18.0425,-3.3775,-5.0925,0.0082,-0.0298,1.0460,-0.13,0.31,0.34,136167,128943,125519
35978516,17.6925,-4.5150,-3.6050,0.0220,-0.0260,1.0382,-0.13,0.31,0.34,136184,129003,125511
35998048,15.5750,-5.6350,-1.7150,0.0394,-0.0184,1.0270,-0.12,0.31,0.34,136215,129026,125486
36018552,22.6450,-7.2975,1.9600,0.0797,-0.0046,1.0124,-0.12,0.32,0.34,136237,129068,125457
36038084,30.3100,-8.1550,4.0250,0.1093,0.0026,1.0069,-0.12,0.32,0.35,136253,129119,125411
36058592,35.6475,-8.5925,5.2850,0.1377,0.0099,1.0049,-0.11,0.32,0.35,136259,129200,125389
36078124,38.2375,-8.3650,6.0025,0.1599,0.0220,1.0043,-0.11,0.32,0.35,136255,129283,125369
36098632,34.6325,-7.7525,6.1250,0.1740,0.0394,1.0016,-0.11,0.32,0.35,136256,129330,125338
36118164,21.6125,-6.8075,5.6175,0.1836,0.0581,0.9986,-0.11,0.32,0.35,136257,129345,125324
36138672,-5.6525,-5.6700,3.5525,0.1940,0.0759,1.0025,-0.11,0.32,0.35,136246,129315,125347
36158204,-9.9925,-5.7225,1.5575,0.1967,0.0750,1.0150,-0.11,0.32,0.35,136236,129316,125380
36178712,-7.4375,-6.1950,-0.4375,0.1948,0.0705,1.0282,-0.11,0.31,0.35,136209,129290,125398
36198240,-9.0475,-6.8600,-2.4850,0.1914,0.0689,1.0353,-0.11,0.31,0.35,136204,129268,125419
36218752,-15.0675,-7.2800,-4.5850,0.1891,0.0688,1.0355,-0.11,0.31,0.34,136206,129231,125452
36238280,-15.0325,-7.2275,-6.8075,0.1868,0.0630,1.0346,-0.11,0.31,0.34,136193,129209,125455
36257812,9.1175,-7.5075,-10.3775,0.1809,0.0405,1.0415,-0.11,0.31,0.34,136177,129251,125486
36278320,25.5325,-7.5775,-12.8625,0.1740,0.0281,1.0472,-0.11,0.31,0.34,136159,129335,125483
36297852,33.2675,-7.4550,-14.8575,0.1670,0.0256,1.0490,-0.10,0.31,0.34,136143,129417,125451
36318360,32.4800,-7.0175,-16.0475,0.1632,0.0318,1.0460,-0.10,0.31,0.34,136136,129477,125422
36337888,31.2900,-6.3875,-16.5900,0.1617,0.0416,1.0418,-0.09,0.31,0.35,136124,129547,125413
36358400,15.8025,-3.9725,-17.1500,0.1574,0.0565,1.0346,-0.09,0.31,0.34,136090,129584,125430
36377928,-7.8400,-0.7175,-17.0450,0.1468,0.0872,1.0164,-0.09,0.30,0.34,136052,129589,125462
36398436,-29.3300,2.7825,-15.9775,0.1464,0.1055,1.0015,-0.09,0.30,0.34,136003,129521,125512
36417968,-40.8975,6.1425,-13.6850,0.1527,0.1139,0.9902,-0.10,0.30,0.34,135945,129448,125551
36438476,-36.1725,8.3125,-10.5175,0.1545,0.1066,0.9880,-0.10,0.29,0.34,135872,129381,125573
36458008,-28.0175,10.2725,-7.1750,0.1469,0.0961,0.9894,-0.11,0.29,0.33,135788,129334,125627
36478516,-31.9200,14.0525,-2.2050,0.1318,0.0956,0.9843,-0.11,0.28,0.33,135681,129278,125682
36498048,-42.5250,16.4500,0.2625,0.1235,0.0978,0.9848,-0.11,0.28,0.33,135586,129190,125737
36518552,-52.9200,17.4825,1.8375,0.1057,0.0904,0.9964,-0.12,0.27,0.32,135476,129070,125785
36538084,-71.5225,18.0600,2.8525,0.0631,0.0719,1.0126,-0.13,0.26,0.32,135375,128908,125877
36558592,-88.5150,18.6025,3.5525,-0.0060,0.0379,1.0325,-0.14,0.26,0.31,135262,128741,126008
36578124,-95.7075,18.3400,3.3775,-0.0952,-0.0116,1.0536,-0.15,0.25,0.30,135171,128582,126138
36598632,-83.1600,16.8350,0.6825,-0.2452,-0.1044,1.0696,-0.16,0.25,0.29,135095,128433,126242
36618164,-33.4775,13.6500,-1.4000,-0.3481,-0.1563,1.0734,-0.16,0.24,0.29,135042,128403,126260
36638672,28.3325,10.6575,-1.8725,-0.4303,-0.1604,1.0740,-0.16,0.24,0.30,135003,128494,126196
36658204,74.4975,7.0875,-0.6650,-0.4737,-0.0727,1.0629,-0.15,0.24,0.30,134976,128647,126133
36678712,68.1275,2.5900,1.9600,-0.4753,0.0410,1.0292,-0.14,0.24,0.30,134962,128749,126109
36698240,19.2675,-0.9800,-0.4900,-0.4847,0.1000,0.9937,-0.14,0.24,0.30,134982,128754,126089
36718752,-22.5400,-7.2975,-5.0050,-0.4775,0.1304,0.9631,-0.15,0.24,0.30,135021,128696,126124
36738280,-38.0275,-9.8525,-6.3700,-0.4635,0.1147,0.9467,-0.15,0.24,0.30,135054,128623,126146
36757812,-34.3000,-11.8650,-6.9475,-0.4371,0.0820,0.9312,-0.15,0.25,0.30,135090,128581,126183
36778320,-7.1225,-14.0175,-7.3150,-0.3991,0.0479,0.9185,-0.15,0.25,0.30,135137,128636,126192
36797852,33.2500,-15.7150,-5.9325,-0.3584,0.0233,0.9090,-0.14,0.25,0.30,135178,128733,126135
36818360,78.2250,-16.1000,-2.0125,-0.3244,0.0121,0.9032,-0.13,0.25,0.31,135214,128873,126017
36837888,85.2075,-14.0175,0.3325,-0.2918,0.0127,0.9069,-0.13,0.25,0.31,135246,129016,125916
36858400,67.8825,-10.3075,1.8375,-0.2797,0.0256,0.9123,-0.12,0.26,0.32,135258,129128,125865
36877928,35.1050,-5.7050,2.8175,-0.2713,0.0449,0.9172,-0.12,0.26,0.32,135257,129171,125856
36898436,2.4500,-1.3825,3.8500,-0.2663,0.0644,0.9231,-0.12,0.26,0.32,135258,129138,125850
36928712,-11.0250,3.6050,7.0700,-0.2683,0.0780,0.9416,-0.12,0.25,0.32,135249,129099,125856
36948240,0.5250,4.3050,8.3825,-0.2685,0.0733,0.9511,-0.12,0.26,0.32,135253,129087,125838
36968752,6.4225,4.5150,8.8550,-0.2722,0.0673,0.9606,-0.12,0.26,0.32,135259,129082,125819
36988280,1.7325,4.5500,8.6100,-0.2799,0.0615,0.9698,-0.12,0.26,0.32,135260,129063,125797
37007812,-5.0050,4.2525,8.1200,-0.2856,0.0548,0.9792,-0.12,0.26,0.32,135264,129046,125804
37028320,-6.3525,3.3775,7.2975,-0.2899,0.0465,0.9877,-0.12,0.26,0.32,135274,129051,125820
37047852,-1.1200,1.8900,6.8250,-0.2908,0.0403,0.9923,-0.12,0.26,0.32,135290,129044,125817
37068360,2.1700,-0.8750,5.6175,-0.2852,0.0378,0.9921,-0.12,0.26,0.32,135324,129028,125791
37087888,1.4525,-2.7300,4.1300,-0.2807,0.0354,0.9931,-0.13,0.26,0.32,135365,129008,125775
37108400,3.2900,-4.6025,3.0450,-0.2795,0.0283,0.9978,-0.12,0.26,0.32,135397,129024,125767
37127928,11.6725,-6.7375,2.1875,-0.2805,0.0161,1.0053,-0.12,0.27,0.32,135443,129051,125768
37148436,17.6225,-8.8725,1.5750,-0.2800,0.0068,1.0096,-0.12,0.27,0.32,135500,129080,125751
37167968,13.4925,-10.4650,1.0150,-0.2719,0.0106,1.0093,-0.12,0.27,0.33,135563,129088,125715
37188476,10.0450,-10.8150,0.8750,-0.2540,0.0242,1.0109,-0.12,0.28,0.33,135626,129100,125676
37208008,11.6025,-11.2000,0.8050,-0.2508,0.0198,1.0219,-0.12,0.28,0.33,135683,129124,125662
37228516,12.1975,-11.8300,0.8050,-0.2474,0.0168,1.0330,-0.12,0.29,0.33,135748,129136,125670
37248048,2.5725,-11.9875,0.6650,-0.2413,0.0229,1.0375,-0.12,0.29,0.33,135815,129137,125661
37268552,-1.9775,-11.7250,0.2800,-0.2308,0.0300,1.0421,-0.12,0.29,0.33,135898,129110,125647
37288084,5.7050,-11.0250,-0.2625,-0.1975,0.0365,1.0491,-0.12,0.30,0.33,135960,129130,125623
37308592,9.6775,-10.2375,-0.2100,-0.1730,0.0405,1.0525,-0.12,0.30,0.33,136018,129156,125615
37328124,10.7450,-9.1175,0.0875,-0.1485,0.0447,1.0536,-0.12,0.31,0.33,136073,129182,125623
37348632,2.5725,-7.0525,0.0700,-0.1242,0.0497,1.0519,-0.12,0.31,0.33,136125,129185,125622
37368164,-3.6925,-4.8125,0.1050,-0.1035,0.0520,1.0496,-0.12,0.31,0.33,136168,129158,125605
37388672,-13.5275,-0.8925,0.4200,-0.0830,0.0544,1.0438,-0.12,0.31,0.33,136209,129114,125595
37408204,-20.5450,1.8900,0.8050,-0.0531,0.0583,1.0266,-0.12,0.31,0.33,136228,129086,125621
37428712,-20.0200,4.2525,2.0650,-0.0314,0.0603,1.0137,-0.12,0.32,0.33,136238,129057,125636
37448240,-12.3900,6.0375,3.7800,-0.0132,0.0561,1.0048,-0.12,0.32,0.33,136252,129047,125631
37468752,4.2175,7.1750,5.1450,-0.0026,0.0472,1.0032,-0.12,0.32,0.33,136265,129042,125601
37488280,10.1675,8.4700,5.8800,0.0054,0.0431,1.0011,-0.12,0.32,0.34,136259,129066,125556
37507812,3.9200,10.2550,5.6000,0.0161,0.0498,0.9971,-0.12,0.32,0.34,136247,129065,125539
37528320,-1.9775,12.2850,4.3925,0.0288,0.0536,0.9936,-0.12,0.31,0.34,136227,129081,125544
37547852,-2.2050,13.2300,3.5875,0.0371,0.0566,0.9920,-0.12,0.31,0.34,136213,129072,125528
37568360,-4.4800,13.9475,2.9925,0.0420,0.0560,0.9886,-0.12,0.31,0.34,136201,129050,125494
37587888,-11.3575,14.7700,2.5725,0.0486,0.0522,0.9849,-0.13,0.31,0.34,136186,129015,125506
37608400,-17.0100,15.1900,2.5375,0.0567,0.0483,0.9816,-0.13,0.31,0.34,136151,128984,125513
37627928,-10.3950,14.5775,3.6925,0.0633,0.0405,0.9809,-0.13,0.31,0.34,136123,128965,125517
37648436,0.3150,13.7900,4.8650,0.0804,0.0289,0.9833,-0.13,0.31,0.34,136086,128965,125501
37667968,11.9525,12.2150,5.3200,0.1005,0.0181,0.9864,-0.13,0.31,0.34,136071,128985,125467
37688476,23.2225,10.0975,5.1275,0.1185,0.0089,0.9926,-0.12,0.30,0.35,136045,129041,125415
37708008,27.0025,8.3475,4.6025,0.1325,0.0087,0.9999,-0.12,0.30,0.35,136022,129078,125379
37728516,13.6850,7.1925,3.6400,0.1436,0.0198,1.0041,-0.12,0.30,0.35,135978,129084,125395
37748048,-15.1900,5.3200,1.7500,0.1488,0.0326,1.0120,-0.12,0.30,0.34,135956,129041,125422
37768552,-24.1675,3.8850,0.2100,0.1497,0.0315,1.0208,-0.13,0.30,0.34,135941,128982,125450
37788084,-23.6600,2.3100,-1.4875,0.1508,0.0250,1.0327,-0.13,0.30,0.34,135929,128924,125472
37808592,-21.0350,-0.2800,-3.0450,0.1523,0.0190,1.0446,-0.13,0.30,0.34,135910,128881,125520
37828124,-22.1025,-3.4475,-4.2000,0.1545,0.0162,1.0538,-0.14,0.29,0.33,135892,128841,125588
37848632,-17.0800,-9.1000,-5.7050,0.1576,0.0117,1.0604,-0.14,0.29,0.33,135891,128818,125600
37868164,-0.5775,-12.4075,-7.0000,0.1604,-0.0032,1.0696,-0.14,0.29,0.33,135898,128820,125610
37888672,16.2400,-14.0875,-8.2950,0.1618,-0.0112,1.0747,-0.13,0.29,0.33,135903,128861,125593
37908204,18.5500,-14.0000,-9.4675,0.1627,-0.0110,1.0730,-0.13,0.29,0.33,135895,128903,125603
37938476,30.3625,-13.3700,-9.9225,0.1649,-0.0156,1.0652,-0.13,0.29,0.34,135880,129017,125563
37958008,54.9675,-13.0550,-9.0825,0.1692,-0.0200,1.0597,-0.12,0.29,0.34,135867,129173,125523
37978516,70.5600,-10.8850,-6.7025,0.1698,-0.0126,1.0498,-0.11,0.29,0.34,135828,129336,125484
37998048,58.0300,-8.0500,-4.9700,0.1615,0.0059,1.0426,-0.10,0.29,0.34,135793,129445,125461
38018552,25.9350,-4.6550,-2.9575,0.1580,0.0381,1.0297,-0.10,0.29,0.34,135753,129471,125445
38038084,-16.3275,-1.5575,-0.5250,0.1681,0.0739,1.0119,-0.10,0.28,0.34,135701,129397,125490
38058592,-47.6700,0.6825,2.1175,0.1808,0.0972,0.9998,-0.11,0.28,0.34,135615,129289,125579
38078124,-58.7475,2.3100,4.2350,0.1856,0.1010,0.9981,-0.11,0.27,0.33,135537,129193,125668
38098632,-60.9000,4.4275,6.5975,0.1675,0.0856,1.0013,-0.12,0.27,0.32,135437,129074,125749
38118164,-52.3775,6.1075,8.4525,0.1332,0.0603,1.0114,-0.13,0.26,0.32,135349,128972,125796
38138672,-43.4700,7.4025,9.4500,0.0784,0.0165,1.0342,-0.13,0.25,0.32,135248,128894,125839
38158204,-43.8025,7.5775,8.4525,-0.0101,-0.0437,1.0626,-0.14,0.25,0.31,135151,128802,125930
38178712,-52.6050,7.6475,5.1450,-0.1181,-0.1059,1.0871,-0.14,0.24,0.31,135065,128743,126013
38198240,5.1450,5.1450,-0.1050,-0.2323,-0.1669,1.1137,-0.14,0.24,0.31,135004,128789,126012
38218752,63.0875,0.9625,-6.9125,-0.4175,-0.1912,1.1345,-0.13,0.24,0.31,134989,128941,125936
38238280,90.0550,-6.5800,-26.9325,-0.4935,-0.1310,1.1141,-0.12,0.24,0.32,135029,129094,125847
38257812,62.2650,-14.1750,-30.3450,-0.5534,-0.0251,1.0582,-0.12,0.25,0.32,135087,129187,125809
38278320,9.1175,-16.0825,-27.0375,-0.5528,0.0804,1.0006,-0.11,0.25,0.32,135142,129201,125843
38297852,-17.6050,-16.2925,-23.9225,-0.5463,0.1355,0.9631,-0.12,0.25,0.32,135213,129180,125894
38318360,-23.8350,-16.5200,-18.7075,-0.5095,0.1482,0.9266,-0.12,0.26,0.32,135291,129133,125903
38337888,-0.8575,-17.4300,-15.9425,-0.4670,0.1269,0.9090,-0.12,0.26,0.32,135351,129140,125894
38358400,28.5425,-18.1300,-12.7575,-0.4089,0.1055,0.8939,-0.11,0.26,0.32,135407,129229,125866
38377928,52.9375,-17.8850,-8.7325,-0.3601,0.0916,0.8838,-0.11,0.27,0.32,135439,129346,125840
38398436,51.6250,-14.9625,-4.7600,-0.3264,0.0938,0.8761,-0.10,0.27,0.32,135473,129435,125799
38417968,31.3600,-10.1675,-0.9800,-0.3018,0.1085,0.8733,-0.10,0.27,0.32,135496,129457,125773
38438476,6.7725,-2.4675,4.9700,-0.2752,0.1315,0.8807,-0.10,0.27,0.32,135511,129442,125748
38458008,1.8900,2.2400,9.0650,-0.2622,0.1423,0.8906,-0.10,0.27,0.33,135480,129429,125747
38478516,-0.6475,6.5800,13.0375,-0.2555,0.1521,0.9004,-0.10,0.27,0.32,135448,129422,125756
38498048,-7.2450,10.3250,16.6950,-0.2533,0.1615,0.9095,-0.10,0.27,0.32,135416,129384,125754
38518552,-16.2050,13.0900,19.5650,-0.2533,0.1692,0.9191,-0.11,0.26,0.32,135378,129320,125768
38538084,-23.6950,14.5075,21.2625,-0.2572,0.1723,0.9311,-0.11,0.26,0.32,135338,129249,125759
38558592,-25.2175,13.6675,22.8200,-0.2589,0.1596,0.9542,-0.12,0.26,0.32,135301,129178,125774
38578124,-14.0000,11.5500,22.8375,-0.2567,0.1413,0.9726,-0.12,0.26,0.32,135271,129169,125770
38598632,1.4875,9.3450,21.8575,-0.2574,0.1215,0.9878,-0.12,0.25,0.32,135240,129167,125773
38618164,6.2300,7.8050,19.5300,-0.2625,0.1046,0.9975,-0.12,0.25,0.33,135241,129162,125740
38638672,-1.4175,6.2125,15.9425,-0.2657,0.0935,1.0024,-0.12,0.26,0.33,135250,129108,125733
38658204,-23.8525,3.6225,9.8700,-0.2641,0.0865,1.0017,-0.12,0.26,0.32,135256,129064,125754
38678712,-26.9675,1.7150,5.8975,-0.2601,0.0754,1.0008,-0.13,0.26,0.32,135279,129011,125795
38698240,-20.6850,-0.1575,2.8000,-0.2582,0.0666,1.0016,-0.13,0.26,0.32,135303,128981,125808
38718752,-10.1675,-1.8900,0.7875,-0.2582,0.0566,1.0058,-0.13,0.26,0.32,135357,128951,125795
38738280,-2.5725,-3.3600,-0.9275,-0.2567,0.0501,1.0089,-0.13,0.26,0.32,135397,128924,125763
38757812,0.5425,-4.0425,-1.6275,-0.2549,0.0470,1.0096,-0.13,0.27,0.32,135448,128914,125760
38778320,1.2950,-4.9525,-1.3125,-0.2540,0.0416,1.0094,-0.13,0.27,0.32,135493,128938,125768
38797852,0.0875,-6.0550,-1.7850,-0.2483,0.0384,1.0121,-0.13,0.27,0.32,135540,128937,125767
38818360,3.8150,-7.1400,-2.5025,-0.2389,0.0336,1.0158,-0.13,0.28,0.33,135607,128929,125743
38837888,5.1100,-7.2450,-2.8875,-0.2303,0.0283,1.0182,-0.13,0.28,0.33,135671,128922,125719
38858400,-2.1000,-6.1600,-2.8875,-0.2236,0.0242,1.0193,-0.13,0.28,0.33,135726,128895,125733
38877928,-19.3900,-4.5500,-2.9225,-0.2140,0.0223,1.0197,-0.14,0.29,0.32,135771,128840,125766
38898436,-43.5575,-1.1200,-2.5375,-0.1958,0.0260,1.0211,-0.14,0.29,0.32,135821,128742,125816
38917968,-46.3400,0.9975,-1.1725,-0.1796,0.0246,1.0233,-0.15,0.29,0.32,135874,128647,125860
38948240,-40.0400,2.9925,0.8750,-0.1536,0.0112,1.0233,-0.16,0.30,0.31,135923,128532,125912
38968752,-28.9450,3.6225,1.7850,-0.1359,-0.0012,1.0253,-0.16,0.30,0.31,135958,128460,125917
38988280,-17.4475,4.0425,2.1700,-0.1154,-0.0112,1.0280,-0.16,0.30,0.31,135990,128426,125931
39007812,-5.7225,4.8475,2.7825,-0.0937,-0.0207,1.0282,-0.16,0.30,0.32,136003,128423,125911
39028320,8.2425,5.0575,2.8700,-0.0695,-0.0401,1.0287,-0.16,0.30,0.32,136018,128465,125887
39047852,33.0050,4.6550,3.1150,-0.0489,-0.0529,1.0331,-0.15,0.30,0.32,136029,128539,125806
39068360,49.5775,4.6200,3.6575,-0.0264,-0.0547,1.0376,-0.15,0.30,0.33,136041,128638,125734
39087888,38.3600,5.5475,4.3400,-0.0093,-0.0388,1.0360,-0.15,0.30,0.33,136052,128659,125686
39108400,10.8325,7.0875,5.4250,0.0041,-0.0161,1.0327,-0.15,0.30,0.33,136048,128667,125667
39127928,-7.4900,9.0825,7.4200,0.0285,-0.0024,1.0360,-0.15,0.30,0.33,136031,128656,125677
39148436,-15.0325,9.8875,8.8200,0.0470,-0.0021,1.0343,-0.15,0.30,0.33,136011,128620,125698
39167968,-22.6975,10.0975,10.3075,0.0653,-0.0034,1.0287,-0.15,0.30,0.33,135994,128565,125697
39188476,-16.7825,9.7300,11.8825,0.0847,-0.0082,1.0243,-0.15,0.30,0.33,135968,128541,125674
39208008,-1.5750,9.4500,13.0725,0.0976,-0.0173,1.0232,-0.16,0.30,0.33,135938,128524,125657
39228516,0.7000,10.0275,12.1975,0.1038,-0.0223,1.0214,-0.15,0.29,0.33,135899,128535,125681
39248048,-10.5875,9.6600,9.8875,0.1137,-0.0232,1.0171,-0.16,0.29,0.33,135859,128516,125688
39268552,-15.1025,7.5075,7.1050,0.1213,-0.0281,1.0146,-0.16,0.29,0.33,135840,128470,125691
39288084,3.8500,3.4475,4.3575,0.1252,-0.0427,1.0172,-0.16,0.29,0.33,135826,128503,125661
39308592,31.6575,-0.6125,1.5575,0.1249,-0.0571,1.0220,-0.15,0.29,0.33,135817,128586,125615
39328124,39.6025,-3.8500,-1.3650,0.1225,-0.0606,1.0204,-0.15,0.29,0.34,135818,128659,125582
39348632,25.3750,-6.8425,-5.4425,0.1242,-0.0577,1.0165,-0.14,0.29,0.34,135826,128734,125559
39368164,22.1725,-8.4350,-7.7875,0.1290,-0.0611,1.0198,-0.14,0.29,0.34,135840,128772,125543
39388672,32.2350,-10.0800,-9.6600,0.1357,-0.0659,1.0293,-0.14,0.29,0.34,135857,128841,125502
39408204,40.6175,-11.5850,-11.2525,0.1440,-0.0630,1.0398,-0.13,0.29,0.34,135864,128932,125479
39428712,33.5125,-11.9700,-12.3725,0.1519,-0.0520,1.0471,-0.13,0.29,0.34,135868,128999,125485
39448240,18.1125,-11.9350,-12.8100,0.1571,-0.0377,1.0521,-0.12,0.29,0.34,135878,129044,125481
39468752,8.9950,-12.7575,-12.2325,0.1613,-0.0193,1.0610,-0.12,0.29,0.34,135888,129065,125485
39488280,9.0300,-13.7200,-11.5325,0.1613,-0.0096,1.0687,-0.12,0.29,0.34,135892,129081,125495
39507812,7.8050,-14.1225,-10.6575,0.1527,-0.0034,1.0765,-0.12,0.29,0.34,135886,129104,125501
39528320,-2.0825,-12.8800,-9.6425,0.1423,0.0062,1.0797,-0.12,0.29,0.34,135866,129102,125553
39547852,-14.4200,-10.7800,-9.4150,0.1415,0.0148,1.0832,-0.12,0.29,0.33,135853,129092,125598
39568360,-25.8650,-8.5750,-9.8525,0.1403,0.0177,1.0843,-0.13,0.29,0.33,135826,129015,125636
39587888,-46.3575,-4.0775,-10.2375,0.1386,0.0228,1.0777,-0.13,0.29,0.33,135800,128919,125717
39608400,-54.8450,-1.8725,-11.0775,0.1427,0.0235,1.0702,-0.14,0.29,0.32,135761,128817,125812
39627928,-66.3075,-0.2800,-12.8975,0.1392,0.0173,1.0624,-0.14,0.28,0.32,135712,128712,125910
39648436,-69.4225,0.6475,-14.6825,0.1230,-0.0034,1.0557,-0.15,0.28,0.31,135666,128609,126027
39667968,-47.5650,0.0175,-15.6450,0.0991,-0.0351,1.0509,-0.15,0.28,0.31,135633,128583,126045
39688476,-5.5650,-2.8525,-14.9625,0.0778,-0.0643,1.0426,-0.15,0.28,0.31,135598,128648,126025
39708008,65.7300,-5.4425,-13.3875,0.0572,-0.0772,1.0194,-0.14,0.27,0.31,135565,128806,125946
39728516,92.6450,-7.3850,-12.0400,0.0477,-0.0555,0.9936,-0.12,0.27,0.32,135528,129051,125849
39748048,93.1700,-8.0325,-11.1650,0.0338,-0.0170,0.9631,-0.11,0.27,0.32,135489,129235,125790
39768552,68.5475,-6.9300,-10.8675,0.0063,0.0192,0.9382,-0.10,0.27,0.33,135466,129352,125734
39788084,33.5825,-5.2850,-11.2700,-0.0468,0.0224,0.9299,-0.10,0.27,0.33,135441,129374,125715
39808592,-33.0925,-2.6775,-14.7875,-0.1737,-0.0520,0.9444,-0.11,0.27,0.32,135420,129291,125777
39828124,-74.0250,-0.7175,-19.3025,-0.2824,-0.1279,0.9717,-0.12,0.26,0.32,135399,129142,125902
39848632,-79.3275,0.3325,-22.2250,-0.3821,-0.1797,1.0186,-0.13,0.26,0.31,135385,129005,126003
39868164,-51.4850,-0.5950,-21.2275,-0.4409,-0.1493,1.0635,-0.13,0.26,0.31,135394,128940,126057
39888672,-33.2850,-2.5025,-14.8225,-0.4453,-0.0150,1.0586,-0.14,0.27,0.30,135416,128855,126100
39908204,-39.0425,-2.1000,-7.9800,-0.4368,0.0697,1.0292,-0.14,0.27,0.30,135418,128825,126134
39928712,-21.6125,-4.1825,-2.1000,-0.4335,0.1076,1.0117,-0.14,0.27,0.30,135419,128789,126197
39958984,-68.2325,-3.9900,-0.5425,-0.4030,0.0946,0.9750,-0.15,0.27,0.29,135439,128589,126305
39979492,-60.8825,-5.0575,-0.2625,-0.3680,0.0590,0.9536,-0.16,0.27,0.29,135441,128517,126384
39999024,-23.6425,-7.0000,0.9625,-0.3281,0.0238,0.9376,-0.16,0.27,0.29,135449,128521,126384
40019532,11.1300,-8.5575,3.0450,-0.2967,0.0038,0.9265,-0.15,0.27,0.29,135462,128535,126334
40039064,31.4475,-7.9800,6.9650,-0.2672,0.0011,0.9266,-0.15,0.27,0.29,135473,128575,126305
40059568,39.2525,-6.1250,9.4850,-0.2530,0.0079,0.9366,-0.15,0.27,0.29,135450,128646,126257
40079100,34.7375,-2.6075,11.5675,-0.2438,0.0214,0.9475,-0.14,0.27,0.30,135440,128699,126226
40099608,19.7400,1.4525,13.3700,-0.2378,0.0379,0.9573,-0.14,0.27,0.30,135417,128729,126203
40119140,14.7175,4.4800,14.9100,-0.2339,0.0467,0.9686,-0.14,0.26,0.30,135411,128749,126156
40139648,30.4325,7.4025,16.9400,-0.2339,0.0405,0.9893,-0.14,0.26,0.30,135386,128780,126102
40159180,37.7650,8.0325,17.5350,-0.2388,0.0334,1.0036,-0.13,0.26,0.31,135358,128869,126053
40179688,33.5650,8.1200,17.5000,-0.2462,0.0288,1.0147,-0.13,0.26,0.31,135322,128927,126001
40199216,21.6475,7.5775,16.5900,-0.2556,0.0220,1.0218,-0.13,0.26,0.31,135309,128957,125982
40219728,6.7725,6.4575,14.9275,-0.2607,0.0139,1.0250,-0.13,0.26,0.31,135300,128940,125966
40239256,-0.5600,4.5500,12.8625,-0.2627,0.0046,1.0275,-0.13,0.26,0.31,135300,128923,125931
40258788,-1.3300,2.2225,10.7275,-0.2647,-0.0066,1.0305,-0.13,0.26,0.31,135314,128915,125946
40279296,-1.4000,-1.3125,6.6675,-0.2668,-0.0229,1.0361,-0.13,0.26,0.31,135324,128915,125959
40298828,-5.3025,-3.6575,4.0075,-0.2650,-0.0296,1.0372,-0.13,0.26,0.31,135347,128907,125972
40319336,-10.2900,-5.6350,1.8200,-0.2611,-0.0326,1.0339,-0.14,0.26,0.31,135389,128852,125964
40338868,-14.0700,-7.2800,-0.2275,-0.2574,-0.0359,1.0292,-0.14,0.27,0.31,135443,128812,125977
40359376,-7.9800,-8.9775,-1.6275,-0.2539,-0.0387,1.0261,-0.14,0.27,0.31,135490,128818,125969
40378904,2.6250,-11.0425,-2.3800,-0.2491,-0.0384,1.0175,-0.14,0.27,0.31,135543,128821,125989
40399416,6.6500,-12.0400,-2.4850,-0.2439,-0.0388,1.0131,-0.14,0.28,0.31,135610,128836,125974
40418944,13.9475,-12.9325,-2.5900,-0.2383,-0.0434,1.0109,-0.14,0.28,0.31,135675,128859,125949
40439452,24.0625,-13.2825,-2.2225,-0.2311,-0.0444,1.0089,-0.13,0.29,0.32,135750,128897,125897
40458984,21.9100,-12.3900,-1.2950,-0.2159,-0.0329,1.0020,-0.13,0.29,0.32,135805,128919,125886
40479492,12.4775,-10.9200,-0.7525,-0.2012,-0.0190,0.9955,-0.13,0.29,0.32,135848,128928,125888
40499024,-3.3075,-7.8925,-0.5250,-0.1785,-0.0101,0.9887,-0.13,0.29,0.32,135905,128930,125903
40519532,-2.7825,-5.6350,0.0525,-0.1637,-0.0139,0.9882,-0.13,0.30,0.32,135957,128894,125888
40539064,4.5500,-3.3775,0.8575,-0.1464,-0.0139,0.9884,-0.13,0.30,0.32,135998,128894,125857
40559568,2.5550,-0.2100,1.9425,-0.1235,-0.0059,0.9860,-0.13,0.30,0.32,136027,128896,125859
40579100,-5.7225,3.3600,3.3075,-0.1030,0.0021,0.9856,-0.14,0.30,0.32,136036,128849,125866
40599608,-25.2700,8.8025,5.0225,-0.0791,0.0101,0.9861,-0.14,0.30,0.32,136045,128801,125898
40619140,-37.5200,12.2325,5.8625,-0.0630,0.0124,0.9862,-0.14,0.30,0.31,136043,128704,125918
40639648,-40.4250,15.1375,7.0700,-0.0462,0.0142,0.9870,-0.15,0.30,0.31,136046,128603,125928
40659180,-36.9775,18.3400,8.6975,-0.0348,0.0151,0.9877,-0.15,0.30,0.31,136020,128535,125957
40679688,-33.5125,21.3850,10.4825,-0.0311,0.0139,0.9870,-0.16,0.30,0.31,135982,128468,125982
40699216,-29.2600,23.8350,12.2150,-0.0299,0.0062,0.9875,-0.16,0.30,0.31,135940,128420,126001
40719728,-16.6425,25.7950,14.0525,-0.0261,-0.0155,0.9905,-0.16,0.29,0.31,135897,128369,125969
40739256,-6.5625,26.3200,15.4000,-0.0232,-0.0318,0.9928,-0.17,0.29,0.31,135857,128343,125946
40758788,7.2975,25.7425,17.1675,-0.0259,-0.0482,0.9982,-0.17,0.29,0.31,135797,128357,125920
40779296,19.4950,24.7625,19.4250,-0.0278,-0.0576,1.0028,-0.16,0.28,0.32,135728,128406,125858
40798828,26.5475,24.0975,21.2275,-0.0281,-0.0594,1.0083,-0.16,0.28,0.32,135672,128448,125813
40819336,27.8950,23.5375,21.5600,-0.0300,-0.0620,1.0130,-0.16,0.28,0.33,135619,128486,125743
40838868,29.9250,23.2225,19.9150,-0.0116,-0.0587,1.0167,-0.16,0.27,0.33,135566,128526,125672
40859376,24.3425,22.6450,17.2375,0.0112,-0.0588,1.0169,-0.15,0.27,0.33,135508,128553,125647
40878904,13.6325,21.4550,13.2825,0.0337,-0.0623,1.0197,-0.15,0.27,0.33,135457,128590,125607
40899416,7.3325,19.7750,9.1175,0.0553,-0.0625,1.0222,-0.15,0.26,0.33,135400,128604,125599
40918944,6.2825,17.4300,5.3375,0.0721,-0.0584,1.0231,-0.15,0.26,0.34,135367,128620,125568
40939452,7.6300,14.4025,1.8900,0.0874,-0.0549,1.0236,-0.15,0.26,0.34,135349,128630,125541
40969728,7.8050,6.2300,-4.3400,0.1144,-0.0643,1.0279,-0.15,0.26,0.34,135323,128656,125539
40989256,13.8600,0.9275,-6.3000,0.1176,-0.0734,1.0361,-0.15,0.26,0.34,135335,128691,125503
41008788,18.2350,-4.8300,-7.5775,0.1174,-0.0784,1.0468,-0.14,0.26,0.34,135340,128726,125496
41029296,14.8750,-10.0100,-8.8025,0.1186,-0.0814,1.0590,-0.14,0.26,0.34,135356,128761,125526
41048828,10.3425,-14.3500,-10.2025,0.1207,-0.0830,1.0719,-0.14,0.26,0.34,135384,128788,125532
41069336,15.2075,-18.9875,-12.4775,0.1246,-0.0842,1.0902,-0.14,0.27,0.34,135417,128829,125513
41088868,21.5775,-20.8600,-14.0525,0.1264,-0.0830,1.1009,-0.14,0.27,0.34,135455,128860,125498
41109376,21.8575,-22.1900,-15.0675,0.1263,-0.0766,1.1075,-0.13,0.27,0.34,135481,128908,125508
41128904,18.1475,-22.8550,-16.1700,0.1229,-0.0678,1.1113,-0.13,0.27,0.34,135513,128973,125519
41149416,12.4075,-23.2750,-17.4650,0.1181,-0.0570,1.1106,-0.13,0.27,0.34,135543,129007,125542
41168944,8.0500,-23.5375,-18.5150,0.1188,-0.0456,1.1048,-0.12,0.27,0.34,135567,129040,125549
41189452,21.9625,-23.1350,-18.5325,0.1315,-0.0390,1.0962,-0.12,0.28,0.34,135602,129101,125531
41208984,36.1725,-21.9450,-17.5875,0.1398,-0.0389,1.0926,-0.11,0.28,0.34,135608,129193,125536
41229492,26.9500,-20.1075,-16.6075,0.1325,-0.0284,1.0821,-0.11,0.28,0.34,135605,129258,125552
41249024,-2.8350,-18.0075,-15.8375,0.1170,-0.0089,1.0658,-0.11,0.28,0.33,135605,129241,125595
41269532,-25.3575,-16.3450,-15.4525,0.1103,0.0065,1.0521,-0.11,0.28,0.33,135605,129189,125637
41289064,-27.2650,-15.4525,-15.2075,0.1115,0.0110,1.0430,-0.12,0.28,0.33,135595,129148,125670
41309568,-14.0350,-14.5250,-13.7200,0.1190,0.0123,1.0291,-0.12,0.27,0.33,135576,129140,125712
41329100,-21.1400,-13.0200,-12.5825,0.1231,0.0188,1.0191,-0.12,0.27,0.32,135546,129120,125764
41349608,-36.9775,-11.0775,-11.9700,0.1161,0.0221,1.0104,-0.12,0.27,0.32,135513,129058,125829
41369140,-43.3650,-8.9775,-11.3925,0.0927,0.0151,1.0052,-0.13,0.27,0.32,135483,129003,125886
41389648,-22.5050,-7.2625,-10.4825,0.0531,-0.0046,1.0045,-0.13,0.27,0.32,135441,129010,125874
41409180,17.8675,-3.6225,-8.5925,-0.0386,-0.0623,1.0094,-0.12,0.26,0.32,135392,129055,125867
41429688,24.3600,-1.3300,-9.1350,-0.1320,-0.1215,1.0138,-0.12,0.26,0.32,135337,129121,125877
41449216,20.7900,1.7325,-10.7275,-0.2220,-0.1664,1.0207,-0.12,0.26,0.32,135295,129183,125884
41469728,25.6900,4.3400,-12.0750,-0.3165,-0.1843,1.0398,-0.11,0.26,0.32,135265,129243,125840
41489256,44.6425,4.8650,-10.9375,-0.4226,-0.1495,1.0846,-0.11,0.25,0.32,135231,129323,125808
41508788,27.6850,6.0375,-2.9400,-0.4721,-0.0379,1.1054,-0.11,0.25,0.32,135191,129298,125846
41529296,-75.7750,9.5550,9.6075,-0.4865,0.1252,1.0326,-0.12,0.25,0.31,135154,129140,125959
41548828,-109.3400,11.5850,12.6000,-0.4931,0.1612,0.9703,-0.13,0.25,0.31,135111,128962,126064
41569336,-78.2600,11.5850,14.0875,-0.4834,0.1540,0.9353,-0.14,0.25,0.30,135090,128830,126102
41588868,-36.5925,9.8700,14.3500,-0.4629,0.1269,0.9190,-0.14,0.24,0.30,135063,128769,126124
41609376,-14.6475,6.5975,13.3875,-0.4316,0.0954,0.9117,-0.14,0.24,0.30,135031,128732,126139
41628904,-14.0000,3.1850,11.3050,-0.3916,0.0698,0.9074,-0.15,0.24,0.30,135002,128695,126177
41649416,-19.7050,0.3675,7.6300,-0.3287,0.0466,0.9040,-0.15,0.24,0.30,134989,128655,126211
41668944,-22.5925,1.5225,4.1825,-0.2973,0.0382,0.9001,-0.15,0.24,0.30,134983,128601,126219
41689452,-13.0725,3.8500,1.0850,-0.2788,0.0255,0.9008,-0.15,0.24,0.30,134970,128578,126210
41708984,12.7050,5.3200,0.3150,-0.2725,0.0107,0.9084,-0.15,0.24,0.30,134959,128623,126180
41729492,41.6150,5.6525,1.4350,-0.2739,0.0000,0.9233,-0.14,0.24,0.30,134945,128723,126130
41749024,52.6925,5.8800,3.3775,-0.2782,0.0010,0.9383,-0.14,0.24,0.31,134930,128811,126069
41769532,30.3275,7.6650,5.4775,-0.2866,0.0190,0.9543,-0.14,0.24,0.31,134926,128828,126021
41789064,7.2450,9.0475,6.4225,-0.2961,0.0300,0.9640,-0.14,0.23,0.31,134919,128815,126010
41809568,-5.1625,9.1000,7.5425,-0.3094,0.0348,0.9762,-0.14,0.23,0.31,134915,128786,125993
41829100,-9.8000,8.1200,8.4175,-0.3181,0.0317,0.9904,-0.14,0.23,0.31,134893,128787,126012
41849608,-0.1575,5.7750,8.8375,-0.3307,0.0165,1.0085,-0.14,0.23,0.31,134904,128799,126005
41869140,15.3825,1.3300,8.0675,-0.3532,-0.0107,1.0287,-0.14,0.23,0.31,134916,128816,125977
41889648,6.8250,-1.5575,5.8975,-0.3573,-0.0168,1.0293,-0.14,0.24,0.31,134947,128789,125953
41909180,-18.5500,-3.6050,2.7300,-0.3518,-0.0134,1.0211,-0.14,0.24,0.31,134986,128733,125992
41929688,-30.3275,-5.8275,0.0350,-0.3432,-0.0174,1.0158,-0.15,0.24,0.31,135021,128675,126039
41949216,-20.4400,-8.3475,-1.7675,-0.3361,-0.0310,1.0133,-0.15,0.24,0.31,135069,128654,126056
41979492,26.5300,-13.7025,-3.5175,-0.3220,-0.0600,1.0180,-0.14,0.25,0.31,135170,128703,125992
41999024,29.4350,-14.8050,-4.1125,-0.3106,-0.0545,1.0172,-0.14,0.25,0.31,135232,128756,125972
42019532,17.7450,-14.8750,-4.4975,-0.2993,-0.0427,1.0111,-0.14,0.26,0.31,135315,128756,125939
42039064,10.1675,-14.2625,-4.6375,-0.2891,-0.0359,1.0049,-0.14,0.26,0.32,135387,128770,125907
42059568,17.6925,-13.3875,-4.9350,-0.2777,-0.0342,1.0042,-0.14,0.27,0.32,135463,128817,125877
42079100,29.0675,-11.9700,-5.0225,-0.2679,-0.0334,1.0067,-0.13,0.27,0.32,135527,128877,125861
42099608,25.7075,-8.5925,-5.8100,-0.2540,-0.0244,1.0064,-0.13,0.28,0.32,135595,128934,125838
42119140,8.3125,-4.9000,-7.0350,-0.2395,-0.0142,1.0008,-0.13,0.28,0.32,135655,128921,125795
42139648,-1.7325,-1.6275,-8.1025,-0.2185,-0.0081,0.9963,-0.13,0.28,0.32,135714,128908,125776
42159180,-4.1475,0.9100,-8.5050,-0.1903,-0.0035,0.9926,-0.13,0.29,0.32,135752,128881,125767
42179688,-6.7200,3.6225,-8.2075,-0.1596,-0.0004,0.9887,-0.13,0.29,0.32,135792,128884,125797
42199216,-6.0725,6.1775,-6.7025,-0.1397,-0.0022,0.9862,-0.13,0.29,0.32,135810,128881,125793
42219728,-8.5400,10.7275,-2.6600,-0.1186,0.0017,0.9783,-0.14,0.29,0.32,135829,128842,125771
42239256,-10.0625,13.4400,1.1375,-0.0891,0.0106,0.9705,-0.14,0.29,0.32,135837,128807,125752
42258788,-9.9050,15.4875,5.2150,-0.0573,0.0135,0.9644,-0.14,0.29,0.32,135825,128787,125755
42279296,-8.8725,17.1675,8.5575,-0.0356,0.0077,0.9616,-0.14,0.29,0.32,135796,128763,125755
42298828,-6.9125,19.4600,11.1300,-0.0226,0.0015,0.9642,-0.14,0.29,0.33,135767,128763,125745
42319336,-2.1350,21.4900,13.0725,-0.0142,-0.0002,0.9697,-0.14,0.28,0.33,135725,128730,125720
42338868,-7.5600,23.2400,14.4725,0.0048,-0.0012,0.9766,-0.15,0.28,0.33,135684,128682,125687
42359376,-18.6025,23.4850,13.9300,0.0176,-0.0033,0.9804,-0.15,0.28,0.33,135634,128633,125688
42378904,-22.9250,22.7675,13.0725,0.0290,-0.0059,0.9861,-0.15,0.28,0.33,135594,128583,125710
42399416,-16.1350,21.3325,12.0575,0.0342,-0.0143,0.9964,-0.15,0.27,0.33,135543,128573,125723
42418944,-2.9925,18.8125,11.0775,0.0321,-0.0267,1.0094,-0.15,0.27,0.33,135500,128563,125702
42439452,6.5800,14.1925,9.4325,0.0315,-0.0340,1.0214,-0.15,0.27,0.33,135470,128562,125659
42458984,5.2150,10.7800,8.0850,0.0366,-0.0349,1.0269,-0.15,0.27,0.33,135448,128561,125637
42479492,-0.9975,7.3675,6.2300,0.0433,-0.0344,1.0310,-0.15,0.27,0.33,135427,128554,125662
42499024,-9.0125,4.4450,4.0950,0.0500,-0.0367,1.0353,-0.16,0.27,0.33,135415,128531,125681
42519532,-9.1525,1.5750,2.0650,0.0512,-0.0423,1.0430,-0.16,0.26,0.33,135411,128516,125688
42539064,-5.9500,-0.8575,0.6125,0.0481,-0.0453,1.0516,-0.16,0.27,0.33,135414,128482,125686
42559568,0.0350,-4.4800,-1.3300,0.0393,-0.0520,1.0673,-0.16,0.27,0.33,135421,128488,125693
42579100,2.9750,-7.1050,-3.0450,0.0338,-0.0593,1.0777,-0.16,0.27,0.33,135422,128512,125714
42599608,3.5525,-9.4850,-4.9875,0.0312,-0.0648,1.0843,-0.16,0.27,0.33,135432,128526,125732
42619140,2.5550,-11.4800,-7.2275,0.0329,-0.0671,1.0876,-0.15,0.27,0.33,135456,128534,125732
42639648,0.3500,-13.3700,-9.6600,0.0383,-0.0680,1.0868,-0.16,0.27,0.33,135493,128510,125732
42659180,3.7975,-14.9625,-12.3025,0.0455,-0.0716,1.0865,-0.15,0.27,0.33,135518,128546,125727
42679688,23.1875,-17.2375,-16.0125,0.0549,-0.0802,1.0903,-0.15,0.27,0.33,135544,128626,125726
42699216,30.1350,-18.1825,-17.9375,0.0626,-0.0806,1.0906,-0.14,0.27,0.33,135573,128701,125724
42719728,29.4875,-18.7075,-19.3550,0.0705,-0.0756,1.0870,-0.14,0.28,0.33,135604,128767,125708
42739256,25.1300,-18.8475,-20.1250,0.0776,-0.0670,1.0797,-0.14,0.28,0.33,135637,128824,125691
42758788,21.5075,-18.7600,-20.6675,0.0837,-0.0586,1.0698,-0.13,0.28,0.33,135662,128864,125672
42779296,19.2675,-17.9900,-20.6500,0.0920,-0.0526,1.0602,-0.13,0.28,0.33,135668,128930,125693
42798828,14.5950,-16.0125,-19.5825,0.1086,-0.0482,1.0541,-0.13,0.28,0.33,135675,128985,125712
42819336,8.5050,-15.0500,-18.0950,0.1125,-0.0434,1.0547,-0.13,0.28,0.33,135677,128998,125708
42838868,-3.4300,-13.9825,-16.4850,0.1136,-0.0348,1.0523,-0.13,0.28,0.33,135682,128976,125736
42859376,-17.8675,-13.1250,-14.8575,0.1242,-0.0227,1.0453,-0.13,0.28,0.32,135665,128939,125793
42878904,-33.3550,-11.8300,-13.1425,0.1407,-0.0081,1.0335,-0.13,0.28,0.32,135632,128891,125861
42899416,-25.1300,-10.5350,-9.7475,0.1618,-0.0016,1.0243,-0.13,0.28,0.31,135593,128870,125914
42918944,-10.2725,-10.2200,-7.5600,0.1703,-0.0059,1.0250,-0.13,0.27,0.31,135554,128868,125948
42939452,-5.3900,-9.8700,-6.0200,0.1667,-0.0132,1.0280,-0.13,0.27,0.31,135510,128864,125940
42958984,-7.1050,-9.2575,-4.9700,0.1370,-0.0238,1.0346,-0.13,0.27,0.31,135460,128863,125955
42989256,4.1300,-7.5600,-3.4300,0.0392,-0.0627,1.0577,-0.13,0.26,0.31,135380,128927,125970
43008788,22.0850,-7.5250,-4.4625,-0.0599,-0.1241,1.0880,-0.13,0.26,0.31,135345,128983,125951
43029296,25.4450,-7.7525,-9.4850,-0.2503,-0.2246,1.1195,-0.12,0.26,0.31,135306,129047,125964
43048828,20.3175,-7.0700,-11.6900,-0.3783,-0.2499,1.1256,-0.12,0.26,0.31,135284,129099,125992
43069336,15.9950,-6.1950,-9.7125,-0.4648,-0.1922,1.1192,-0.12,0.26,0.31,135288,129150,125977
43088868,9.0825,-6.6500,-2.6075,-0.4895,-0.0561,1.0857,-0.12,0.26,0.31,135292,129127,125997
43109376,-31.3600,-4.9875,4.2350,-0.4836,0.0755,1.0207,-0.12,0.26,0.31,135288,129052,126043
43128904,-39.9000,-4.0775,8.9775,-0.4965,0.1272,0.9744,-0.13,0.26,0.31,135282,129022,126074
43149416,-30.1700,-3.4475,11.0075,-0.5054,0.1338,0.9410,-0.13,0.26,0.30,135280,128959,126120
43168944,-42.1925,-3.1325,9.2575,-0.4778,0.1215,0.9250,-0.14,0.26,0.30,135279,128854,126169
43189452,-42.6125,-4.4100,7.0700,-0.4297,0.0939,0.9138,-0.14,0.26,0.30,135288,128779,126202
43208984,-23.4850,-6.4925,5.5650,-0.3797,0.0637,0.9045,-0.14,0.26,0.30,135299,128747,126197
43229492,3.9375,-7.9625,5.3375,-0.3396,0.0448,0.8943,-0.14,0.26,0.30,135290,128786,126198
43249024,34.7550,-6.7550,6.2825,-0.3009,0.0332,0.8829,-0.14,0.26,0.30,135289,128857,126163
43269532,40.5475,-3.9550,6.7025,-0.2828,0.0320,0.8810,-0.13,0.26,0.30,135293,128909,126103
43289064,34.5625,-0.3675,6.3350,-0.2694,0.0343,0.8852,-0.13,0.26,0.31,135300,128948,126041
43309568,14.9450,3.7800,5.8450,-0.2627,0.0412,0.8938,-0.13,0.26,0.31,135291,128943,126040
43329100,0.4375,7.0000,6.0375,-0.2600,0.0478,0.9082,-0.13,0.26,0.31,135282,128940,126057
43349608,-1.2950,8.8550,6.7375,-0.2597,0.0510,0.9229,-0.13,0.26,0.31,135270,128957,126050
43369140,12.5125,9.2225,7.9625,-0.2654,0.0500,0.9411,-0.13,0.26,0.31,135260,128961,126008
43389648,17.1675,8.7150,8.0150,-0.2727,0.0468,0.9516,-0.13,0.26,0.31,135265,128970,125952
43409180,11.9525,7.7000,7.7175,-0.2784,0.0423,0.9609,-0.13,0.26,0.31,135255,128971,125936
43429688,7.5950,6.1600,6.9650,-0.2808,0.0326,0.9731,-0.13,0.26,0.31,135255,128995,125930
43449216,12.1275,3.9025,5.9150,-0.2845,0.0178,0.9865,-0.13,0.26,0.31,135272,129023,125914
43469728,20.4925,0.6300,3.7100,-0.2879,0.0059,0.9987,-0.12,0.26,0.32,135289,129044,125887
43489256,17.1325,-1.4525,1.9425,-0.2907,0.0043,1.0008,-0.12,0.26,0.32,135326,129061,125841
43508788,4.3750,-3.0625,0.4200,-0.2901,0.0106,0.9995,-0.12,0.26,0.32,135372,129039,125834
43529296,-4.9875,-4.4800,-0.8400,-0.2843,0.0122,1.0002,-0.12,0.26,0.32,135403,129039,125852
43548828,1.3650,-6.2650,-2.1175,-0.2757,0.0043,1.0050,-0.12,0.27,0.32,135452,129057,125844
43569336,19.0575,-8.1200,-2.7475,-0.2685,-0.0076,1.0121,-0.12,0.27,0.32,135515,129092,125811
43588868,35.9625,-9.7650,-2.9400,-0.2614,-0.0140,1.0180,-0.12,0.28,0.33,135578,129174,125738
43609376,44.8700,-11.0775,-3.1675,-0.2467,-0.0123,1.0210,-0.11,0.28,0.33,135649,129240,125685
43628904,42.5775,-11.5325,-3.3950,-0.2340,-0.0073,1.0215,-0.11,0.28,0.33,135706,129339,125662
43649416,41.1600,-11.5325,-3.3425,-0.2191,0.0006,1.0224,-0.10,0.29,0.33,135770,129418,125629
43668944,44.6075,-11.1125,-2.7125,-0.2054,0.0089,1.0238,-0.10,0.29,0.34,135841,129511,125572
43689452,46.3050,-10.0975,-2.0650,-0.1909,0.0193,1.0268,-0.09,0.30,0.34,135917,129583,125509
43708984,36.5400,-8.0325,-1.7325,-0.1662,0.0371,1.0333,-0.09,0.30,0.34,135971,129650,125461
43729492,21.1400,-5.6000,-1.3475,-0.1487,0.0537,1.0344,-0.08,0.30,0.34,136017,129686,125455
43749024,9.3800,-3.0275,-0.8750,-0.1302,0.0723,1.0329,-0.08,0.30,0.34,136054,129707,125456
43769532,1.4700,-0.5075,-0.4725,-0.1114,0.0880,1.0298,-0.08,0.31,0.34,136094,129692,125429
43789064,-9.3100,1.9075,-0.1225,-0.0922,0.0991,1.0261,-0.09,0.31,0.34,136133,129652,125432
43809568,-19.9325,4.2350,0.1575,-0.0734,0.1076,1.0230,-0.09,0.31,0.34,136153,129589,125436
43829100,-33.5650,7.5775,1.2600,-0.0498,0.1182,1.0155,-0.09,0.31,0.34,136170,129525,125453
43849608,-36.5400,9.5550,2.7650,-0.0357,0.1249,1.0109,-0.10,0.31,0.34,136165,129456,125504
43869140,-39.8475,11.7075,4.7600,-0.0250,0.1319,1.0085,-0.10,0.31,0.34,136165,129360,125533
43889648,-49.3675,13.5625,6.4925,-0.0179,0.1353,1.0075,-0.11,0.31,0.34,136170,129221,125536
43909180,-62.7375,14.8050,7.3500,-0.0087,0.1322,1.0070,-0.12,0.31,0.33,136152,129091,125604
43929688,-58.4675,14.9100,8.3650,0.0049,0.1203,1.0131,-0.13,0.31,0.33,136131,128976,125645
43949216,-37.5900,14.0000,9.3625,0.0172,0.0919,1.0207,-0.13,0.31,0.33,136111,128916,125682
43969728,-16.4325,13.0200,10.0800,0.0176,0.0710,1.0285,-0.13,0.31,0.33,136092,128886,125649
44000000,1.8375,11.4275,9.3625,0.0204,0.0488,1.0326,-0.13,0.30,0.33,136059,128888,125638
44020508,4.5150,10.6225,7.6125,0.0235,0.0382,1.0311,-0.13,0.30,0.33,136053,128900,125597
44040040,4.0250,9.5375,4.3575,0.0250,0.0311,1.0303,-0.13,0.30,0.34,136045,128885,125572
44060544,-0.1225,8.7850,2.3100,0.0212,0.0310,1.0241,-0.13,0.30,0.34,136039,128897,125564
44080080,0.3325,7.6475,0.4025,0.0224,0.0281,1.0186,-0.13,0.30,0.34,136027,128910,125563
44100584,11.0250,6.1950,-1.2600,0.0320,0.0188,1.0141,-0.13,0.30,0.34,136027,128962,125539
44120116,25.5500,4.7600,-2.5725,0.0467,0.0088,1.0093,-0.12,0.30,0.34,136029,129028,125502
44140624,29.2950,4.1475,-3.5350,0.0600,0.0068,1.0015,-0.12,0.30,0.34,136034,129059,125456
44160156,9.1700,4.7775,-3.8325,0.0733,0.0193,0.9865,-0.12,0.30,0.34,136025,129080,125434
44180664,-3.6400,5.0050,-3.2200,0.0824,0.0281,0.9797,-0.12,0.30,0.34,136016,129081,125451
44200196,-9.2050,4.5500,-2.4675,0.0947,0.0303,0.9767,-0.12,0.30,0.34,136004,129058,125470
44220704,-7.2800,3.6750,-1.9775,0.1094,0.0250,0.9795,-0.12,0.30,0.34,135995,129043,125474
44240232,-3.9725,2.5025,-1.8200,0.1210,0.0182,0.9880,-0.13,0.30,0.34,135981,129018,125463
44260744,-7.7700,0.0875,-1.3300,0.1276,0.0146,0.9988,-0.13,0.30,0.34,135967,129005,125488
44280272,-12.0400,-1.9950,-1.2425,0.1265,0.0112,1.0144,-0.13,0.30,0.34,135945,128971,125519
44299804,-9.9400,-4.5675,-1.6450,0.1269,0.0089,1.0222,-0.13,0.30,0.34,135933,128961,125566
44320312,-1.9425,-7.2800,-2.4850,0.1358,0.0085,1.0263,-0.13,0.30,0.34,135939,128958,125557
44339844,9.9225,-9.9400,-3.7625,0.1512,0.0048,1.0310,-0.13,0.30,0.34,135937,128986,125541
44360352,30.4150,-12.9675,-5.4425,0.1579,-0.0059,1.0429,-0.12,0.30,0.34,135941,129079,125516
44379880,49.4900,-15.3125,-6.7725,0.1556,-0.0139,1.0582,-0.11,0.30,0.34,135937,129208,125472
44400392,57.5400,-17.6575,-7.6125,0.1546,-0.0061,1.0773,-0.11,0.30,0.34,135934,129345,125459
44419920,51.8350,-18.9000,-7.5775,0.1564,0.0038,1.0868,-0.10,0.30,0.34,135941,129442,125431
44440428,43.9950,-19.8275,-7.4025,0.1540,0.0143,1.0909,-0.09,0.30,0.35,135946,129533,125393
44459960,35.6825,-19.9325,-7.2100,0.1534,0.0251,1.0919,-0.09,0.30,0.35,135947,129619,125397
44480468,29.6800,-19.5300,-7.4200,0.1482,0.0339,1.0959,-0.09,0.30,0.35,135927,129674,125414
44500000,12.3550,-18.1125,-7.1750,0.1376,0.0412,1.0997,-0.08,0.30,0.34,135916,129710,125439
44520508,-3.5175,-17.3075,-6.8425,0.1225,0.0510,1.0979,-0.08,0.30,0.34,135909,129701,125451
44540040,-14.8575,-16.9225,-6.0375,0.1174,0.0615,1.0913,-0.09,0.29,0.34,135893,129666,125484
44560544,-20.9650,-15.8550,-4.9700,0.1125,0.0764,1.0809,-0.09,0.29,0.34,135861,129623,125538
44580080,-26.3025,-13.8250,-3.9900,0.1115,0.0924,1.0708,-0.09,0.29,0.33,135822,129592,125594
44600584,-36.6800,-10.8325,-3.7625,0.1166,0.1096,1.0594,-0.10,0.29,0.33,135774,129512,125652
44620116,-61.3200,-2.6950,-4.4275,0.1246,0.1355,1.0392,-0.10,0.28,0.33,135723,129407,125721
44640624,-53.7775,3.7450,-4.0250,0.1152,0.1405,1.0346,-0.11,0.28,0.32,135654,129326,125755
44660156,-21.0175,9.5550,-2.4500,0.0677,0.1174,1.0405,-0.11,0.27,0.32,135560,129329,125771
44680664,-3.0625,14.1925,-1.5575,-0.0278,0.0650,1.0438,-0.11,0.27,0.32,135465,129336,125796
44700196,-19.6700,18.2875,-1.9775,-0.1562,-0.0090,1.0409,-0.11,0.26,0.32,135379,129299,125831
44720704,-34.5450,21.2800,-2.6250,-0.2804,-0.0893,1.0404,-0.11,0.26,0.32,135297,129218,125870
44740232,-25.0425,21.4725,-0.1050,-0.4299,-0.1221,1.0635,-0.12,0.25,0.32,135233,129179,125877
44760744,-12.3200,18.8825,5.1100,-0.4886,-0.0246,1.0738,-0.12,0.25,0.31,135169,129133,125921
44780272,-53.8650,17.7450,13.5100,-0.4623,0.1248,1.0149,-0.12,0.25,0.31,135110,129038,125991
44799804,-42.3675,14.5775,17.3600,-0.4581,0.1812,0.9710,-0.13,0.24,0.31,135073,129023,126024
44820312,-0.9975,11.5850,18.9350,-0.4630,0.1870,0.9550,-0.12,0.24,0.31,135028,129027,126016
44839844,0.3150,8.4875,18.2875,-0.4431,0.1764,0.9360,-0.13,0.24,0.31,135003,128986,125989
44860352,-21.8575,3.5350,13.4925,-0.4118,0.1238,0.9089,-0.13,0.24,0.31,134988,128949,126001
44879880,-7.9975,-1.0500,9.5375,-0.3854,0.0754,0.8991,-0.13,0.24,0.31,134970,128945,126006
44900392,10.8325,-4.9000,6.2125,-0.3511,0.0448,0.8918,-0.13,0.24,0.31,134972,128985,125998
44919920,18.9700,-6.6325,3.8150,-0.3196,0.0334,0.8860,-0.13,0.24,0.31,134986,129003,125964
44940428,24.4650,-6.5450,2.1875,-0.2966,0.0306,0.8865,-0.12,0.24,0.31,135008,129036,125934
44959960,23.9925,-3.8150,0.5950,-0.2816,0.0329,0.8917,-0.12,0.24,0.32,135007,129065,125909
44980468,19.1800,-1.3650,0.7175,-0.2718,0.0476,0.9094,-0.12,0.24,0.32,135009,129108,125894
45010744,11.5150,1.3650,2.7300,-0.2729,0.0678,0.9323,-0.12,0.24,0.32,135022,129113,125875
45030272,5.1625,2.5025,4.8825,-0.2765,0.0798,0.9434,-0.12,0.24,0.32,135021,129130,125858
45049804,5.1450,2.8175,6.5975,-0.2790,0.0839,0.9529,-0.12,0.24,0.32,135020,129153,125843
45070312,22.3125,1.9950,8.5400,-0.2835,0.0773,0.9640,-0.11,0.24,0.32,135028,129188,125797
45089844,29.0500,0.9450,9.2575,-0.2944,0.0595,0.9812,-0.11,0.24,0.32,135042,129217,125749
45110352,27.0025,-0.1750,9.1350,-0.2993,0.0498,0.9916,-0.11,0.24,0.33,135050,129253,125712
45129880,19.7750,-1.1550,8.3825,-0.3023,0.0421,1.0000,-0.11,0.24,0.33,135069,129295,125709
45150392,11.5500,-2.2575,6.9300,-0.3009,0.0387,1.0044,-0.11,0.24,0.33,135085,129295,125727
45169920,-2.7825,-3.1150,4.8825,-0.2921,0.0422,1.0022,-0.11,0.25,0.33,135118,129262,125706
45190428,-18.8825,-4.0600,1.2775,-0.2813,0.0415,0.9995,-0.11,0.25,0.33,135158,129197,125713
45209960,-22.4350,-5.1275,-0.7175,-0.2750,0.0360,1.0009,-0.12,0.25,0.33,135194,129147,125729
45230468,-14.5775,-6.8075,-2.1350,-0.2675,0.0270,1.0041,-0.12,0.25,0.32,135240,129131,125750
45250000,-0.8750,-8.6450,-3.0100,-0.2610,0.0183,1.0063,-0.12,0.26,0.32,135293,129134,125759
45270508,7.6125,-10.1325,-3.5525,-0.2524,0.0160,1.0053,-0.12,0.26,0.33,135359,129144,125743
45290040,9.4150,-11.3050,-3.7450,-0.2431,0.0178,1.0036,-0.12,0.27,0.33,135424,129138,125720
45310544,8.2775,-12.5125,-4.1125,-0.2334,0.0167,1.0042,-0.12,0.27,0.33,135491,129137,125718
45330080,9.1350,-13.3175,-4.5500,-0.2241,0.0178,1.0048,-0.12,0.27,0.33,135556,129165,125702
45350584,8.1900,-13.7900,-4.5150,-0.2126,0.0212,1.0048,-0.11,0.28,0.33,135623,129191,125718
45370116,4.8475,-14.1400,-3.9200,-0.2041,0.0245,1.0065,-0.12,0.28,0.33,135692,129176,125704
45390624,3.2375,-14.5250,-3.1850,-0.1963,0.0240,1.0097,-0.12,0.29,0.33,135780,129163,125684
45410156,10.3950,-15.2075,-2.2400,-0.1848,0.0200,1.0152,-0.11,0.29,0.33,135839,129192,125665
45430664,17.2900,-14.7350,-0.2100,-0.1659,0.0210,1.0158,-0.11,0.30,0.33,135912,129229,125668
45450196,16.3450,-13.4400,1.1900,-0.1502,0.0300,1.0135,-0.11,0.30,0.33,135961,129243,125650
45470704,8.6450,-11.6375,2.3975,-0.1342,0.0398,1.0109,-0.11,0.30,0.33,136024,129244,125630
45490232,-0.4025,-9.5375,3.2200,-0.1169,0.0458,1.0116,-0.11,0.31,0.33,136083,129212,125631
45510744,-2.3275,-7.5950,3.9200,-0.0980,0.0458,1.0137,-0.11,0.31,0.33,136123,129193,125627
45530272,0.4550,-4.0075,4.4625,-0.0802,0.0427,1.0125,-0.11,0.31,0.33,136158,129197,125629
45549804,2.6600,-1.2075,4.6550,-0.0539,0.0414,1.0056,-0.11,0.31,0.33,136181,129210,125633
45570312,-0.4900,1.7500,4.8825,-0.0395,0.0483,1.0002,-0.11,0.31,0.33,136207,129193,125614
45589844,-11.5325,4.6550,5.0575,-0.0275,0.0593,0.9937,-0.12,0.31,0.33,136228,129130,125610
45610352,-26.7400,7.7875,4.8825,-0.0139,0.0705,0.9880,-0.12,0.32,0.33,136233,129047,125633
45629880,-36.6450,10.3250,4.6900,0.0061,0.0775,0.9822,-0.13,0.31,0.33,136224,128978,125661
45650392,-27.3000,12.1100,4.7250,0.0310,0.0721,0.9823,-0.13,0.31,0.33,136211,128919,125702
45669920,-10.7275,12.6175,5.1100,0.0312,0.0569,0.9887,-0.13,0.31,0.33,136208,128909,125673
45690428,8.1025,12.9325,5.0225,0.0278,0.0425,1.0006,-0.13,0.31,0.33,136208,128927,125621
45709960,18.4450,12.8975,4.1475,0.0300,0.0366,1.0109,-0.13,0.31,0.33,136189,128956,125588
45730468,16.5200,12.7225,2.5725,0.0412,0.0383,1.0135,-0.13,0.31,0.34,136164,128998,125559
45750000,15.8200,12.7225,1.0325,0.0527,0.0398,1.0160,-0.12,0.31,0.34,136159,129028,125538
45770508,25.3575,11.4800,-0.3325,0.0650,0.0342,1.0246,-0.12,0.31,0.34,136147,129081,125482
45790040,27.6150,10.6925,-0.4200,0.0681,0.0343,1.0263,-0.12,0.31,0.34,136134,129122,125436
45810544,23.1700,10.0800,0.0875,0.0703,0.0406,1.0243,-0.12,0.31,0.35,136122,129169,125401
45830080,17.0275,9.4850,0.8225,0.0734,0.0488,1.0215,-0.11,0.31,0.35,136100,129206,125399
45850584,10.9725,8.9250,1.3475,0.0789,0.0576,1.0189,-0.11,0.31,0.35,136082,129225,125390
45870116,3.6050,8.3300,1.7850,0.0889,0.0669,1.0157,-0.11,0.30,0.35,136062,129216,125368
45890624,-7.4025,7.1925,1.7325,0.1032,0.0769,1.0114,-0.11,0.30,0.35,136056,129191,125361
45910156,-11.4975,6.1775,1.5225,0.1087,0.0795,1.0097,-0.12,0.30,0.35,136032,129157,125372
45930664,-12.2325,5.0400,1.0150,0.1120,0.0794,1.0093,-0.12,0.30,0.35,136011,129132,125405
45950196,-12.7925,3.9725,0.2800,0.1132,0.0767,1.0093,-0.12,0.30,0.34,135986,129114,125431
45970704,-11.1825,2.7475,-0.6300,0.1135,0.0708,1.0136,-0.12,0.30,0.34,135974,129084,125431
45990232,-4.8825,0.2275,-2.8350,0.1146,0.0619,1.0235,-0.12,0.30,0.34,135963,129065,125438
46020508,-5.2150,-2.1700,-5.5650,0.1183,0.0517,1.0465,-0.12,0.30,0.34,135942,129055,125456
46040040,-7.1050,-3.9725,-7.2975,0.1280,0.0526,1.0543,-0.12,0.30,0.34,135942,129039,125475
46060544,-7.1225,-5.8450,-8.5750,0.1383,0.0525,1.0597,-0.12,0.30,0.34,135940,129028,125492
46080080,-2.9225,-7.5600,-9.2050,0.1473,0.0498,1.0653,-0.12,0.30,0.34,135930,129044,125512
46100584,2.9925,-10.2725,-9.3450,0.1562,0.0473,1.0702,-0.12,0.30,0.34,135914,129083,125526
46120116,12.5825,-11.7425,-9.1175,0.1732,0.0475,1.0735,-0.12,0.30,0.34,135910,129117,125542
46140624,18.1650,-12.8975,-8.9075,0.1839,0.0490,1.0748,-0.12,0.29,0.34,135900,129150,125537
46160156,19.6175,-13.0900,-8.3475,0.1895,0.0511,1.0764,-0.11,0.29,0.34,135892,129206,125529
46180664,16.1700,-12.9325,-7.8750,0.1972,0.0526,1.0790,-0.11,0.29,0.34,135863,129252,125542
46200196,4.6025,-12.7050,-7.8575,0.2051,0.0576,1.0806,-0.11,0.29,0.34,135834,129254,125576
46220704,-15.6450,-11.2175,-7.0350,0.2059,0.0614,1.0834,-0.11,0.29,0.33,135805,129238,125612
46240232,-18.0075,-10.6925,-6.0200,0.1974,0.0612,1.0851,-0.11,0.29,0.33,135771,129201,125640
46260744,-21.7000,-10.0625,-5.1450,0.1931,0.0699,1.0829,-0.12,0.28,0.33,135734,129164,125683
46280272,-36.8900,-9.1350,-5.0050,0.1889,0.0863,1.0743,-0.12,0.28,0.32,135682,129100,125754
46299804,-57.6975,-7.8050,-5.1800,0.1742,0.0985,1.0631,-0.13,0.28,0.32,135631,129004,125856
46320312,-76.0550,-6.3350,-5.2850,0.1484,0.1036,1.0507,-0.13,0.28,0.31,135581,128865,125960
46339844,-77.1750,-4.3225,-4.2700,0.1132,0.1003,1.0392,-0.14,0.27,0.31,135539,128742,126035
46360352,-57.7325,-3.9200,-3.4650,0.0281,0.0603,1.0272,-0.15,0.27,0.30,135491,128675,126086
46379880,-30.4150,-3.4650,-3.7975,-0.0533,0.0068,1.0185,-0.15,0.27,0.30,135449,128674,126119
46400392,8.8025,-2.8175,-5.2675,-0.1397,-0.0709,1.0086,-0.14,0.26,0.30,135400,128745,126106
46419920,44.0300,-0.8750,-7.5600,-0.2288,-0.1552,1.0019,-0.13,0.26,0.31,135367,128874,126047
46440428,64.5050,1.4175,-8.7325,-0.3301,-0.2194,1.0128,-0.13,0.26,0.31,135345,128961,125985
46459960,9.5550,5.8975,-6.8950,-0.4608,-0.1574,1.0446,-0.13,0.26,0.31,135320,128955,125993
46480468,-67.6725,8.8725,-0.4200,-0.4634,-0.0276,1.0437,-0.14,0.26,0.30,135283,128809,126116
46500000,-108.8150,10.3950,6.2125,-0.4532,0.0719,1.0146,-0.15,0.25,0.29,135249,128630,126249
46520508,-90.4575,10.1675,10.7450,-0.4659,0.0974,0.9778,-0.16,0.25,0.29,135217,128516,126325
46540040,-31.5700,8.7675,13.7725,-0.4696,0.0817,0.9516,-0.16,0.25,0.29,135193,128493,126309
46560544,8.5575,5.7750,14.0350,-0.4518,0.0554,0.9289,-0.16,0.25,0.29,135165,128504,126281
46580080,12.0050,3.4300,11.6900,-0.3987,0.0156,0.9057,-0.16,0.25,0.29,135137,128530,126265
46600584,3.8500,0.9275,9.0825,-0.3492,-0.0032,0.8999,-0.15,0.25,0.29,135130,128540,126276
46620116,3.6400,-0.8750,6.9300,-0.3051,-0.0168,0.9000,-0.15,0.25,0.29,135127,128547,126267
46640624,10.0975,-1.4700,5.5300,-0.2728,-0.0248,0.9041,-0.15,0.25,0.30,135116,128549,126230
46660156,19.0575,-0.8750,4.6725,-0.2495,-0.0279,0.9096,-0.15,0.25,0.30,135118,128568,126198
46680664,21.0350,1.2950,3.7100,-0.2286,-0.0255,0.9163,-0.15,0.25,0.30,135093,128619,126188
46700196,14.4200,2.8875,3.5175,-0.2228,-0.0207,0.9233,-0.15,0.24,0.30,135085,128627,126178
46720704,11.0250,3.8325,3.9725,-0.2212,-0.0167,0.9356,-0.15,0.24,0.30,135078,128655,126157
46740232,15.9250,3.9725,5.1625,-0.2216,-0.0149,0.9509,-0.15,0.24,0.30,135076,128666,126095
46760744,26.3375,3.5525,6.4575,-0.2213,-0.0146,0.9651,-0.14,0.24,0.31,135061,128712,126056
46780272,35.2450,3.3250,7.4025,-0.2209,-0.0144,0.9762,-0.14,0.24,0.31,135053,128793,126033
46799804,29.7325,3.5700,8.1725,-0.2230,-0.0107,0.9831,-0.14,0.24,0.31,135041,128846,125972
46820312,23.0475,3.5700,8.4350,-0.2303,-0.0057,0.9928,-0.13,0.24,0.31,135035,128888,125963
46839844,20.7025,2.8175,8.1375,-0.2389,-0.0076,1.0027,-0.13,0.24,0.31,135040,128894,125919
46860352,16.4325,1.7150,7.6125,-0.2503,-0.0098,1.0114,-0.13,0.24,0.32,135048,128910,125872
46879880,9.8525,0.4550,6.8250,-0.2613,-0.0121,1.0177,-0.13,0.24,0.32,135062,128930,125875
46900392,5.2325,-1.5575,5.7400,-0.2699,-0.0145,1.0208,-0.13,0.24,0.32,135074,128940,125885
46919920,2.5900,-4.6200,3.7450,-0.2761,-0.0184,1.0182,-0.13,0.25,0.32,135109,128939,125873
46940428,4.8825,-6.4400,2.3100,-0.2772,-0.0211,1.0149,-0.13,0.25,0.32,135148,128925,125845
46959960,10.6225,-7.8925,0.8050,-0.2785,-0.0245,1.0159,-0.13,0.25,0.32,135194,128943,125824
46980468,22.8200,-10.0625,-0.5600,-0.2810,-0.0307,1.0228,-0.13,0.26,0.32,135250,128996,125801
47000000,30.7475,-12.3725,-1.8200,-0.2823,-0.0338,1.0264,-0.12,0.26,0.32,135300,129060,125788
47030272,33.7225,-16.2225,-3.7275,-0.2765,-0.0261,1.0200,-0.12,0.27,0.33,135417,129142,125712
47049804,33.5825,-17.8150,-4.4625,-0.2679,-0.0187,1.0170,-0.11,0.27,0.33,135489,129201,125697
47070312,28.4200,-18.9175,-5.1275,-0.2591,-0.0140,1.0133,-0.11,0.27,0.33,135575,129251,125642
47089844,29.5400,-19.6000,-5.3375,-0.2523,-0.0154,1.0149,-0.11,0.28,0.33,135662,129315,125608
47110352,37.4325,-20.1250,-5.6350,-0.2418,-0.0144,1.0189,-0.10,0.29,0.34,135760,129376,125569
47129880,40.0750,-19.9150,-5.9850,-0.2235,-0.0059,1.0197,-0.10,0.29,0.34,135849,129462,125535
47150392,32.0775,-17.9900,-6.6325,-0.1881,0.0193,1.0197,-0.09,0.30,0.34,135918,129529,125528
47169920,12.2150,-15.3300,-7.0875,-0.1627,0.0383,1.0138,-0.09,0.30,0.34,135993,129545,125523
47190428,1.3125,-12.3025,-7.4025,-0.1368,0.0478,1.0087,-0.09,0.31,0.34,136077,129532,125511
47209960,10.2725,-9.5025,-7.0875,-0.1146,0.0484,1.0085,-0.09,0.31,0.34,136137,129555,125478
47230468,19.2500,-6.1775,-6.0375,-0.0920,0.0532,1.0065,-0.09,0.31,0.34,136178,129592,125466
47250000,7.1925,-1.6975,-4.7250,-0.0675,0.0672,0.9984,-0.09,0.31,0.34,136208,129584,125482
47270508,-14.9975,5.2500,-1.8375,-0.0307,0.0878,0.9909,-0.09,0.31,0.34,136232,129545,125494
47290040,-17.0800,9.2225,0.6650,-0.0077,0.0942,0.9908,-0.10,0.32,0.34,136240,129500,125464
47310544,-19.9500,12.8625,3.4475,0.0116,0.1039,0.9876,-0.10,0.32,0.34,136236,129434,125478
47330080,-29.3125,16.3100,6.4925,0.0260,0.1150,0.9809,-0.11,0.31,0.34,136214,129351,125503
47350584,-39.6025,19.3900,9.1000,0.0373,0.1197,0.9754,-0.11,0.31,0.34,136175,129261,125522
47370116,-41.0025,21.8225,12.0225,0.0483,0.1142,0.9736,-0.12,0.31,0.34,136140,129181,125557
47390624,-34.7900,22.1550,13.0550,0.0566,0.1013,0.9740,-0.12,0.31,0.34,136100,129091,125534
47410156,-30.2225,21.5600,13.5450,0.0601,0.0947,0.9761,-0.13,0.30,0.34,136065,129012,125557
47430664,-21.7000,20.0375,13.3000,0.0580,0.0866,0.9793,-0.13,0.30,0.33,136022,128971,125584
47450196,-11.9175,17.7625,12.0225,0.0539,0.0772,0.9837,-0.13,0.30,0.34,135980,128962,125578
47470704,-4.4625,15.2425,9.4500,0.0473,0.0675,0.9894,-0.13,0.30,0.34,135951,128951,125553
47490232,4.2175,11.5325,4.2525,0.0378,0.0525,0.9997,-0.13,0.30,0.34,135949,128958,125513
47510744,10.8850,8.9600,0.7875,0.0333,0.0409,1.0072,-0.13,0.30,0.34,135939,128960,125495
47530272,19.3200,6.8775,-2.0650,0.0275,0.0289,1.0146,-0.13,0.30,0.34,135943,129021,125464
47549804,25.8650,5.3375,-3.7800,0.0224,0.0232,1.0191,-0.12,0.30,0.34,135937,129090,125436
47570312,29.3475,4.5325,-4.6375,0.0232,0.0221,1.0218,-0.12,0.30,0.35,135944,129154,125394
47589844,30.1875,4.2700,-4.8300,0.0273,0.0244,1.0243,-0.11,0.30,0.35,135955,129207,125364
47610352,18.8300,5.1275,-4.6375,0.0394,0.0331,1.0221,-0.11,0.30,0.35,135949,129242,125321
47629880,10.6400,5.7225,-4.2700,0.0520,0.0397,1.0183,-0.11,0.30,0.35,135944,129272,125313
47650392,4.2175,6.3000,-3.6400,0.0656,0.0462,1.0147,-0.11,0.30,0.35,135925,129284,125315
47669920,-2.4850,6.5100,-3.0450,0.0782,0.0519,1.0131,-0.11,0.29,0.35,135905,129263,125319
47690428,-7.5075,6.4750,-2.7125,0.0897,0.0550,1.0143,-0.11,0.29,0.35,135894,129233,125320
47709960,-8.1550,5.8100,-2.9750,0.1005,0.0542,1.0192,-0.11,0.29,0.35,135878,129217,125327
47730468,-5.0575,3.2375,-4.4100,0.1143,0.0476,1.0321,-0.11,0.29,0.35,135851,129210,125342
47750000,-1.2775,0.7350,-6.0725,0.1237,0.0425,1.0433,-0.11,0.29,0.35,135837,129220,125368
47770508,1.8725,-1.9425,-7.9975,0.1343,0.0394,1.0533,-0.11,0.29,0.35,135830,129219,125366
47790040,2.6075,-4.9350,-9.9750,0.1460,0.0399,1.0593,-0.11,0.29,0.35,135831,129222,125365
47810544,6.5450,-8.4525,-11.6900,0.1588,0.0406,1.0635,-0.11,0.29,0.35,135838,129248,125381
47830080,20.9475,-12.6175,-13.1425,0.1720,0.0389,1.0681,-0.11,0.29,0.35,135849,129332,125364
47850584,44.4325,-17.7100,-13.4750,0.1930,0.0392,1.0671,-0.10,0.29,0.35,135853,129446,125358
47870116,52.6050,-19.0925,-13.3350,0.2072,0.0410,1.0629,-0.09,0.29,0.35,135865,129589,125322
47890624,67.9175,-20.2475,-12.9850,0.2148,0.0394,1.0616,-0.08,0.29,0.35,135869,129735,125258
47910156,65.7475,-20.1250,-11.8125,0.2208,0.0556,1.0525,-0.07,0.29,0.36,135870,129855,125242
47930664,41.9650,-18.7950,-10.0275,0.2323,0.0877,1.0380,-0.07,0.29,0.35,135851,129918,125261
47950196,-10.7100,-15.7150,-7.3150,0.2562,0.1442,1.0133,-0.07,0.29,0.35,135817,129902,125321
47970704,-48.2475,-12.4600,-5.6000,0.2664,0.1820,0.9956,-0.08,0.29,0.35,135785,129765,125388
47990232,-85.1025,-8.0500,-3.8150,0.2657,0.2141,0.9781,-0.09,0.28,0.34,135732,129582,125472
48010744,-116.4100,-2.6425,-2.1000,0.2508,0.2335,0.9642,-0.11,0.28,0.33,135675,129342,125604
48041016,-99.9425,2.5025,1.2600,0.1991,0.1919,0.9789,-0.12,0.27,0.33,135545,129103,125739
48061524,-15.4525,2.5200,3.9900,0.0777,0.0711,1.0231,-0.12,0.27,0.32,135458,129126,125754
48081056,61.4075,0.2800,4.0250,-0.0340,-0.0398,1.0592,-0.11,0.26,0.33,135371,129303,125686
48101560,111.5625,-2.4675,0.9100,-0.1710,-0.1551,1.1040,-0.09,0.26,0.33,135310,129571,125585
48121092,114.0650,-6.0900,-3.3250,-0.3063,-0.2101,1.1533,-0.08,0.26,0.34,135285,129744,125522
48141600,62.3000,-8.1375,-4.5500,-0.4133,-0.1613,1.1894,-0.08,0.26,0.34,135276,129775,125497
48161132,-9.0125,-9.0300,-1.9425,-0.4774,-0.0301,1.1873,-0.09,0.26,0.34,135287,129676,125562
48181640,-89.2850,-7.5775,3.1150,-0.5028,0.1617,1.0895,-0.09,0.26,0.33,135299,129518,125672
48201172,-92.6975,-6.2475,4.5850,-0.5047,0.2157,1.0114,-0.10,0.26,0.32,135304,129384,125780
48221680,-50.5925,-5.9500,5.4075,-0.4981,0.2158,0.9608,-0.11,0.26,0.32,135324,129307,125782
48241208,-13.7900,-6.7200,5.1450,-0.4768,0.1918,0.9284,-0.11,0.26,0.32,135346,129292,125786
48261720,-6.8775,-8.4700,3.2200,-0.4421,0.1584,0.9113,-0.11,0.26,0.32,135368,129260,125794
48281248,-10.1675,-11.5325,-0.7875,-0.3738,0.1144,0.9121,-0.11,0.26,0.32,135393,129246,125828
48301756,0.0700,-12.5125,-2.5025,-0.3304,0.0983,0.9178,-0.11,0.27,0.32,135416,129274,125830
48321288,14.1225,-11.7600,-3.1325,-0.2966,0.0914,0.9148,-0.11,0.27,0.32,135447,129307,125826
48340820,25.8125,-9.3450,-3.2375,-0.2717,0.0900,0.9030,-0.10,0.27,0.32,135468,129358,125780
48361328,32.2350,-5.6525,-3.0800,-0.2545,0.0928,0.8894,-0.10,0.27,0.32,135479,129426,125754
48380860,26.3725,-0.7350,-2.9400,-0.2411,0.1020,0.8799,-0.10,0.27,0.33,135475,129458,125733
48401368,9.7300,6.2300,-1.9425,-0.2250,0.1191,0.8844,-0.10,0.27,0.33,135458,129472,125735
48420896,8.5925,9.4500,-0.3325,-0.2186,0.1258,0.8989,-0.10,0.27,0.33,135447,129478,125717
48441408,12.5825,11.6200,1.6100,-0.2150,0.1287,0.9151,-0.10,0.27,0.33,135419,129482,125665
48460936,18.1825,12.9850,3.2725,-0.2125,0.1296,0.9296,-0.09,0.26,0.33,135399,129525,125629
48481444,15.3300,14.1750,4.2875,-0.2106,0.1332,0.9388,-0.09,0.26,0.33,135364,129529,125627
48500976,2.3625,15.2775,4.9525,-0.2098,0.1374,0.9449,-0.09,0.26,0.33,135337,129532,125631
48521484,-10.7625,15.1550,5.7925,-0.2137,0.1325,0.9594,-0.10,0.26,0.33,135315,129498,125618
48541016,-5.8275,14.0000,6.2300,-0.2176,0.1220,0.9711,-0.10,0.26,0.33,135298,129468,125603
48561524,3.9200,12.2150,6.3875,-0.2200,0.1116,0.9789,-0.10,0.26,0.34,135283,129461,125583
48581056,8.8550,10.7625,6.1075,-0.2213,0.1037,0.9825,-0.10,0.26,0.34,135268,129490,125566
48601560,10.9550,9.4675,5.1975,-0.2233,0.0966,0.9847,-0.10,0.26,0.34,135271,129511,125559
48621092,13.4750,8.2075,4.1125,-0.2267,0.0887,0.9880,-0.09,0.26,0.34,135268,129527,125536
48641600,13.2650,6.3700,2.0300,-0.2325,0.0798,0.9931,-0.09,0.26,0.34,135287,129542,125493
48661132,11.0950,5.1625,0.5950,-0.2366,0.0764,0.9947,-0.09,0.26,0.34,135301,129556,125477
48681640,9.6600,4.1125,-0.5775,-0.2424,0.0742,0.9958,-0.09,0.26,0.34,135322,129563,125478
48701172,1.8900,3.3250,-1.8550,-0.2447,0.0755,0.9941,-0.09,0.26,0.34,135344,129548,125472
48721680,-4.0250,2.2575,-2.8350,-0.2411,0.0769,0.9936,-0.09,0.26,0.34,135384,129541,125471
48741208,6.1425,0.2100,-2.9050,-0.2318,0.0725,1.0004,-0.09,0.27,0.34,135419,129545,125455
48761720,7.1050,-0.2450,-2.3100,-0.2279,0.0720,1.0026,-0.09,0.27,0.34,135460,129546,125446
48781248,-0.7000,0.2275,-1.4525,-0.2257,0.0754,1.0010,-0.09,0.27,0.34,135490,129530,125446
48801756,-0.6125,0.4900,-0.1575,-0.2184,0.0783,1.0010,-0.09,0.27,0.34,135525,129533,125455
48821288,10.0275,0.2275,1.7675,-0.2065,0.0810,1.0031,-0.09,0.27,0.35,135554,129564,125412
48840820,25.9875,-0.0875,3.9725,-0.1954,0.0859,1.0077,-0.09,0.28,0.35,135590,129605,125358
48861328,27.9125,1.1025,6.6850,-0.1813,0.1025,1.0086,-0.09,0.28,0.35,135619,129651,125306
48880860,16.4500,2.6250,7.8925,-0.1702,0.1160,1.0058,-0.09,0.28,0.35,135634,129664,125294
48901368,-0.1575,4.4800,8.7500,-0.1565,0.1274,1.0021,-0.09,0.28,0.35,135646,129658,125320
48920896,-20.8600,6.8425,9.6600,-0.1437,0.1337,0.9994,-0.09,0.28,0.35,135651,129578,125331
48941408,-34.6325,9.2575,10.8850,-0.1349,0.1325,0.9997,-0.10,0.28,0.35,135659,129473,125331
48960936,-36.7325,11.4800,12.9325,-0.1264,0.1268,1.0038,-0.10,0.28,0.35,135649,129386,125348
48981444,-38.3075,14.2625,15.8200,-0.1107,0.1249,1.0089,-0.11,0.28,0.35,135626,129289,125402
49000976,-45.6750,16.1175,17.2200,-0.0993,0.1261,1.0109,-0.12,0.28,0.34,135596,129174,125428
49041016,-46.3050,17.5700,18.5325,-0.0849,0.1186,1.0170,-0.13,0.27,0.34,135539,128941,125486
49060544,-41.7550,17.4825,18.4975,-0.0791,0.1135,1.0182,-0.14,0.27,0.34,135502,128836,125509
49080080,-37.1875,17.2200,17.6925,-0.0759,0.1093,1.0172,-0.14,0.27,0.34,135463,128769,125534
49100584,-24.0100,15.9075,16.7125,-0.0765,0.0986,1.0141,-0.14,0.27,0.34,135434,128719,125563
49120116,-20.0550,14.7350,15.8725,-0.0772,0.0887,1.0106,-0.15,0.26,0.34,135395,128679,125558
49140624,-13.7725,13.3000,14.8575,-0.0776,0.0763,1.0117,-0.15,0.26,0.34,135383,128631,125553
49160156,-12.1450,12.0050,13.6150,-0.0797,0.0659,1.0122,-0.15,0.26,0.34,135362,128598,125531
49180664,-11.8125,10.4125,11.9875,-0.0828,0.0583,1.0126,-0.15,0.26,0.34,135348,128580,125544
49200196,-8.7150,8.5050,9.8175,-0.0830,0.0527,1.0133,-0.15,0.26,0.34,135337,128558,125555
49220704,-5.7750,4.8825,5.6000,-0.0777,0.0422,1.0152,-0.15,0.26,0.34,135342,128554,125550
49240232,-5.4425,2.2925,2.6600,-0.0732,0.0306,1.0198,-0.15,0.26,0.34,135350,128539,125549
49260744,-7.6650,0.1575,-0.2275,-0.0649,0.0167,1.0248,-0.16,0.26,0.34,135379,128509,125531
49280272,-2.2750,-1.7850,-2.3625,-0.0537,0.0023,1.0304,-0.16,0.26,0.34,135400,128522,125540
49299804,9.0825,-3.6750,-3.9900,-0.0406,-0.0107,1.0341,-0.15,0.27,0.34,135414,128576,125518
49320312,20.9825,-5.5650,-5.0925,-0.0229,-0.0204,1.0358,-0.15,0.27,0.34,135442,128641,125480
49339844,31.2200,-8.2250,-6.6325,0.0120,-0.0287,1.0363,-0.14,0.27,0.34,135478,128706,125434
49360352,42.3150,-9.7475,-6.8600,0.0344,-0.0343,1.0411,-0.14,0.27,0.35,135514,128797,125370
49379880,55.3000,-10.6925,-6.5800,0.0531,-0.0378,1.0485,-0.13,0.27,0.35,135528,128933,125324
49400392,54.2850,-10.5175,-6.5625,0.0698,-0.0331,1.0527,-0.12,0.27,0.35,135541,129035,125292
49419920,36.0325,-9.7650,-6.9650,0.0827,-0.0204,1.0529,-0.12,0.27,0.35,135552,129096,125272
49440428,6.4575,-9.7300,-7.8050,0.0974,-0.0010,1.0549,-0.12,0.27,0.35,135572,129104,125270
49459960,0.0175,-11.4100,-8.7150,0.1080,0.0031,1.0586,-0.12,0.28,0.35,135592,129105,125276
49480468,6.4575,-14.3675,-10.2375,0.1222,-0.0009,1.0646,-0.12,0.28,0.35,135612,129126,125303
49500000,20.1250,-17.4650,-12.0925,0.1369,-0.0082,1.0719,-0.11,0.28,0.35,135622,129199,125286
49520508,31.5175,-20.1950,-13.8950,0.1447,-0.0134,1.0760,-0.11,0.28,0.35,135646,129292,125292
49540040,35.0875,-22.5925,-15.4700,0.1488,-0.0120,1.0748,-0.10,0.28,0.35,135683,129359,125259
49560544,36.4175,-25.3575,-18.5325,0.1618,-0.0020,1.0702,-0.10,0.28,0.36,135721,129436,125246
49580080,36.9075,-27.0725,-20.4225,0.1746,0.0028,1.0668,-0.09,0.29,0.35,135755,129536,125256
49600584,43.3650,-28.3325,-21.6300,0.1853,0.0029,1.0670,-0.09,0.29,0.35,135778,129659,125262
49620116,51.6950,-28.9100,-21.9275,0.1935,0.0071,1.0682,-0.08,0.29,0.36,135792,129772,125231
49640624,50.4000,-27.9475,-21.5950,0.1972,0.0235,1.0685,-0.07,0.29,0.36,135819,129882,125222
49660156,36.1900,-25.5325,-20.4925,0.1986,0.0499,1.0665,-0.07,0.29,0.36,135818,129934,125232
49680664,-16.3450,-20.6500,-18.3575,0.2145,0.1063,1.0541,-0.07,0.29,0.35,135801,129892,125290
49700196,-53.7425,-17.3600,-16.6250,0.2279,0.1409,1.0512,-0.08,0.29,0.35,135775,129775,125383
49720704,-76.4750,-14.1750,-14.8400,0.2275,0.1574,1.0608,-0.09,0.28,0.34,135728,129623,125496
49740232,-99.1200,-10.6575,-13.2825,0.2167,0.1620,1.0764,-0.10,0.28,0.33,135693,129426,125605
49760744,-108.3600,-8.2250,-11.9700,0.1871,0.1485,1.1020,-0.11,0.28,0.33,135636,129214,125714
49780272,-99.5750,-6.5975,-10.5175,0.1304,0.1149,1.1322,-0.12,0.28,0.32,135582,129071,125820
49799804,-56.3150,-5.4075,-7.2100,-0.0081,0.0295,1.1651,-0.13,0.27,0.32,135519,129009,125901
49820312,-9.5725,-5.9325,-5.3200,-0.1254,-0.0432,1.1690,-0.12,0.27,0.32,135466,129059,125904
49839844,38.8325,-7.6650,-5.1800,-0.2522,-0.1125,1.1553,-0.12,0.27,0.32,135430,129177,125851
49860352,80.7975,-9.6425,-6.2475,-0.3855,-0.1482,1.1336,-0.10,0.27,0.32,135427,129371,125761
49879880,92.4000,-11.2175,-8.1725,-0.5107,-0.0414,1.1007,-0.10,0.27,0.33,135434,129461,125742
49900392,-37.2400,-6.5275,1.0150,-0.4926,0.1625,1.0183,-0.10,0.27,0.32,135437,129424,125808
49919920,-4.1125,-7.3675,1.6800,-0.4941,0.1870,1.0207,-0.10,0.27,0.32,135441,129470,125826
49940428,8.0675,-7.5600,0.4375,-0.4793,0.1976,0.9980,-0.10,0.27,0.32,135457,129464,125829
49959960,-36.3300,-6.3000,-1.2950,-0.4730,0.1943,0.9461,-0.11,0.27,0.32,135478,129347,125873
49980468,-88.9175,-3.5875,-3.3425,-0.4579,0.1715,0.8890,-0.12,0.27,0.31,135498,129144,125985
50000000,-104.9825,-1.6800,-5.1275,-0.4176,0.1377,0.8456,-0.13,0.27,0.30,135505,128992,126098
50020508,-39.7075,-2.8525,-6.4050,-0.3489,0.0817,0.8189,-0.13,0.27,0.30,135515,128947,126126
50050780,58.9575,-4.9000,-4.0600,-0.3104,0.0425,0.8307,-0.12,0.27,0.31,135527,129095,126028
50070312,73.2200,-3.3600,-2.3800,-0.2904,0.0468,0.8313,-0.11,0.27,0.31,135520,129212,125961
50089844,51.4675,0.1575,-1.6275,-0.2729,0.0669,0.8269,-0.11,0.27,0.31,135521,129252,125919
50110352,22.3300,4.9175,-1.0325,-0.2621,0.0895,0.8272,-0.11,0.27,0.32,135513,129240,125893
50129880,2.4675,9.5025,0.4200,-0.2547,0.1110,0.8345,-0.11,0.27,0.32,135493,129234,125872
50150392,8.0150,13.2475,3.8325,-0.2514,0.1261,0.8642,-0.11,0.27,0.32,135467,129259,125876
50169920,27.9475,13.2825,6.2825,-0.2506,0.1230,0.8895,-0.11,0.27,0.32,135449,129322,125830
50190428,45.7975,12.3025,7.8400,-0.2479,0.1149,0.9128,-0.10,0.27,0.33,135447,129407,125747
50209960,57.1900,10.6925,8.0675,-0.2466,0.1031,0.9350,-0.10,0.27,0.33,135435,129510,125667
50230468,54.8800,9.4325,6.9650,-0.2474,0.0925,0.9533,-0.09,0.27,0.33,135431,129593,125626
50250000,21.6475,8.5050,4.2350,-0.2414,0.0926,0.9664,-0.09,0.27,0.33,135431,129621,125610
50270508,-7.3325,7.9975,2.5375,-0.2320,0.1019,0.9679,-0.09,0.27,0.33,135436,129589,125621
50290040,-24.3775,6.9125,1.2950,-0.2245,0.1059,0.9719,-0.09,0.27,0.33,135453,129525,125632
50310544,-22.9775,5.4950,0.4025,-0.2212,0.0997,0.9822,-0.10,0.27,0.33,135477,129466,125616
50330080,-11.1475,3.5350,-0.4025,-0.2187,0.0893,0.9941,-0.10,0.27,0.33,135491,129455,125625
50350584,-0.1050,1.5575,-0.8925,-0.2146,0.0830,1.0027,-0.10,0.27,0.33,135510,129470,125639
50370116,5.2850,-0.8925,-1.5225,-0.2106,0.0800,1.0115,-0.10,0.27,0.33,135543,129466,125634
50390624,1.6975,-2.4150,-1.9075,-0.2115,0.0773,1.0176,-0.10,0.28,0.33,135581,129455,125596
50410156,3.9025,-4.4100,-2.1700,-0.2128,0.0716,1.0265,-0.10,0.28,0.34,135642,129457,125583
50430664,12.1800,-6.5100,-2.4325,-0.2106,0.0672,1.0336,-0.10,0.28,0.34,135688,129479,125580
50450196,17.3425,-7.8575,-2.9925,-0.2045,0.0661,1.0353,-0.09,0.28,0.34,135736,129516,125568
50470704,10.4125,-7.9450,-4.4800,-0.2013,0.0666,1.0320,-0.09,0.29,0.34,135798,129535,125572
50490232,1.5050,-7.3675,-5.6350,-0.1959,0.0684,1.0299,-0.09,0.29,0.34,135857,129517,125544
50510744,-0.7700,-7.1225,-6.5975,-0.1876,0.0693,1.0307,-0.10,0.30,0.34,135930,129510,125527
50530272,5.5300,-7.1750,-7.2100,-0.1779,0.0682,1.0338,-0.09,0.30,0.34,135982,129525,125531
50549804,11.7600,-6.9650,-7.7175,-0.1675,0.0683,1.0357,-0.09,0.30,0.34,136035,129559,125522
50570312,13.3700,-6.4750,-8.2425,-0.1551,0.0712,1.0364,-0.09,0.31,0.34,136091,129601,125501
50589844,11.9525,-5.5125,-8.6800,-0.1410,0.0761,1.0385,-0.09,0.31,0.34,136155,129608,125500
50610352,-0.7700,-2.6600,-9.1700,-0.1196,0.0865,1.0353,-0.09,0.31,0.34,136213,129575,125473
50629880,-10.9550,0.2975,-8.7850,-0.1064,0.0969,1.0292,-0.09,0.32,0.34,136255,129551,125486
50650392,-20.0375,3.5875,-7.5600,-0.0905,0.1108,1.0236,-0.09,0.32,0.34,136274,129519,125507
50669920,-31.3425,6.5975,-5.6525,-0.0710,0.1274,1.0186,-0.10,0.32,0.34,136292,129458,125535
50690428,-41.6500,9.2575,-3.1150,-0.0519,0.1383,1.0143,-0.10,0.32,0.34,136315,129356,125554
50709960,-41.5800,12.7225,1.3125,-0.0304,0.1362,1.0117,-0.11,0.32,0.34,136318,129262,125563
50730468,-33.5650,14.7700,4.4100,-0.0214,0.1285,1.0136,-0.11,0.32,0.33,136307,129191,125593
50750000,-34.6500,16.7475,7.0875,-0.0134,0.1229,1.0128,-0.12,0.32,0.33,136274,129122,125618
50770508,-41.2300,18.5150,9.1000,-0.0005,0.1194,1.0077,-0.12,0.32,0.33,136249,129027,125652
50790040,-42.8050,19.6525,10.5350,0.0167,0.1119,1.0028,-0.13,0.31,0.33,136218,128940,125653
50810544,-37.1525,20.3350,11.5850,0.0288,0.0993,1.0013,-0.14,0.31,0.33,136178,128853,125663
50830080,-29.7150,20.9825,12.3900,0.0332,0.0766,1.0024,-0.14,0.31,0.33,136135,128788,125683
50850584,-24.6225,20.5450,12.4075,0.0318,0.0622,1.0045,-0.14,0.31,0.33,136086,128745,125698
50870116,-19.1625,19.7225,12.0575,0.0322,0.0483,1.0054,-0.14,0.30,0.33,136045,128709,125703
50890624,-13.0200,18.4100,11.3400,0.0366,0.0349,1.0042,-0.15,0.30,0.33,136008,128674,125679
50910156,-5.6175,16.8700,10.1500,0.0388,0.0210,1.0021,-0.15,0.30,0.33,135971,128654,125666
50930664,5.7050,14.5075,8.5225,0.0332,0.0015,1.0006,-0.15,0.30,0.33,135936,128662,125653
50950196,15.9075,13.0900,7.5075,0.0281,-0.0077,1.0039,-0.14,0.29,0.33,135902,128710,125640
50970704,16.6075,12.2675,6.0725,0.0240,-0.0113,1.0061,-0.14,0.29,0.33,135861,128738,125603
50990232,9.3450,11.3225,4.1475,0.0232,-0.0134,1.0066,-0.14,0.29,0.33,135844,128736,125587
51010744,3.3425,9.7475,2.1000,0.0255,-0.0160,1.0067,-0.14,0.29,0.34,135834,128727,125552
51030272,2.0125,7.7000,0.5950,0.0298,-0.0193,1.0070,-0.14,0.29,0.34,135815,128741,125555
51060544,9.1000,3.7100,-0.8225,0.0378,-0.0272,1.0127,-0.14,0.29,0.34,135798,128759,125537
51080080,14.0700,1.5575,-0.8750,0.0412,-0.0300,1.0209,-0.14,0.29,0.34,135786,128787,125523
51100584,18.2000,-0.7525,-1.1200,0.0458,-0.0315,1.0314,-0.14,0.29,0.34,135773,128832,125527
51120116,21.8050,-3.5875,-1.3650,0.0512,-0.0322,1.0429,-0.13,0.29,0.34,135768,128884,125513
51140624,25.0425,-6.5450,-1.6800,0.0593,-0.0325,1.0546,-0.13,0.29,0.34,135770,128934,125479
