30143554,17.7625,-5.2675,-68.2325,-0.0451,0.0802,1.0020,-0.10,0.29,0.35,135801,129386,125333
30163084,10.3950,-5.0925,-67.0075,-0.0449,0.0974,0.9994,-0.10,0.29,0.35,135871,129433,125326
30183592,11.4975,-5.2850,-65.4675,-0.0466,0.1071,0.9983,-0.10,0.30,0.35,135935,129486,125337
30203124,16.3275,-5.5475,-63.6125,-0.0493,0.1135,0.9972,-0.09,0.30,0.35,135997,129545,125340
30223632,20.1950,-6.2475,-61.1275,-0.0516,0.1252,0.9948,-0.09,0.30,0.35,136059,129616,125339
30243164,19.5475,-6.5625,-59.4300,-0.0521,0.1357,0.9927,-0.09,0.31,0.35,136135,129664,125330
30263672,17.3600,-6.7900,-57.7325,-0.0537,0.1466,0.9914,-0.08,0.31,0.35,136199,129707,125329
30283204,15.4875,-6.9650,-55.7550,-0.0551,0.1562,0.9899,-0.08,0.32,0.35,136260,129752,125345
30303710,14.4025,-6.9650,-53.7950,-0.0555,0.1631,0.9875,-0.08,0.32,0.35,136312,129826,125358
30323242,14.5775,-6.7550,-51.8525,-0.0556,0.1671,0.9848,-0.07,0.32,0.35,136369,129858,125350
30343750,13.8250,-5.9675,-48.6150,-0.0562,0.1756,0.9810,-0.07,0.33,0.35,136424,129889,125338
30363280,12.8800,-5.1100,-46.2525,-0.0562,0.1851,0.9797,-0.07,0.33,0.35,136479,129921,125343
30382812,10.2375,-4.0950,-43.6625,-0.0560,0.1972,0.9781,-0.07,0.33,0.35,136505,129950,125362
30403320,4.8650,-2.8875,-40.8450,-0.0551,0.2091,0.9758,-0.07,0.33,0.35,136539,129978,125393
30422852,-0.6475,-1.6100,-38.0450,-0.0558,0.2181,0.9734,-0.07,0.34,0.35,136566,129974,125396
30443360,-2.5200,-0.4550,-35.5075,-0.0551,0.2240,0.9725,-0.07,0.34,0.35,136610,129970,125383
30462890,1.6800,0.4375,-32.7250,-0.0542,0.2296,0.9728,-0.07,0.34,0.35,136635,129972,125383
30483398,5.3375,0.6125,-31.6575,-0.0559,0.2323,0.9754,-0.07,0.34,0.35,136655,129998,125406
30502928,7.4725,0.3675,-30.9050,-0.0604,0.2379,0.9772,-0.06,0.34,0.35,136663,130026,125411
30523436,6.3700,0.0875,-30.0650,-0.0636,0.2489,0.9775,-0.06,0.34,0.35,136695,130036,125403
30542968,4.9175,-0.4025,-28.6300,-0.0669,0.2617,0.9776,-0.06,0.35,0.35,136728,130033,125397
30563476,-1.0850,-0.8225,-24.3950,-0.0733,0.2847,0.9765,-0.06,0.35,0.35,136752,130044,125395
30583008,-3.9900,-0.9975,-19.7575,-0.0775,0.3017,0.9770,-0.06,0.35,0.34,136763,130048,125434
30603516,-0.2975,-1.3825,-13.6500,-0.0793,0.3181,0.9784,-0.06,0.35,0.34,136766,130062,125429
30623046,1.8200,-1.2425,-6.9125,-0.0804,0.3384,0.9770,-0.06,0.35,0.34,136766,130070,125429
30643554,-1.6800,-0.2800,0.1575,-0.0821,0.3615,0.9756,-0.06,0.35,0.35,136769,130064,125403
30663084,-6.3700,0.9450,7.3850,-0.0842,0.3830,0.9767,-0.06,0.35,0.35,136762,130023,125412
30683592,-17.9725,2.5550,18.6375,-0.0882,0.4107,0.9811,-0.07,0.34,0.34,136717,129980,125429
30703124,-23.0475,2.7300,26.0925,-0.0925,0.4226,0.9859,-0.07,0.34,0.34,136672,129938,125453
30723632,-24.7100,2.1000,33.3725,-0.0976,0.4285,0.9916,-0.07,0.34,0.34,136635,129891,125473
30743164,-23.3450,0.8225,40.1100,-0.1037,0.4294,0.9975,-0.08,0.34,0.34,136605,129820,125454
30763672,-21.9275,-0.7175,46.4450,-0.1093,0.4282,1.0019,-0.08,0.33,0.34,136559,129762,125455
30783204,-21.1400,-2.3975,52.4125,-0.1144,0.4241,1.0044,-0.08,0.33,0.34,136502,129710,125473
30803710,-24.2200,-4.3050,60.9350,-0.1197,0.4210,1.0024,-0.09,0.33,0.34,136439,129656,125492
30823242,-25.4975,-4.9700,67.1825,-0.1225,0.4208,0.9980,-0.09,0.32,0.34,136393,129583,125507
30843750,-20.3175,-5.1625,74.1650,-0.1249,0.4198,0.9931,-0.09,0.32,0.34,136338,129524,125482
30863280,-12.0225,-4.6900,81.8300,-0.1285,0.4175,0.9882,-0.10,0.32,0.34,136267,129484,125457
30882812,-8.8025,-3.3075,90.0550,-0.1333,0.4192,0.9821,-0.10,0.31,0.34,136177,129453,125463
30903320,-13.8600,-1.1725,98.8750,-0.1371,0.4226,0.9761,-0.10,0.30,0.34,136059,129379,125474
30922852,-24.8850,2.2225,112.4375,-0.1462,0.4172,0.9715,-0.11,0.30,0.34,135958,129300,125453
30943360,-27.6675,3.9900,121.0825,-0.1540,0.4019,0.9670,-0.11,0.29,0.35,135820,129193,125419
30962890,-22.2600,5.6175,129.0625,-0.1630,0.3750,0.9614,-0.12,0.28,0.35,135681,129106,125408
30983398,-10.5700,7.3325,135.8700,-0.1712,0.3412,0.9572,-0.12,0.27,0.35,135511,129060,125405
31002928,-5.7400,9.8525,140.9800,-0.1774,0.3074,0.9531,-0.13,0.26,0.35,135330,129014,125380
31023436,-13.2475,14.0175,145.8100,-0.1847,0.2606,0.9501,-0.13,0.25,0.35,135137,128929,125361
31042968,-22.1200,16.5200,147.2450,-0.1882,0.2281,0.9489,-0.14,0.24,0.35,134943,128845,125354
31063476,-25.5325,18.2875,147.0875,-0.1925,0.1897,0.9527,-0.14,0.22,0.35,134734,128755,125347
31083008,-31.8850,18.7775,141.4000,-0.1901,0.1646,0.9557,-0.15,0.21,0.35,134541,128661,125384
31103516,-44.6075,15.0675,116.7775,-0.1808,0.1436,0.9542,-0.15,0.20,0.35,134396,128579,125416
31133788,0.2625,2.9575,72.9225,-0.1884,-0.0320,0.9743,-0.16,0.19,0.35,134249,128531,125385
31154296,-11.6025,1.4875,60.9525,-0.1846,-0.0766,0.9815,-0.16,0.19,0.35,134185,128494,125407
31173828,-30.8525,1.5400,53.7425,-0.1747,-0.1030,0.9939,-0.16,0.19,0.34,134125,128426,125442
31194336,-20.1950,1.2250,49.5775,-0.1596,-0.1293,1.0076,-0.16,0.18,0.34,134058,128387,125428
31213868,3.5000,1.2600,46.0250,-0.1405,-0.1540,1.0113,-0.16,0.18,0.35,133999,128414,125397
31234376,13.9125,2.0650,42.3325,-0.1200,-0.1710,1.0033,-0.16,0.18,0.35,133949,128429,125378
31253906,-9.5375,4.4800,36.1550,-0.0864,-0.1768,0.9825,-0.16,0.17,0.35,133899,128402,125405
31274414,-20.0375,5.4950,32.1125,-0.0642,-0.1784,0.9751,-0.17,0.17,0.34,133852,128350,125424
31293944,-14.9625,5.6875,27.7550,-0.0431,-0.1841,0.9751,-0.17,0.17,0.34,133803,128321,125420
31314452,-6.9825,5.5300,22.8025,-0.0244,-0.1881,0.9786,-0.17,0.16,0.34,133772,128317,125436
31333984,-4.7600,5.4075,17.3075,-0.0102,-0.1891,0.9836,-0.17,0.16,0.34,133741,128306,125445
31354492,-3.9550,5.5825,9.6425,-0.0016,-0.1889,0.9909,-0.17,0.16,0.34,133716,128307,125459
31374024,-2.6250,5.4600,5.4075,0.0044,-0.1853,1.0039,-0.17,0.16,0.34,133700,128300,125463
31394532,-2.0125,5.3725,1.6450,0.0063,-0.1798,1.0116,-0.17,0.16,0.34,133687,128281,125454
31414062,-3.1150,5.1975,-1.4525,0.0079,-0.1724,1.0180,-0.17,0.16,0.34,133667,128268,125461
31434570,-4.1475,4.9875,-4.0425,0.0095,-0.1664,1.0236,-0.17,0.16,0.34,133663,128267,125481
31454100,-2.2750,4.6025,-6.6325,0.0115,-0.1635,1.0287,-0.17,0.16,0.34,133666,128265,125481
31474608,3.9025,3.3600,-11.1650,0.0145,-0.1649,1.0350,-0.17,0.16,0.34,133673,128273,125470
31494140,8.0850,2.2225,-14.6125,0.0168,-0.1671,1.0374,-0.17,0.16,0.34,133686,128284,125466
31514648,11.6200,0.7350,-18.6025,0.0174,-0.1704,1.0388,-0.17,0.16,0.34,133708,128309,125439
31534180,14.0175,-1.0500,-23.2050,0.0163,-0.1747,1.0410,-0.17,0.16,0.34,133748,128336,125440
31554688,13.4400,-2.9400,-28.1400,0.0149,-0.1775,1.0429,-0.16,0.17,0.34,133794,128372,125445
31574218,11.6725,-4.8125,-33.3200,0.0132,-0.1796,1.0441,-0.16,0.17,0.34,133846,128382,125426
31594726,11.0775,-7.3150,-40.8625,0.0093,-0.1828,1.0444,-0.16,0.17,0.35,133918,128416,125395
31614256,11.0600,-8.6450,-45.7275,0.0068,-0.1832,1.0436,-0.16,0.18,0.35,133987,128420,125392
31633788,13.2300,-9.7125,-50.2425,0.0049,-0.1825,1.0419,-0.16,0.18,0.35,134070,128471,125383
31654296,17.1850,-10.6575,-54.3375,0.0027,-0.1803,1.0397,-0.16,0.19,0.35,134159,128502,125368
31673828,19.6350,-11.3925,-57.9775,0.0010,-0.1748,1.0370,-0.15,0.19,0.35,134250,128558,125365
31694336,18.7950,-11.8650,-61.1800,-0.0005,-0.1654,1.0339,-0.15,0.20,0.35,134357,128600,125341
31713868,14.8750,-12.4425,-65.6425,-0.0021,-0.1460,1.0294,-0.15,0.21,0.35,134448,128620,125354
31734376,14.2975,-12.7750,-68.1275,-0.0054,-0.1340,1.0277,-0.15,0.21,0.35,134555,128680,125346
31753906,14.2625,-12.9500,-70.2975,-0.0095,-0.1227,1.0268,-0.14,0.22,0.35,134656,128725,125355
31774414,15.7325,-13.2125,-72.2750,-0.0137,-0.1115,1.0257,-0.14,0.23,0.35,134765,128771,125344
31793944,21.8575,-13.7550,-73.9200,-0.0190,-0.1021,1.0250,-0.14,0.23,0.35,134879,128830,125316
31814452,30.7125,-15.0325,-75.8275,-0.0237,-0.0900,1.0236,-0.13,0.24,0.35,134987,128915,125296
31833984,27.7025,-15.6800,-76.9650,-0.0275,-0.0611,1.0185,-0.13,0.25,0.35,135089,129002,125304
31854492,18.8650,-15.9775,-77.8050,-0.0289,-0.0377,1.0139,-0.12,0.25,0.35,135205,129062,125314
31874024,11.8125,-16.1175,-78.0150,-0.0315,-0.0173,1.0114,-0.12,0.26,0.35,135315,129107,125305
31894532,14.9625,-16.3625,-77.8225,-0.0356,-0.0034,1.0116,-0.12,0.27,0.35,135429,129160,125306
31914062,24.7975,-16.9925,-77.1225,-0.0407,0.0073,1.0124,-0.11,0.27,0.35,135533,129258,125292
31934570,35.7350,-17.9025,-75.3550,-0.0477,0.0276,1.0126,-0.10,0.28,0.35,135637,129369,125274
31954100,36.9075,-18.4625,-73.8150,-0.0514,0.0464,1.0125,-0.10,0.28,0.35,135733,129470,125283
31974608,31.3600,-18.3575,-72.0300,-0.0539,0.0698,1.0105,-0.09,0.29,0.35,135842,129565,125273
31994140,23.3975,-18.1300,-69.9125,-0.0555,0.0944,1.0070,-0.09,0.30,0.35,135935,129622,125263
32014648,16.0475,-17.3600,-67.3050,-0.0558,0.1183,1.0028,-0.09,0.30,0.35,136027,129670,125271
32034180,8.8725,-16.4850,-64.4175,-0.0553,0.1408,0.9989,-0.08,0.31,0.35,136098,129711,125316
32054688,3.9375,-15.1200,-59.2550,-0.0554,0.1688,0.9959,-0.08,0.31,0.35,136180,129758,125353
32074218,5.2850,-14.4200,-55.4575,-0.0536,0.1840,0.9936,-0.08,0.32,0.35,136254,129789,125349
32094726,9.0475,-13.8775,-51.4500,-0.0512,0.1951,0.9911,-0.08,0.32,0.35,136342,129820,125347
32114256,12.1625,-13.5975,-47.3725,-0.0495,0.2033,0.9881,-0.07,0.32,0.35,136393,129874,125363
32144532,10.6925,-12.6350,-42.0875,-0.0461,0.2118,0.9815,-0.07,0.33,0.35,136476,129918,125378
32164062,3.5525,-11.8300,-38.1675,-0.0429,0.2157,0.9782,-0.07,0.33,0.35,136531,129940,125396
32184570,-1.0850,-10.9900,-36.2425,-0.0360,0.2227,0.9720,-0.07,0.34,0.35,136569,129961,125413
32204100,-2.9050,-10.0800,-34.2300,-0.0316,0.2281,0.9677,-0.07,0.34,0.34,136618,129986,125453
32224608,-4.0600,-9.2050,-32.3050,-0.0284,0.2344,0.9651,-0.07,0.34,0.34,136654,129961,125460
32244140,-8.4175,-8.2425,-30.5375,-0.0251,0.2414,0.9633,-0.07,0.34,0.34,136702,129937,125473
32264648,-12.2325,-7.2450,-28.8050,-0.0226,0.2462,0.9626,-0.07,0.35,0.34,136736,129921,125491
32284180,-13.3525,-5.8625,-26.2675,-0.0205,0.2464,0.9638,-0.07,0.35,0.34,136758,129917,125535
32304688,-13.7025,-4.9175,-24.7975,-0.0196,0.2472,0.9636,-0.07,0.35,0.34,136775,129901,125577
32324218,-12.7400,-4.0075,-22.9950,-0.0179,0.2513,0.9625,-0.07,0.35,0.34,136815,129878,125581
32344726,-16.2400,-2.8875,-21.1400,-0.0157,0.2603,0.9610,-0.08,0.35,0.33,136847,129832,125602
32364256,-23.9575,-1.5575,-18.8650,-0.0143,0.2718,0.9582,-0.08,0.35,0.33,136861,129784,125623
32383788,-27.1950,-0.2800,-16.1350,-0.0146,0.2807,0.9564,-0.08,0.35,0.33,136863,129748,125671
32404296,-30.3275,1.7150,-11.1125,-0.0159,0.2930,0.9564,-0.08,0.35,0.33,136865,129693,125696
32423828,-31.5525,3.0625,-7.1575,-0.0178,0.3002,0.9595,-0.09,0.35,0.33,136866,129622,125731
32444336,-32.5500,4.1475,-2.4500,-0.0192,0.3084,0.9637,-0.09,0.35,0.33,136870,129536,125732
32463868,-35.7000,5.0925,2.5200,-0.0195,0.3166,0.9682,-0.10,0.35,0.32,136852,129459,125760
32484376,-39.9175,5.7750,7.8575,-0.0200,0.3224,0.9742,-0.10,0.35,0.32,136816,129377,125805
32503906,-45.3425,6.2125,13.6325,-0.0205,0.3270,0.9799,-0.11,0.35,0.32,136784,129295,125860
32524414,-48.4050,6.0725,23.3100,-0.0212,0.3316,0.9867,-0.12,0.35,0.32,136751,129181,125884
32543944,-45.1325,5.2500,30.5375,-0.0231,0.3316,0.9910,-0.12,0.34,0.32,136710,129070,125894
32564452,-43.5925,4.2175,37.9750,-0.0254,0.3305,0.9952,-0.13,0.34,0.31,136655,128965,125923
32583984,-44.1525,3.0450,45.8150,-0.0289,0.3298,0.9989,-0.13,0.34,0.31,136592,128878,125969
32604492,-46.2350,1.6975,53.9875,-0.0338,0.3304,1.0028,-0.14,0.33,0.31,136509,128776,126006
32624024,-40.4950,-1.0850,66.9900,-0.0409,0.3309,1.0063,-0.15,0.33,0.31,136442,128656,126041
32644532,-30.2575,-2.8875,76.1775,-0.0536,0.3287,1.0087,-0.15,0.32,0.31,136367,128554,126031
32664062,-19.8275,-4.1475,85.6625,-0.0643,0.3270,1.0086,-0.16,0.32,0.31,136257,128475,126025
32684570,-16.3275,-4.6375,95.2875,-0.0755,0.3281,1.0070,-0.16,0.31,0.31,136127,128412,126040
32704100,-17.5000,-4.4450,105.0525,-0.0883,0.3305,1.0038,-0.17,0.30,0.31,135998,128339,126032
32724608,-16.6600,-3.9550,115.0450,-0.1025,0.3301,1.0005,-0.17,0.29,0.31,135852,128246,126008
32744140,-11.2875,-2.4150,129.9725,-0.1222,0.3168,0.9927,-0.18,0.28,0.31,135689,128164,125980
32764648,-4.3400,-0.9450,139.4050,-0.1375,0.2916,0.9853,-0.18,0.27,0.31,135487,128105,125947
32784180,3.8850,0.9275,147.6650,-0.1547,0.2535,0.9754,-0.18,0.26,0.31,135286,128086,125913
32804688,13.5100,3.5700,154.2450,-0.1715,0.2024,0.9666,-0.18,0.24,0.32,135045,128076,125848
32824218,25.7950,6.7375,158.6025,-0.1864,0.1376,0.9629,-0.18,0.23,0.32,134806,128083,125779
32844726,18.8125,12.3900,159.0400,-0.1996,0.0693,0.9631,-0.18,0.21,0.33,134551,128074,125715
32864256,-1.8550,15.4175,155.3825,-0.2134,-0.0124,0.9642,-0.19,0.20,0.33,134298,128036,125710
32883788,-14.0875,16.7125,148.8375,-0.2117,-0.0542,0.9651,-0.19,0.18,0.33,134056,128000,125734
32904296,-40.2150,18.0075,126.0000,-0.1900,-0.0520,0.9592,-0.19,0.17,0.32,133877,127905,125793
32923828,-37.5200,16.0125,87.2375,-0.1770,-0.1229,0.9595,-0.20,0.16,0.32,133738,127846,125808
32944336,-10.8850,12.5825,63.3500,-0.1881,-0.2416,0.9645,-0.20,0.16,0.32,133634,127790,125819
32963868,-23.5025,10.5350,45.6925,-0.1826,-0.3045,0.9687,-0.20,0.15,0.32,133554,127754,125847
32984376,-10.9025,7.6125,32.8300,-0.1652,-0.3542,0.9961,-0.20,0.15,0.32,133500,127739,125872
33003906,2.6075,6.4050,28.5425,-0.1436,-0.3584,1.0042,-0.20,0.14,0.32,133447,127756,125860
33024414,-0.8750,6.4575,24.3775,-0.1220,-0.3543,1.0002,-0.20,0.14,0.32,133405,127738,125868
33043944,-13.3875,6.6675,20.6325,-0.1015,-0.3490,0.9894,-0.21,0.14,0.32,133361,127690,125887
33064452,-25.0250,7.0175,17.5525,-0.0810,-0.3405,0.9806,-0.21,0.14,0.31,133320,127631,125943
33083984,-18.1475,6.4050,14.6475,-0.0604,-0.3300,0.9806,-0.21,0.14,0.31,133291,127610,125960
33104492,-1.6450,5.8975,13.1600,-0.0376,-0.3192,0.9931,-0.21,0.13,0.31,133266,127627,125980
33124024,7.1400,5.8800,11.4975,-0.0303,-0.3113,1.0024,-0.21,0.13,0.31,133235,127619,125977
33154296,-2.9225,6.8600,8.2250,-0.0266,-0.2921,1.0127,-0.21,0.13,0.31,133186,127608,125973
33173828,-7.9800,7.2800,5.5300,-0.0271,-0.2805,1.0191,-0.21,0.13,0.31,133166,127608,125979
33194336,-1.1025,6.5625,0.7000,-0.0281,-0.2733,1.0247,-0.21,0.13,0.31,133150,127591,125998
33213868,4.3050,5.5650,-3.0450,-0.0288,-0.2689,1.0302,-0.21,0.13,0.31,133141,127588,125984
33234376,5.5825,4.6025,-6.8950,-0.0295,-0.2669,1.0316,-0.21,0.13,0.31,133143,127609,126014
33253906,4.4800,3.7800,-10.4300,-0.0305,-0.2655,1.0324,-0.21,0.13,0.31,133155,127631,125998
33274414,4.5675,3.0625,-13.6500,-0.0309,-0.2650,1.0333,-0.21,0.13,0.31,133161,127624,125976
33293944,6.8075,2.3275,-16.8000,-0.0314,-0.2677,1.0350,-0.21,0.13,0.31,133189,127626,125966
33314452,9.9750,1.1200,-22.2075,-0.0327,-0.2760,1.0380,-0.21,0.13,0.31,133215,127647,125954
33333984,11.9525,0.0875,-26.4425,-0.0338,-0.2823,1.0397,-0.21,0.13,0.31,133253,127674,125955
33354492,14.1050,-1.1375,-31.4475,-0.0359,-0.2896,1.0409,-0.21,0.14,0.31,133304,127705,125935
33374024,14.6650,-2.3625,-36.9950,-0.0381,-0.2956,1.0413,-0.20,0.14,0.31,133360,127730,125926
33394532,14.7700,-3.5875,-42.9800,-0.0406,-0.2993,1.0407,-0.20,0.14,0.32,133440,127736,125884
33414062,16.5725,-4.7775,-48.7025,-0.0439,-0.3013,1.0394,-0.20,0.15,0.32,133524,127762,125868
33434570,21.7000,-6.4050,-56.3325,-0.0510,-0.3013,1.0364,-0.20,0.16,0.32,133614,127816,125860
33454100,24.0625,-7.4200,-60.7775,-0.0575,-0.2987,1.0346,-0.20,0.16,0.32,133722,127872,125828
33474608,25.4975,-8.3475,-64.8025,-0.0633,-0.2930,1.0326,-0.19,0.17,0.32,133832,127905,125788
33494140,29.3825,-9.3100,-68.4075,-0.0687,-0.2858,1.0298,-0.19,0.18,0.32,133940,127965,125751
33514648,32.6550,-10.3075,-71.8200,-0.0739,-0.2758,1.0255,-0.18,0.18,0.33,134062,128046,125718
33534180,34.1075,-11.1475,-75.1100,-0.0793,-0.2630,1.0209,-0.18,0.19,0.33,134184,128123,125690
33554688,30.9400,-12.0050,-79.5900,-0.0871,-0.2378,1.0144,-0.18,0.20,0.33,134320,128200,125667
33574216,25.3925,-12.2500,-82.3375,-0.0909,-0.2170,1.0106,-0.17,0.21,0.33,134439,128244,125641
33594728,19.4775,-12.0575,-84.6125,-0.0937,-0.1962,1.0071,-0.17,0.21,0.33,134582,128288,125614
33614256,19.3375,-11.9350,-86.3625,-0.0978,-0.1790,1.0043,-0.17,0.22,0.33,134708,128355,125623
33633788,23.1350,-11.8125,-87.7275,-0.1021,-0.1637,1.0017,-0.16,0.23,0.33,134835,128431,125607
33654296,28.4900,-11.7775,-88.7950,-0.1061,-0.1474,0.9992,-0.16,0.24,0.33,134967,128521,125593
33673828,28.0350,-11.7600,-89.0925,-0.1089,-0.1169,0.9967,-0.15,0.25,0.34,135098,128586,125578
33694336,24.2375,-11.3225,-88.6550,-0.1093,-0.0930,0.9945,-0.15,0.25,0.34,135222,128643,125553
33713868,21.8925,-10.7800,-87.3600,-0.1108,-0.0714,0.9932,-0.14,0.26,0.34,135336,128730,125559
33734376,24.7625,-10.4650,-85.4875,-0.1132,-0.0537,0.9938,-0.14,0.27,0.34,135449,128815,125541
33753904,28.4375,-10.2900,-82.9675,-0.1148,-0.0375,0.9941,-0.13,0.27,0.34,135550,128904,125545
33774416,34.1600,-10.2725,-78.4175,-0.1147,-0.0153,0.9916,-0.13,0.28,0.34,135659,129012,125515
33793944,34.0025,-10.2025,-75.2675,-0.1143,-0.0020,0.9894,-0.12,0.29,0.34,135756,129087,125498
33814452,27.2300,-9.9750,-72.5725,-0.1135,0.0124,0.9858,-0.12,0.29,0.34,135847,129165,125471
33833984,22.1375,-9.3800,-69.8250,-0.1110,0.0267,0.9819,-0.11,0.30,0.34,135927,129246,125495
33854492,22.0675,-8.8375,-66.7800,-0.1085,0.0422,0.9786,-0.11,0.30,0.34,136009,129311,125498
33874024,20.8075,-8.2950,-63.8400,-0.1058,0.0601,0.9762,-0.10,0.31,0.34,136088,129362,125499
33894532,7.7350,-6.7725,-59.6400,-0.1007,0.0871,0.9745,-0.10,0.31,0.34,136156,129376,125507
33914064,0.4025,-5.5125,-56.6300,-0.0959,0.1036,0.9737,-0.10,0.31,0.34,136226,129410,125530
33934568,0.0875,-4.4800,-53.2000,-0.0919,0.1165,0.9745,-0.10,0.32,0.34,136268,129443,125555
33954100,-0.2275,-3.4825,-49.7525,-0.0891,0.1299,0.9764,-0.10,0.32,0.34,136319,129449,125568
33974608,-4.2175,-2.3800,-45.9025,-0.0859,0.1455,0.9787,-0.10,0.32,0.33,136368,129425,125586
33994140,-6.4925,-1.1900,-41.6325,-0.0832,0.1598,0.9823,-0.10,0.33,0.33,136406,129427,125594
34014648,-2.1000,-0.2450,-34.7375,-0.0816,0.1739,0.9884,-0.10,0.33,0.33,136430,129432,125621
34034180,0.3675,0.0700,-30.2400,-0.0804,0.1793,0.9913,-0.10,0.33,0.33,136440,129461,125625
34054688,0.6475,0.3850,-26.2325,-0.0788,0.1829,0.9928,-0.10,0.33,0.33,136464,129460,125644
34074216,-1.2950,0.5250,-22.6975,-0.0776,0.1875,0.9926,-0.10,0.33,0.33,136480,129453,125653
34094728,0.0000,0.5075,-19.4600,-0.0777,0.1906,0.9938,-0.10,0.33,0.33,136505,129453,125640
34114256,1.7150,0.0175,-15.8550,-0.0795,0.1923,0.9958,-0.10,0.33,0.33,136516,129461,125646
34133788,2.1000,-0.3500,-14.1925,-0.0803,0.1937,0.9964,-0.10,0.33,0.33,136519,129471,125671
34164064,4.4275,-1.0850,-12.2500,-0.0822,0.1918,0.9964,-0.10,0.33,0.33,136539,129476,125647
34184568,1.7325,-1.3825,-11.0425,-0.0842,0.1928,0.9960,-0.10,0.33,0.33,136550,129488,125683
34204100,-2.2225,-1.5575,-9.9225,-0.0863,0.1950,0.9965,-0.10,0.33,0.33,136550,129488,125696
34224608,-5.4600,-1.6625,-7.7700,-0.0872,0.1981,0.9975,-0.10,0.34,0.33,136573,129471,125671
34244140,-4.5325,-2.1875,-5.9675,-0.0877,0.2012,0.9992,-0.10,0.34,0.33,136586,129453,125672
34264648,-2.2575,-2.4500,-3.7975,-0.0870,0.2052,0.9993,-0.10,0.34,0.33,136585,129449,125690
34284180,-2.2750,-2.4325,-0.8750,-0.0852,0.2144,0.9991,-0.10,0.34,0.33,136585,129467,125708
34304688,-8.2075,-1.9950,2.9400,-0.0832,0.2296,0.9991,-0.10,0.34,0.33,136587,129436,125715
34324216,-15.2775,-1.5575,7.8575,-0.0820,0.2455,1.0010,-0.10,0.34,0.33,136588,129400,125718
34344728,-22.9775,-1.0150,16.9750,-0.0815,0.2674,1.0082,-0.11,0.34,0.33,136574,129333,125727
34364256,-27.1775,-0.8225,24.4475,-0.0826,0.2811,1.0155,-0.11,0.33,0.32,136543,129280,125750
34383788,-30.2225,-1.0150,32.6550,-0.0864,0.2922,1.0237,-0.11,0.33,0.32,136498,129215,125788
34404296,-28.6825,-1.6625,41.4925,-0.0913,0.3009,1.0310,-0.12,0.33,0.32,136447,129157,125801
34423828,-29.7500,-2.3800,50.7150,-0.0955,0.3110,1.0343,-0.12,0.33,0.32,136400,129069,125807
34444336,-29.5575,-3.5525,60.1825,-0.0998,0.3188,1.0349,-0.13,0.32,0.32,136343,128983,125821
34463868,-21.6650,-5.5125,74.7425,-0.1052,0.3213,1.0342,-0.13,0.32,0.32,136263,128922,125812
34484376,-18.0600,-6.4225,84.1750,-0.1153,0.3198,1.0307,-0.14,0.31,0.32,136173,128860,125839
34503904,-21.4375,-6.9125,93.1175,-0.1229,0.3195,1.0265,-0.14,0.30,0.32,136067,128783,125836
34524416,-26.7750,-7.3850,101.6400,-0.1309,0.3183,1.0205,-0.15,0.30,0.32,135974,128681,125831
34543944,-31.0625,-7.6475,110.1975,-0.1392,0.3159,1.0131,-0.15,0.29,0.32,135858,128572,125825
34564452,-31.0625,-7.8050,118.4575,-0.1481,0.3093,1.0045,-0.16,0.28,0.32,135718,128468,125847
34583984,-25.8125,-7.4375,130.5675,-0.1608,0.2879,0.9888,-0.16,0.27,0.32,135564,128382,125856
34604492,-16.8175,-7.0875,137.7425,-0.1707,0.2630,0.9775,-0.17,0.26,0.32,135394,128296,125838
34624024,-10.2375,-5.5825,144.2350,-0.1791,0.2369,0.9644,-0.17,0.25,0.32,135222,128237,125824
34644532,-3.0100,-3.5350,149.6075,-0.1871,0.2061,0.9526,-0.18,0.24,0.32,135018,128177,125799
34664064,-4.3050,-0.8400,153.0200,-0.1964,0.1688,0.9448,-0.18,0.23,0.32,134811,128114,125780
34684568,-20.7200,2.2575,153.7025,-0.2067,0.1337,0.9384,-0.19,0.21,0.32,134577,128034,125817
34704100,-36.9950,5.3900,150.8675,-0.2147,0.0827,0.9366,-0.19,0.20,0.32,134366,127929,125858
34724608,-47.7925,8.2250,130.2525,-0.2063,0.0631,0.9376,-0.20,0.19,0.32,134177,127813,125887
34744140,-21.3850,8.3650,103.6000,-0.2084,-0.0251,0.9403,-0.20,0.18,0.32,134019,127784,125876
34764648,7.7000,7.7700,85.9425,-0.2107,-0.1185,0.9448,-0.20,0.17,0.32,133883,127779,125872
34784180,-17.4475,8.3300,74.0600,-0.2103,-0.1688,0.9547,-0.21,0.16,0.31,133765,127710,125926
34804688,-38.4125,8.9950,65.3625,-0.1976,-0.2179,0.9805,-0.21,0.16,0.31,133658,127643,125964
34824216,-7.0875,8.4700,62.6325,-0.1823,-0.2469,0.9916,-0.21,0.15,0.31,133544,127640,125947
34844728,8.2950,8.5575,59.6225,-0.1638,-0.2650,0.9891,-0.21,0.14,0.31,133432,127648,125929
34864256,-1.8200,9.6075,56.1225,-0.1444,-0.2774,0.9797,-0.21,0.14,0.31,133317,127644,125937
34883788,-9.7475,9.7125,52.1150,-0.1257,-0.2923,0.9722,-0.21,0.13,0.31,133243,127642,125952
34904296,-9.8000,9.0125,46.8300,-0.1072,-0.3085,0.9675,-0.21,0.13,0.31,133158,127637,125969
34923828,-6.8075,6.8950,35.2625,-0.0886,-0.3233,0.9656,-0.21,0.12,0.31,133097,127625,125985
34944336,-4.0250,5.7050,26.4950,-0.0659,-0.3404,0.9683,-0.21,0.12,0.31,133043,127602,125974
34963868,-2.9050,4.8300,18.9000,-0.0578,-0.3487,0.9745,-0.21,0.12,0.31,133012,127603,125972
34984376,-3.9725,4.4100,13.0025,-0.0537,-0.3526,0.9843,-0.21,0.12,0.31,132990,127612,125994
35003904,-2.4500,3.8675,8.3825,-0.0511,-0.3543,0.9963,-0.21,0.12,0.31,132973,127606,125989
35024416,1.8900,3.4650,4.3225,-0.0476,-0.3534,1.0065,-0.21,0.12,0.31,132961,127607,125977
35043944,3.6400,2.7475,-1.4700,-0.0386,-0.3447,1.0154,-0.21,0.12,0.31,132959,127606,125979
35064452,4.9175,1.9950,-5.2675,-0.0323,-0.3379,1.0200,-0.21,0.12,0.31,132959,127625,125967
35083984,8.4000,1.2775,-8.7675,-0.0278,-0.3311,1.0242,-0.21,0.12,0.31,132967,127656,125971
35104492,10.1150,0.4900,-12.0225,-0.0251,-0.3235,1.0277,-0.21,0.12,0.31,132989,127658,125963
35124024,10.7275,-0.2625,-15.1550,-0.0245,-0.3165,1.0314,-0.21,0.12,0.31,133014,127683,125933
35164064,21.3850,-2.8700,-23.3450,-0.0298,-0.3065,1.0402,-0.20,0.12,0.32,133078,127734,125879
35183592,21.4900,-4.1475,-27.3350,-0.0329,-0.3026,1.0409,-0.20,0.13,0.32,133126,127779,125859
35203124,18.7425,-5.1625,-31.4475,-0.0361,-0.2982,1.0413,-0.20,0.13,0.32,133180,127821,125830
35223632,18.9875,-6.4050,-35.6475,-0.0392,-0.2949,1.0427,-0.20,0.13,0.32,133250,127849,125801
35243164,21.2625,-7.7700,-39.6550,-0.0416,-0.2916,1.0438,-0.20,0.14,0.32,133329,127871,125762
35263672,22.9600,-9.0650,-43.4875,-0.0443,-0.2866,1.0440,-0.19,0.14,0.33,133410,127924,125729
35283204,22.6450,-10.6925,-48.7375,-0.0482,-0.2767,1.0419,-0.19,0.15,0.33,133499,127974,125705
35303712,23.7125,-11.7775,-51.9750,-0.0510,-0.2693,1.0394,-0.19,0.15,0.33,133595,128030,125687
35323240,24.6225,-12.6175,-55.0375,-0.0537,-0.2610,1.0357,-0.18,0.16,0.33,133698,128069,125643
35343752,21.3500,-13.2300,-57.9950,-0.0556,-0.2510,1.0304,-0.18,0.17,0.33,133803,128095,125617
35363280,17.2550,-13.4750,-61.0050,-0.0571,-0.2399,1.0253,-0.18,0.17,0.33,133904,128139,125612
35382812,17.5350,-13.6850,-63.6300,-0.0587,-0.2286,1.0216,-0.18,0.18,0.33,134022,128185,125588
35403320,28.2450,-14.5075,-66.8325,-0.0623,-0.2133,1.0193,-0.17,0.19,0.34,134140,128264,125565
35422852,32.7250,-15.1375,-68.6350,-0.0649,-0.2006,1.0172,-0.17,0.19,0.34,134259,128327,125532
35443360,28.8400,-15.2425,-70.2450,-0.0676,-0.1837,1.0131,-0.16,0.20,0.34,134378,128387,125495
35462888,22.7325,-15.1025,-71.6275,-0.0699,-0.1649,1.0092,-0.16,0.21,0.34,134491,128446,125491
35483400,21.4025,-14.9450,-72.5200,-0.0722,-0.1481,1.0065,-0.16,0.22,0.34,134610,128526,125488
35502928,23.9575,-14.8750,-73.2025,-0.0744,-0.1344,1.0050,-0.15,0.22,0.34,134725,128597,125465
35523436,26.3550,-14.6825,-73.8150,-0.0764,-0.1155,1.0025,-0.15,0.23,0.34,134842,128665,125454
35542968,26.9500,-14.4900,-74.2350,-0.0778,-0.1035,1.0003,-0.14,0.24,0.34,134954,128731,125427
35563476,26.8625,-14.2625,-74.5150,-0.0794,-0.0889,0.9977,-0.14,0.24,0.35,135057,128816,125407
35583008,27.3000,-14.0350,-74.6550,-0.0795,-0.0725,0.9954,-0.13,0.25,0.34,135168,128910,125422
35603516,25.6375,-13.6500,-74.5675,-0.0793,-0.0565,0.9931,-0.13,0.26,0.35,135258,128982,125411
35623048,23.7300,-13.0550,-74.2000,-0.0802,-0.0433,0.9909,-0.12,0.26,0.35,135362,129050,125395
35643552,24.8150,-12.6350,-73.8675,-0.0808,-0.0246,0.9865,-0.12,0.27,0.35,135459,129114,125382
35663084,27.1600,-12.1625,-73.2900,-0.0803,-0.0106,0.9845,-0.11,0.27,0.35,135558,129209,125367
35683592,27.6675,-11.7250,-72.5375,-0.0798,0.0059,0.9845,-0.11,0.28,0.35,135643,129297,125392
35703124,25.0775,-11.1650,-71.7850,-0.0793,0.0248,0.9842,-0.10,0.28,0.35,135722,129365,125389
35723632,20.7550,-10.3425,-70.9800,-0.0783,0.0425,0.9830,-0.10,0.29,0.35,135821,129442,125382
35743164,17.6925,-9.2225,-69.5275,-0.0773,0.0619,0.9786,-0.10,0.29,0.35,135894,129479,125372
35763672,18.5675,-8.4875,-68.3550,-0.0776,0.0721,0.9742,-0.09,0.30,0.35,135975,129546,125389
35783204,18.5675,-7.6475,-67.1825,-0.0771,0.0844,0.9699,-0.09,0.30,0.35,136034,129612,125391
35803712,15.5225,-6.9300,-66.2375,-0.0758,0.0983,0.9667,-0.09,0.31,0.35,136098,129668,125411
35823240,10.6575,-6.0025,-65.3275,-0.0745,0.1122,0.9643,-0.08,0.31,0.35,136164,129699,125407
35843752,9.6075,-5.2325,-63.5600,-0.0745,0.1230,0.9631,-0.08,0.32,0.35,136244,129731,125412
35863280,14.4550,-4.2525,-62.0375,-0.0754,0.1370,0.9617,-0.08,0.32,0.35,136294,129789,125414
35882812,15.1025,-3.6400,-60.5150,-0.0758,0.1496,0.9592,-0.08,0.32,0.34,136346,129832,125444
35903320,10.3600,-2.7125,-58.8700,-0.0752,0.1656,0.9559,-0.07,0.32,0.34,136393,129872,125456
35922852,3.3600,-1.5225,-56.9625,-0.0750,0.1820,0.9540,-0.07,0.33,0.34,136439,129893,125470
35943360,-2.0125,-0.4025,-55.0025,-0.0760,0.1965,0.9542,-0.07,0.33,0.34,136505,129889,125463
35962888,-3.1325,0.4550,-53.0250,-0.0764,0.2073,0.9556,-0.07,0.33,0.34,136532,129905,125486
35983400,-0.5775,1.5050,-49.9800,-0.0755,0.2212,0.9566,-0.07,0.34,0.34,136572,129930,125513
36002928,0.8925,2.1700,-47.4425,-0.0749,0.2323,0.9577,-0.07,0.34,0.34,136606,129948,125526
36023436,1.1550,2.6950,-44.6775,-0.0744,0.2461,0.9593,-0.07,0.34,0.34,136649,129948,125518
36042968,-0.5600,3.2200,-41.5450,-0.0727,0.2603,0.9598,-0.07,0.34,0.34,136680,129960,125515
36063476,-1.8550,3.6225,-38.1150,-0.0714,0.2713,0.9604,-0.07,0.34,0.34,136703,129980,125523
36083008,2.8350,4.0425,-32.0950,-0.0717,0.2793,0.9623,-0.07,0.34,0.34,136712,130004,125526
36103516,6.6850,4.2350,-27.3700,-0.0736,0.2915,0.9684,-0.06,0.35,0.34,136726,130043,125532
36123048,7.0700,4.5500,-22.0675,-0.0753,0.3015,0.9731,-0.06,0.35,0.34,136733,130058,125528
36143552,3.5000,4.8125,-16.0300,-0.0773,0.3117,0.9769,-0.06,0.35,0.34,136752,130059,125482
36173828,-4.3050,4.7075,-4.6200,-0.0800,0.3272,0.9808,-0.06,0.35,0.34,136728,130044,125497
36194336,-6.9300,3.9900,8.4175,-0.0825,0.3434,0.9854,-0.06,0.34,0.34,136720,130011,125483
36213868,-6.4575,3.6750,16.9225,-0.0844,0.3544,0.9902,-0.07,0.34,0.34,136688,129996,125489
36234376,-8.2425,3.2200,24.5175,-0.0860,0.3654,0.9960,-0.07,0.34,0.34,136639,129978,125494
36253904,-14.7000,2.7300,31.2375,-0.0869,0.3769,1.0010,-0.07,0.34,0.34,136602,129931,125514
36274416,-23.5025,1.8375,37.6425,-0.0886,0.3861,1.0054,-0.07,0.34,0.34,136567,129858,125506
36293944,-28.1750,0.2625,43.7500,-0.0921,0.3914,1.0106,-0.08,0.33,0.34,136532,129784,125506
36314452,-26.5475,-2.8000,52.9725,-0.0975,0.3960,1.0175,-0.08,0.33,0.34,136470,129706,125528
36333984,-23.8700,-4.6900,59.5875,-0.1005,0.4003,1.0199,-0.09,0.33,0.34,136419,129657,125545
36354492,-21.0350,-6.0375,66.7450,-0.1048,0.4043,1.0208,-0.09,0.32,0.34,136360,129592,125550
36374024,-18.3575,-6.8775,74.1125,-0.1088,0.4077,1.0200,-0.09,0.32,0.34,136309,129529,125533
36394532,-17.1150,-7.2100,81.6200,-0.1135,0.4099,1.0194,-0.10,0.32,0.34,136249,129454,125519
36414064,-17.7800,-7.1750,89.1100,-0.1213,0.4081,1.0207,-0.10,0.31,0.34,136160,129395,125519
36434568,-17.9025,-6.8075,100.0825,-0.1352,0.3971,1.0233,-0.11,0.30,0.34,136069,129347,125527
36454100,-14.3325,-6.3700,107.0125,-0.1444,0.3860,1.0228,-0.11,0.30,0.34,135977,129294,125518
36474608,-12.9675,-5.7575,113.5050,-0.1520,0.3744,1.0185,-0.11,0.29,0.34,135880,129206,125485
36494140,-14.1575,-4.9700,119.3150,-0.1581,0.3615,1.0100,-0.12,0.29,0.34,135767,129126,125449
36514648,-14.5250,-4.0600,124.4075,-0.1627,0.3470,0.9994,-0.12,0.28,0.34,135643,129060,125455
36534180,-19.4425,-1.9950,131.0050,-0.1717,0.3215,0.9822,-0.13,0.27,0.34,135507,128985,125457
36554688,-20.5275,-0.4550,134.9950,-0.1780,0.2990,0.9739,-0.13,0.26,0.34,135359,128911,125452
36574216,-15.5575,1.3825,138.4250,-0.1847,0.2711,0.9675,-0.14,0.25,0.34,135213,128821,125422
36594728,-10.6050,3.2025,140.6825,-0.1917,0.2395,0.9614,-0.14,0.24,0.35,135030,128759,125396
36614256,-10.3425,5.2850,141.4875,-0.1989,0.2031,0.9583,-0.15,0.23,0.35,134852,128691,125381
36633788,-18.0775,7.4200,140.9100,-0.2037,0.1671,0.9560,-0.15,0.22,0.35,134676,128623,125408
36654296,-27.4750,9.5200,137.7250,-0.2054,0.1155,0.9512,-0.15,0.21,0.34,134476,128542,125425
36673828,-22.1550,10.1850,134.5575,-0.2057,0.0771,0.9501,-0.16,0.20,0.35,134289,128470,125415
36694336,-15.7675,10.9550,130.2700,-0.2025,0.0373,0.9499,-0.16,0.18,0.35,134088,128411,125396
36713868,-19.6525,11.6200,121.0650,-0.1911,0.0115,0.9489,-0.17,0.17,0.34,133919,128354,125432
36734376,-28.0875,11.5675,94.2200,-0.1702,-0.0176,0.9492,-0.17,0.17,0.34,133791,128316,125442
36753904,-1.5925,9.1525,73.0800,-0.1674,-0.1020,0.9547,-0.17,0.16,0.34,133697,128340,125429
36774416,-8.7675,7.9800,54.6525,-0.1526,-0.1735,0.9566,-0.17,0.15,0.34,133609,128300,125422
36793944,-26.8800,8.7150,46.6900,-0.1377,-0.2015,0.9689,-0.17,0.15,0.34,133534,128225,125450
36814452,-19.3375,8.9425,41.3525,-0.1200,-0.2286,0.9834,-0.17,0.15,0.34,133463,128222,125461
36833984,-2.3450,9.3100,36.3125,-0.1026,-0.2521,0.9917,-0.17,0.14,0.34,133400,128236,125466
36854492,3.5525,9.8525,30.8875,-0.0881,-0.2718,0.9921,-0.17,0.14,0.34,133340,128244,125456
36874024,0.4900,10.5000,25.0425,-0.0730,-0.2868,0.9894,-0.17,0.14,0.34,133291,128230,125464
36894532,-4.8825,10.5350,15.5750,-0.0479,-0.2989,0.9839,-0.17,0.13,0.34,133247,128216,125477
36914064,-4.0425,10.0800,9.1000,-0.0305,-0.3023,0.9810,-0.17,0.13,0.34,133219,128207,125484
36934568,-3.3775,9.4850,2.7825,-0.0150,-0.3020,0.9801,-0.18,0.13,0.34,133206,128203,125497
36954100,-6.0200,9.1000,-3.0975,-0.0021,-0.2968,0.9836,-0.18,0.13,0.34,133192,128182,125527
36974608,-7.0700,8.7150,-8.4700,0.0067,-0.2911,0.9916,-0.18,0.13,0.34,133187,128163,125513
36994140,0.4200,8.2600,-14.8225,0.0117,-0.2847,1.0075,-0.18,0.13,0.34,133179,128153,125526
37014648,5.2500,7.8925,-18.4100,0.0121,-0.2783,1.0178,-0.18,0.13,0.34,133191,128161,125531
37034180,2.8700,7.8400,-21.8225,0.0124,-0.2673,1.0269,-0.18,0.13,0.34,133203,128172,125550
37054688,0.6825,7.3675,-25.1125,0.0127,-0.2571,1.0350,-0.18,0.13,0.34,133220,128178,125550
37074216,3.5875,6.4925,-28.1400,0.0118,-0.2495,1.0426,-0.18,0.13,0.34,133237,128160,125540
37094728,8.7675,5.1450,-31.0275,0.0101,-0.2428,1.0486,-0.18,0.13,0.34,133271,128172,125535
37114256,12.3900,2.9750,-35.2975,0.0060,-0.2318,1.0533,-0.18,0.14,0.34,133311,128193,125531
37133788,12.0750,1.2600,-37.9925,0.0015,-0.2252,1.0543,-0.17,0.14,0.34,133361,128221,125520
37154296,11.7425,-0.6300,-40.9500,-0.0039,-0.2196,1.0541,-0.17,0.14,0.34,133423,128242,125505
37184568,11.7600,-3.8150,-45.5175,-0.0112,-0.2102,1.0520,-0.17,0.15,0.34,133524,128271,125501
37204100,12.1450,-6.0025,-48.5450,-0.0163,-0.2039,1.0497,-0.17,0.15,0.34,133608,128294,125487
37224608,12.1450,-9.0825,-52.8500,-0.0234,-0.1940,1.0448,-0.17,0.16,0.34,133694,128305,125467
37244140,11.5675,-10.8150,-55.6675,-0.0276,-0.1864,1.0414,-0.17,0.17,0.34,133785,128332,125445
37264648,11.5150,-12.4775,-58.2225,-0.0321,-0.1786,1.0388,-0.17,0.17,0.34,133889,128364,125458
37284180,12.5825,-13.8425,-60.3225,-0.0371,-0.1703,1.0375,-0.16,0.18,0.34,133992,128404,125450
37304688,14.4025,-14.8925,-62.1075,-0.0421,-0.1615,1.0365,-0.16,0.19,0.34,134114,128437,125453
37324216,15.2600,-15.8200,-63.5425,-0.0466,-0.1513,1.0348,-0.16,0.19,0.35,134220,128464,125415
37344728,14.1225,-16.5900,-65.3625,-0.0506,-0.1325,1.0304,-0.16,0.20,0.35,134340,128512,125410
37364256,11.7775,-16.7125,-66.2025,-0.0528,-0.1194,1.0282,-0.16,0.21,0.35,134447,128532,125417
37383788,8.0675,-16.6600,-66.8850,-0.0549,-0.1074,1.0270,-0.15,0.21,0.34,134557,128569,125439
37404296,6.1075,-16.5200,-67.4450,-0.0566,-0.0976,1.0255,-0.15,0.22,0.34,134679,128605,125436
37423828,10.7975,-16.6425,-67.8125,-0.0589,-0.0920,1.0236,-0.15,0.23,0.34,134792,128650,125427
37444336,18.3925,-16.7825,-68.0925,-0.0604,-0.0871,1.0202,-0.14,0.23,0.35,134906,128699,125407
37463868,23.7650,-16.9400,-68.6350,-0.0616,-0.0734,1.0122,-0.14,0.24,0.35,135007,128774,125400
37484376,20.7725,-16.7125,-69.0200,-0.0625,-0.0616,1.0078,-0.14,0.25,0.35,135120,128844,125407
37503904,14.5950,-16.1875,-69.4400,-0.0631,-0.0483,1.0052,-0.13,0.25,0.35,135222,128893,125411
37524416,7.9800,-15.5050,-69.7375,-0.0644,-0.0356,1.0043,-0.13,0.26,0.34,135338,128931,125444
37543944,6.5625,-15.0500,-70.0875,-0.0659,-0.0272,1.0042,-0.13,0.27,0.34,135440,128966,125437
37564452,20.6500,-15.0675,-70.2625,-0.0669,-0.0170,1.0005,-0.12,0.27,0.34,135544,129049,125420
37583984,30.2575,-15.2600,-70.1925,-0.0681,-0.0083,0.9963,-0.12,0.28,0.34,135635,129156,125433
37604492,32.2350,-15.3825,-70.0875,-0.0688,0.0041,0.9923,-0.11,0.29,0.34,135742,129249,125429
37624024,28.2100,-15.2425,-70.2100,-0.0682,0.0203,0.9888,-0.11,0.29,0.35,135835,129322,125411
37644532,27.0025,-15.1900,-70.1575,-0.0664,0.0356,0.9869,-0.10,0.30,0.35,135932,129400,125398
37664064,27.9125,-15.0150,-69.7550,-0.0656,0.0525,0.9843,-0.10,0.30,0.35,136021,129498,125410
37684568,30.1700,-14.6825,-68.1800,-0.0641,0.0786,0.9810,-0.09,0.31,0.35,136109,129600,125409
37704100,27.3175,-14.1050,-66.9025,-0.0622,0.0954,0.9792,-0.08,0.31,0.35,136190,129689,125417
37724608,21.7000,-13.1600,-65.5025,-0.0599,0.1126,0.9769,-0.08,0.32,0.35,136279,129736,125390
37744140,17.1150,-11.9175,-63.7875,-0.0571,0.1313,0.9750,-0.08,0.32,0.35,136356,129803,125414
37764648,12.8975,-10.4475,-61.7400,-0.0532,0.1520,0.9747,-0.07,0.33,0.34,136423,129866,125438
37784180,7.4900,-8.8550,-59.2025,-0.0489,0.1710,0.9751,-0.07,0.33,0.34,136484,129893,125450
37804688,1.6275,-6.5100,-54.4950,-0.0418,0.1906,0.9764,-0.07,0.33,0.34,136539,129931,125465
37824216,3.0275,-5.2500,-51.0650,-0.0377,0.1969,0.9761,-0.07,0.34,0.34,136599,129949,125475
37844728,6.1075,-4.0250,-47.6525,-0.0327,0.2036,0.9743,-0.07,0.34,0.34,136647,129989,125454
37864256,9.2925,-2.7650,-43.8900,-0.0273,0.2123,0.9727,-0.06,0.34,0.34,136674,130035,125472
37883788,8.6800,-1.4700,-40.3200,-0.0232,0.2216,0.9714,-0.06,0.34,0.34,136693,130053,125498
37904296,3.5000,-0.1575,-36.8725,-0.0196,0.2298,0.9697,-0.06,0.35,0.34,136732,130080,125504
37923828,0.2625,1.5225,-31.9550,-0.0140,0.2352,0.9681,-0.06,0.35,0.34,136751,130076,125502
37944336,3.7625,2.4325,-28.7175,-0.0120,0.2357,0.9677,-0.06,0.35,0.34,136769,130093,125484
37963868,7.3325,3.0275,-25.7425,-0.0107,0.2377,0.9669,-0.06,0.35,0.34,136779,130124,125496
37984376,6.5100,3.8150,-23.1875,-0.0082,0.2425,0.9648,-0.06,0.35,0.34,136776,130146,125509
38003904,3.7625,4.5850,-20.7550,-0.0057,0.2475,0.9625,-0.06,0.35,0.34,136776,130148,125519
38024416,-2.0825,5.7575,-17.2725,-0.0049,0.2541,0.9614,-0.06,0.35,0.34,136789,130133,125497
38043944,-4.8125,6.5275,-14.8925,-0.0049,0.2589,0.9625,-0.06,0.35,0.34,136786,130122,125491
38064452,-3.4650,6.9825,-12.2850,-0.0052,0.2628,0.9648,-0.06,0.35,0.34,136765,130124,125504
38083984,-1.9425,7.2625,-9.6075,-0.0061,0.2674,0.9670,-0.06,0.35,0.34,136753,130124,125512
38104492,-4.7600,7.7700,-6.8250,-0.0062,0.2766,0.9684,-0.06,0.35,0.34,136732,130106,125514
38124024,-8.9775,8.0675,-3.7100,-0.0066,0.2884,0.9709,-0.06,0.34,0.34,136724,130075,125508
38144532,-12.3375,8.2600,1.5225,-0.0098,0.3033,0.9766,-0.06,0.34,0.34,136705,130032,125515
38164064,-16.5725,8.0500,5.1975,-0.0127,0.3143,0.9801,-0.07,0.34,0.34,136677,129991,125527
38194336,-27.7900,7.9800,11.8825,-0.0192,0.3372,0.9882,-0.07,0.34,0.34,136632,129883,125530
38213868,-33.7925,7.3850,17.5000,-0.0266,0.3526,0.9974,-0.08,0.34,0.34,136596,129817,125559
38234376,-32.2175,5.9675,24.0625,-0.0338,0.3661,1.0075,-0.08,0.33,0.34,136546,129752,125577
38253904,-25.2350,3.9550,31.6225,-0.0400,0.3794,1.0148,-0.08,0.33,0.33,136505,129714,125588
38274416,-13.8425,0.9100,44.4150,-0.0512,0.4002,1.0208,-0.09,0.33,0.34,136476,129673,125555
38293944,-11.0250,-0.7175,53.5850,-0.0610,0.4125,1.0243,-0.09,0.33,0.34,136427,129612,125544
38314452,-11.8125,-1.6800,62.7025,-0.0712,0.4221,1.0277,-0.09,0.32,0.34,136354,129575,125548
38333984,-12.0925,-2.2575,72.0125,-0.0830,0.4271,1.0300,-0.09,0.32,0.34,136286,129549,125523
38354492,-12.1975,-2.5200,81.2525,-0.0956,0.4294,1.0313,-0.10,0.31,0.34,136204,129486,125522
38374024,-13.4575,-2.4325,94.9550,-0.1150,0.4288,1.0300,-0.10,0.31,0.34,136132,129416,125496
38394532,-12.1625,-2.3450,103.8275,-0.1255,0.4227,1.0258,-0.10,0.30,0.34,136041,129370,125471
38414064,-5.6350,-2.3625,112.5950,-0.1371,0.4102,1.0183,-0.11,0.30,0.34,135926,129323,125441
38434568,1.7675,-1.7675,120.7500,-0.1492,0.3921,1.0088,-0.11,0.29,0.34,135802,129305,125428
38454100,4.3400,-0.6825,128.1875,-0.1613,0.3712,0.9987,-0.11,0.28,0.35,135685,129262,125373
38474608,-1.9775,0.9100,134.3650,-0.1720,0.3493,0.9881,-0.12,0.27,0.35,135547,129163,125354
38494140,-16.6600,3.1850,140.8050,-0.1842,0.3128,0.9747,-0.12,0.26,0.35,135403,129060,125330
38514648,-21.0350,4.0950,143.8150,-0.1903,0.2844,0.9682,-0.13,0.25,0.35,135239,128981,125342
38534180,-22.7150,5.0050,145.5825,-0.1964,0.2496,0.9639,-0.13,0.24,0.35,135062,128898,125336
38554688,-26.3550,5.6350,145.8800,-0.2001,0.2108,0.9606,-0.14,0.23,0.35,134886,128784,125345
38574216,-30.8525,5.9675,144.6375,-0.2000,0.1702,0.9590,-0.15,0.22,0.35,134717,128675,125345
38594728,-20.8425,5.9150,140.4025,-0.1965,0.1019,0.9616,-0.15,0.21,0.35,134522,128591,125343
38614256,-24.0450,6.4400,131.7050,-0.1806,0.0770,0.9600,-0.16,0.20,0.35,134353,128491,125375
38633788,-57.8025,8.3825,102.7075,-0.1603,0.0559,0.9545,-0.16,0.19,0.34,134220,128382,125434
38654296,-28.4900,5.6525,82.0050,-0.1554,-0.0486,0.9623,-0.17,0.19,0.34,134122,128355,125430
38673828,4.5675,2.7300,68.5825,-0.1430,-0.1213,0.9672,-0.17,0.18,0.34,134029,128329,125423
38694336,-6.2825,1.8550,58.6075,-0.1326,-0.1548,0.9711,-0.17,0.18,0.35,133956,128282,125404
38713868,-14.9450,2.2575,52.2550,-0.1188,-0.1842,0.9794,-0.17,0.17,0.35,133887,128272,125417
38734376,8.2425,2.4675,46.0075,-0.0920,-0.2220,0.9859,-0.17,0.17,0.35,133829,128299,125400
38753904,11.6200,3.3425,41.5800,-0.0717,-0.2322,0.9805,-0.17,0.16,0.35,133773,128325,125376
38774416,2.2575,4.6550,37.0300,-0.0510,-0.2366,0.9734,-0.17,0.16,0.35,133715,128304,125372
38793944,-7.3325,5.6700,32.6375,-0.0309,-0.2399,0.9700,-0.17,0.16,0.35,133661,128288,125372
38814452,-10.0625,6.0375,28.2275,-0.0111,-0.2418,0.9704,-0.17,0.16,0.35,133615,128275,125392
38833984,-7.6300,6.3700,21.6125,0.0155,-0.2420,0.9756,-0.17,0.15,0.35,133576,128269,125415
38854492,-6.0375,6.6675,17.3600,0.0281,-0.2400,0.9817,-0.17,0.15,0.34,133539,128248,125420
38874024,-6.9650,7.0875,13.2650,0.0364,-0.2352,0.9899,-0.17,0.15,0.34,133499,128222,125422
38894532,-6.2125,7.4375,9.5025,0.0415,-0.2301,0.9997,-0.18,0.15,0.34,133471,128202,125425
38914064,-4.3050,7.6475,6.0025,0.0451,-0.2242,1.0078,-0.18,0.14,0.34,133442,128203,125445
38934568,-3.2900,7.7175,2.6425,0.0481,-0.2179,1.0138,-0.17,0.14,0.34,133427,128206,125449
38954100,-1.4000,7.4900,-2.2925,0.0517,-0.2114,1.0213,-0.17,0.14,0.34,133408,128206,125454
38974608,1.3475,7.0525,-5.7050,0.0538,-0.2084,1.0252,-0.18,0.14,0.34,133399,128180,125457
38994140,4.3225,6.3350,-9.1175,0.0551,-0.2076,1.0286,-0.17,0.14,0.34,133393,128207,125452
39014648,8.2950,5.4250,-12.7575,0.0544,-0.2096,1.0321,-0.17,0.14,0.34,133401,128234,125446
39034180,11.7250,4.1825,-16.5550,0.0520,-0.2126,1.0354,-0.17,0.14,0.34,133421,128269,125449
39054688,15.1025,1.9250,-22.6625,0.0483,-0.2155,1.0394,-0.17,0.14,0.35,133445,128294,125414
39074216,16.8350,0.1050,-27.1250,0.0429,-0.2173,1.0402,-0.17,0.15,0.35,133472,128318,125390
39094728,17.5700,-1.8375,-31.6400,0.0403,-0.2159,1.0390,-0.17,0.15,0.35,133514,128355,125358
39114256,17.0450,-3.8150,-36.2250,0.0372,-0.2137,1.0372,-0.16,0.15,0.35,133570,128389,125370
39133788,14.8925,-5.4425,-40.6700,0.0344,-0.2100,1.0355,-0.16,0.16,0.35,133642,128422,125356
39154296,14.5250,-6.9125,-44.6775,0.0306,-0.2067,1.0352,-0.16,0.16,0.35,133718,128453,125341
39173828,16.9400,-8.4875,-48.4575,0.0270,-0.2028,1.0349,-0.16,0.17,0.35,133795,128493,125312
39204100,24.9725,-11.8825,-55.2825,0.0183,-0.1925,1.0339,-0.15,0.17,0.35,133931,128574,125295
39224608,26.5650,-13.4575,-58.3100,0.0134,-0.1840,1.0324,-0.15,0.18,0.36,134033,128626,125253
39244140,26.4250,-14.7350,-61.2850,0.0090,-0.1740,1.0299,-0.15,0.19,0.36,134131,128691,125235
39264648,26.3550,-16.0475,-64.1025,0.0044,-0.1636,1.0271,-0.14,0.19,0.36,134251,128759,125222
39284180,26.9500,-17.0800,-66.7800,0.0002,-0.1518,1.0241,-0.14,0.20,0.36,134364,128845,125208
39304688,28.5075,-18.5675,-70.3850,-0.0049,-0.1302,1.0202,-0.13,0.21,0.36,134475,128921,125189
39324216,27.5100,-19.4425,-72.3975,-0.0070,-0.1132,1.0180,-0.13,0.22,0.36,134596,128979,125171
39344728,23.2400,-20.1075,-74.3925,-0.0083,-0.0952,1.0159,-0.12,0.22,0.36,134721,129037,125152
39364256,19.3900,-20.6150,-76.1250,-0.0100,-0.0780,1.0141,-0.12,0.23,0.36,134838,129110,125155
39383788,19.2850,-21.2800,-77.5950,-0.0127,-0.0648,1.0135,-0.12,0.24,0.36,134955,129179,125164
39404296,23.6075,-22.3650,-79.5375,-0.0163,-0.0472,1.0116,-0.11,0.25,0.36,135090,129262,125151
39423828,25.7950,-23.1350,-80.6225,-0.0215,-0.0348,1.0093,-0.11,0.25,0.36,135207,129333,125139
39444336,26.9850,-23.5375,-81.4450,-0.0237,-0.0199,1.0064,-0.10,0.26,0.36,135335,129417,125118
39463868,25.8825,-23.7825,-82.0400,-0.0254,-0.0023,1.0033,-0.09,0.27,0.36,135457,129516,125142
39484376,22.2250,-23.8350,-82.4425,-0.0273,0.0163,1.0010,-0.09,0.27,0.36,135577,129608,125149
39503904,18.9175,-23.6950,-82.6875,-0.0289,0.0343,0.9992,-0.09,0.28,0.36,135689,129676,125174
39524416,20.0200,-23.3450,-82.2150,-0.0321,0.0576,0.9970,-0.08,0.29,0.36,135813,129743,125183
39543944,22.5925,-23.0475,-81.4800,-0.0344,0.0742,0.9945,-0.08,0.30,0.36,135918,129831,125174
39564452,22.4700,-22.6100,-80.5875,-0.0356,0.0941,0.9910,-0.07,0.30,0.36,136028,129931,125210
39583984,17.9200,-21.7525,-79.4500,-0.0348,0.1159,0.9867,-0.07,0.31,0.36,136128,129995,125228
39604492,12.0750,-20.6850,-78.0150,-0.0334,0.1357,0.9826,-0.06,0.31,0.36,136226,130051,125251
39624024,9.7125,-19.4950,-76.3175,-0.0327,0.1504,0.9795,-0.06,0.32,0.35,136321,130107,125261
39644532,13.5450,-17.9550,-73.3250,-0.0325,0.1668,0.9766,-0.06,0.33,0.35,136415,130162,125264
39664064,15.5225,-16.8000,-70.8575,-0.0322,0.1790,0.9744,-0.05,0.33,0.35,136482,130243,125296
39684568,14.5250,-15.4175,-67.9700,-0.0310,0.1939,0.9714,-0.05,0.33,0.35,136556,130307,125324
39704100,9.8525,-13.7725,-64.7325,-0.0281,0.2115,0.9677,-0.04,0.34,0.35,136622,130347,125337
39724608,3.0800,-11.8125,-61.1100,-0.0244,0.2294,0.9645,-0.04,0.34,0.35,136693,130381,125342
39744140,-2.5375,-9.7125,-57.2775,-0.0201,0.2452,0.9623,-0.04,0.35,0.35,136744,130378,125369
39764648,-6.1075,-6.8775,-51.0475,-0.0132,0.2617,0.9597,-0.04,0.35,0.35,136781,130390,125408
39784180,-4.8300,-5.1275,-46.7425,-0.0094,0.2688,0.9570,-0.04,0.35,0.34,136799,130400,125437
39804688,-4.4100,-3.4300,-42.4550,-0.0059,0.2769,0.9529,-0.04,0.35,0.34,136841,130415,125456
39824216,-7.8575,-1.7325,-38.2725,-0.0029,0.2874,0.9492,-0.04,0.35,0.34,136871,130392,125442
39844728,-14.1925,-0.0350,-34.4400,0.0009,0.2990,0.9460,-0.04,0.35,0.34,136887,130362,125476
39864256,-17.6050,2.1175,-28.6125,0.0046,0.3077,0.9435,-0.04,0.35,0.34,136886,130335,125506
39883788,-11.8125,3.0275,-24.9025,0.0071,0.3091,0.9442,-0.05,0.35,0.34,136882,130327,125529
39904296,-3.8325,3.7275,-21.6650,0.0081,0.3066,0.9455,-0.05,0.36,0.34,136893,130319,125519
39923828,-0.8225,4.4275,-18.8475,0.0083,0.3057,0.9470,-0.05,0.36,0.34,136898,130296,125515
39944336,-6.1775,5.4600,-16.3800,0.0083,0.3091,0.9475,-0.05,0.36,0.34,136897,130269,125535
39963868,-14.0175,6.5100,-14.1575,0.0081,0.3143,0.9479,-0.05,0.35,0.34,136877,130241,125548
39984376,-21.5250,7.5775,-11.2525,0.0067,0.3182,0.9514,-0.05,0.35,0.34,136855,130191,125570
40003904,-25.4800,7.7000,-9.6600,0.0049,0.3203,0.9549,-0.06,0.35,0.33,136846,130144,125595
40024416,-29.7850,7.7875,-8.0150,0.0039,0.3253,0.9583,-0.06,0.35,0.33,136850,130059,125586
40043944,-29.3650,7.6125,-6.0550,0.0027,0.3321,0.9631,-0.07,0.35,0.33,136830,129993,125608
40064452,-26.2150,7.1050,-3.4825,0.0009,0.3414,0.9681,-0.07,0.35,0.33,136808,129955,125642
40083984,-22.9775,6.5275,-0.2100,-0.0022,0.3505,0.9740,-0.07,0.35,0.33,136775,129912,125664
40104492,-23.9925,5.4425,6.1425,-0.0088,0.3643,0.9845,-0.07,0.35,0.33,136765,129859,125661
40124024,-26.0050,4.5500,11.5325,-0.0148,0.3716,0.9932,-0.08,0.35,0.33,136754,129803,125666
40144532,-22.8900,3.3600,17.7800,-0.0212,0.3772,1.0020,-0.08,0.35,0.33,136732,129753,125664
40164064,-15.0325,1.9425,25.0250,-0.0283,0.3832,1.0088,-0.08,0.34,0.33,136694,129733,125675
40184568,-7.0350,0.4375,32.8650,-0.0355,0.3904,1.0142,-0.08,0.34,0.33,136647,129728,125673
40214844,-5.4775,-1.9600,49.1225,-0.0504,0.4077,1.0241,-0.08,0.34,0.33,136591,129686,125642
40235352,-5.9325,-3.3250,56.8225,-0.0592,0.4109,1.0321,-0.09,0.33,0.33,136541,129665,125636
40254880,-3.6750,-4.8300,63.9450,-0.0691,0.4094,1.0408,-0.09,0.33,0.33,136504,129628,125604
40275392,-2.9050,-6.5100,70.3850,-0.0787,0.4080,1.0457,-0.09,0.33,0.34,136467,129580,125578
40294920,-8.0150,-7.9800,76.1950,-0.0860,0.4088,1.0446,-0.09,0.33,0.34,136409,129543,125575
40315428,-20.6150,-10.2900,84.2450,-0.0947,0.4058,1.0360,-0.10,0.32,0.34,136358,129464,125579
40334960,-27.8250,-11.7075,89.5650,-0.0998,0.4000,1.0275,-0.10,0.32,0.33,136306,129379,125592
40355468,-31.8850,-13.1775,95.2000,-0.1054,0.3922,1.0176,-0.11,0.32,0.33,136258,129268,125591
40375000,-33.7750,-14.5075,101.1500,-0.1113,0.3814,1.0055,-0.12,0.31,0.33,136201,129137,125596
40395508,-38.3075,-15.3475,107.5200,-0.1175,0.3672,0.9923,-0.13,0.31,0.33,136113,128994,125624
40415040,-39.2175,-15.9775,114.5200,-0.1255,0.3470,0.9808,-0.14,0.30,0.33,136035,128859,125655
40435544,-35.9275,-16.2225,126.1750,-0.1391,0.3074,0.9636,-0.14,0.30,0.33,135920,128728,125684
40455080,-30.3450,-15.9250,134.1025,-0.1481,0.2711,0.9553,-0.15,0.29,0.33,135804,128589,125684
40475584,-17.6750,-15.1550,141.6975,-0.1562,0.2242,0.9516,-0.16,0.28,0.33,135667,128475,125684
40495116,0.2100,-13.6675,147.9275,-0.1610,0.1703,0.9489,-0.16,0.27,0.33,135503,128422,125634
40515624,23.8700,-11.3925,152.3900,-0.1615,0.1092,0.9496,-0.16,0.26,0.33,135315,128422,125587
40535156,40.2325,-7.8225,154.4550,-0.1579,0.0467,0.9557,-0.16,0.25,0.34,135133,128462,125522
40555664,30.6075,-1.6100,151.7425,-0.1434,-0.0300,0.9688,-0.16,0.24,0.34,134928,128453,125443
40575196,7.6650,1.6800,146.2125,-0.1280,-0.0671,0.9737,-0.16,0.22,0.34,134736,128384,125445
40595704,-9.5375,3.2900,136.7625,-0.1075,-0.0921,0.9783,-0.17,0.21,0.34,134564,128301,125475
40615232,-57.8725,4.9700,97.3000,-0.0639,-0.0722,0.9711,-0.18,0.21,0.34,134464,128158,125543
40635744,-43.4000,-0.6825,57.5925,-0.0599,-0.1735,0.9706,-0.18,0.20,0.34,134405,128092,125577
40655272,-16.2400,-2.8175,30.3100,-0.0498,-0.2622,0.9726,-0.18,0.20,0.33,134391,128047,125589
40674804,-10.8325,-2.5375,22.3825,-0.0261,-0.3140,0.9871,-0.19,0.20,0.34,134374,128016,125572
40695312,16.5025,-2.4325,18.4275,-0.0027,-0.3312,1.0014,-0.18,0.20,0.34,134356,128071,125545
40714844,40.1800,-1.6275,15.2600,0.0232,-0.3321,1.0044,-0.18,0.20,0.34,134341,128166,125485
40735352,37.9750,0.2800,11.5850,0.0475,-0.3215,0.9956,-0.17,0.20,0.34,134333,128222,125435
40754880,14.3325,3.1675,8.1550,0.0698,-0.3040,0.9831,-0.18,0.20,0.34,134311,128198,125425
40775392,-18.7250,6.9650,4.3050,0.0999,-0.2785,0.9760,-0.18,0.20,0.34,134294,128143,125469
40794920,-19.6000,8.5925,2.5900,0.1161,-0.2679,0.9809,-0.18,0.19,0.34,134263,128109,125495
40815428,-6.7725,9.3275,1.4525,0.1285,-0.2612,0.9882,-0.18,0.19,0.34,134241,128125,125495
40834960,5.7575,9.9050,0.5250,0.1363,-0.2532,0.9943,-0.18,0.19,0.34,134222,128149,125505
40855468,8.3650,10.4650,-0.4025,0.1403,-0.2412,0.9978,-0.18,0.19,0.34,134198,128149,125489
40875000,3.8325,11.2000,-1.6625,0.1410,-0.2286,0.9999,-0.18,0.19,0.34,134168,128139,125474
40895508,-5.4250,11.7250,-4.0075,0.1388,-0.2125,1.0014,-0.18,0.19,0.34,134145,128129,125492
40915040,-7.1225,11.5850,-5.8625,0.1358,-0.2058,1.0028,-0.18,0.19,0.34,134122,128113,125505
40935544,-3.0800,11.0250,-7.8750,0.1325,-0.2014,1.0052,-0.18,0.19,0.34,134115,128122,125522
40955080,0.5950,10.2375,-10.3950,0.1293,-0.1981,1.0070,-0.18,0.18,0.34,134101,128120,125517
40975584,3.3775,9.1700,-13.2125,0.1255,-0.1967,1.0092,-0.18,0.18,0.34,134098,128120,125506
40995116,5.5125,8.0150,-16.5200,0.1220,-0.1956,1.0117,-0.18,0.19,0.34,134105,128132,125509
41015624,6.4225,6.0725,-21.8575,0.1169,-0.1934,1.0148,-0.18,0.19,0.34,134123,128164,125506
41035156,5.6000,4.6025,-25.4975,0.1133,-0.1915,1.0169,-0.18,0.19,0.34,134146,128175,125512
41055664,5.3725,2.9925,-29.1025,0.1094,-0.1903,1.0198,-0.18,0.19,0.34,134177,128185,125499
41075196,6.1775,1.4175,-32.6550,0.1057,-0.1891,1.0233,-0.18,0.19,0.34,134219,128200,125490
41095704,7.3850,-0.2625,-36.0500,0.1015,-0.1878,1.0272,-0.17,0.20,0.34,134269,128219,125491
41115232,11.0600,-2.6600,-40.9675,0.0970,-0.1856,1.0316,-0.17,0.20,0.34,134324,128256,125485
41135744,13.4575,-4.2350,-44.0475,0.0897,-0.1801,1.0368,-0.17,0.20,0.34,134388,128311,125480
41155272,16.2575,-5.7400,-46.8825,0.0850,-0.1754,1.0390,-0.17,0.21,0.34,134460,128331,125454
41174804,18.8125,-7.1575,-49.6300,0.0799,-0.1701,1.0398,-0.16,0.21,0.34,134534,128391,125428
41195312,20.1250,-8.5050,-52.1150,0.0745,-0.1637,1.0391,-0.16,0.22,0.35,134630,128453,125419
41225584,20.6500,-10.6225,-56.5075,0.0669,-0.1513,1.0363,-0.15,0.23,0.35,134766,128538,125386
41245116,19.5475,-11.3750,-58.3975,0.0610,-0.1344,1.0315,-0.15,0.23,0.35,134850,128586,125378
41265624,19.0750,-11.9175,-60.0425,0.0572,-0.1232,1.0281,-0.15,0.24,0.35,134949,128677,125368
41285156,19.0400,-12.3200,-61.5125,0.0537,-0.1126,1.0247,-0.14,0.24,0.35,135043,128728,125356
41305664,17.9200,-12.5125,-62.9300,0.0505,-0.1009,1.0207,-0.14,0.25,0.35,135149,128793,125352
41325196,15.8900,-12.4075,-64.0850,0.0475,-0.0886,1.0167,-0.14,0.25,0.35,135235,128834,125342
41345704,13.3525,-12.1275,-65.6600,0.0438,-0.0693,1.0114,-0.13,0.26,0.35,135331,128893,125343
41365232,11.7075,-11.6725,-66.4125,0.0422,-0.0573,1.0080,-0.13,0.27,0.35,135422,128948,125352
41385744,10.6050,-11.0950,-67.0075,0.0410,-0.0470,1.0048,-0.13,0.27,0.35,135514,129016,125375
41405272,10.1850,-10.3775,-67.3225,0.0407,-0.0364,1.0009,-0.12,0.28,0.35,135606,129053,125376
41424804,8.4525,-9.5375,-67.4100,0.0412,-0.0253,0.9967,-0.12,0.28,0.35,135688,129085,125386
41445312,7.6125,-8.7150,-67.3925,0.0412,-0.0146,0.9938,-0.12,0.29,0.35,135767,129138,125384
41464844,6.8950,-7.2275,-66.9375,0.0426,-0.0034,0.9915,-0.11,0.29,0.35,135837,129194,125402
41485352,8.9775,-6.2300,-66.4125,0.0433,0.0090,0.9910,-0.11,0.30,0.34,135909,129244,125420
41504880,8.8550,-5.0925,-65.8175,0.0437,0.0177,0.9897,-0.11,0.30,0.35,135975,129291,125418
41525392,7.3500,-4.0075,-65.0300,0.0439,0.0272,0.9881,-0.11,0.30,0.34,136053,129321,125423
41544920,6.5100,-2.7300,-64.2775,0.0443,0.0375,0.9871,-0.10,0.31,0.34,136100,129377,125435
41565428,4.0075,-1.5400,-63.3150,0.0459,0.0505,0.9855,-0.10,0.31,0.34,136148,129419,125464
41584960,-0.8400,0.4900,-61.2500,0.0481,0.0706,0.9837,-0.10,0.31,0.34,136195,129445,125477
41605468,-0.0875,1.4700,-59.5000,0.0468,0.0804,0.9843,-0.10,0.32,0.34,136245,129459,125482
41625000,2.4150,2.3450,-57.6275,0.0444,0.0886,0.9850,-0.10,0.32,0.34,136288,129483,125492
41645508,2.8875,3.1150,-55.6675,0.0417,0.0969,0.9847,-0.09,0.32,0.34,136317,129519,125502
41665040,2.0650,4.0425,-53.8300,0.0389,0.1059,0.9831,-0.09,0.32,0.34,136341,129558,125524
41685544,-0.3850,4.8125,-51.1700,0.0365,0.1169,0.9804,-0.09,0.32,0.34,136358,129561,125551
41705080,-6.4925,6.1775,-49.2975,0.0325,0.1355,0.9777,-0.09,0.32,0.34,136385,129567,125556
41725584,-8.7675,6.8775,-47.4075,0.0285,0.1449,0.9776,-0.09,0.33,0.34,136423,129554,125576
41745116,-7.7525,7.2450,-45.5175,0.0240,0.1504,0.9782,-0.09,0.33,0.33,136427,129551,125598
41765624,-2.8000,7.4375,-43.8375,0.0192,0.1531,0.9791,-0.09,0.33,0.33,136433,129587,125608
41785156,3.4825,7.6125,-42.2275,0.0142,0.1565,0.9799,-0.09,0.33,0.33,136454,129613,125624
41805664,2.2575,8.0150,-39.7950,0.0083,0.1721,0.9798,-0.09,0.33,0.33,136471,129617,125605
41825196,-5.0750,8.5750,-38.0100,0.0060,0.1878,0.9792,-0.09,0.33,0.33,136484,129608,125625
41845704,-11.9350,9.2925,-35.7000,0.0038,0.2035,0.9795,-0.09,0.33,0.33,136489,129586,125648
41865232,-15.2425,9.7650,-32.9525,0.0010,0.2152,0.9817,-0.09,0.33,0.33,136484,129586,125674
41885744,-13.3875,10.0625,-29.7500,-0.0028,0.2220,0.9860,-0.09,0.33,0.33,136483,129565,125679
41905272,-9.1350,10.1850,-26.1100,-0.0062,0.2277,0.9904,-0.09,0.33,0.33,136488,129562,125685
41924804,-3.8850,9.9400,-20.1775,-0.0104,0.2333,0.9945,-0.09,0.33,0.33,136487,129558,125669
41945312,-5.3025,9.8175,-15.9775,-0.0162,0.2433,1.0006,-0.09,0.33,0.33,136467,129537,125676
41964844,-9.6950,9.4675,-11.7425,-0.0195,0.2505,1.0043,-0.09,0.33,0.33,136452,129528,125696
41985352,-14.0875,9.1700,-7.3500,-0.0234,0.2567,1.0076,-0.10,0.33,0.33,136431,129501,125708
42004880,-14.3675,8.2600,-2.7475,-0.0276,0.2621,1.0110,-0.10,0.33,0.33,136416,129462,125696
42025392,-14.5775,7.2100,2.1000,-0.0315,0.2685,1.0146,-0.10,0.33,0.33,136408,129437,125693
42044920,-17.7450,5.0750,9.7650,-0.0377,0.2802,1.0189,-0.10,0.32,0.33,136375,129382,125715
42065428,-17.0450,3.3775,15.2425,-0.0420,0.2883,1.0226,-0.10,0.32,0.33,136349,129356,125739
42084960,-15.6625,1.4525,21.1400,-0.0462,0.2973,1.0270,-0.11,0.32,0.33,136317,129330,125739
42105468,-14.4375,-0.4725,27.5975,-0.0516,0.3072,1.0319,-0.11,0.32,0.33,136290,129285,125738
42125000,-12.4425,-2.5375,34.8250,-0.0588,0.3173,1.0350,-0.11,0.32,0.33,136267,129251,125730
42145508,-9.6250,-4.2000,46.7250,-0.0678,0.3265,1.0365,-0.11,0.31,0.33,136219,129225,125720
42165040,-9.7825,-6.2300,55.0900,-0.0824,0.3414,1.0363,-0.11,0.31,0.33,136168,129203,125726
42185544,-16.9925,-6.9125,63.7350,-0.0914,0.3559,1.0346,-0.12,0.31,0.33,136115,129141,125726
42205080,-23.5375,-7.4725,72.6950,-0.1010,0.3689,1.0333,-0.12,0.31,0.33,136071,129071,125711
42235352,-27.0025,-8.4350,86.5200,-0.1168,0.3799,1.0303,-0.13,0.30,0.33,135943,128941,125733
42254880,-28.2275,-8.9075,96.2150,-0.1283,0.3820,1.0269,-0.14,0.29,0.33,135868,128840,125719
42275392,-29.5750,-9.0650,111.2300,-0.1447,0.3770,1.0180,-0.14,0.29,0.33,135766,128723,125722
42294920,-30.3100,-8.8550,121.1875,-0.1535,0.3666,1.0085,-0.15,0.28,0.33,135641,128626,125731
42315428,-25.7250,-8.4700,131.3025,-0.1631,0.3473,0.9970,-0.15,0.27,0.33,135495,128535,125731
42334960,-19.1100,-7.5075,141.0325,-0.1739,0.3190,0.9838,-0.16,0.26,0.33,135328,128451,125737
42355468,-19.0050,-5.8975,149.4675,-0.1852,0.2858,0.9688,-0.17,0.25,0.33,135141,128340,125721
42375000,-25.3575,-4.0075,156.3975,-0.1948,0.2471,0.9542,-0.17,0.24,0.33,134943,128222,125716
42395508,-22.4525,-1.4175,163.9225,-0.2103,0.1674,0.9423,-0.18,0.22,0.33,134716,128140,125740
42415040,-18.8475,0.7350,166.0050,-0.2176,0.1080,0.9361,-0.18,0.21,0.33,134480,128059,125742
42435544,-49.2275,5.4600,155.1725,-0.2172,0.0905,0.9313,-0.19,0.20,0.32,134268,127880,125839
42455080,-79.2225,11.8825,110.6000,-0.2059,0.0256,0.9343,-0.20,0.19,0.32,134109,127778,125881
42475584,2.7825,8.8725,86.3450,-0.2172,-0.1205,0.9465,-0.20,0.18,0.32,133967,127821,125812
42495116,29.4700,7.7875,69.1775,-0.2175,-0.2022,0.9484,-0.20,0.17,0.32,133851,127856,125763
42515624,2.1875,8.6275,64.5225,-0.2091,-0.2550,0.9597,-0.20,0.16,0.32,133729,127854,125774
42535156,5.1625,8.4700,61.6350,-0.1918,-0.2757,0.9687,-0.20,0.16,0.32,133631,127869,125762
42555664,10.9200,8.3475,57.5050,-0.1680,-0.2935,0.9671,-0.19,0.15,0.33,133528,127885,125736
42575196,8.0325,8.0500,51.4500,-0.1420,-0.3077,0.9566,-0.19,0.15,0.33,133451,127883,125720
42595704,-3.2200,7.5950,43.9775,-0.1135,-0.3182,0.9467,-0.20,0.14,0.33,133374,127876,125735
42615232,-16.6950,6.5450,32.3750,-0.0731,-0.3299,0.9443,-0.20,0.14,0.32,133328,127833,125773
42635744,-12.7925,6.1425,26.3900,-0.0521,-0.3376,0.9518,-0.20,0.13,0.32,133272,127824,125784
42655272,-0.9975,5.8275,21.8400,-0.0376,-0.3443,0.9658,-0.20,0.13,0.32,133229,127817,125783
42674804,3.9550,5.9675,17.7100,-0.0264,-0.3438,0.9805,-0.20,0.13,0.32,133190,127822,125779
42695312,-1.6800,6.3875,13.4575,-0.0174,-0.3377,0.9937,-0.20,0.13,0.32,133161,127816,125792
42714844,-7.7525,6.3000,9.2575,-0.0112,-0.3312,1.0050,-0.20,0.13,0.32,133134,127803,125812
42735352,-8.3650,4.8475,2.8875,-0.0037,-0.3232,1.0198,-0.20,0.13,0.32,133130,127797,125838
42754880,-5.3375,3.2375,-1.2425,0.0010,-0.3187,1.0282,-0.20,0.12,0.32,133114,127774,125842
42775392,-0.1750,1.4175,-5.1800,0.0046,-0.3160,1.0353,-0.20,0.12,0.32,133116,127778,125842
42794920,7.6300,-0.5600,-8.9775,0.0062,-0.3154,1.0414,-0.20,0.13,0.32,133128,127794,125811
42815428,11.7250,-2.1175,-12.8450,0.0065,-0.3138,1.0455,-0.20,0.13,0.32,133164,127817,125812
42834960,9.1350,-3.1500,-17.2200,0.0059,-0.3113,1.0480,-0.20,0.13,0.32,133200,127819,125796
42855468,8.1725,-4.3925,-24.2200,0.0037,-0.3116,1.0518,-0.20,0.13,0.32,133243,127840,125777
42875000,10.0275,-5.3550,-29.1025,0.0023,-0.3138,1.0533,-0.20,0.14,0.32,133297,127841,125754
42895508,12.0750,-6.1425,-34.0550,0.0015,-0.3162,1.0533,-0.19,0.14,0.32,133360,127884,125753
42915040,15.1725,-7.1575,-38.9025,0.0002,-0.3182,1.0523,-0.19,0.14,0.33,133426,127927,125743
42935544,16.8700,-7.9625,-43.9775,-0.0012,-0.3183,1.0497,-0.19,0.15,0.33,133515,127956,125716
42955080,18.3575,-8.7675,-50.8725,-0.0031,-0.3170,1.0466,-0.19,0.15,0.33,133603,127990,125682
42975584,21.7000,-9.8875,-55.0375,-0.0071,-0.3113,1.0410,-0.19,0.16,0.33,133708,128013,125649
42995116,22.6100,-10.5350,-58.8000,-0.0105,-0.3046,1.0361,-0.18,0.17,0.33,133810,128085,125646
43015624,22.3125,-11.1125,-62.2475,-0.0146,-0.2950,1.0311,-0.18,0.17,0.33,133909,128141,125619
43035156,19.8800,-11.4975,-65.3450,-0.0189,-0.2829,1.0265,-0.18,0.18,0.33,134025,128187,125614
43055664,18.5500,-11.8825,-68.0750,-0.0246,-0.2715,1.0226,-0.17,0.19,0.33,134143,128221,125588
43075196,18.4100,-12.5300,-71.8900,-0.0340,-0.2540,1.0167,-0.17,0.19,0.34,134259,128270,125575
43095704,21.0700,-13.0725,-74.2000,-0.0405,-0.2430,1.0127,-0.17,0.20,0.34,134377,128337,125553
43115232,27.6850,-13.8075,-76.2475,-0.0466,-0.2306,1.0088,-0.16,0.21,0.34,134501,128435,125544
43135744,32.9525,-14.6650,-77.9975,-0.0520,-0.2142,1.0049,-0.15,0.22,0.34,134624,128536,125511
43155272,34.5275,-15.6450,-79.5725,-0.0571,-0.1947,1.0020,-0.15,0.22,0.34,134747,128614,125484
43174804,31.0450,-16.4850,-81.0425,-0.0617,-0.1725,0.9999,-0.15,0.23,0.34,134872,128677,125446
43195312,21.7875,-17.0625,-82.6000,-0.0673,-0.1388,0.9967,-0.14,0.24,0.34,135001,128749,125469
43214844,19.7400,-17.0625,-83.2475,-0.0699,-0.1181,0.9941,-0.14,0.25,0.34,135125,128838,125472
43245116,24.3950,-17.3775,-83.4575,-0.0734,-0.0887,0.9910,-0.13,0.26,0.34,135309,128938,125448
43265624,25.5500,-17.5175,-83.1775,-0.0744,-0.0677,0.9904,-0.12,0.27,0.34,135433,129029,125451
43285156,23.8875,-17.4125,-82.7050,-0.0744,-0.0466,0.9903,-0.12,0.27,0.34,135540,129121,125450
43305664,20.0900,-17.1500,-81.5150,-0.0734,-0.0179,0.9877,-0.12,0.28,0.34,135669,129185,125458
43325196,22.6275,-16.8350,-80.1675,-0.0727,-0.0007,0.9842,-0.11,0.29,0.34,135776,129259,125447
43345704,28.9975,-16.7825,-78.5925,-0.0715,0.0159,0.9814,-0.10,0.29,0.34,135878,129367,125449
43365232,32.7600,-16.6950,-76.8775,-0.0702,0.0331,0.9795,-0.10,0.30,0.34,135972,129482,125449
43385744,31.0450,-16.3975,-75.1800,-0.0686,0.0516,0.9778,-0.09,0.30,0.34,136068,129579,125460
43405272,26.5475,-15.7500,-73.2900,-0.0664,0.0704,0.9750,-0.09,0.31,0.34,136160,129650,125450
43424804,22.6975,-14.6475,-70.2275,-0.0627,0.0959,0.9701,-0.08,0.32,0.34,136256,129717,125446
43445312,22.5925,-13.9125,-68.0400,-0.0603,0.1110,0.9672,-0.08,0.32,0.34,136337,129798,125462
43464844,19.9500,-12.8100,-65.8175,-0.0571,0.1261,0.9640,-0.07,0.33,0.34,136404,129869,125478
43485352,15.9250,-11.5850,-63.5950,-0.0544,0.1398,0.9623,-0.07,0.33,0.34,136477,129933,125494
43504880,14.7700,-10.4650,-61.3025,-0.0520,0.1519,0.9622,-0.07,0.33,0.34,136541,129978,125497
43525392,15.9950,-9.2750,-59.4125,-0.0482,0.1630,0.9618,-0.06,0.34,0.34,136614,130036,125484
43544920,18.6025,-7.4200,-56.8225,-0.0421,0.1762,0.9604,-0.06,0.34,0.34,136661,130103,125510
43565428,16.0125,-5.9500,-55.4050,-0.0376,0.1863,0.9573,-0.06,0.34,0.34,136707,130165,125518
43584960,9.7300,-4.2350,-53.9350,-0.0320,0.1989,0.9540,-0.05,0.35,0.34,136757,130193,125525
43605468,6.5625,-2.5025,-52.5700,-0.0276,0.2097,0.9528,-0.05,0.35,0.34,136796,130219,125551
43625000,4.8825,-0.8400,-51.2575,-0.0242,0.2184,0.9529,-0.05,0.35,0.34,136840,130243,125530
43645508,8.4000,1.4000,-49.1750,-0.0210,0.2278,0.9548,-0.05,0.35,0.34,136866,130277,125540
43665040,12.3900,2.9575,-47.5125,-0.0194,0.2359,0.9553,-0.05,0.35,0.34,136875,130332,125559
43685544,13.0550,4.5675,-45.6750,-0.0181,0.2489,0.9547,-0.04,0.36,0.34,136904,130375,125542
43705080,7.0700,6.3000,-43.4700,-0.0160,0.2658,0.9537,-0.04,0.36,0.34,136925,130386,125536
43725584,-0.9625,8.2600,-40.8625,-0.0135,0.2838,0.9538,-0.04,0.36,0.34,136928,130389,125532
43745116,-3.5350,9.7300,-37.6075,-0.0121,0.2980,0.9553,-0.04,0.36,0.34,136930,130402,125548
43765624,1.2250,11.3400,-31.2375,-0.0128,0.3145,0.9590,-0.04,0.36,0.34,136913,130433,125547
43785156,3.3950,12.0925,-26.1800,-0.0139,0.3248,0.9611,-0.04,0.36,0.34,136910,130448,125535
43805664,3.4825,12.4950,-20.3875,-0.0157,0.3355,0.9629,-0.04,0.36,0.34,136903,130451,125503
43825196,2.5550,12.4075,-13.6500,-0.0188,0.3475,0.9645,-0.04,0.36,0.34,136889,130454,125483
43845704,0.4200,11.8475,-6.3000,-0.0232,0.3600,0.9669,-0.04,0.35,0.34,136853,130464,125472
43865232,-2.8700,10.7800,0.9275,-0.0276,0.3711,0.9701,-0.04,0.35,0.34,136813,130450,125486
43885744,-6.7900,9.0650,10.5175,-0.0348,0.3802,0.9797,-0.04,0.35,0.34,136784,130433,125490
43905272,-8.5050,7.9450,15.8900,-0.0400,0.3821,0.9880,-0.04,0.35,0.34,136764,130401,125469
43924804,-9.2925,6.8950,20.8600,-0.0454,0.3821,0.9954,-0.04,0.35,0.34,136729,130358,125450
43945312,-9.6075,5.7400,25.4100,-0.0495,0.3831,1.0005,-0.05,0.34,0.34,136690,130330,125458
43964844,-13.0900,4.6025,29.6625,-0.0521,0.3875,1.0017,-0.05,0.34,0.34,136654,130296,125474
43985352,-17.9900,3.5525,34.0725,-0.0542,0.3950,1.0017,-0.05,0.34,0.34,136613,130235,125470
44004880,-21.6125,1.6450,41.0025,-0.0588,0.4065,1.0039,-0.05,0.34,0.34,136580,130187,125447
44025392,-20.5625,0.2275,45.9025,-0.0632,0.4122,1.0071,-0.06,0.33,0.34,136545,130119,125448
44044920,-18.4275,-0.9275,51.2750,-0.0693,0.4185,1.0105,-0.06,0.33,0.34,136499,130082,125462
44065428,-17.3950,-1.7850,57.0675,-0.0770,0.4272,1.0119,-0.06,0.33,0.34,136443,130029,125462
44084960,-25.2875,-2.2225,63.1925,-0.0850,0.4416,1.0087,-0.07,0.33,0.34,136402,129948,125477
44105468,-48.3700,-2.6950,73.1325,-0.1000,0.4653,0.9991,-0.08,0.32,0.34,136349,129813,125484
44125000,-66.0800,-3.2550,80.2900,-0.1109,0.4780,0.9902,-0.09,0.32,0.34,136295,129635,125517
44145508,-80.9375,-4.5150,87.7100,-0.1249,0.4831,0.9798,-0.10,0.31,0.34,136222,129433,125578
44165040,-89.6000,-6.2650,95.4800,-0.1425,0.4773,0.9698,-0.11,0.31,0.33,136145,129226,125669
44185544,-89.3025,-8.5400,103.5300,-0.1627,0.4606,0.9622,-0.13,0.30,0.33,136051,129006,125723
44205080,-79.4500,-11.1650,111.7900,-0.1824,0.4335,0.9554,-0.14,0.30,0.32,135975,128815,125762
44245116,-31.8675,-15.5225,131.3375,-0.2242,0.3328,0.9409,-0.16,0.28,0.32,135735,128531,125811
44264648,-13.8600,-15.2775,137.9350,-0.2350,0.2860,0.9370,-0.16,0.28,0.32,135601,128463,125794
44284180,-0.5250,-13.6850,143.5350,-0.2433,0.2408,0.9353,-0.16,0.27,0.32,135455,128403,125786
44304688,2.5725,-11.0075,148.2425,-0.2475,0.2001,0.9355,-0.17,0.26,0.33,135280,128331,125745
44324216,-0.5600,-7.9800,151.6200,-0.2469,0.1626,0.9368,-0.17,0.25,0.33,135104,128251,125723
44344728,-7.1225,-3.8150,154.4375,-0.2435,0.1003,0.9433,-0.18,0.23,0.33,134906,128184,125722
44364256,-15.8550,-1.3300,154.5775,-0.2390,0.0529,0.9484,-0.18,0.22,0.33,134685,128104,125728
44383788,-26.0750,0.2275,153.2475,-0.2311,0.0016,0.9555,-0.19,0.21,0.33,134483,128013,125745
44404296,-26.0575,0.6300,150.2725,-0.2191,-0.0508,0.9627,-0.19,0.19,0.32,134263,127926,125755
44423828,-14.6475,0.6125,145.8625,-0.2020,-0.0966,0.9667,-0.20,0.18,0.32,134055,127873,125765
44444336,-35.2100,2.3275,128.1700,-0.1725,-0.0949,0.9656,-0.20,0.17,0.32,133887,127726,125850
44463868,-67.3575,0.8750,76.2825,-0.1493,-0.1410,0.9582,-0.21,0.17,0.31,133790,127645,125912
44484376,-13.9300,-3.2025,59.6400,-0.1371,-0.2911,0.9564,-0.21,0.16,0.31,133712,127625,125936
44503904,-8.4000,-4.7075,48.9475,-0.1230,-0.3432,0.9559,-0.21,0.16,0.31,133660,127592,125919
44524416,0.6125,-5.3375,42.5250,-0.1030,-0.3811,0.9682,-0.21,0.15,0.32,133603,127602,125890
44543944,20.0200,-5.6350,37.9050,-0.0756,-0.4019,0.9798,-0.21,0.15,0.32,133555,127654,125853
44564452,22.3300,-4.3575,32.6025,-0.0488,-0.4085,0.9780,-0.21,0.15,0.32,133525,127705,125823
44583984,3.0975,-1.2250,23.0300,-0.0146,-0.4097,0.9651,-0.21,0.15,0.32,133500,127695,125839
44604492,-12.0750,1.0850,15.6275,0.0066,-0.4077,0.9608,-0.21,0.15,0.32,133478,127662,125861
44624024,-17.4650,2.8175,8.1375,0.0266,-0.4067,0.9621,-0.21,0.15,0.32,133460,127629,125873
44644532,-9.2925,3.9900,1.6275,0.0433,-0.4080,0.9672,-0.21,0.15,0.32,133451,127622,125875
44664064,1.0150,4.7075,-3.5700,0.0553,-0.4067,0.9740,-0.21,0.15,0.32,133449,127641,125899
44684568,8.0850,5.4425,-7.9625,0.0627,-0.4015,0.9828,-0.21,0.14,0.32,133444,127661,125878
44704100,7.7175,6.1775,-13.5275,0.0669,-0.3841,0.9953,-0.21,0.15,0.32,133450,127660,125861
44724608,3.6225,6.3875,-16.9050,0.0667,-0.3694,1.0020,-0.21,0.15,0.32,133463,127650,125859
44744140,0.9275,6.2475,-20.2125,0.0651,-0.3556,1.0078,-0.21,0.15,0.32,133487,127661,125865
44764648,0.2450,5.7400,-23.4500,0.0634,-0.3431,1.0125,-0.21,0.15,0.32,133509,127668,125890
44784180,2.4675,4.9875,-26.4775,0.0620,-0.3327,1.0161,-0.21,0.15,0.32,133544,127679,125878
44804688,10.5350,3.3250,-30.8700,0.0578,-0.3220,1.0200,-0.21,0.15,0.32,133582,127684,125858
44824216,16.2225,2.1875,-33.6875,0.0540,-0.3167,1.0221,-0.20,0.16,0.32,133619,127715,125839
44844728,20.3525,1.0150,-36.4700,0.0494,-0.3116,1.0244,-0.20,0.16,0.32,133673,127761,125794
44864256,21.3500,-0.0700,-39.3575,0.0444,-0.3059,1.0266,-0.20,0.16,0.32,133737,127805,125783
44883788,21.0700,-0.9450,-42.2975,0.0392,-0.2999,1.0286,-0.20,0.17,0.32,133795,127853,125762
44904296,22.6450,-2.1525,-45.4125,0.0342,-0.2941,1.0302,-0.19,0.17,0.33,133875,127904,125714
44923828,24.9725,-3.3600,-49.9100,0.0293,-0.2879,1.0311,-0.19,0.18,0.33,133948,127950,125672
44944336,28.0175,-5.4775,-52.9900,0.0223,-0.2761,1.0311,-0.19,0.18,0.33,134028,128023,125652
44963868,29.9075,-6.8775,-55.8775,0.0172,-0.2674,1.0311,-0.18,0.19,0.33,134125,128103,125628
44984376,30.6600,-8.2775,-58.5550,0.0124,-0.2569,1.0309,-0.18,0.19,0.33,134217,128174,125587
45003904,30.3275,-9.4850,-61.0050,0.0078,-0.2435,1.0297,-0.17,0.20,0.34,134324,128236,125550
45024416,31.0450,-10.7800,-63.2100,0.0027,-0.2292,1.0287,-0.17,0.20,0.34,134423,128322,125492
45043944,34.8075,-13.0375,-66.0100,-0.0059,-0.2074,1.0255,-0.16,0.21,0.34,134538,128412,125463
45064452,36.3125,-14.4725,-67.5325,-0.0112,-0.1925,1.0216,-0.16,0.22,0.34,134651,128525,125447
45083984,38.7975,-15.8025,-68.8975,-0.0161,-0.1778,1.0178,-0.15,0.22,0.35,134757,128626,125404
45104492,41.6150,-17.0450,-69.8600,-0.0207,-0.1617,1.0138,-0.14,0.23,0.35,134890,128734,125356
45124024,41.5625,-17.9900,-70.6650,-0.0240,-0.1419,1.0097,-0.14,0.24,0.35,135007,128833,125323
45144532,37.1175,-18.6375,-71.2775,-0.0254,-0.1182,1.0056,-0.13,0.25,0.35,135115,128939,125311
45164064,25.0775,-18.4625,-71.8900,-0.0239,-0.0821,1.0011,-0.12,0.25,0.35,135231,129028,125309
45184568,17.9200,-17.8850,-72.0650,-0.0226,-0.0620,0.9988,-0.12,0.26,0.35,135343,129096,125311
45204100,15.5050,-17.2725,-72.2925,-0.0214,-0.0459,0.9963,-0.12,0.27,0.35,135449,129150,125316
45224608,17.0625,-16.3975,-72.3800,-0.0192,-0.0317,0.9921,-0.11,0.27,0.35,135552,129203,125307
45254880,17.3075,-14.7175,-71.8900,-0.0157,-0.0112,0.9860,-0.11,0.28,0.35,135700,129310,125299
45275392,9.7825,-13.2650,-71.4875,-0.0105,0.0142,0.9805,-0.10,0.29,0.35,135796,129353,125324
45294920,4.5325,-11.7425,-70.8225,-0.0066,0.0284,0.9788,-0.10,0.29,0.35,135865,129399,125352
45315428,2.9225,-10.1150,-69.9825,-0.0037,0.0386,0.9777,-0.10,0.30,0.35,135947,129449,125380
45334960,3.5525,-8.6625,-68.9850,-0.0009,0.0473,0.9750,-0.10,0.30,0.35,136016,129486,125386
45355468,2.9925,-6.7900,-67.7425,0.0023,0.0583,0.9719,-0.10,0.31,0.35,136096,129502,125386
45375000,-2.9925,-3.8325,-65.3275,0.0076,0.0782,0.9716,-0.10,0.31,0.34,136149,129497,125432
45395508,-7.7700,-2.0125,-63.5600,0.0101,0.0898,0.9737,-0.09,0.31,0.34,136198,129523,125450
45415040,-10.5175,-0.2975,-61.7750,0.0126,0.0986,0.9754,-0.09,0.32,0.34,136238,129543,125499
45435544,-10.8150,1.4175,-59.8850,0.0144,0.1043,0.9758,-0.09,0.32,0.34,136282,129551,125517
45455080,-7.5950,2.7125,-57.9950,0.0149,0.1070,0.9759,-0.09,0.32,0.34,136325,129550,125526
45475584,-2.7475,3.7450,-56.1575,0.0142,0.1108,0.9759,-0.09,0.32,0.34,136354,129560,125552
45495116,-5.3550,5.4775,-53.9000,0.0128,0.1231,0.9758,-0.09,0.32,0.34,136375,129574,125570
45515624,-13.0900,6.5275,-52.6750,0.0124,0.1331,0.9766,-0.09,0.32,0.33,136394,129559,125616
45535156,-19.8975,7.3850,-51.3625,0.0115,0.1409,0.9777,-0.09,0.33,0.33,136424,129523,125637
45555664,-20.6325,8.0500,-50.0150,0.0088,0.1440,0.9797,-0.10,0.33,0.33,136454,129481,125669
45575196,-16.3800,8.1200,-48.7375,0.0049,0.1443,0.9814,-0.10,0.33,0.33,136471,129470,125683
45595704,-9.7825,7.9450,-47.1100,0.0002,0.1459,0.9843,-0.10,0.33,0.33,136489,129481,125718
45615232,-8.6100,7.7525,-46.0425,-0.0084,0.1488,0.9865,-0.10,0.33,0.33,136501,129480,125738
45635744,-10.5525,7.5600,-45.0275,-0.0142,0.1546,0.9882,-0.10,0.33,0.32,136528,129454,125761
45655272,-13.0200,7.3850,-43.9075,-0.0198,0.1608,0.9904,-0.10,0.33,0.32,136560,129434,125777
45674804,-16.2750,7.1750,-42.6475,-0.0251,0.1671,0.9920,-0.10,0.34,0.32,136588,129406,125798
45695312,-19.3900,7.0350,-41.1950,-0.0303,0.1725,0.9933,-0.10,0.34,0.32,136606,129387,125836
45714844,-19.4600,6.7725,-39.4800,-0.0344,0.1767,0.9949,-0.10,0.34,0.32,136618,129380,125879
45735352,-13.6675,5.8975,-36.7150,-0.0399,0.1798,0.9987,-0.10,0.34,0.32,136649,129357,125888
45754880,-8.8375,5.1100,-34.7025,-0.0439,0.1808,1.0016,-0.11,0.34,0.32,136686,129345,125904
45775392,-5.1625,4.3750,-32.5500,-0.0481,0.1818,1.0047,-0.11,0.34,0.32,136710,129345,125904
45794920,-3.5875,3.6925,-30.2050,-0.0520,0.1828,1.0078,-0.10,0.34,0.31,136717,129360,125918
45815428,-5.4775,2.9575,-27.7200,-0.0556,0.1859,1.0100,-0.10,0.35,0.31,136738,129355,125938
45834960,-9.9225,1.9950,-23.9400,-0.0586,0.1936,1.0126,-0.10,0.35,0.31,136763,129357,125959
45855468,-11.7775,1.2775,-21.2450,-0.0604,0.1995,1.0149,-0.11,0.35,0.31,136802,129323,125961
45875000,-13.9650,0.5950,-18.1475,-0.0623,0.2056,1.0185,-0.11,0.35,0.31,136814,129310,125981
45895508,-13.2475,-0.2275,-14.5250,-0.0649,0.2106,1.0230,-0.11,0.35,0.31,136828,129307,125993
45915040,-11.4275,-1.1725,-9.7475,-0.0678,0.2172,1.0272,-0.11,0.35,0.31,136825,129304,126002
45935544,-7.6825,-2.5025,-3.6925,-0.0717,0.2248,1.0324,-0.11,0.35,0.31,136835,129299,126003
45955080,-2.9575,-4.7425,8.7500,-0.0766,0.2433,1.0392,-0.11,0.35,0.31,136844,129282,125992
45975584,-0.9100,-6.2300,19.4075,-0.0798,0.2616,1.0424,-0.11,0.35,0.31,136837,129290,125966
45995116,3.0975,-7.2625,30.9225,-0.0827,0.2832,1.0448,-0.11,0.35,0.31,136801,129292,125971
46015624,3.7450,-7.4375,42.3850,-0.0852,0.3077,1.0449,-0.11,0.35,0.31,136749,129284,125958
46035156,-1.8900,-6.7375,53.4625,-0.0869,0.3334,1.0435,-0.11,0.34,0.31,136703,129248,125922
46055664,-11.5325,-5.3200,69.8950,-0.0895,0.3627,1.0442,-0.11,0.34,0.32,136642,129190,125904
46075196,-14.5775,-4.4625,80.8150,-0.0960,0.3726,1.0453,-0.12,0.34,0.32,136569,129140,125886
46095704,-12.4950,-4.0425,91.7000,-0.1039,0.3736,1.0460,-0.12,0.33,0.32,136452,129097,125885
46115232,-6.7200,-3.7275,102.4275,-0.1138,0.3688,1.0466,-0.12,0.32,0.32,136336,129041,125860
46135744,-5.8100,-2.9225,112.6650,-0.1238,0.3619,1.0438,-0.13,0.31,0.32,136210,128972,125841
46155272,-12.4425,-2.1700,122.0275,-0.1340,0.3523,1.0366,-0.13,0.31,0.32,136084,128883,125798
46174804,-20.7550,-1.7150,131.0050,-0.1452,0.3381,1.0272,-0.14,0.30,0.32,135927,128781,125791
46195312,-23.0825,-1.9250,143.6750,-0.1647,0.3084,1.0110,-0.15,0.29,0.32,135751,128688,125780
46214844,-17.4650,-2.2400,151.1650,-0.1785,0.2857,0.9987,-0.15,0.28,0.32,135581,128607,125793
46235352,-12.5475,-2.2400,157.6925,-0.1932,0.2618,0.9850,-0.16,0.26,0.32,135386,128521,125752
46265624,-9.9400,-0.9800,165.4625,-0.2150,0.2216,0.9650,-0.16,0.24,0.33,135068,128422,125707
46285156,-4.8300,0.2625,169.0150,-0.2305,0.1864,0.9544,-0.17,0.23,0.33,134853,128358,125681
46305664,-1.9250,3.2375,170.8175,-0.2555,0.1188,0.9445,-0.17,0.22,0.33,134610,128298,125648
46325196,-20.0725,5.5475,165.5850,-0.2706,0.0792,0.9482,-0.18,0.20,0.33,134396,128165,125697
46345704,-84.2625,11.4100,121.9400,-0.2638,0.0564,0.9523,-0.19,0.19,0.32,134232,128002,125788
46365232,-50.6975,7.3325,89.2325,-0.2799,-0.0956,0.9672,-0.19,0.19,0.32,134114,127948,125820
46385744,-10.5350,3.1150,70.4375,-0.2818,-0.1984,0.9743,-0.19,0.18,0.32,134029,127893,125814
46405272,-21.8400,1.6625,56.4375,-0.2750,-0.2455,0.9788,-0.20,0.18,0.32,133945,127815,125825
46424804,-15.1550,1.2950,53.8650,-0.2451,-0.2650,0.9795,-0.20,0.17,0.32,133870,127781,125833
46445312,3.0975,1.5050,52.6050,-0.2156,-0.2794,0.9736,-0.20,0.17,0.32,133785,127806,125826
46464844,8.7850,2.3450,50.5575,-0.1829,-0.2863,0.9581,-0.20,0.16,0.32,133717,127816,125816
46485352,-4.0600,3.7450,48.2125,-0.1498,-0.2856,0.9412,-0.20,0.16,0.32,133637,127782,125826
46504880,-18.3225,5.0225,46.0775,-0.1197,-0.2843,0.9327,-0.20,0.15,0.32,133561,127730,125850
46525392,-21.0525,6.3000,44.1000,-0.0822,-0.2860,0.9364,-0.21,0.15,0.32,133484,127689,125883
46544920,-17.3950,6.8775,42.7350,-0.0634,-0.2884,0.9457,-0.21,0.14,0.32,133415,127659,125896
46565428,-17.2550,7.4900,41.0725,-0.0503,-0.2911,0.9575,-0.21,0.14,0.31,133334,127633,125938
46584960,-17.2025,7.9800,39.2350,-0.0427,-0.2957,0.9708,-0.21,0.13,0.31,133257,127601,125970
46605468,-14.9275,8.1025,36.4525,-0.0381,-0.3021,0.9836,-0.21,0.13,0.31,133183,127566,125971
46625000,-10.9025,7.4900,31.0275,-0.0333,-0.3091,0.9943,-0.22,0.13,0.31,133125,127548,126003
46645508,-9.3275,6.2300,15.9250,-0.0256,-0.3267,1.0033,-0.21,0.12,0.31,133089,127559,126019
46665040,-3.6925,4.1650,6.0900,-0.0232,-0.3449,1.0077,-0.21,0.12,0.31,133079,127559,126035
46685544,-0.9275,2.4675,-1.4175,-0.0220,-0.3565,1.0128,-0.22,0.12,0.31,133077,127534,126026
46705080,1.2250,1.0325,-7.2450,-0.0212,-0.3637,1.0193,-0.22,0.12,0.31,133087,127535,126027
46725584,4.9700,-0.1400,-11.8300,-0.0200,-0.3684,1.0250,-0.22,0.12,0.31,133116,127535,126020
46745116,7.0875,-0.9275,-15.8025,-0.0178,-0.3697,1.0279,-0.21,0.13,0.31,133141,127573,126019
46765624,9.1700,-1.9075,-21.6825,-0.0133,-0.3680,1.0288,-0.21,0.13,0.31,133190,127583,126014
46785156,10.7275,-2.5025,-25.4800,-0.0104,-0.3664,1.0280,-0.21,0.13,0.31,133236,127600,125987
46805664,12.1975,-2.8700,-29.6450,-0.0087,-0.3655,1.0271,-0.21,0.14,0.31,133286,127597,125967
46825196,14.7875,-3.2375,-33.7925,-0.0079,-0.3642,1.0265,-0.21,0.14,0.31,133344,127625,125946
46845704,18.7600,-3.5700,-38.1850,-0.0092,-0.3626,1.0259,-0.21,0.14,0.31,133407,127684,125942
46865232,21.6650,-3.8675,-44.8000,-0.0110,-0.3554,1.0231,-0.20,0.15,0.32,133485,127730,125902
46885744,23.3275,-4.2525,-49.1225,-0.0162,-0.3484,1.0208,-0.20,0.15,0.32,133569,127762,125860
46905272,26.7750,-4.8650,-53.1300,-0.0207,-0.3414,1.0191,-0.20,0.16,0.32,133661,127807,125820
46924804,29.6975,-5.6000,-56.8050,-0.0251,-0.3325,1.0175,-0.20,0.16,0.32,133744,127865,125791
46945312,30.8700,-6.5800,-60.2175,-0.0293,-0.3223,1.0167,-0.19,0.17,0.32,133851,127951,125761
46964844,30.5900,-7.6650,-63.6650,-0.0332,-0.3115,1.0165,-0.19,0.18,0.33,133950,128014,125731
46985352,33.1800,-9.4150,-68.5125,-0.0390,-0.2963,1.0153,-0.18,0.18,0.33,134065,128085,125682
47004880,36.6975,-10.6750,-71.5050,-0.0427,-0.2845,1.0133,-0.18,0.19,0.33,134182,128160,125626
47025392,41.0550,-12.0750,-74.1125,-0.0462,-0.2700,1.0116,-0.17,0.20,0.33,134305,128265,125592
47044920,41.7550,-13.3175,-76.4575,-0.0495,-0.2519,1.0108,-0.16,0.20,0.34,134418,128371,125563
47065428,38.2725,-14.4200,-78.6625,-0.0529,-0.2316,1.0115,-0.16,0.21,0.34,134547,128468,125538
47084960,32.3575,-15.1725,-80.5700,-0.0555,-0.2100,1.0128,-0.15,0.22,0.34,134675,128541,125507
47105468,31.1850,-16.4675,-82.8275,-0.0603,-0.1820,1.0136,-0.15,0.23,0.34,134812,128625,125488
47125000,33.6000,-17.4650,-83.8600,-0.0634,-0.1640,1.0116,-0.14,0.24,0.34,134943,128712,125458
47145508,32.8650,-18.3225,-84.5075,-0.0660,-0.1436,1.0083,-0.14,0.24,0.34,135071,128812,125462
47165040,28.2625,-18.9000,-84.7875,-0.0673,-0.1197,1.0048,-0.13,0.25,0.34,135197,128901,125468
47185544,22.5225,-19.0575,-84.5950,-0.0681,-0.0952,1.0020,-0.13,0.26,0.34,135328,128959,125444
47205080,21.4375,-19.2500,-83.7725,-0.0695,-0.0733,1.0002,-0.12,0.27,0.34,135451,129040,125434
47225584,24.1325,-19.5475,-81.7250,-0.0737,-0.0451,0.9982,-0.12,0.27,0.34,135569,129121,125437
47245116,22.6100,-19.4425,-80.0975,-0.0758,-0.0260,0.9954,-0.11,0.28,0.34,135676,129202,125454
47275392,17.4825,-18.5325,-76.8425,-0.0759,0.0048,0.9897,-0.11,0.29,0.34,135839,129286,125450
47294920,14.5600,-17.9725,-74.3575,-0.0734,0.0262,0.9855,-0.11,0.30,0.34,135937,129342,125484
47315428,11.4450,-16.9575,-71.9075,-0.0702,0.0466,0.9809,-0.10,0.30,0.34,136020,129415,125513
47334960,11.1825,-15.6975,-68.0050,-0.0649,0.0709,0.9760,-0.10,0.31,0.34,136119,129459,125531
47355468,12.6700,-14.6125,-65.2225,-0.0616,0.0850,0.9739,-0.10,0.31,0.34,136210,129491,125533
47375000,13.3875,-13.5275,-62.3700,-0.0589,0.0993,0.9728,-0.09,0.32,0.34,136282,129545,125536
47395508,13.8425,-12.2150,-59.3950,-0.0553,0.1147,0.9722,-0.09,0.32,0.34,136351,129614,125557
47415040,14.8750,-10.9550,-56.3675,-0.0516,0.1304,0.9716,-0.09,0.33,0.34,136407,129673,125579
47435544,11.2175,-8.5400,-52.0450,-0.0476,0.1474,0.9703,-0.08,0.33,0.33,136470,129693,125589
47455080,7.8400,-6.8250,-49.1750,-0.0410,0.1723,0.9703,-0.08,0.33,0.33,136521,129725,125584
47475584,7.8750,-5.2500,-46.2525,-0.0382,0.1850,0.9733,-0.08,0.34,0.33,136574,129759,125596
47495116,11.0600,-3.8325,-43.3125,-0.0373,0.1946,0.9776,-0.08,0.34,0.33,136593,129808,125605
47515624,17.3775,-2.9050,-40.3725,-0.0371,0.2023,0.9815,-0.07,0.34,0.33,136620,129869,125606
47535156,20.7025,-1.9950,-37.5900,-0.0364,0.2112,0.9826,-0.07,0.34,0.33,136661,129917,125613
47555664,17.2375,-0.6475,-33.8800,-0.0354,0.2264,0.9787,-0.07,0.34,0.34,136688,129958,125583
47575196,12.3550,0.3850,-31.5700,-0.0351,0.2364,0.9750,-0.07,0.34,0.33,136704,129979,125584
47595704,10.2725,1.0500,-29.5050,-0.0357,0.2430,0.9726,-0.06,0.34,0.33,136710,130029,125586
47615232,7.9275,1.5050,-27.5450,-0.0359,0.2494,0.9699,-0.06,0.34,0.33,136724,130056,125598
47635744,4.3575,1.9425,-25.8125,-0.0338,0.2571,0.9667,-0.06,0.35,0.33,136755,130052,125593
47655272,2.1525,2.2400,-23.9400,-0.0312,0.2646,0.9643,-0.06,0.35,0.33,136768,130056,125585
47674804,-0.5425,2.7825,-20.7025,-0.0303,0.2746,0.9622,-0.06,0.35,0.33,136771,130062,125593
47695312,-2.8700,3.1500,-18.2350,-0.0285,0.2816,0.9627,-0.06,0.35,0.33,136772,130077,125594
47714844,-5.7225,3.6925,-15.5400,-0.0265,0.2882,0.9645,-0.06,0.35,0.33,136768,130065,125612
47735352,-8.1550,4.1650,-12.6875,-0.0244,0.2943,0.9675,-0.06,0.35,0.33,136775,130048,125611
47754880,-9.6425,4.5500,-9.6075,-0.0220,0.3006,0.9715,-0.06,0.35,0.33,136777,130032,125598
47775392,-8.8900,5.0400,-6.0900,-0.0203,0.3060,0.9769,-0.07,0.35,0.33,136770,130003,125600
47794920,-9.4500,5.2325,-0.1575,-0.0178,0.3144,0.9854,-0.07,0.35,0.33,136747,129994,125624
47815428,-11.3225,5.2325,4.0775,-0.0167,0.3196,0.9903,-0.07,0.35,0.33,136725,129981,125631
47834960,-15.2075,5.1800,8.4700,-0.0159,0.3253,0.9939,-0.07,0.34,0.33,136712,129947,125626
47855468,-17.1325,4.7425,13.1250,-0.0161,0.3311,0.9974,-0.07,0.34,0.33,136693,129889,125611
47875000,-15.7500,3.9025,18.0600,-0.0162,0.3372,1.0013,-0.07,0.34,0.33,136674,129860,125602
47895508,-14.1925,2.5375,26.0225,-0.0168,0.3449,1.0049,-0.07,0.34,0.33,136637,129844,125626
47915040,-16.2750,1.5050,31.4475,-0.0203,0.3592,1.0094,-0.08,0.34,0.33,136601,129803,125627
47935544,-21.1925,0.5250,37.0825,-0.0231,0.3693,1.0128,-0.08,0.34,0.33,136573,129743,125625
47955080,-28.0000,-0.4375,43.0500,-0.0283,0.3803,1.0160,-0.09,0.33,0.33,136538,129662,125627
47975584,-30.4850,-1.6800,49.5775,-0.0354,0.3914,1.0196,-0.09,0.33,0.33,136495,129587,125634
47995116,-34.7900,-2.7825,56.5425,-0.0425,0.4053,1.0209,-0.10,0.33,0.33,136438,129506,125672
48015624,-53.7950,-4.3225,67.5850,-0.0539,0.4279,1.0182,-0.10,0.32,0.33,136374,129379,125703
48035156,-66.0450,-5.7925,75.6525,-0.0636,0.4371,1.0146,-0.11,0.32,0.33,136331,129200,125743
48055664,-70.2800,-7.9625,84.4550,-0.0744,0.4396,1.0091,-0.13,0.32,0.32,136267,129017,125776
48075196,-73.8850,-10.3600,93.4500,-0.0861,0.4369,0.9999,-0.14,0.31,0.32,136192,128837,125851
48095704,-83.1600,-12.7050,102.5325,-0.1005,0.4294,0.9878,-0.15,0.31,0.31,136094,128620,125940
48115232,-92.8900,-15.3125,111.6150,-0.1193,0.4153,0.9750,-0.16,0.30,0.31,135999,128382,126043
48135744,-93.3800,-19.8800,125.2475,-0.1523,0.3743,0.9538,-0.18,0.29,0.30,135883,128132,126138
48155272,-84.6125,-22.8900,133.9450,-0.1767,0.3340,0.9372,-0.19,0.29,0.30,135745,127883,126233
48174804,-79.9225,-25.1475,141.9425,-0.2022,0.2888,0.9182,-0.21,0.28,0.29,135594,127674,126332
48195312,-76.9475,-27.2650,148.9250,-0.2262,0.2374,0.9001,-0.22,0.26,0.28,135408,127462,126448
48214844,-70.6825,-29.0675,154.5775,-0.2471,0.1759,0.8860,-0.23,0.25,0.28,135205,127293,126560
48235352,-57.4700,-30.2925,158.3225,-0.2618,0.1049,0.8771,-0.24,0.24,0.27,134994,127119,126613
48254880,-33.5650,-30.3975,160.8775,-0.2794,-0.0144,0.8784,-0.25,0.23,0.27,134771,126989,126664
48285156,-20.0025,-28.2975,158.7600,-0.2747,-0.1279,0.8886,-0.26,0.20,0.27,134411,126875,126714
48305664,-16.0300,-26.5300,153.9650,-0.2596,-0.1965,0.8956,-0.26,0.19,0.26,134169,126783,126756
48325196,-68.5825,-17.5350,128.4150,-0.2197,-0.2041,0.8987,-0.27,0.18,0.25,134007,126583,126961
48345704,-111.2300,-9.4150,85.1200,-0.1919,-0.2937,0.8894,-0.28,0.17,0.24,133897,126466,127093
48365232,-5.6875,-10.4825,54.2500,-0.1774,-0.4978,0.8823,-0.28,0.17,0.24,133816,126470,127070
48385744,51.3975,-10.7275,42.1750,-0.1593,-0.5851,0.8889,-0.27,0.16,0.25,133759,126568,126934
48405272,87.1500,-10.3075,34.7025,-0.1265,-0.6233,0.9013,-0.27,0.16,0.26,133711,126721,126754
48424804,87.9025,-8.4350,29.4350,-0.0886,-0.6194,0.9050,-0.26,0.16,0.27,133675,126843,126595
48445312,66.4125,-5.9850,24.3950,-0.0576,-0.6032,0.8983,-0.25,0.16,0.28,133646,126951,126511
48464844,42.5600,-3.8675,19.2500,-0.0334,-0.5908,0.8915,-0.25,0.16,0.28,133632,127001,126458
48485352,8.6975,-1.2425,11.7250,0.0029,-0.5686,0.8894,-0.25,0.16,0.28,133618,126999,126450
48504880,-3.4125,0.0350,7.0525,0.0270,-0.5517,0.8933,-0.25,0.15,0.28,133606,126992,126454
48525392,-3.5525,0.9100,2.9925,0.0465,-0.5392,0.9001,-0.25,0.15,0.28,133594,126977,126466
48544920,2.9050,1.7150,-0.6300,0.0609,-0.5309,0.9082,-0.25,0.15,0.28,133595,127010,126465
48565428,11.7600,2.5550,-3.9550,0.0708,-0.5234,0.9177,-0.25,0.15,0.28,133606,127040,126433
48584960,18.1300,3.5175,-7.1575,0.0776,-0.5141,0.9296,-0.24,0.15,0.29,133602,127060,126399
48605468,15.2075,5.2325,-12.1800,0.0817,-0.4968,0.9494,-0.24,0.15,0.29,133610,127079,126382
48625000,10.7100,6.2475,-16.1875,0.0822,-0.4856,0.9618,-0.24,0.16,0.29,133622,127103,126369
48645508,10.9900,6.4925,-20.8075,0.0816,-0.4770,0.9719,-0.24,0.16,0.29,133644,127125,126364
48665040,15.5925,6.0900,-26.0925,0.0805,-0.4701,0.9797,-0.24,0.16,0.29,133681,127170,126326
48685544,23.0125,4.9175,-31.7100,0.0771,-0.4660,0.9861,-0.24,0.16,0.29,133724,127214,126281
48705080,26.0925,3.2725,-40.0575,0.0727,-0.4616,0.9904,-0.23,0.17,0.29,133782,127246,126247
48725584,23.6425,2.3100,-45.1500,0.0644,-0.4526,0.9941,-0.23,0.17,0.30,133852,127286,126213
48745116,24.8500,1.3300,-49.7700,0.0576,-0.4474,0.9977,-0.23,0.17,0.30,133934,127365,126180
48765624,26.9850,0.4375,-53.8300,0.0519,-0.4397,1.0002,-0.22,0.18,0.30,134026,127430,126136
48785156,29.3300,-0.5075,-57.5225,0.0470,-0.4291,1.0016,-0.22,0.19,0.30,134109,127488,126099
48805664,32.0775,-1.6100,-60.9000,0.0425,-0.4169,1.0017,-0.21,0.19,0.31,134219,127564,126039
48825196,40.5125,-3.5700,-65.2400,0.0350,-0.3987,1.0003,-0.21,0.20,0.31,134310,127659,125987
48845704,47.7050,-5.0575,-67.5150,0.0287,-0.3863,0.9992,-0.20,0.20,0.32,134423,127800,125910
48865232,54.5300,-6.9125,-69.6150,0.0223,-0.3701,0.9980,-0.19,0.21,0.32,134532,127924,125841
48885744,57.8900,-8.5575,-71.2950,0.0165,-0.3492,0.9959,-0.18,0.22,0.32,134645,128051,125758
48905272,56.9625,-10.0100,-72.6075,0.0101,-0.3248,0.9943,-0.18,0.23,0.33,134760,128186,125678
48924804,58.6250,-11.5325,-73.4825,0.0040,-0.3000,0.9944,-0.17,0.23,0.33,134864,128343,125623
48945312,58.9225,-13.4575,-74.4800,-0.0065,-0.2622,0.9945,-0.16,0.24,0.34,134992,128492,125566
48964844,56.3675,-14.3150,-75.0750,-0.0142,-0.2359,0.9936,-0.15,0.25,0.34,135092,128646,125513
48985352,53.6725,-14.9800,-75.6350,-0.0206,-0.2091,0.9921,-0.14,0.25,0.34,135211,128783,125464
49004880,50.7325,-15.3125,-76.2475,-0.0251,-0.1813,0.9889,-0.13,0.26,0.34,135319,128900,125427
49025392,43.3125,-15.1900,-77.1050,-0.0279,-0.1519,0.9845,-0.13,0.27,0.35,135429,129016,125390
49044920,30.9050,-14.5600,-78.0675,-0.0295,-0.1219,0.9794,-0.12,0.27,0.35,135527,129102,125402
49065428,16.0475,-13.1075,-79.3450,-0.0303,-0.0824,0.9736,-0.12,0.28,0.35,135627,129178,125415
49084960,14.7000,-12.1275,-80.1325,-0.0298,-0.0603,0.9708,-0.11,0.28,0.34,135727,129216,125425
49105468,14.3325,-11.1300,-80.6750,-0.0284,-0.0388,0.9678,-0.11,0.29,0.35,135823,129285,125410
49125000,13.8600,-10.0450,-80.8850,-0.0277,-0.0172,0.9658,-0.10,0.30,0.34,135914,129357,125420
49145508,14.2625,-8.9425,-80.8675,-0.0273,0.0039,0.9650,-0.10,0.30,0.34,135984,129429,125448
49165040,15.8725,-7.6300,-80.2375,-0.0267,0.0234,0.9654,-0.10,0.30,0.34,136067,129492,125462
49185544,14.8575,-6.6850,-79.5200,-0.0267,0.0499,0.9649,-0.09,0.31,0.34,136152,129556,125433
49205080,15.9775,-5.8975,-78.5750,-0.0271,0.0648,0.9653,-0.09,0.31,0.34,136223,129621,125447
49225584,21.4550,-5.3550,-77.4550,-0.0278,0.0791,0.9665,-0.08,0.32,0.34,136296,129706,125437
49245116,25.9350,-4.8475,-76.4400,-0.0282,0.0947,0.9681,-0.08,0.32,0.34,136356,129806,125452
49285156,15.9075,-3.2025,-73.1150,-0.0278,0.1427,0.9719,-0.07,0.33,0.34,136483,129928,125443
49304688,14.5075,-2.7300,-71.1725,-0.0281,0.1592,0.9743,-0.07,0.33,0.34,136547,129998,125445
49324216,16.4675,-2.4500,-68.9325,-0.0287,0.1730,0.9762,-0.06,0.34,0.34,136600,130060,125457
49344728,17.9025,-2.4675,-66.6225,-0.0288,0.1861,0.9777,-0.06,0.34,0.34,136645,130138,125459
49364256,16.2050,-2.2750,-64.1900,-0.0282,0.2003,0.9781,-0.05,0.34,0.34,136686,130197,125484
49383788,11.2000,-1.8900,-61.5300,-0.0277,0.2152,0.9775,-0.05,0.35,0.34,136738,130246,125482
49404296,2.3100,-1.2950,-57.2250,-0.0276,0.2294,0.9765,-0.05,0.35,0.34,136789,130259,125494
49423828,0.5075,-0.9800,-54.0050,-0.0281,0.2457,0.9767,-0.05,0.35,0.34,136834,130282,125492
49444336,1.6625,-0.9975,-50.4350,-0.0278,0.2533,0.9773,-0.05,0.35,0.34,136851,130321,125519
49463868,3.4825,-1.1025,-46.7075,-0.0287,0.2584,0.9788,-0.04,0.35,0.34,136884,130345,125540
49484376,1.8550,-1.2250,-43.2425,-0.0303,0.2636,0.9799,-0.04,0.36,0.34,136915,130355,125545
49503904,-2.5725,-1.3650,-40.0400,-0.0303,0.2711,0.9799,-0.04,0.36,0.34,136956,130349,125550
49524416,-3.7100,-1.8725,-35.3325,-0.0293,0.2805,0.9801,-0.04,0.36,0.34,136993,130363,125566
49543944,-2.6075,-2.5375,-32.0600,-0.0298,0.2866,0.9799,-0.04,0.36,0.34,137003,130375,125581
49564452,-2.6950,-3.0975,-28.5950,-0.0298,0.2937,0.9794,-0.04,0.36,0.33,137018,130388,125606
49583984,-2.9925,-3.6225,-24.9200,-0.0299,0.3006,0.9799,-0.04,0.36,0.33,137045,130400,125593
49604492,-3.4300,-4.0950,-20.9650,-0.0296,0.3074,0.9808,-0.04,0.37,0.33,137082,130376,125619
49624024,-3.6225,-4.5325,-17.0800,-0.0292,0.3138,0.9815,-0.04,0.37,0.33,137098,130369,125628
49644532,-4.1125,-5.0400,-11.0600,-0.0279,0.3260,0.9812,-0.04,0.37,0.33,137107,130383,125633
49664064,-2.9575,-5.0225,-6.5800,-0.0267,0.3370,0.9809,-0.04,0.37,0.33,137110,130380,125642
49684568,-3.3250,-4.7075,-1.6625,-0.0271,0.3477,0.9817,-0.04,0.37,0.33,137123,130370,125653
49704100,-5.5825,-4.3750,3.2900,-0.0288,0.3561,0.9841,-0.04,0.37,0.33,137137,130341,125657
49724608,-8.6275,-4.0250,8.1725,-0.0300,0.3625,0.9861,-0.05,0.37,0.33,137134,130318,125671
49744140,-9.8700,-3.5700,12.9500,-0.0307,0.3672,0.9876,-0.05,0.37,0.33,137119,130309,125675
49764648,-11.8125,-2.7300,20.4050,-0.0325,0.3777,0.9882,-0.05,0.37,0.33,137093,130270,125682
49784180,-15.0500,-2.1175,25.5675,-0.0336,0.3872,0.9882,-0.05,0.37,0.33,137077,130234,125695
49804688,-18.5500,-1.5400,30.9225,-0.0339,0.3963,0.9872,-0.05,0.37,0.33,137058,130179,125661
49824216,-18.7425,-1.2425,36.6450,-0.0342,0.4041,0.9848,-0.06,0.36,0.33,137031,130132,125678
49844728,-15.7325,-0.9100,42.7000,-0.0361,0.4099,0.9827,-0.06,0.36,0.33,136978,130095,125677
49864256,-14.1925,-0.1575,53.0425,-0.0393,0.4180,0.9806,-0.06,0.36,0.33,136917,130047,125677
49883788,-18.2175,0.8400,60.7250,-0.0468,0.4324,0.9795,-0.07,0.35,0.33,136873,129982,125669
49904296,-23.9575,1.7850,68.9500,-0.0549,0.4388,0.9809,-0.07,0.35,0.33,136815,129891,125645
49923828,-26.1975,2.4500,77.6125,-0.0641,0.4410,0.9848,-0.08,0.35,0.33,136743,129814,125641
49944336,-25.2525,3.0100,86.6075,-0.0741,0.4399,0.9889,-0.08,0.34,0.33,136644,129730,125655
49963868,-22.7675,3.5000,95.5150,-0.0841,0.4348,0.9914,-0.09,0.33,0.33,136544,129657,125647
49984376,-21.7525,4.4100,108.1675,-0.0974,0.4235,0.9873,-0.09,0.33,0.33,136439,129556,125628
50003904,-26.8100,5.1625,115.8500,-0.1071,0.4155,0.9806,-0.10,0.32,0.33,136328,129435,125586
50024416,-30.8000,5.6000,122.9725,-0.1175,0.4024,0.9734,-0.11,0.31,0.33,136193,129302,125593
50043944,-38.2725,6.3525,129.3950,-0.1292,0.3866,0.9651,-0.12,0.30,0.33,136056,129157,125627
50064452,-46.6900,6.7375,135.2575,-0.1420,0.3681,0.9568,-0.13,0.29,0.33,135889,128994,125637
50083984,-50.9775,6.7900,140.6125,-0.1557,0.3437,0.9489,-0.14,0.28,0.33,135725,128829,125656
50104492,-49.7525,6.4400,146.9300,-0.1767,0.2949,0.9382,-0.15,0.27,0.33,135547,128636,125679
50124024,-53.1475,6.3700,150.0100,-0.1893,0.2578,0.9320,-0.16,0.26,0.33,135361,128458,125720
50144532,-56.5775,6.0550,151.7775,-0.2012,0.2166,0.9274,-0.17,0.25,0.32,135150,128279,125785
50164064,-59.5875,5.6175,152.4950,-0.2087,0.1698,0.9256,-0.18,0.24,0.32,134933,128120,125837
50184568,-58.2225,4.6725,151.4275,-0.2157,0.1152,0.9285,-0.19,0.22,0.32,134713,127950,125901
50204100,-53.8125,3.4825,148.7500,-0.2198,0.0571,0.9333,-0.20,0.21,0.31,134498,127788,125951
50224608,-68.7225,3.6925,117.9500,-0.2003,0.0137,0.9333,-0.21,0.20,0.31,134325,127619,126037
50244140,-41.5975,1.0150,89.0050,-0.1946,-0.0889,0.9340,-0.21,0.19,0.30,134211,127568,126080
50264648,7.0525,-1.9250,73.8675,-0.1925,-0.1859,0.9357,-0.21,0.18,0.31,134100,127568,126044
50294920,7.6475,-0.8400,61.9150,-0.1746,-0.2594,0.9466,-0.21,0.18,0.31,133956,127566,126026
50315428,8.6800,1.4525,56.9800,-0.1409,-0.3004,0.9675,-0.21,0.17,0.31,133871,127580,125997
50334960,7.1400,3.3600,54.0050,-0.1143,-0.3140,0.9692,-0.21,0.17,0.31,133783,127582,125971
50355468,3.1325,5.3025,50.6975,-0.0900,-0.3228,0.9633,-0.21,0.16,0.31,133690,127578,125958
