30617188,3.9025,97.4925,-6.3000,0.3915,0.1154,0.8420,-0.08,0.40,0.31,137683,129721,125950
30637696,13.9125,93.5900,-6.7200,0.3477,0.1130,0.8660,-0.08,0.39,0.32,137474,129751,125844
30657226,17.4650,91.2100,-7.3325,0.3182,0.1152,0.8783,-0.08,0.38,0.32,137272,129793,125763
30677734,15.8375,89.0925,-7.8575,0.2898,0.1204,0.8902,-0.08,0.37,0.33,137072,129825,125656
30697264,10.0800,87.0450,-8.1725,0.2618,0.1263,0.9027,-0.08,0.36,0.34,136891,129825,125580
30716796,3.1850,85.1200,-8.1900,0.2339,0.1301,0.9159,-0.08,0.34,0.34,136708,129818,125493
30737304,0.2450,82.8100,-7.9975,0.2045,0.1335,0.9299,-0.08,0.33,0.34,136527,129816,125431
30756836,-0.2800,79.0300,-7.6825,0.1752,0.1376,0.9416,-0.08,0.32,0.35,136349,129815,125411
30777344,-1.1375,76.3000,-7.5075,0.1343,0.1475,0.9522,-0.08,0.31,0.35,136167,129807,125354
30796876,-5.1800,73.6750,-7.2975,0.1088,0.1549,0.9560,-0.08,0.30,0.35,136008,129777,125320
30817382,-10.5350,71.1375,-6.8775,0.0847,0.1595,0.9590,-0.08,0.29,0.35,135855,129743,125282
30836914,-15.4700,68.7050,-6.3525,0.0606,0.1618,0.9622,-0.08,0.28,0.36,135702,129691,125251
30857420,-20.0725,66.3775,-5.6700,0.0364,0.1635,0.9650,-0.09,0.27,0.35,135542,129641,125269
30876952,-28.2450,63.4900,-4.2350,-0.0001,0.1652,0.9699,-0.09,0.26,0.35,135398,129575,125275
30897460,-33.8100,61.6525,-2.7650,-0.0255,0.1641,0.9726,-0.10,0.26,0.35,135259,129472,125280
30916992,-36.3650,59.2725,-1.0675,-0.0508,0.1601,0.9711,-0.10,0.25,0.35,135137,129392,125281
30937500,-14.8225,51.7300,0.8050,-0.0773,0.1496,0.9638,-0.10,0.24,0.35,135025,129388,125294
30957032,12.1275,41.0200,1.2600,-0.1032,0.1391,0.9571,-0.10,0.24,0.35,134944,129406,125280
30977540,7.1225,32.4800,0.5775,-0.1216,0.1355,0.9542,-0.10,0.23,0.35,134874,129369,125303
30997070,-61.5300,27.3525,-1.0500,-0.1418,0.1473,0.9600,-0.11,0.23,0.35,134827,129197,125359
31017578,-93.9225,25.2875,-1.3825,-0.1593,0.1466,0.9740,-0.13,0.23,0.34,134768,128965,125454
31037108,-86.6775,21.6300,-0.6300,-0.1769,0.1308,0.9941,-0.14,0.22,0.34,134735,128805,125544
31057616,-58.1700,16.1525,0.2275,-0.1922,0.1078,1.0141,-0.15,0.22,0.33,134704,128694,125614
31077148,-37.7825,10.7800,0.2800,-0.2033,0.0839,1.0363,-0.15,0.22,0.33,134682,128634,125656
31097656,-31.1150,3.6575,-0.8925,-0.2183,0.0537,1.0779,-0.15,0.22,0.33,134682,128547,125697
31117188,-27.5275,-1.6100,-1.8375,-0.2269,0.0368,1.1046,-0.16,0.22,0.33,134688,128486,125719
31137696,-16.3625,-7.9975,-2.4500,-0.2328,0.0215,1.1274,-0.16,0.22,0.33,134713,128455,125739
31157226,-3.6575,-15.4700,-3.3425,-0.2364,0.0096,1.1423,-0.16,0.22,0.32,134747,128468,125751
31177734,-2.9925,-22.9775,-4.8125,-0.2386,0.0060,1.1490,-0.16,0.23,0.32,134805,128451,125783
31197264,-15.5925,-29.6800,-7.0350,-0.2384,0.0088,1.1495,-0.16,0.23,0.32,134892,128406,125796
31216796,-26.6875,-40.6350,-11.3050,-0.2374,0.0085,1.1484,-0.17,0.24,0.32,134998,128358,125840
31237304,-12.3200,-49.4025,-13.9475,-0.2411,-0.0078,1.1512,-0.17,0.25,0.32,135128,128363,125867
31256836,11.0950,-59.3775,-16.1175,-0.2452,-0.0231,1.1534,-0.16,0.26,0.32,135270,128417,125870
31277344,27.7900,-69.3350,-17.6400,-0.2491,-0.0349,1.1545,-0.16,0.27,0.32,135446,128508,125865
31296876,33.5825,-78.6450,-18.7250,-0.2519,-0.0410,1.1561,-0.15,0.28,0.32,135629,128567,125837
31317382,32.7600,-87.6925,-19.5300,-0.2535,-0.0417,1.1563,-0.15,0.29,0.32,135867,128638,125835
31336914,24.8325,-100.2400,-20.2825,-0.2503,-0.0379,1.1567,-0.14,0.31,0.32,136099,128702,125858
31357420,26.3200,-108.5000,-20.3175,-0.2438,-0.0376,1.1549,-0.14,0.32,0.31,136356,128795,125924
31376952,27.0200,-116.5325,-20.1950,-0.2341,-0.0351,1.1522,-0.13,0.34,0.31,136617,128880,125958
31397460,33.7925,-124.1450,-19.6875,-0.2240,-0.0346,1.1509,-0.13,0.36,0.31,136918,128976,126017
31416992,39.4975,-131.5650,-18.6375,-0.2112,-0.0318,1.1467,-0.12,0.38,0.30,137221,129073,126075
31437500,42.5425,-137.9525,-17.2200,-0.1970,-0.0264,1.1448,-0.12,0.39,0.30,137542,129183,126181
31457032,45.3425,-146.1075,-14.4375,-0.1676,-0.0176,1.1395,-0.11,0.41,0.29,137843,129302,126285
31477540,55.0900,-150.7975,-12.0575,-0.1444,-0.0106,1.1347,-0.10,0.43,0.28,138157,129453,126434
31497070,64.2600,-155.3475,-9.1350,-0.1197,-0.0016,1.1247,-0.09,0.45,0.28,138483,129588,126546
31517578,75.6700,-159.1625,-5.9850,-0.0935,0.0089,1.1153,-0.08,0.47,0.27,138809,129739,126694
31537108,81.4100,-161.6300,-2.5900,-0.0661,0.0244,1.1012,-0.07,0.49,0.26,139112,129875,126865
31557616,69.3875,-161.2450,1.9775,-0.0184,0.0580,1.0762,-0.06,0.51,0.24,139398,130014,127084
31577148,57.9425,-158.3050,4.3050,0.0193,0.0795,1.0586,-0.06,0.52,0.23,139666,130093,127298
31597656,52.8850,-154.7525,6.7550,0.0619,0.0961,1.0353,-0.06,0.54,0.22,139946,130155,127539
31627928,46.5150,-149.5200,10.1500,0.1254,0.1197,0.9843,-0.05,0.56,0.19,140258,130221,127929
31648436,37.9400,-145.7750,11.8300,0.1640,0.1352,0.9429,-0.05,0.57,0.18,140477,130230,128201
31667968,12.7225,-138.3025,12.4425,0.2217,0.1554,0.8772,-0.05,0.59,0.16,140657,130201,128470
31688476,-10.5000,-132.0025,11.5850,0.2580,0.1669,0.8335,-0.06,0.59,0.14,140810,130160,128776
31708008,-28.6825,-125.3700,10.1500,0.2908,0.1726,0.7913,-0.06,0.60,0.12,140921,130118,129071
31728516,-39.0075,-118.7200,8.7850,0.3240,0.1730,0.7496,-0.06,0.61,0.10,141031,130064,129368
31748046,-45.0625,-112.2450,7.7525,0.3612,0.1686,0.7094,-0.07,0.61,0.09,141141,130007,129645
31768554,-50.9950,-105.7525,6.8250,0.4002,0.1636,0.6688,-0.07,0.62,0.07,141231,129951,129934
31788084,-52.2375,-95.1300,5.6875,0.4664,0.1565,0.6143,-0.07,0.62,0.05,141279,129912,130199
31808592,-48.7725,-86.5375,5.1625,0.5141,0.1536,0.5821,-0.07,0.62,0.04,141309,129896,130438
31828124,-40.5650,-76.9475,4.8825,0.5641,0.1501,0.5488,-0.07,0.63,0.03,141345,129870,130644
31848632,-27.9650,-67.1825,5.1100,0.6117,0.1487,0.5119,-0.07,0.63,0.02,141376,129845,130825
31868164,-15.4525,-57.5750,5.3375,0.6576,0.1514,0.4717,-0.08,0.63,0.01,141403,129814,130951
31888672,-4.0775,-42.5250,5.1625,0.7210,0.1599,0.4109,-0.08,0.63,0.00,141413,129815,131036
31908204,1.9775,-32.0775,4.5500,0.7596,0.1642,0.3753,-0.08,0.63,-0.00,141402,129808,131113
31928710,4.8825,-21.3325,3.4300,0.7919,0.1663,0.3440,-0.08,0.63,-0.01,141404,129806,131154
31948242,2.4500,-10.4650,2.0650,0.8151,0.1668,0.3166,-0.08,0.63,-0.01,141416,129791,131161
31968750,-0.1575,-0.4900,0.9100,0.8294,0.1649,0.2938,-0.08,0.63,-0.00,141422,129787,131143
31988280,-1.9425,9.0825,-0.0350,0.8379,0.1591,0.2782,-0.08,0.63,-0.00,141411,129791,131106
32007812,-0.3675,18.3225,-0.6125,0.8419,0.1501,0.2708,-0.08,0.63,0.00,141385,129804,131019
32028320,-0.6300,31.5525,-0.9975,0.8438,0.1381,0.2695,-0.08,0.63,0.01,141372,129814,130962
32047852,-4.6550,39.7775,-0.8400,0.8440,0.1327,0.2724,-0.08,0.63,0.01,141359,129811,130856
32068360,-8.6100,47.5475,-0.5425,0.8450,0.1291,0.2783,-0.08,0.63,0.02,141353,129793,130732
32087890,-11.2525,54.9675,0.2450,0.8452,0.1266,0.2861,-0.08,0.63,0.03,141318,129792,130611
32108398,-12.8800,62.3175,1.2950,0.8451,0.1257,0.2967,-0.08,0.62,0.04,141260,129793,130443
32127928,-9.3450,72.8525,3.2725,0.8474,0.1244,0.3185,-0.08,0.62,0.05,141208,129780,130293
32148436,-2.1525,79.3100,4.5500,0.8477,0.1237,0.3342,-0.08,0.62,0.06,141172,129760,130085
32167968,7.7525,85.3300,5.8275,0.8444,0.1231,0.3489,-0.08,0.61,0.07,141110,129749,129873
32188476,20.4050,90.5625,6.7200,0.8375,0.1222,0.3650,-0.08,0.61,0.09,141022,129752,129641
32208008,30.6425,95.6900,7.0700,0.8294,0.1244,0.3839,-0.08,0.60,0.10,140915,129754,129393
32228516,31.1500,101.1325,6.8425,0.8211,0.1299,0.4052,-0.08,0.59,0.12,140803,129780,129130
32248046,22.0325,108.3250,6.1250,0.8045,0.1393,0.4390,-0.08,0.59,0.13,140692,129776,128886
32268554,14.8050,111.9825,5.4600,0.7889,0.1442,0.4608,-0.08,0.58,0.15,140561,129776,128605
32288084,10.7275,114.6250,4.9700,0.7708,0.1474,0.4829,-0.08,0.57,0.17,140407,129775,128364
32308592,8.7675,116.6375,4.4450,0.7508,0.1496,0.5054,-0.08,0.56,0.18,140224,129795,128125
32328124,5.4950,118.2300,3.6225,0.7286,0.1512,0.5284,-0.08,0.55,0.19,140047,129799,127909
32348632,-5.5125,119.9625,2.1175,0.6917,0.1547,0.5624,-0.08,0.54,0.21,139873,129769,127675
32368164,-11.1650,120.2250,1.2950,0.6667,0.1542,0.5871,-0.08,0.53,0.22,139698,129750,127453
32388672,-15.9250,120.0850,0.6825,0.6405,0.1534,0.6124,-0.08,0.51,0.23,139488,129731,127259
32408204,-19.2150,119.6825,0.1750,0.6138,0.1512,0.6393,-0.08,0.50,0.24,139270,129702,127091
32428710,-16.8350,118.5275,-0.3325,0.5865,0.1466,0.6665,-0.08,0.49,0.25,139043,129685,126911
32448242,-12.0925,116.8125,-1.0150,0.5583,0.1393,0.6945,-0.09,0.47,0.26,138841,129664,126746
32468750,-5.0050,113.7150,-2.1175,0.5156,0.1286,0.7359,-0.09,0.46,0.27,138617,129629,126578
32488280,-2.2750,111.6675,-2.7825,0.4853,0.1236,0.7612,-0.09,0.45,0.28,138394,129629,126430
32507812,-3.0275,109.8650,-3.3600,0.4541,0.1186,0.7864,-0.09,0.43,0.29,138170,129625,126310
32528320,-3.9725,108.0450,-3.6750,0.4219,0.1154,0.8098,-0.09,0.42,0.30,137922,129613,126188
32547852,-2.4500,106.3125,-3.8850,0.3889,0.1133,0.8302,-0.09,0.41,0.31,137714,129598,126072
32568360,0.3500,104.6675,-4.0075,0.3569,0.1114,0.8489,-0.09,0.39,0.31,137495,129594,125932
32587890,0.0175,102.2700,-3.8500,0.3087,0.1076,0.8767,-0.09,0.38,0.32,137275,129589,125837
32608398,-3.9725,100.7650,-3.4125,0.2745,0.1065,0.8949,-0.09,0.36,0.32,137038,129564,125776
32638672,-5.7575,98.5075,-2.3275,0.2233,0.1065,0.9174,-0.09,0.34,0.33,136699,129528,125654
32658204,-4.1825,97.0900,-1.5400,0.1898,0.1080,0.9279,-0.09,0.33,0.34,136480,129525,125583
32678710,1.4875,95.8650,-0.6825,0.1577,0.1082,0.9378,-0.09,0.32,0.34,136260,129530,125529
32698242,0.2450,94.4300,0.4900,0.1129,0.1115,0.9518,-0.10,0.30,0.34,136045,129504,125462
32718750,-9.1525,93.5375,1.4700,0.0814,0.1155,0.9604,-0.10,0.29,0.35,135829,129458,125410
32738280,-21.2800,92.7150,2.7300,0.0501,0.1200,0.9676,-0.10,0.28,0.35,135618,129390,125387
32757812,-32.7075,91.5600,4.3925,0.0187,0.1249,0.9725,-0.11,0.26,0.34,135397,129304,125422
32778320,-41.7725,89.8625,6.4575,-0.0129,0.1270,0.9744,-0.11,0.25,0.34,135175,129199,125442
32797852,-41.0900,86.9750,8.7850,-0.0445,0.1226,0.9725,-0.12,0.24,0.34,134998,129164,125428
32818360,89.3200,57.4175,6.7550,-0.1033,0.0761,0.9665,-0.10,0.23,0.35,134861,129396,125275
32837890,139.6325,37.5375,1.1900,-0.1408,0.0520,0.9906,-0.09,0.23,0.36,134780,129640,125141
32858398,63.4025,31.7800,-3.1325,-0.1710,0.0763,1.0133,-0.08,0.22,0.36,134719,129703,125116
32877928,-17.7100,25.1125,-5.6350,-0.1961,0.1142,1.0269,-0.09,0.22,0.36,134688,129621,125171
32898436,-56.4900,13.9825,-5.2150,-0.2159,0.1340,1.0387,-0.10,0.22,0.36,134683,129451,125224
32917968,-77.5950,3.3600,-3.7100,-0.2359,0.1410,1.0526,-0.11,0.22,0.35,134707,129242,125313
32938476,-92.6100,-7.7700,-1.9075,-0.2571,0.1396,1.0774,-0.12,0.22,0.34,134739,129031,125425
32958008,-83.4050,-13.2300,-1.0850,-0.2636,0.1288,1.1001,-0.13,0.23,0.34,134766,128868,125519
32978516,-66.1500,-18.4275,-0.9100,-0.2603,0.1137,1.1207,-0.14,0.23,0.33,134819,128753,125615
32998046,-43.2250,-24.5000,-0.8050,-0.2467,0.0954,1.1363,-0.15,0.23,0.33,134875,128691,125636
33018554,-19.0050,-31.3075,-0.8050,-0.2281,0.0791,1.1464,-0.15,0.24,0.33,134961,128659,125652
33038084,-6.0550,-39.0600,-1.0675,-0.2080,0.0688,1.1470,-0.15,0.24,0.33,135052,128654,125661
33058592,0.1225,-51.3975,-2.5900,-0.2015,0.0576,1.1520,-0.15,0.25,0.33,135167,128657,125701
33078124,-6.4750,-60.4450,-4.0425,-0.2035,0.0503,1.1505,-0.15,0.26,0.33,135303,128661,125735
33098632,-11.1650,-69.5275,-5.8800,-0.2076,0.0432,1.1522,-0.15,0.27,0.32,135474,128648,125752
33118164,-4.9175,-79.0300,-7.8225,-0.2145,0.0331,1.1545,-0.15,0.28,0.32,135666,128659,125761
33138672,4.9175,-88.1125,-9.7825,-0.2211,0.0218,1.1570,-0.14,0.29,0.32,135875,128704,125819
33158204,11.4975,-101.2025,-12.1100,-0.2217,0.0111,1.1558,-0.14,0.31,0.32,136098,128748,125866
33178710,11.3925,-109.3750,-13.7900,-0.2217,0.0073,1.1535,-0.14,0.32,0.31,136353,128782,125920
33198242,5.5300,-117.0400,-15.6100,-0.2173,0.0061,1.1495,-0.14,0.34,0.31,136623,128804,125998
33218750,4.8825,-123.9175,-17.5700,-0.2120,0.0034,1.1478,-0.14,0.36,0.30,136928,128837,126087
33238280,11.1475,-130.4450,-18.8475,-0.2018,-0.0020,1.1441,-0.13,0.37,0.30,137207,128889,126176
33257812,21.1750,-136.2725,-19.6000,-0.1853,-0.0050,1.1407,-0.13,0.39,0.29,137502,128985,126289
33278320,34.8425,-143.7100,-19.4425,-0.1514,-0.0037,1.1317,-0.12,0.41,0.28,137820,129086,126409
33297852,39.1300,-148.2250,-18.9000,-0.1242,-0.0018,1.1244,-0.11,0.43,0.28,138131,129195,126527
33318360,33.0750,-151.4275,-18.8125,-0.0974,0.0049,1.1151,-0.11,0.45,0.27,138470,129257,126696
33337890,19.9500,-153.3175,-19.3375,-0.0675,0.0159,1.1023,-0.11,0.47,0.26,138766,129330,126894
33358398,11.9000,-154.6475,-19.8275,-0.0344,0.0251,1.0899,-0.10,0.49,0.24,139066,129404,127120
33377928,13.0550,-155.6450,-19.9850,0.0005,0.0305,1.0774,-0.10,0.51,0.23,139346,129484,127356
33398436,20.7025,-156.0125,-19.0050,0.0534,0.0368,1.0520,-0.09,0.52,0.21,139649,129551,127593
33417968,23.2925,-154.8225,-17.5525,0.0871,0.0425,1.0292,-0.09,0.54,0.20,139928,129619,127837
33438476,21.1050,-152.6350,-15.8900,0.1183,0.0498,1.0028,-0.09,0.55,0.18,140163,129677,128102
33458008,14.3150,-149.2925,-14.2800,0.1471,0.0576,0.9742,-0.08,0.57,0.16,140358,129727,128388
33478516,5.9850,-144.9525,-12.6175,0.1784,0.0630,0.9416,-0.08,0.58,0.15,140540,129750,128691
33498046,0.5250,-139.8425,-10.6750,0.2107,0.0676,0.9067,-0.08,0.59,0.13,140712,129761,128963
33518554,0.8400,-131.3900,-6.9650,0.2655,0.0720,0.8499,-0.08,0.60,0.11,140874,129763,129246
33538084,-4.6375,-124.9325,-4.5850,0.3084,0.0772,0.8080,-0.08,0.61,0.09,140996,129765,129522
33558592,-17.9025,-117.1275,-2.4850,0.3548,0.0847,0.7669,-0.08,0.61,0.08,141074,129767,129821
33578124,-28.7525,-107.9575,-0.5600,0.4077,0.0917,0.7277,-0.08,0.61,0.06,141137,129759,130071
33598632,-27.6675,-98.2625,1.6100,0.4664,0.0947,0.6909,-0.08,0.62,0.05,141211,129738,130309
33618164,-9.8175,-83.7025,5.2150,0.5248,0.0972,0.6331,-0.08,0.62,0.03,141265,129704,130502
33648436,26.0400,-69.2650,8.6975,0.6263,0.0966,0.5754,-0.08,0.62,0.02,141289,129697,130701
33667968,44.5900,-58.5900,10.5175,0.6656,0.0996,0.5361,-0.09,0.63,0.02,141315,129675,130795
33688476,45.1850,-46.8825,10.8325,0.6967,0.1076,0.4934,-0.09,0.63,0.01,141325,129641,130845
33708008,31.9025,-34.8950,9.5200,0.7208,0.1176,0.4496,-0.09,0.63,0.01,141326,129647,130886
33728516,3.9550,-17.3775,5.6350,0.7398,0.1252,0.3910,-0.09,0.63,0.01,141317,129640,130921
33748048,-6.0375,-6.4750,3.0625,0.7636,0.1261,0.3592,-0.09,0.63,0.01,141326,129623,130931
33768552,-5.6700,3.3600,0.9100,0.7749,0.1188,0.3353,-0.09,0.63,0.01,141336,129607,130920
33788084,-3.5875,12.5125,-0.7350,0.7835,0.1102,0.3181,-0.09,0.63,0.01,141331,129614,130888
33808592,-3.1675,21.1925,-1.9950,0.7915,0.1020,0.3073,-0.09,0.62,0.02,141298,129641,130821
33828124,-6.0200,29.4350,-2.8525,0.7993,0.0952,0.3026,-0.09,0.62,0.02,141285,129647,130735
33848632,-9.8000,40.6175,-3.1150,0.8115,0.0891,0.3035,-0.09,0.62,0.02,141274,129635,130663
33868164,-9.7300,47.6000,-2.7825,0.8198,0.0872,0.3087,-0.09,0.62,0.03,141272,129640,130555
33888672,-5.3025,54.1100,-2.1000,0.8281,0.0864,0.3178,-0.09,0.62,0.04,141233,129632,130412
33908204,2.9750,60.1300,-1.3475,0.8356,0.0870,0.3294,-0.09,0.62,0.05,141173,129644,130271
33928712,10.6925,66.3425,-0.4900,0.8430,0.0893,0.3418,-0.09,0.61,0.06,141119,129662,130094
33948240,14.5600,72.5725,0.2450,0.8479,0.0935,0.3555,-0.09,0.61,0.07,141073,129658,129883
33968752,20.3525,81.2875,0.9625,0.8459,0.1007,0.3782,-0.09,0.61,0.09,141027,129647,129666
33988280,27.0725,86.5025,1.1200,0.8403,0.1043,0.3955,-0.09,0.60,0.10,140942,129672,129456
34007812,28.6825,91.7525,0.8575,0.8307,0.1087,0.4141,-0.08,0.60,0.11,140834,129694,129220
34028320,26.0575,96.7400,0.2975,0.8184,0.1136,0.4329,-0.08,0.59,0.13,140713,129729,128984
34047852,22.1900,100.9750,-0.3675,0.8028,0.1175,0.4520,-0.08,0.58,0.14,140607,129747,128737
34068360,17.6925,104.8600,-1.0150,0.7829,0.1213,0.4717,-0.08,0.57,0.16,140481,129758,128491
34087888,13.0725,109.6375,-2.1175,0.7503,0.1252,0.5030,-0.08,0.57,0.17,140341,129774,128246
34108400,11.2875,112.1225,-2.8350,0.7263,0.1260,0.5253,-0.08,0.56,0.19,140167,129806,128022
34127928,9.7300,114.2750,-3.5700,0.7042,0.1269,0.5488,-0.08,0.54,0.20,139992,129841,127804
34148436,8.4525,116.2175,-4.4275,0.6793,0.1272,0.5733,-0.07,0.53,0.21,139821,129847,127557
34167968,8.2425,117.7575,-5.5475,0.6564,0.1272,0.5998,-0.07,0.52,0.23,139652,129859,127339
34188476,12.1800,118.8250,-7.1925,0.6326,0.1266,0.6396,-0.07,0.51,0.24,139449,129889,127128
34208008,12.9150,119.0875,-8.4350,0.5932,0.1287,0.6637,-0.07,0.50,0.25,139227,129926,126910
34228516,10.1150,119.0175,-9.8000,0.5645,0.1322,0.6872,-0.07,0.48,0.27,138995,129967,126724
34248048,3.9025,118.9475,-11.0950,0.5353,0.1365,0.7099,-0.07,0.47,0.28,138786,129971,126544
34268552,-2.9050,118.2650,-12.0575,0.5052,0.1404,0.7320,-0.07,0.46,0.29,138563,129961,126373
34288084,-7.9800,117.0050,-12.7225,0.4736,0.1437,0.7544,-0.07,0.44,0.30,138345,129946,126226
34308592,-14.0350,114.2575,-13.0550,0.4253,0.1481,0.7865,-0.07,0.43,0.30,138085,129931,126113
34328124,-15.6450,112.2275,-12.8800,0.3909,0.1503,0.8072,-0.07,0.41,0.31,137855,129914,125997
34348632,-14.8050,110.0750,-12.4600,0.3559,0.1512,0.8279,-0.07,0.40,0.32,137624,129877,125879
34368164,-13.8425,108.1500,-11.5850,0.3218,0.1505,0.8485,-0.07,0.39,0.32,137410,129845,125767
34388672,-16.1875,106.7325,-10.5175,0.2891,0.1491,0.8686,-0.08,0.37,0.33,137164,129789,125685
34408204,-18.7600,105.1225,-9.1350,0.2540,0.1496,0.8886,-0.08,0.36,0.33,136934,129756,125621
34428712,-18.6900,102.4450,-6.3700,0.1996,0.1512,0.9155,-0.08,0.34,0.34,136686,129714,125580
34448240,-17.7975,100.5550,-4.2875,0.1665,0.1502,0.9294,-0.09,0.33,0.34,136472,129678,125507
34468752,-16.8175,98.4025,-2.3275,0.1341,0.1486,0.9416,-0.09,0.32,0.34,136244,129610,125440
34488280,-17.1150,95.9875,-0.3500,0.1003,0.1475,0.9520,-0.09,0.30,0.35,136026,129556,125407
34507812,-18.6025,93.4150,1.8200,0.0666,0.1473,0.9599,-0.10,0.29,0.35,135810,129500,125399
34528320,-20.6850,90.7725,4.0075,0.0344,0.1470,0.9656,-0.10,0.28,0.35,135588,129453,125380
34547852,-24.1500,86.2575,7.4550,-0.0118,0.1437,0.9714,-0.10,0.26,0.35,135391,129387,125378
34568360,-28.1575,83.2825,9.6075,-0.0426,0.1437,0.9733,-0.11,0.25,0.35,135195,129298,125367
34587888,-32.4625,79.7825,11.8825,-0.0727,0.1431,0.9726,-0.11,0.24,0.35,135005,129209,125380
34608400,-33.0400,75.4250,13.9825,-0.0999,0.1371,0.9712,-0.12,0.23,0.35,134828,129159,125406
34627928,-7.0350,65.0650,14.0700,-0.1305,0.1227,0.9728,-0.11,0.22,0.35,134681,129192,125378
34658204,54.1625,33.8450,4.4625,-0.1961,0.0826,1.0094,-0.11,0.21,0.35,134556,129332,125271
34678712,22.1200,24.6400,-0.4025,-0.2172,0.0854,1.0343,-0.11,0.21,0.35,134510,129347,125274
34698240,-18.5850,15.9075,-3.5525,-0.2338,0.0961,1.0542,-0.11,0.21,0.35,134493,129277,125304
34718752,-46.4625,5.7400,-4.9175,-0.2525,0.1026,1.0702,-0.12,0.21,0.35,134503,129116,125345
34738280,-67.0950,-3.7625,-5.2325,-0.2711,0.1047,1.0857,-0.13,0.21,0.34,134539,128960,125443
34757812,-75.7225,-11.3400,-5.2325,-0.2826,0.1013,1.1040,-0.14,0.21,0.34,134580,128812,125535
34778320,-53.6200,-20.3175,-4.8125,-0.2816,0.0786,1.1373,-0.14,0.22,0.33,134629,128717,125612
34797852,-27.4400,-25.6725,-4.3750,-0.2774,0.0620,1.1563,-0.15,0.22,0.33,134688,128676,125627
34818360,-4.6550,-31.5350,-3.8850,-0.2672,0.0512,1.1647,-0.15,0.23,0.33,134772,128687,125613
34837888,15.6450,-38.4825,-3.2025,-0.2540,0.0439,1.1639,-0.14,0.23,0.33,134858,128733,125594
34858400,23.2925,-45.7625,-2.6950,-0.2458,0.0416,1.1580,-0.14,0.24,0.33,134975,128792,125590
34877928,17.5875,-53.0075,-2.6425,-0.2452,0.0444,1.1509,-0.14,0.25,0.33,135092,128830,125597
34898436,9.3450,-64.8025,-3.1325,-0.2510,0.0447,1.1464,-0.13,0.25,0.33,135244,128867,125601
34917968,6.2475,-73.0450,-3.9725,-0.2586,0.0431,1.1472,-0.13,0.26,0.33,135408,128875,125611
34938476,5.3025,-81.8650,-5.0400,-0.2597,0.0381,1.1463,-0.13,0.28,0.33,135604,128909,125629
34958008,11.8475,-91.2100,-6.1250,-0.2566,0.0322,1.1448,-0.13,0.29,0.33,135809,128956,125656
34978516,17.0275,-100.5375,-7.2450,-0.2522,0.0279,1.1419,-0.12,0.30,0.33,136044,129024,125694
34998048,21.3325,-114.4850,-8.5925,-0.2453,0.0217,1.1394,-0.12,0.32,0.33,136302,129071,125747
35018552,18.4100,-123.2350,-9.5900,-0.2384,0.0193,1.1359,-0.12,0.34,0.32,136594,129118,125790
35038084,13.5450,-131.7050,-10.9200,-0.2305,0.0207,1.1303,-0.12,0.35,0.32,136886,129163,125879
35058592,9.0300,-139.7200,-12.3375,-0.2198,0.0222,1.1244,-0.11,0.37,0.31,137197,129198,126021
35078124,7.5250,-147.3325,-13.7375,-0.2074,0.0242,1.1165,-0.11,0.39,0.30,137519,129245,126173
35098632,7.8750,-154.7175,-14.9450,-0.1925,0.0271,1.1072,-0.11,0.42,0.29,137878,129284,126335
35118164,9.0300,-164.3075,-16.5025,-0.1695,0.0273,1.0941,-0.11,0.44,0.28,138233,129317,126513
35138672,11.5150,-169.3825,-16.7825,-0.1518,0.0253,1.0885,-0.10,0.46,0.27,138590,129384,126714
35158204,13.0200,-172.7425,-16.3100,-0.1299,0.0262,1.0857,-0.10,0.48,0.25,138920,129438,126969
35178712,10.4300,-173.8800,-15.4525,-0.1035,0.0344,1.0797,-0.10,0.50,0.23,139250,129503,127243
35198240,9.3275,-173.3725,-14.0525,-0.0702,0.0468,1.0704,-0.09,0.52,0.22,139561,129537,127510
35218752,2.5900,-169.7150,-11.4975,-0.0317,0.0595,1.0574,-0.09,0.54,0.20,139863,129554,127805
35238280,-3.8325,-166.1275,-9.7125,0.0300,0.0760,1.0282,-0.09,0.55,0.18,140115,129561,128111
35257812,-5.1275,-161.8050,-7.7700,0.0723,0.0827,1.0045,-0.09,0.56,0.16,140323,129567,128436
35278320,-3.6225,-156.3625,-5.4075,0.1181,0.0864,0.9786,-0.09,0.58,0.14,140512,129595,128769
35297852,-2.2575,-149.9925,-2.7300,0.1668,0.0880,0.9489,-0.09,0.59,0.12,140671,129599,129076
35318360,0.0350,-142.6950,0.0525,0.2198,0.0874,0.9191,-0.09,0.60,0.10,140841,129597,129375
35337888,5.6350,-135.2225,3.1500,0.2813,0.0837,0.8889,-0.09,0.60,0.09,140958,129574,129652
35358400,21.2100,-124.7750,8.0500,0.3775,0.0742,0.8351,-0.09,0.61,0.07,141038,129586,129912
35377928,40.0750,-118.0725,11.3400,0.4380,0.0669,0.7940,-0.09,0.61,0.06,141100,129599,130122
35398436,62.5275,-111.0025,14.2975,0.4906,0.0626,0.7475,-0.09,0.62,0.05,141165,129579,130322
35417968,77.2975,-103.1800,16.3800,0.5303,0.0616,0.6965,-0.09,0.62,0.04,141222,129564,130464
35438476,78.7675,-94.8325,17.0275,0.5572,0.0642,0.6434,-0.09,0.62,0.03,141266,129535,130611
35458008,64.5225,-81.5150,14.9450,0.5791,0.0730,0.5906,-0.09,0.62,0.02,141275,129516,130748
35478516,54.6875,-73.0450,12.1975,0.6118,0.0821,0.5073,-0.10,0.62,0.01,141287,129510,130868
35498048,52.3075,-65.2925,9.5900,0.6371,0.0815,0.4524,-0.10,0.62,0.01,141311,129478,130959
35518552,55.0725,-57.9250,7.4550,0.6643,0.0809,0.4008,-0.10,0.63,0.00,141332,129450,131037
35538084,55.4050,-50.0675,5.8975,0.6932,0.0817,0.3550,-0.10,0.63,-0.00,141335,129436,131110
35558592,45.0100,-40.7925,4.6375,0.7261,0.0863,0.3150,-0.10,0.63,-0.00,141318,129427,131151
35578124,28.0700,-24.3075,2.7300,0.7803,0.0938,0.2700,-0.10,0.63,-0.01,141313,129429,131174
35598632,17.5000,-12.4425,1.1375,0.8106,0.1000,0.2455,-0.10,0.63,-0.01,141319,129429,131177
35618164,2.9925,-0.7175,-0.6125,0.8333,0.1087,0.2213,-0.10,0.63,-0.01,141337,129432,131162
35638672,-8.3300,10.0450,-2.2575,0.8485,0.1154,0.1986,-0.10,0.63,-0.00,141341,129434,131129
35668944,-15.2425,24.5000,-4.3400,0.8664,0.1211,0.1735,-0.10,0.63,0.00,141337,129452,131045
35689452,-21.4900,38.5525,-6.3175,0.8819,0.1264,0.1629,-0.10,0.63,0.01,141328,129467,130973
35708984,-29.0500,47.3725,-7.4025,0.8879,0.1307,0.1608,-0.10,0.62,0.01,141304,129502,130870
35729492,-36.0675,55.8775,-8.0850,0.8905,0.1338,0.1627,-0.09,0.62,0.02,141277,129519,130778
35749024,-41.8075,63.9625,-8.4525,0.8916,0.1346,0.1696,-0.09,0.62,0.03,141271,129530,130633
35769532,-44.2225,71.9600,-8.3825,0.8911,0.1333,0.1818,-0.09,0.62,0.03,141264,129536,130503
35789064,-38.7625,83.4225,-7.6300,0.8904,0.1298,0.1986,-0.09,0.62,0.05,141221,129537,130325
35809568,-31.7275,90.2475,-6.8600,0.8850,0.1240,0.2268,-0.09,0.62,0.06,141150,129556,130139
35829100,-24.3250,96.6875,-6.1775,0.8801,0.1205,0.2481,-0.09,0.61,0.07,141087,129580,129941
35849608,-18.8650,102.9525,-5.5825,0.8714,0.1191,0.2704,-0.09,0.61,0.08,141030,129573,129703
35869140,-18.9175,108.3600,-5.1975,0.8572,0.1208,0.2899,-0.09,0.60,0.10,140949,129563,129482
35889648,-19.0400,113.4000,-4.8475,0.8497,0.1188,0.3142,-0.09,0.60,0.11,140842,129563,129219
35909180,-11.4625,120.6800,-3.4650,0.8301,0.1148,0.3578,-0.09,0.59,0.13,140708,129576,128981
35929688,-5.7225,124.8975,-2.5375,0.8096,0.1142,0.3872,-0.09,0.58,0.14,140546,129584,128700
35949216,-3.1675,128.5375,-1.7850,0.7871,0.1150,0.4153,-0.09,0.57,0.16,140401,129588,128448
35969728,-4.5500,131.6000,-1.1725,0.7640,0.1169,0.4423,-0.09,0.56,0.18,140234,129576,128172
35989256,-8.7500,134.1900,-0.7875,0.7369,0.1193,0.4707,-0.09,0.55,0.19,140046,129570,127920
36008788,-14.4725,136.5000,-0.6475,0.7099,0.1208,0.5018,-0.09,0.53,0.21,139829,129555,127697
36029296,-22.1200,139.2650,0.0525,0.6661,0.1187,0.5534,-0.09,0.52,0.22,139589,129534,127465
36048828,-22.3475,140.0875,0.8575,0.6328,0.1146,0.5884,-0.10,0.51,0.23,139361,129494,127262
36069336,-21.8750,140.4025,1.6100,0.5977,0.1110,0.6207,-0.10,0.49,0.25,139118,129452,127028
36088868,-20.7900,140.0000,2.2575,0.5634,0.1078,0.6505,-0.10,0.47,0.26,138854,129399,126851
36109376,-23.2750,139.1425,2.9050,0.5277,0.1052,0.6773,-0.10,0.46,0.27,138566,129356,126680
36128904,-27.1950,137.7600,3.7275,0.4924,0.1019,0.7042,-0.11,0.44,0.28,138291,129295,126537
36149416,-35.9975,134.5575,5.5825,0.4376,0.0967,0.7447,-0.11,0.42,0.28,138011,129200,126416
36168944,-41.6150,131.7400,7.3850,0.4002,0.0920,0.7708,-0.12,0.41,0.29,137746,129086,126305
36189452,-45.2025,128.6075,9.2050,0.3628,0.0867,0.7952,-0.13,0.39,0.30,137454,128963,126235
36208984,-45.9375,125.1600,11.1650,0.3255,0.0814,0.8184,-0.13,0.37,0.30,137175,128876,126164
36229492,-45.6400,121.6425,12.9500,0.2879,0.0747,0.8403,-0.14,0.35,0.30,136888,128758,126131
36249024,-43.5225,115.8500,15.6100,0.2499,0.0655,0.8618,-0.15,0.34,0.30,136627,128648,126093
36269532,-36.8550,112.0875,17.3075,0.1924,0.0499,0.8896,-0.15,0.32,0.31,136371,128539,126046
36289064,-33.0575,108.6050,18.9175,0.1560,0.0378,0.9074,-0.16,0.31,0.31,136120,128445,126023
36309568,-29.0500,104.9300,20.3875,0.1191,0.0231,0.9256,-0.16,0.29,0.31,135856,128379,126018
36329100,-23.6075,101.3250,21.8050,0.0813,0.0102,0.9415,-0.17,0.28,0.31,135617,128319,126008
36349608,-17.4300,97.7375,23.2225,0.0459,0.0016,0.9527,-0.17,0.26,0.31,135385,128271,125993
36369140,-1.2075,91.8400,25.3050,-0.0037,-0.0122,0.9606,-0.17,0.25,0.31,135161,128243,125952
36389648,9.9575,87.9025,26.3200,-0.0332,-0.0216,0.9638,-0.17,0.24,0.32,134939,128253,125905
36409180,13.3700,83.8950,26.8275,-0.0628,-0.0256,0.9643,-0.17,0.22,0.32,134734,128275,125894
36429688,9.8525,78.5750,26.2150,-0.0980,-0.0223,0.9609,-0.17,0.21,0.32,134541,128303,125865
36449216,31.7975,63.8050,21.4550,-0.1447,-0.0237,0.9531,-0.16,0.20,0.32,134413,128371,125795
36469728,56.7175,44.2400,15.0325,-0.1940,-0.0425,0.9647,-0.16,0.20,0.33,134321,128448,125715
36489256,-24.1675,34.2475,7.5600,-0.2495,-0.0300,1.0070,-0.17,0.19,0.32,134255,128360,125767
36508788,-88.3925,30.3975,4.5325,-0.2668,-0.0095,1.0275,-0.18,0.19,0.31,134205,128179,125916
36529296,-102.4975,23.8875,2.6950,-0.2790,-0.0137,1.0494,-0.19,0.19,0.30,134155,127971,126089
36548828,-88.9175,16.9750,1.2425,-0.2907,-0.0371,1.0723,-0.20,0.19,0.30,134138,127815,126192
36569336,-66.0625,11.2875,0.0175,-0.2991,-0.0680,1.0976,-0.21,0.19,0.29,134120,127697,126252
36588868,-37.8875,5.7225,-1.1725,-0.3018,-0.0996,1.1213,-0.21,0.19,0.29,134113,127661,126274
36609376,3.5875,-3.4825,-3.4125,-0.2977,-0.1396,1.1490,-0.21,0.19,0.29,134128,127679,126276
36628904,22.6975,-10.1675,-5.0225,-0.2932,-0.1559,1.1602,-0.20,0.19,0.29,134161,127727,126247
36649416,28.6475,-16.2925,-6.5800,-0.2882,-0.1603,1.1635,-0.20,0.19,0.30,134197,127776,126201
36679688,17.6400,-24.7975,-8.7675,-0.2828,-0.1499,1.1563,-0.20,0.20,0.30,134299,127843,126160
36699216,6.5450,-30.8525,-10.7100,-0.2826,-0.1418,1.1484,-0.20,0.20,0.30,134382,127844,126162
36719728,0.4725,-41.7725,-14.3150,-0.2862,-0.1365,1.1363,-0.20,0.21,0.30,134488,127845,126137
36739256,2.1175,-50.0675,-17.0975,-0.2893,-0.1374,1.1283,-0.20,0.22,0.30,134615,127867,126147
36758788,6.1950,-58.9225,-19.9150,-0.2930,-0.1394,1.1225,-0.19,0.22,0.30,134755,127892,126159
36779296,12.0050,-67.9700,-22.6625,-0.2980,-0.1435,1.1204,-0.19,0.24,0.30,134935,127948,126182
36798828,16.6425,-77.1050,-25.1825,-0.3026,-0.1482,1.1212,-0.19,0.25,0.30,135132,127984,126142
36819336,18.8825,-86.0825,-28.7175,-0.3061,-0.1514,1.1228,-0.19,0.26,0.30,135360,128028,126142
36838868,18.3750,-99.1200,-30.8000,-0.3084,-0.1512,1.1242,-0.18,0.28,0.30,135594,128084,126136
36859376,15.2075,-107.2750,-32.7600,-0.3061,-0.1488,1.1250,-0.18,0.29,0.30,135859,128146,126180
36878904,12.3725,-115.1675,-34.5625,-0.3006,-0.1459,1.1245,-0.18,0.31,0.29,136131,128197,126246
36899416,11.4975,-122.8150,-36.2425,-0.2933,-0.1427,1.1236,-0.17,0.33,0.29,136446,128254,126294
36918944,12.4600,-130.2525,-37.6250,-0.2832,-0.1396,1.1222,-0.17,0.35,0.29,136758,128310,126369
36939452,19.1800,-140.8925,-39.0775,-0.2639,-0.1348,1.1190,-0.16,0.37,0.28,137102,128393,126460
36958984,23.1350,-147.2800,-39.9350,-0.2484,-0.1290,1.1170,-0.16,0.39,0.27,137436,128495,126584
36979492,24.3075,-153.2125,-40.4950,-0.2303,-0.1220,1.1143,-0.15,0.41,0.27,137788,128596,126715
36999024,24.3425,-158.7250,-40.9150,-0.2091,-0.1149,1.1092,-0.15,0.43,0.26,138147,128696,126847
37019532,29.0325,-163.6775,-41.1250,-0.1837,-0.1083,1.1018,-0.14,0.45,0.25,138524,128806,127046
37039064,36.7150,-167.7200,-40.6525,-0.1538,-0.1017,1.0920,-0.13,0.48,0.24,138867,128935,127211
37059568,45.9725,-171.7625,-38.8325,-0.1021,-0.0893,1.0727,-0.12,0.50,0.22,139205,129090,127437
37079100,42.3850,-172.0950,-37.2050,-0.0616,-0.0743,1.0564,-0.11,0.52,0.21,139512,129218,127673
37099608,36.6450,-170.3975,-35.4375,-0.0203,-0.0545,1.0381,-0.11,0.53,0.19,139836,129336,127942
37119140,21.6300,-166.0225,-33.4600,0.0257,-0.0315,1.0163,-0.10,0.55,0.17,140120,129413,128216
37139648,5.2150,-160.7550,-31.3775,0.0756,-0.0117,0.9887,-0.10,0.57,0.15,140369,129478,128540
37159180,-13.0200,-154.7000,-29.7850,0.1274,0.0037,0.9553,-0.09,0.58,0.14,140564,129529,128858
37179688,-31.6400,-145.0925,-28.2800,0.2019,0.0184,0.9002,-0.09,0.59,0.11,140734,129571,129211
37199216,-26.7750,-138.4075,-26.9675,0.2475,0.0207,0.8667,-0.09,0.60,0.10,140891,129613,129497
37219728,-9.4150,-131.6525,-24.5525,0.2959,0.0171,0.8346,-0.09,0.61,0.08,141042,129658,129803
37239256,2.8175,-124.3550,-21.4200,0.3494,0.0135,0.7962,-0.08,0.61,0.06,141142,129706,130065
37258788,8.3300,-116.8475,-17.9725,0.4039,0.0155,0.7527,-0.08,0.62,0.05,141217,129756,130307
37279296,15.3825,-109.6725,-14.4900,0.4575,0.0207,0.7085,-0.08,0.62,0.03,141278,129805,130544
37298828,39.7425,-99.0675,-8.7850,0.5308,0.0240,0.6461,-0.08,0.63,0.02,141336,129826,130733
37319336,66.5525,-91.1750,-4.3575,0.5729,0.0243,0.6104,-0.08,0.63,0.01,141397,129832,130868
37338868,86.9750,-82.2325,-0.1575,0.6084,0.0283,0.5749,-0.08,0.63,0.01,141419,129833,130981
37359376,92.8900,-72.6250,2.9050,0.6371,0.0384,0.5369,-0.08,0.63,-0.00,141424,129833,131075
37378904,88.0775,-63.0350,4.6550,0.6600,0.0520,0.4990,-0.08,0.63,-0.00,141423,129833,131127
37399416,72.8700,-48.9825,5.0750,0.6861,0.0739,0.4440,-0.08,0.63,-0.01,141433,129808,131183
37418944,57.6450,-39.7075,4.2350,0.7008,0.0886,0.4063,-0.08,0.63,-0.01,141441,129794,131225
37439452,42.3150,-30.8525,2.9575,0.7157,0.1025,0.3701,-0.08,0.63,-0.01,141449,129792,131266
37458984,28.8400,-22.2775,1.4350,0.7320,0.1147,0.3384,-0.08,0.63,-0.01,141440,129785,131288
37479492,17.2025,-13.3700,0.0000,0.7507,0.1246,0.3126,-0.08,0.63,-0.01,141425,129784,131297
37499024,7.1750,-4.3575,-1.5225,0.7717,0.1327,0.2934,-0.08,0.63,-0.01,141432,129796,131277
37519532,-6.2300,9.4325,-3.4475,0.8001,0.1419,0.2721,-0.08,0.63,-0.01,141453,129789,131273
37539064,-11.8650,17.4825,-4.1125,0.8140,0.1457,0.2594,-0.08,0.63,-0.01,141455,129805,131239
37559568,-16.4500,24.8150,-4.5150,0.8258,0.1490,0.2486,-0.08,0.63,-0.01,141432,129828,131172
37579100,-20.7900,31.7100,-4.3225,0.8363,0.1529,0.2402,-0.08,0.63,-0.00,141413,129843,131101
37599608,-24.7975,38.3775,-3.9200,0.8463,0.1564,0.2357,-0.08,0.63,0.00,141416,129833,131017
37619140,-26.8800,44.7650,-3.0800,0.8558,0.1592,0.2364,-0.08,0.63,0.01,141411,129835,130926
37639648,-27.0025,54.4075,-1.2075,0.8675,0.1620,0.2449,-0.08,0.63,0.01,141398,129831,130828
37659180,-25.2175,60.5675,0.4375,0.8723,0.1630,0.2528,-0.08,0.63,0.02,141359,129831,130679
37689452,-21.8225,70.0175,2.9575,0.8760,0.1632,0.2696,-0.08,0.63,0.04,141319,129800,130447
37708984,-19.7925,76.1075,4.7425,0.8747,0.1629,0.2828,-0.08,0.62,0.05,141266,129793,130274
37729492,-16.7300,82.2675,6.3525,0.8711,0.1610,0.2980,-0.08,0.62,0.06,141192,129772,130083
37749024,-7.1575,90.9125,8.4875,0.8603,0.1559,0.3244,-0.08,0.61,0.07,141124,129746,129870
37769532,-1.4875,96.4075,9.3800,0.8499,0.1527,0.3431,-0.08,0.61,0.09,141055,129711,129632
37789064,3.2200,101.4825,9.8350,0.8373,0.1491,0.3633,-0.08,0.60,0.10,140956,129690,129412
37809568,5.7750,106.2075,9.9750,0.8237,0.1448,0.3854,-0.08,0.60,0.12,140829,129680,129160
37829100,7.2275,110.4950,9.6775,0.8091,0.1410,0.4110,-0.08,0.59,0.13,140699,129683,128919
37849608,9.2050,114.3800,8.9425,0.7929,0.1373,0.4397,-0.09,0.58,0.15,140557,129661,128649
37869140,11.3050,119.0875,7.1225,0.7641,0.1313,0.4862,-0.09,0.57,0.16,140405,129666,128392
37889648,14.4550,121.0825,5.6000,0.7431,0.1253,0.5175,-0.09,0.56,0.18,140223,129676,128127
37909180,18.8300,122.2725,3.4125,0.7203,0.1179,0.5478,-0.08,0.55,0.19,140034,129697,127881
37929688,23.5200,122.7275,0.7350,0.6971,0.1107,0.5779,-0.08,0.53,0.21,139823,129763,127610
37949216,27.1425,122.6925,-2.3275,0.6722,0.1060,0.6068,-0.08,0.52,0.23,139640,129798,127377
37969728,30.4325,122.0625,-7.1925,0.6301,0.1054,0.6486,-0.07,0.51,0.24,139445,129851,127123
37989256,34.7375,120.9775,-10.2900,0.5994,0.1086,0.6750,-0.07,0.50,0.26,139240,129917,126891
38008788,37.4325,119.5775,-13.1950,0.5675,0.1143,0.7000,-0.07,0.49,0.27,139024,129995,126682
38029296,34.2125,118.2300,-15.8550,0.5367,0.1225,0.7232,-0.06,0.47,0.28,138778,130076,126480
38048828,24.4300,117.1450,-17.9375,0.5059,0.1342,0.7442,-0.06,0.46,0.29,138570,130130,126302
38069336,10.4475,115.9550,-19.6175,0.4737,0.1476,0.7637,-0.06,0.44,0.30,138343,130145,126134
38088868,-4.5325,114.7650,-20.4925,0.4380,0.1608,0.7825,-0.06,0.43,0.31,138125,130124,125993
38109376,-23.8350,112.9275,-20.5275,0.3834,0.1767,0.8108,-0.06,0.42,0.32,137873,130090,125892
38128904,-36.1025,111.7550,-19.7050,0.3473,0.1840,0.8303,-0.06,0.40,0.32,137636,130025,125808
38149416,-46.8650,110.4600,-18.2700,0.3109,0.1881,0.8492,-0.07,0.39,0.33,137403,129923,125743
38168944,-54.6175,109.0775,-16.3450,0.2761,0.1922,0.8662,-0.08,0.37,0.33,137182,129806,125662
38189452,-57.0150,107.1875,-14.1050,0.2433,0.1912,0.8824,-0.08,0.36,0.33,136951,129685,125626
38208984,-51.1875,103.4600,-10.7100,0.1957,0.1820,0.9049,-0.09,0.34,0.33,136723,129583,125603
38229492,-44.2750,100.3800,-8.5575,0.1641,0.1742,0.9174,-0.10,0.33,0.33,136490,129485,125591
38249024,-38.9725,96.9500,-6.6150,0.1335,0.1659,0.9287,-0.10,0.32,0.34,136289,129402,125546
38269532,-33.3200,93.3625,-4.9350,0.1017,0.1554,0.9406,-0.11,0.31,0.34,136084,129308,125505
38289064,-28.9800,89.4250,-3.4475,0.0702,0.1444,0.9505,-0.11,0.29,0.34,135897,129251,125499
38309568,-25.5850,85.3650,-1.9600,0.0406,0.1349,0.9572,-0.11,0.28,0.34,135702,129192,125488
38329100,-23.1875,79.2575,0.2800,-0.0044,0.1232,0.9666,-0.12,0.27,0.34,135532,129153,125494
38349608,-21.0350,75.3725,1.8200,-0.0354,0.1143,0.9759,-0.12,0.26,0.34,135366,129097,125466
38369140,-17.8500,71.4525,3.5700,-0.0651,0.1042,0.9848,-0.12,0.25,0.34,135216,129037,125454
38389648,-15.0500,67.6375,5.1625,-0.0921,0.0941,0.9914,-0.13,0.24,0.34,135054,128995,125446
38409180,-14.6125,63.5950,6.7550,-0.1176,0.0854,0.9958,-0.13,0.23,0.34,134918,128966,125461
38429688,-17.5700,56.8925,9.1875,-0.1559,0.0747,1.0033,-0.13,0.23,0.34,134776,128926,125495
38449216,-10.1675,49.5425,10.1150,-0.1808,0.0645,1.0083,-0.13,0.22,0.34,134661,128908,125495
38469728,4.3400,39.1125,9.3625,-0.2046,0.0505,1.0191,-0.13,0.21,0.34,134581,128904,125451
38489256,13.9125,27.4750,6.5625,-0.2268,0.0356,1.0363,-0.13,0.21,0.34,134527,128915,125436
38508788,7.5425,16.8700,3.1150,-0.2444,0.0277,1.0566,-0.13,0.21,0.34,134489,128914,125443
38529296,-12.0400,7.5950,0.1400,-0.2593,0.0272,1.0777,-0.14,0.21,0.34,134489,128859,125492
38548828,-28.0525,-2.3100,-1.8550,-0.2738,0.0279,1.0968,-0.14,0.21,0.34,134513,128793,125523
38569336,-36.1025,-18.3050,-3.6050,-0.2929,0.0239,1.1214,-0.14,0.21,0.34,134570,128705,125560
38588868,-35.4725,-28.7000,-5.0575,-0.3016,0.0198,1.1337,-0.15,0.22,0.33,134650,128640,125599
38609376,-27.0025,-39.3575,-6.3000,-0.3054,0.0122,1.1433,-0.15,0.22,0.33,134757,128580,125656
38628904,-16.2400,-50.5400,-7.7700,-0.3029,0.0052,1.1497,-0.15,0.23,0.33,134874,128579,125689
38649416,-4.9875,-61.9850,-9.3100,-0.2984,-0.0004,1.1563,-0.15,0.24,0.33,135040,128596,125706
38668944,14.8575,-79.2925,-12.0050,-0.3010,-0.0090,1.1671,-0.15,0.25,0.33,135223,128626,125687
38699216,32.1125,-95.6900,-13.8950,-0.3033,-0.0167,1.1775,-0.14,0.27,0.33,135548,128756,125686
38719728,38.7100,-106.0325,-14.5425,-0.3043,-0.0156,1.1824,-0.14,0.29,0.33,135814,128827,125687
38739256,36.6625,-115.4125,-14.8050,-0.3029,-0.0116,1.1844,-0.13,0.31,0.33,136088,128920,125716
38758788,32.0600,-124.1625,-15.1725,-0.3001,-0.0057,1.1846,-0.13,0.32,0.32,136369,129014,125765
38779296,28.1050,-136.3075,-15.6100,-0.2917,0.0024,1.1799,-0.12,0.34,0.32,136687,129105,125838
38798828,27.7200,-143.6400,-15.6800,-0.2832,0.0062,1.1752,-0.12,0.36,0.31,137002,129183,125923
38819336,30.1525,-150.2900,-15.3825,-0.2722,0.0104,1.1691,-0.11,0.38,0.31,137371,129270,126013
38838868,31.4475,-156.4325,-14.5950,-0.2582,0.0155,1.1607,-0.11,0.40,0.30,137706,129347,126130
38859376,30.9050,-161.6825,-13.3700,-0.2418,0.0217,1.1505,-0.10,0.43,0.29,138063,129449,126301
38878904,30.3800,-166.0050,-11.7775,-0.2212,0.0268,1.1387,-0.09,0.45,0.28,138394,129549,126496
38899416,27.8950,-170.8350,-8.9950,-0.1843,0.0360,1.1200,-0.09,0.47,0.27,138744,129605,126703
38918944,20.4225,-172.6550,-7.0875,-0.1576,0.0456,1.1057,-0.09,0.49,0.25,139088,129663,126934
38939452,13.6850,-173.7400,-5.4250,-0.1274,0.0551,1.0887,-0.08,0.51,0.24,139434,129698,127190
38958984,12.3725,-174.8250,-3.8150,-0.0946,0.0610,1.0687,-0.08,0.53,0.22,139712,129740,127494
38979492,11.1300,-174.7200,-2.3100,-0.0597,0.0642,1.0468,-0.08,0.54,0.20,139992,129793,127823
38999024,14.0700,-173.8625,-0.5950,-0.0215,0.0651,1.0250,-0.08,0.56,0.18,140243,129814,128123
39019532,32.5675,-171.0100,3.0800,0.0444,0.0642,0.9930,-0.08,0.58,0.16,140493,129835,128426
39039064,42.5075,-166.9500,6.3350,0.0924,0.0649,0.9665,-0.07,0.59,0.14,140691,129874,128719
39059568,46.8475,-161.7875,9.5900,0.1443,0.0681,0.9331,-0.07,0.60,0.12,140851,129889,129058
39079100,49.3850,-155.5925,12.7750,0.2002,0.0734,0.8922,-0.07,0.60,0.11,140974,129905,129344
39099608,52.6225,-148.5225,16.1525,0.2617,0.0775,0.8464,-0.07,0.61,0.09,141107,129900,129634
39119140,57.9775,-140.9975,19.6350,0.3248,0.0813,0.7959,-0.07,0.62,0.07,141209,129878,129895
39139648,70.0525,-128.8875,24.7625,0.4213,0.0871,0.7113,-0.08,0.62,0.06,141281,129836,130132
39159180,81.2000,-120.1900,27.7375,0.4810,0.0914,0.6526,-0.08,0.63,0.05,141317,129805,130331
39179688,85.6275,-110.2150,29.6625,0.5324,0.0981,0.5946,-0.08,0.63,0.03,141339,129760,130517
39199216,81.9875,-98.5425,30.1000,0.5802,0.1083,0.5398,-0.08,0.63,0.02,141361,129700,130663
39219728,72.6600,-85.7675,28.7875,0.6188,0.1179,0.4870,-0.09,0.63,0.02,141380,129645,130798
39239256,54.3550,-66.1500,23.8525,0.6612,0.1291,0.4078,-0.09,0.63,0.01,141390,129588,130891
39258788,40.7050,-53.7250,19.0400,0.6893,0.1349,0.3551,-0.09,0.63,0.01,141368,129552,130974
39279296,13.5800,-40.6000,13.4925,0.7154,0.1430,0.3004,-0.09,0.63,0.00,141348,129549,131061
39298828,-11.6900,-27.4400,7.8925,0.7383,0.1468,0.2514,-0.09,0.63,-0.00,141360,129538,131136
39319336,-21.9625,-14.2800,2.6950,0.7579,0.1425,0.2141,-0.09,0.63,-0.01,141372,129523,131163
39338868,-20.6150,-1.1725,-1.8200,0.7764,0.1330,0.1858,-0.09,0.63,-0.01,141379,129531,131168
39359376,-17.7275,17.5175,-7.5600,0.8015,0.1190,0.1558,-0.09,0.63,-0.00,141378,129557,131134
39378904,-23.5200,29.3475,-10.9550,0.8168,0.1141,0.1409,-0.09,0.63,0.00,141367,129606,131070
39399416,-31.9900,40.4600,-13.7550,0.8300,0.1122,0.1308,-0.09,0.63,0.01,141368,129643,130988
39418944,-37.5375,50.9075,-15.9775,0.8417,0.1118,0.1274,-0.09,0.63,0.01,141383,129658,130893
39439452,-40.1100,60.3750,-17.3075,0.8501,0.1132,0.1290,-0.08,0.63,0.02,141374,129691,130771
39458984,-41.4925,69.2125,-17.8850,0.8557,0.1154,0.1352,-0.08,0.63,0.03,141347,129723,130612
39479492,-44.3800,80.3775,-18.3050,0.8574,0.1220,0.1503,-0.08,0.62,0.04,141305,129774,130452
39499024,-46.3750,87.2900,-17.5700,0.8628,0.1272,0.1684,-0.08,0.62,0.05,141279,129792,130275
39519532,-44.1350,94.3775,-16.0825,0.8634,0.1309,0.1919,-0.08,0.62,0.06,141245,129798,130077
39539064,-37.7825,101.0450,-14.1925,0.8614,0.1333,0.2195,-0.08,0.62,0.07,141191,129813,129857
39559568,-25.2000,106.8900,-12.2325,0.8542,0.1346,0.2486,-0.08,0.61,0.09,141102,129837,129610
39579100,-11.5850,111.8250,-10.5525,0.8408,0.1366,0.2769,-0.07,0.61,0.10,141002,129865,129360
39599608,-3.1500,118.4750,-8.9075,0.8184,0.1432,0.3184,-0.07,0.60,0.12,140888,129882,129093
39619140,-2.1875,122.5700,-7.7350,0.8028,0.1479,0.3497,-0.07,0.59,0.14,140782,129896,128815
39639648,-2.1175,126.1400,-6.3700,0.7848,0.1525,0.3826,-0.07,0.58,0.15,140630,129901,128535
39659180,-3.6225,129.0625,-5.2850,0.7641,0.1565,0.4160,-0.07,0.57,0.17,140453,129911,128280
39679688,-6.5275,131.5825,-4.7075,0.7386,0.1604,0.4502,-0.07,0.56,0.19,140251,129924,128003
39709960,-8.7150,134.4525,-3.9025,0.6841,0.1640,0.5168,-0.07,0.54,0.21,139966,129910,127621
39730468,-6.3525,134.6800,-3.6400,0.6538,0.1645,0.5491,-0.07,0.53,0.22,139737,129917,127388
39750000,-3.2375,134.4700,-3.5525,0.6224,0.1640,0.5812,-0.07,0.52,0.24,139513,129919,127153
39770508,-3.2550,133.9800,-3.6925,0.5915,0.1634,0.6124,-0.07,0.50,0.25,139288,129920,126923
39790040,-6.2125,132.9475,-4.0075,0.5602,0.1635,0.6422,-0.07,0.49,0.27,139049,129890,126721
39810544,-15.5400,131.0400,-4.3400,0.5124,0.1659,0.6864,-0.07,0.47,0.28,138782,129877,126532
39830080,-22.4875,129.4825,-4.3050,0.4786,0.1671,0.7153,-0.08,0.45,0.29,138512,129838,126388
39850584,-28.8225,127.5050,-3.7275,0.4441,0.1668,0.7427,-0.08,0.44,0.29,138253,129772,126256
39870116,-35.1575,125.3350,-2.9050,0.4107,0.1653,0.7686,-0.08,0.42,0.30,138005,129681,126115
39890624,-40.0400,123.0775,-1.7500,0.3773,0.1625,0.7941,-0.09,0.41,0.31,137733,129581,126017
39910156,-40.3550,120.5925,-0.4725,0.3432,0.1564,0.8194,-0.10,0.39,0.31,137467,129493,125942
39930664,-36.0675,116.6725,1.4350,0.2917,0.1454,0.8535,-0.10,0.37,0.32,137189,129420,125879
39950196,-31.0450,113.9250,2.6775,0.2562,0.1376,0.8762,-0.11,0.36,0.32,136944,129325,125818
39970704,-29.0150,111.3350,4.0425,0.2203,0.1296,0.8968,-0.11,0.34,0.33,136698,129247,125725
39990232,-29.5575,108.9725,5.3375,0.1853,0.1221,0.9150,-0.12,0.33,0.33,136458,129152,125686
40010744,-33.0750,106.8550,6.6500,0.1510,0.1157,0.9323,-0.12,0.31,0.33,136197,129079,125672
40030272,-36.6975,102.9175,9.3275,0.1160,0.1049,0.9561,-0.13,0.30,0.33,135957,128980,125661
40049804,-39.3050,100.0300,11.2175,0.0630,0.0982,0.9658,-0.13,0.28,0.33,135732,128898,125656
40070312,-41.1600,97.1075,13.3525,0.0289,0.0915,0.9730,-0.14,0.27,0.33,135494,128768,125657
40089844,-42.3325,94.2025,15.4700,-0.0044,0.0833,0.9786,-0.15,0.26,0.33,135284,128679,125683
40110352,-40.6525,90.6675,17.3250,-0.0379,0.0732,0.9825,-0.15,0.24,0.33,135058,128584,125716
40129880,-33.2850,85.0850,18.9525,-0.0726,0.0605,0.9799,-0.15,0.23,0.33,134879,128561,125728
40150392,22.4175,62.8250,17.5875,-0.1283,0.0277,0.9772,-0.15,0.22,0.33,134730,128606,125664
40169920,46.8125,46.2000,12.8975,-0.1654,0.0059,0.9937,-0.15,0.22,0.34,134628,128672,125580
40190428,28.4725,34.0025,6.9825,-0.1972,-0.0011,1.0170,-0.15,0.21,0.34,134559,128689,125566
40209960,-13.1775,25.5325,1.0850,-0.2222,0.0062,1.0405,-0.15,0.21,0.33,134521,128628,125604
40230468,-40.7225,17.2900,-3.3950,-0.2417,0.0092,1.0637,-0.16,0.21,0.33,134499,128519,125687
40250000,-45.8150,8.4525,-5.5125,-0.2573,0.0011,1.0837,-0.16,0.21,0.33,134508,128437,125745
40270508,-38.8850,-3.6925,-6.5275,-0.2724,-0.0129,1.1097,-0.17,0.21,0.32,134538,128342,125770
40290040,-32.3925,-10.4650,-6.8250,-0.2774,-0.0226,1.1290,-0.17,0.21,0.32,134575,128271,125814
40310544,-24.1500,-16.4325,-7.2100,-0.2788,-0.0332,1.1478,-0.17,0.22,0.32,134627,128241,125845
40330080,-13.9125,-21.9275,-7.3850,-0.2760,-0.0404,1.1614,-0.17,0.22,0.32,134686,128242,125877
40350584,-0.5425,-27.6850,-7.4200,-0.2682,-0.0447,1.1699,-0.17,0.23,0.32,134761,128260,125867
40370116,12.5825,-33.8975,-7.5600,-0.2574,-0.0464,1.1729,-0.17,0.23,0.32,134846,128292,125835
40390624,20.4750,-43.8900,-8.2425,-0.2445,-0.0418,1.1669,-0.17,0.24,0.32,134957,128333,125813
40410156,18.1125,-51.3450,-9.1875,-0.2418,-0.0386,1.1605,-0.16,0.24,0.32,135068,128387,125807
40430664,16.4150,-59.5000,-10.2025,-0.2425,-0.0400,1.1540,-0.16,0.25,0.32,135212,128444,125811
40450196,16.6425,-68.0050,-11.0950,-0.2474,-0.0423,1.1497,-0.16,0.26,0.32,135380,128490,125811
40470704,19.7050,-76.4225,-12.0575,-0.2536,-0.0449,1.1480,-0.15,0.27,0.32,135572,128539,125798
40490232,25.4275,-88.6725,-13.3350,-0.2579,-0.0478,1.1466,-0.15,0.29,0.32,135764,128602,125799
40510744,26.6350,-96.3375,-14.0175,-0.2611,-0.0499,1.1436,-0.15,0.30,0.32,135988,128678,125843
40530272,24.3775,-103.7925,-14.6825,-0.2596,-0.0476,1.1416,-0.14,0.31,0.32,136212,128747,125880
40549804,21.9975,-110.8450,-15.4350,-0.2557,-0.0459,1.1409,-0.14,0.33,0.31,136474,128812,125922
40570312,23.7825,-118.1775,-15.9425,-0.2486,-0.0450,1.1401,-0.13,0.35,0.31,136757,128871,125952
40589844,29.4875,-125.0900,-16.1525,-0.2384,-0.0443,1.1384,-0.13,0.36,0.31,137046,128953,126029
40610352,43.1725,-134.6625,-15.3825,-0.2167,-0.0405,1.1351,-0.12,0.38,0.30,137340,129087,126104
40629880,50.1550,-140.5075,-14.1225,-0.1987,-0.0342,1.1290,-0.11,0.40,0.30,137634,129216,126216
40650392,51.9750,-145.5475,-12.4775,-0.1773,-0.0239,1.1207,-0.10,0.42,0.29,137954,129352,126316
40669920,51.2050,-150.0450,-10.5875,-0.1531,-0.0112,1.1106,-0.10,0.44,0.28,138280,129444,126430
40690428,47.7750,-154.0000,-8.4175,-0.1259,0.0029,1.0987,-0.09,0.46,0.27,138608,129552,126598
40720704,45.1325,-158.7950,-4.0775,-0.0644,0.0267,1.0788,-0.08,0.49,0.26,139070,129696,126886
40740232,48.7200,-159.7575,-1.4175,-0.0295,0.0388,1.0665,-0.08,0.51,0.24,139359,129789,127087
40760744,55.0900,-159.2325,1.5575,0.0100,0.0500,1.0521,-0.07,0.52,0.23,139634,129894,127321
40780272,64.9600,-158.1650,5.4425,0.0542,0.0599,1.0315,-0.07,0.54,0.22,139871,129998,127531
40799804,72.5900,-156.6600,9.8000,0.1000,0.0719,1.0030,-0.06,0.55,0.20,140111,130060,127773
40820312,72.0300,-154.1225,13.9300,0.1463,0.0861,0.9701,-0.06,0.57,0.19,140348,130122,128012
40839844,59.7450,-148.8375,18.7075,0.1920,0.1100,0.9135,-0.06,0.58,0.17,140536,130135,128257
40860352,45.2375,-144.4100,20.8075,0.2539,0.1265,0.8716,-0.06,0.59,0.16,140692,130134,128527
40879880,32.0075,-139.5450,21.8575,0.2907,0.1392,0.8300,-0.06,0.60,0.14,140823,130117,128806
40900392,23.0825,-134.2425,22.3125,0.3238,0.1482,0.7915,-0.06,0.60,0.12,140964,130076,129086
40919920,19.5125,-128.5025,22.2950,0.3553,0.1520,0.7540,-0.06,0.61,0.11,141075,130032,129339
40940428,15.3825,-121.6775,21.8575,0.3874,0.1537,0.7158,-0.07,0.62,0.09,141168,129985,129611
40959960,3.1325,-109.8300,20.3875,0.4404,0.1558,0.6571,-0.07,0.62,0.07,141225,129931,129864
40980468,-7.3150,-101.3425,19.0050,0.4798,0.1568,0.6165,-0.07,0.62,0.06,141273,129886,130126
41000000,-17.4650,-92.5050,17.3775,0.5218,0.1576,0.5747,-0.08,0.63,0.04,141319,129827,130344
41020508,-27.3525,-82.8100,15.3125,0.5651,0.1573,0.5341,-0.08,0.63,0.03,141365,129764,130567
41040040,-30.2050,-72.3800,13.1075,0.6085,0.1547,0.4958,-0.08,0.63,0.02,141388,129722,130733
41060544,-13.8950,-56.7875,9.8175,0.6487,0.1496,0.4599,-0.08,0.63,0.01,141374,129698,130885
41080080,-1.7325,-46.3400,7.6475,0.6998,0.1437,0.4060,-0.08,0.63,0.00,141367,129700,130996
41100584,10.2200,-36.3300,5.0575,0.7308,0.1410,0.3722,-0.09,0.63,0.00,141383,129674,131054
41120116,19.0400,-26.7575,2.1875,0.7560,0.1408,0.3386,-0.09,0.63,-0.00,141396,129653,131099
41140624,20.9650,-17.6050,-0.8400,0.7785,0.1447,0.3043,-0.09,0.63,-0.00,141406,129660,131122
41160156,11.6900,-8.6450,-3.9550,0.7993,0.1527,0.2711,-0.08,0.63,-0.00,141404,129684,131114
41180664,-6.5450,4.3925,-7.7875,0.8233,0.1615,0.2311,-0.08,0.63,-0.00,141391,129704,131103
41200196,-7.1575,12.4425,-9.3625,0.8344,0.1610,0.2147,-0.08,0.63,-0.00,141401,129728,131072
41220704,-3.2200,20.3350,-10.3075,0.8436,0.1593,0.2054,-0.08,0.63,0.00,141417,129741,131013
41240232,-3.0450,28.1400,-10.7450,0.8518,0.1598,0.2003,-0.08,0.63,0.01,141423,129768,130926
41260744,-7.0525,35.7525,-10.7275,0.8588,0.1627,0.1984,-0.08,0.63,0.01,141400,129796,130827
41280272,-12.7400,43.0500,-10.3600,0.8650,0.1664,0.2001,-0.08,0.63,0.02,141378,129833,130734
41299804,-20.1250,53.1475,-8.9950,0.8723,0.1688,0.2090,-0.08,0.63,0.03,141368,129830,130636
41320312,-23.5550,59.3775,-7.6650,0.8789,0.1746,0.2180,-0.08,0.63,0.04,141365,129839,130494
41339844,-26.5650,65.6600,-5.9675,0.8808,0.1793,0.2294,-0.08,0.63,0.04,141340,129836,130342
41360352,-29.0675,71.6800,-4.1650,0.8823,0.1830,0.2435,-0.07,0.62,0.05,141287,129848,130197
41379880,-29.1025,77.3675,-2.3100,0.8821,0.1857,0.2614,-0.08,0.62,0.06,141224,129841,130024
41400392,-25.8650,82.5650,-0.4025,0.8786,0.1874,0.2819,-0.08,0.62,0.08,141165,129832,129840
41419920,-22.0150,89.5825,1.7675,0.8684,0.1885,0.3150,-0.08,0.61,0.09,141104,129809,129647
41440428,-19.2325,94.0100,2.8700,0.8578,0.1884,0.3379,-0.08,0.61,0.10,141026,129791,129433
41459960,-15.3300,97.9300,3.7100,0.8431,0.1865,0.3623,-0.08,0.60,0.11,140920,129784,129242
41480468,-10.3950,101.5525,4.0425,0.8279,0.1841,0.3891,-0.08,0.59,0.13,140794,129772,129011
41500000,-7.9625,105.2800,4.0075,0.8117,0.1812,0.4165,-0.08,0.59,0.14,140681,129775,128786
41520508,-9.4500,110.8975,3.2025,0.7942,0.1789,0.4438,-0.08,0.58,0.15,140549,129751,128554
41540040,-15.3475,114.4150,2.3450,0.7635,0.1769,0.4817,-0.08,0.57,0.17,140415,129725,128326
41560544,-17.2200,117.1800,1.4350,0.7393,0.1737,0.5062,-0.08,0.56,0.18,140238,129722,128098
41580080,-17.2025,119.4375,0.5075,0.7154,0.1681,0.5302,-0.08,0.55,0.19,140048,129712,127895
41600584,-16.6775,121.4150,-0.4550,0.6895,0.1618,0.5539,-0.08,0.54,0.21,139867,129698,127669
41620116,-16.8875,123.1125,-1.4875,0.6627,0.1558,0.5785,-0.09,0.53,0.22,139693,129671,127468
41640624,-26.4425,125.1775,-2.7125,0.6205,0.1508,0.6143,-0.09,0.51,0.23,139487,129616,127274
41660156,-33.6350,126.1400,-3.2025,0.5919,0.1454,0.6393,-0.09,0.50,0.24,139268,129580,127090
41680664,-37.3450,126.7000,-3.2375,0.5623,0.1364,0.6658,-0.09,0.49,0.25,139020,129533,126930
41700196,-35.5775,126.6475,-3.1500,0.5319,0.1264,0.6928,-0.10,0.47,0.26,138786,129478,126784
41730468,-28.0875,125.6675,-2.8175,0.4839,0.1130,0.7325,-0.10,0.45,0.27,138414,129384,126568
41750000,-25.9175,124.7400,-2.8175,0.4516,0.1052,0.7564,-0.11,0.43,0.28,138177,129331,126437
41770508,-29.0675,123.1475,-2.7650,0.4047,0.0949,0.7896,-0.11,0.42,0.29,137937,129249,126305
41790040,-33.9325,121.8350,-2.3625,0.3733,0.0895,0.8117,-0.12,0.40,0.30,137691,129176,126219
41810544,-40.0750,120.4350,-1.4525,0.3417,0.0858,0.8336,-0.12,0.39,0.30,137420,129085,126135
41830080,-48.7025,119.3500,-0.0875,0.3096,0.0808,0.8550,-0.13,0.37,0.30,137174,128973,126115
41850584,-52.9900,117.6525,1.8200,0.2773,0.0717,0.8758,-0.14,0.36,0.31,136916,128839,126067
41870116,-49.0000,114.8350,5.1625,0.2444,0.0619,0.8947,-0.14,0.34,0.31,136684,128724,126030
41890624,-36.8550,112.4375,7.4550,0.1941,0.0416,0.9251,-0.15,0.33,0.31,136436,128639,125988
41910156,-19.7400,110.0225,9.2750,0.1597,0.0245,0.9476,-0.15,0.31,0.31,136184,128609,125938
41930664,-2.8350,107.4500,10.7800,0.1255,0.0088,0.9693,-0.15,0.30,0.32,135928,128601,125892
41950196,5.4075,105.0175,11.9700,0.0910,0.0015,0.9865,-0.15,0.28,0.32,135695,128588,125849
41970704,7.4550,102.6025,13.2300,0.0559,0.0002,0.9989,-0.15,0.27,0.32,135455,128581,125772
41990232,1.3475,98.6125,15.6275,0.0066,0.0037,1.0087,-0.15,0.25,0.33,135226,128550,125732
42010744,-6.4575,94.9725,17.5350,-0.0254,0.0049,1.0117,-0.15,0.24,0.33,134988,128539,125736
42030272,-12.3200,90.0725,19.3900,-0.0572,0.0051,1.0127,-0.16,0.23,0.32,134775,128503,125757
42049804,-10.6400,83.2300,20.7025,-0.0908,0.0002,1.0126,-0.16,0.21,0.33,134590,128504,125717
42070312,51.7475,62.5450,16.8000,-0.1386,-0.0200,1.0059,-0.14,0.21,0.34,134481,128720,125564
42089844,113.9250,33.0400,4.8825,-0.1913,-0.0559,1.0226,-0.14,0.20,0.34,134413,128786,125496
42110352,-35.1050,22.4175,-1.9950,-0.2344,-0.0082,1.0519,-0.14,0.20,0.34,134378,128698,125567
42129880,-51.5550,9.6950,-5.0925,-0.2501,-0.0054,1.0734,-0.15,0.20,0.33,134381,128621,125644
42150392,-23.0300,-4.2525,-7.2800,-0.2669,-0.0216,1.1023,-0.15,0.20,0.33,134411,128570,125651
42169920,-10.6225,-15.1725,-8.9425,-0.2808,-0.0245,1.1231,-0.15,0.21,0.33,134461,128545,125671
42190428,-15.9425,-22.8200,-9.9925,-0.2898,-0.0210,1.1377,-0.16,0.21,0.33,134533,128495,125687
42209960,-19.1450,-28.8925,-10.0800,-0.2952,-0.0183,1.1475,-0.16,0.22,0.33,134607,128467,125718
42230468,-4.6025,-37.7650,-9.4150,-0.2946,-0.0227,1.1539,-0.16,0.22,0.33,134704,128488,125730
42250000,14.1925,-43.9775,-8.5400,-0.2890,-0.0283,1.1529,-0.16,0.23,0.33,134801,128531,125718
42270508,26.7750,-50.1025,-7.5075,-0.2833,-0.0288,1.1470,-0.15,0.24,0.33,134932,128591,125681
42290040,27.5625,-56.7525,-6.7200,-0.2779,-0.0254,1.1385,-0.15,0.24,0.33,135059,128640,125656
42310544,20.0200,-63.7350,-6.5275,-0.2771,-0.0217,1.1312,-0.14,0.25,0.33,135211,128700,125674
42330080,8.1550,-75.7400,-7.7000,-0.2799,-0.0185,1.1257,-0.14,0.26,0.33,135380,128733,125706
42350584,6.3350,-84.5425,-9.1525,-0.2878,-0.0198,1.1196,-0.14,0.27,0.33,135573,128753,125706
42370116,8.1025,-93.7125,-10.8325,-0.2944,-0.0223,1.1172,-0.14,0.29,0.33,135797,128783,125737
42390624,11.6725,-102.5500,-12.3550,-0.2995,-0.0254,1.1158,-0.14,0.30,0.32,136048,128825,125768
42410156,18.9875,-111.3000,-13.4925,-0.3010,-0.0298,1.1168,-0.13,0.32,0.32,136295,128889,125816
42430664,28.3850,-119.3850,-14.0350,-0.2991,-0.0337,1.1184,-0.13,0.34,0.32,136585,128977,125876
42450196,33.0400,-130.2700,-13.8425,-0.2904,-0.0298,1.1230,-0.12,0.35,0.31,136866,129065,125948
42470704,25.3575,-135.7650,-13.6675,-0.2788,-0.0222,1.1229,-0.12,0.37,0.31,137187,129104,126019
42490232,21.5075,-140.6825,-13.3700,-0.2634,-0.0135,1.1222,-0.12,0.39,0.30,137508,129168,126128
42510744,23.4150,-144.7600,-12.7750,-0.2424,-0.0046,1.1200,-0.11,0.41,0.29,137825,129257,126266
42530272,31.5525,-148.5400,-11.7075,-0.2150,0.0039,1.1148,-0.10,0.43,0.28,138122,129364,126410
42549804,41.5625,-152.5300,-10.0625,-0.1825,0.0116,1.1053,-0.10,0.45,0.28,138437,129473,126566
42570312,53.3050,-158.0075,-7.0525,-0.1314,0.0243,1.0862,-0.09,0.47,0.27,138782,129567,126730
42589844,56.4725,-160.7025,-4.6025,-0.0961,0.0353,1.0714,-0.09,0.49,0.25,139093,129674,126907
42610352,56.4900,-162.5225,-1.8550,-0.0600,0.0466,1.0563,-0.08,0.51,0.24,139406,129789,127136
42629880,50.0850,-163.3100,0.7875,-0.0223,0.0569,1.0379,-0.07,0.53,0.23,139674,129880,127368
42650392,44.6425,-163.7825,3.3075,0.0170,0.0664,1.0170,-0.07,0.54,0.21,139962,129940,127644
42669920,39.1125,-163.1175,5.3200,0.0548,0.0744,0.9934,-0.07,0.56,0.19,140218,129961,127902
42690428,35.5950,-160.6325,7.9625,0.1136,0.0874,0.9501,-0.07,0.57,0.18,140457,129986,128187
42709960,26.5475,-157.2375,8.6625,0.1554,0.0991,0.9128,-0.07,0.58,0.16,140644,129984,128497
42740232,-7.0000,-149.3275,7.2275,0.2198,0.1207,0.8445,-0.07,0.60,0.13,140911,129940,128999
42760744,-36.8375,-142.6425,4.0775,0.2668,0.1344,0.7928,-0.07,0.61,0.10,141045,129899,129362
42780272,-64.0150,-134.8200,-0.1050,0.3150,0.1430,0.7408,-0.07,0.62,0.08,141150,129874,129712
42799804,-83.4925,-121.2400,-7.1750,0.3983,0.1463,0.6706,-0.08,0.62,0.06,141246,129840,130056
42820312,-70.5425,-111.7725,-10.2025,0.4599,0.1363,0.6315,-0.08,0.63,0.04,141334,129837,130385
42839844,-32.4450,-102.3750,-11.0425,0.5289,0.1144,0.5995,-0.08,0.63,0.03,141402,129843,130614
42860352,22.1025,-92.6275,-9.5725,0.5911,0.0930,0.5727,-0.07,0.63,0.02,141435,129889,130775
42879880,65.2925,-82.1800,-6.7200,0.6439,0.0845,0.5412,-0.07,0.63,0.01,141447,129907,130895
42900392,69.8775,-64.6450,-3.3775,0.6900,0.0914,0.5007,-0.07,0.63,0.00,141472,129927,131001
42919920,53.3575,-52.3950,-2.8875,0.7381,0.1122,0.4379,-0.07,0.64,-0.00,141507,129926,131080
42940428,39.9000,-39.9350,-3.4300,0.7585,0.1224,0.4016,-0.07,0.64,-0.00,141534,129913,131126
42959960,32.2875,-27.7900,-4.5325,0.7718,0.1292,0.3700,-0.07,0.64,-0.01,141520,129933,131165
42980468,16.2400,-15.6625,-6.1250,0.7801,0.1401,0.3379,-0.07,0.64,-0.01,141512,129971,131178
43000000,0.9975,-4.6550,-7.7875,0.7845,0.1491,0.3085,-0.07,0.64,-0.01,141522,129983,131180
43020508,-8.4350,10.2900,-9.3625,0.7879,0.1545,0.2762,-0.07,0.64,-0.00,141539,129998,131145
43040040,-11.3575,19.6700,-9.6425,0.7931,0.1557,0.2628,-0.06,0.64,-0.00,141556,130019,131104
43060544,-17.1150,28.6650,-9.3800,0.8013,0.1581,0.2540,-0.06,0.64,0.00,141538,130036,131033
43080080,-23.9400,37.1350,-8.4350,0.8139,0.1617,0.2497,-0.06,0.64,0.01,141519,130069,130961
43100584,-29.6625,45.0975,-6.9300,0.8280,0.1656,0.2499,-0.06,0.64,0.01,141506,130059,130844
43120116,-35.1400,52.5875,-4.9875,0.8418,0.1708,0.2525,-0.06,0.64,0.02,141491,130050,130752
43140624,-42.0700,62.9475,-1.4350,0.8608,0.1796,0.2623,-0.06,0.63,0.03,141471,130050,130619
43160156,-41.3700,69.2650,1.2250,0.8699,0.1835,0.2728,-0.06,0.63,0.04,141422,130025,130488
43180664,-36.4700,75.1975,3.8675,0.8750,0.1850,0.2867,-0.06,0.63,0.05,141359,130018,130297
43200196,-30.8350,80.7625,6.3875,0.8749,0.1854,0.3035,-0.07,0.63,0.06,141313,129985,130140
43220704,-26.7925,86.5200,8.4525,0.8708,0.1857,0.3222,-0.07,0.62,0.07,141246,129946,129930
43240232,-23.2750,91.8925,10.2375,0.8617,0.1845,0.3426,-0.07,0.62,0.08,141175,129905,129745
43260744,-17.5700,99.5925,12.1975,0.8408,0.1808,0.3743,-0.07,0.61,0.10,141063,129876,129504
43280272,-14.0175,104.2125,13.2300,0.8253,0.1771,0.3970,-0.08,0.60,0.11,140938,129841,129290
43299804,-8.5925,108.3950,13.8775,0.8075,0.1728,0.4211,-0.08,0.60,0.12,140821,129819,129043
43320312,-2.2225,112.1575,14.0875,0.7874,0.1658,0.4462,-0.08,0.59,0.14,140686,129771,128794
43339844,5.7575,115.4825,13.6675,0.7637,0.1584,0.4724,-0.08,0.58,0.16,140544,129759,128528
43360352,16.3625,119.5950,12.0750,0.7377,0.1504,0.4997,-0.08,0.57,0.17,140365,129771,128271
43379880,16.4675,122.1675,10.2375,0.7002,0.1387,0.5385,-0.08,0.56,0.19,140172,129766,128004
43400392,16.0125,124.6700,8.4525,0.6733,0.1330,0.5633,-0.08,0.54,0.20,139973,129768,127767
43419920,16.5725,126.7875,6.6675,0.6426,0.1304,0.5851,-0.08,0.53,0.22,139777,129781,127498
43440428,18.1125,128.7650,4.9000,0.6120,0.1286,0.6062,-0.08,0.52,0.23,139570,129788,127247
43459960,17.9725,130.5150,2.9050,0.5834,0.1283,0.6284,-0.08,0.50,0.25,139330,129826,127025
43480468,14.5075,132.4750,-0.0700,0.5363,0.1293,0.6677,-0.08,0.49,0.26,139060,129831,126800
43500000,12.6700,133.1575,-2.0125,0.5028,0.1276,0.6967,-0.07,0.47,0.27,138811,129866,126585
43520508,10.8500,133.1925,-3.9200,0.4690,0.1251,0.7241,-0.07,0.46,0.29,138551,129872,126377
43540040,7.5075,132.4750,-5.7575,0.4352,0.1240,0.7487,-0.07,0.44,0.30,138285,129869,126178
43560544,3.2025,131.2850,-7.3325,0.3997,0.1248,0.7720,-0.07,0.42,0.31,137995,129877,126025
43580080,-0.9275,129.5000,-8.4700,0.3626,0.1270,0.7943,-0.07,0.41,0.32,137715,129872,125899
43600584,-10.0975,126.5075,-9.6250,0.3068,0.1297,0.8279,-0.07,0.39,0.32,137439,129860,125784
43620116,-18.3750,124.0225,-9.6775,0.2695,0.1309,0.8505,-0.08,0.37,0.33,137176,129788,125675
43640624,-25.6725,120.9950,-9.0825,0.2307,0.1319,0.8713,-0.08,0.36,0.34,136906,129721,125581
43660156,-32.3925,117.5825,-8.1025,0.1923,0.1313,0.8906,-0.09,0.34,0.34,136645,129640,125539
43680664,-39.1300,113.8025,-6.8425,0.1545,0.1299,0.9082,-0.09,0.32,0.34,136385,129544,125508
43700196,-45.2200,109.4450,-5.0925,0.1172,0.1286,0.9220,-0.10,0.31,0.34,136150,129438,125504
43720704,-51.6425,102.3400,-2.1700,0.0637,0.1230,0.9399,-0.11,0.30,0.34,135922,129298,125476
43750976,-57.4175,95.0250,0.9800,0.0111,0.1143,0.9538,-0.12,0.28,0.34,135594,129092,125530
43771484,-59.5175,90.1775,3.0800,-0.0220,0.1069,0.9606,-0.13,0.26,0.34,135394,128927,125559
43791016,-59.3950,85.5925,5.2325,-0.0528,0.0971,0.9669,-0.14,0.25,0.34,135213,128802,125577
43811524,-54.0225,78.9950,8.4000,-0.0974,0.0805,0.9747,-0.15,0.24,0.33,135018,128689,125636
43831056,-47.4250,74.4625,10.4125,-0.1261,0.0670,0.9786,-0.15,0.23,0.33,134860,128591,125704
43851560,-28.0350,68.2150,11.7250,-0.1546,0.0483,0.9848,-0.15,0.22,0.33,134701,128541,125694
43871092,0.1225,60.0250,10.9375,-0.1825,0.0276,0.9927,-0.15,0.21,0.33,134576,128553,125663
43891600,16.4500,51.4500,7.8925,-0.2065,0.0111,1.0006,-0.15,0.21,0.33,134460,128574,125643
43911132,6.5625,45.4125,4.9700,-0.2285,-0.0018,1.0143,-0.15,0.20,0.33,134367,128547,125658
43931640,-11.1300,35.7875,1.5750,-0.2661,-0.0087,1.0368,-0.15,0.20,0.33,134295,128541,125684
43951172,-13.1600,28.1225,0.0525,-0.2950,-0.0182,1.0536,-0.16,0.19,0.33,134248,128506,125686
43971680,-10.3425,19.7050,-1.3475,-0.3194,-0.0312,1.0712,-0.16,0.19,0.33,134213,128471,125695
43991208,-4.6550,10.4825,-3.0800,-0.3355,-0.0444,1.0882,-0.16,0.19,0.33,134220,128456,125691
44011720,-2.6950,0.9100,-4.9525,-0.3447,-0.0549,1.1032,-0.16,0.19,0.33,134231,128448,125715
44031248,-6.3350,-8.3650,-6.5975,-0.3499,-0.0600,1.1158,-0.16,0.20,0.33,134271,128439,125737
44051756,-10.0975,-21.8400,-8.2075,-0.3550,-0.0625,1.1317,-0.16,0.20,0.33,134340,128407,125742
44071288,-5.9850,-30.4675,-8.8725,-0.3594,-0.0632,1.1391,-0.16,0.20,0.33,134416,128393,125745
44090820,1.1725,-39.7775,-9.2750,-0.3601,-0.0622,1.1387,-0.16,0.21,0.33,134514,128404,125728
44111328,3.5000,-49.9975,-9.3625,-0.3533,-0.0601,1.1296,-0.16,0.22,0.33,134643,128417,125745
44130860,-2.5550,-59.7100,-9.5725,-0.3440,-0.0561,1.1220,-0.16,0.23,0.32,134785,128427,125786
44151368,-7.9275,-68.2150,-10.3250,-0.3418,-0.0529,1.1206,-0.16,0.24,0.32,134951,128414,125803
44170896,1.7850,-81.4275,-12.0050,-0.3455,-0.0600,1.1256,-0.16,0.25,0.32,135139,128431,125815
44191408,15.9075,-90.5450,-12.7400,-0.3459,-0.0695,1.1297,-0.16,0.26,0.32,135344,128469,125807
44210936,27.5450,-99.2950,-13.2300,-0.3467,-0.0744,1.1331,-0.15,0.27,0.32,135557,128544,125810
44231444,28.4900,-107.0125,-13.8075,-0.3460,-0.0756,1.1331,-0.15,0.29,0.32,135811,128632,125851
44250976,24.8500,-114.3275,-14.3150,-0.3434,-0.0734,1.1325,-0.15,0.30,0.32,136068,128678,125874
44271484,18.5850,-124.3550,-15.2425,-0.3334,-0.0671,1.1300,-0.14,0.32,0.32,136362,128728,125910
44291016,18.6025,-130.4275,-15.9075,-0.3235,-0.0637,1.1280,-0.14,0.34,0.31,136647,128792,125975
44311524,19.8800,-135.9050,-16.1875,-0.3126,-0.0595,1.1251,-0.14,0.36,0.30,136948,128859,126082
44331056,23.9575,-140.9975,-16.3800,-0.2999,-0.0554,1.1214,-0.13,0.38,0.30,137254,128957,126175
44351560,29.1725,-145.4600,-16.2050,-0.2838,-0.0526,1.1170,-0.12,0.40,0.29,137584,129037,126297
44371092,35.0350,-149.2400,-15.5400,-0.2630,-0.0510,1.1136,-0.12,0.42,0.28,137904,129138,126404
44391600,41.3175,-153.3350,-13.9125,-0.2297,-0.0432,1.1065,-0.11,0.44,0.28,138243,129235,126542
44411132,40.7750,-155.3300,-12.4600,-0.2014,-0.0339,1.0958,-0.11,0.46,0.27,138538,129339,126705
44431640,37.8175,-156.6950,-10.8850,-0.1707,-0.0221,1.0823,-0.10,0.47,0.25,138848,129417,126895
44451172,36.5925,-157.7975,-9.3975,-0.1368,-0.0102,1.0658,-0.10,0.49,0.24,139144,129507,127086
44471680,32.6375,-157.9550,-8.0150,-0.0992,0.0004,1.0482,-0.09,0.51,0.23,139455,129572,127319
44491208,26.8800,-157.3775,-6.7900,-0.0600,0.0120,1.0346,-0.09,0.53,0.21,139724,129625,127554
44511720,20.3350,-156.1875,-4.6725,0.0005,0.0273,1.0148,-0.09,0.54,0.20,139969,129675,127827
44531248,15.1725,-155.0675,-3.3075,0.0412,0.0344,0.9989,-0.08,0.56,0.18,140184,129699,128110
44551756,7.6650,-153.2125,-2.1525,0.0856,0.0414,0.9789,-0.08,0.57,0.16,140409,129715,128414
44571288,0.5950,-151.0775,-1.2600,0.1315,0.0460,0.9567,-0.08,0.58,0.14,140610,129704,128728
44590820,-6.6850,-148.2950,-0.6300,0.1789,0.0499,0.9323,-0.08,0.59,0.12,140774,129711,129028
44611328,-10.8150,-144.6200,-0.2100,0.2237,0.0525,0.9056,-0.08,0.60,0.10,140904,129696,129370
44630860,-6.5975,-137.8650,0.5425,0.2918,0.0527,0.8617,-0.08,0.61,0.08,141015,129698,129680
44651368,-2.8175,-132.5800,1.1375,0.3440,0.0527,0.8250,-0.08,0.61,0.07,141133,129695,129991
44670896,-1.3825,-126.9975,1.5225,0.3963,0.0565,0.7808,-0.08,0.62,0.05,141229,129681,130267
44691408,-8.7675,-120.8200,1.1200,0.4441,0.0645,0.7291,-0.08,0.62,0.03,141307,129685,130574
44710936,-17.0800,-114.2750,-0.1050,0.4914,0.0756,0.6748,-0.08,0.63,0.01,141351,129680,130838
44731444,-15.3825,-102.9700,-2.3100,0.5517,0.0859,0.5935,-0.08,0.63,-0.00,141375,129696,131095
44761720,7.0525,-90.3525,-3.7625,0.6002,0.0885,0.5142,-0.08,0.63,-0.02,141426,129697,131409
44781248,28.7350,-81.0075,-4.1125,0.6317,0.0874,0.4653,-0.08,0.63,-0.03,141423,129708,131574
44801756,51.9400,-71.1900,-3.8675,0.6610,0.0858,0.4226,-0.08,0.63,-0.04,141440,129705,131664
44821288,63.0700,-60.6375,-3.5350,0.6908,0.0869,0.3837,-0.08,0.63,-0.04,141453,129685,131747
44840820,57.5750,-49.5950,-3.4125,0.7215,0.0922,0.3486,-0.08,0.63,-0.05,141458,129685,131812
44861328,28.4900,-32.7250,-3.9200,0.7662,0.1044,0.3015,-0.08,0.63,-0.05,141450,129696,131847
44880860,8.8025,-21.9100,-4.4275,0.7926,0.1103,0.2746,-0.08,0.63,-0.05,141442,129712,131902
44901368,-2.8875,-11.4450,-5.0575,0.8156,0.1126,0.2527,-0.08,0.63,-0.05,141442,129737,131913
44920896,-6.3350,-1.5925,-5.0575,0.8333,0.1130,0.2340,-0.08,0.63,-0.05,141466,129741,131918
44941408,-4.2875,7.1050,-4.7775,0.8461,0.1133,0.2185,-0.08,0.63,-0.05,141472,129738,131886
44960936,-4.7600,15.5400,-4.2525,0.8567,0.1166,0.2062,-0.08,0.63,-0.05,141468,129753,131848
44981444,-10.2550,27.3700,-2.7825,0.8696,0.1258,0.1950,-0.08,0.63,-0.04,141445,129755,131765
45000976,-13.7025,34.4225,-1.4350,0.8773,0.1318,0.1925,-0.08,0.63,-0.04,141442,129776,131685
45021484,-14.4375,40.9150,0.2275,0.8849,0.1368,0.1941,-0.08,0.63,-0.03,141463,129759,131593
45041016,-13.9650,47.0400,1.9425,0.8949,0.1399,0.1996,-0.08,0.63,-0.02,141459,129764,131480
45061524,-11.7775,52.8675,3.8150,0.9052,0.1413,0.2098,-0.08,0.63,-0.02,141429,129755,131341
45081056,-8.1900,61.2325,6.3525,0.9188,0.1427,0.2314,-0.08,0.63,-0.01,141399,129746,131202
45101560,-3.1500,66.7100,7.8925,0.9242,0.1414,0.2484,-0.08,0.63,0.00,141374,129724,131025
45121092,10.7100,71.6450,9.1350,0.9251,0.1352,0.2684,-0.08,0.63,0.01,141362,129709,130839
45141600,27.6150,76.4400,9.7825,0.9238,0.1298,0.2898,-0.09,0.63,0.03,141329,129679,130608
45161132,36.9950,81.7775,9.6950,0.9195,0.1283,0.3106,-0.08,0.62,0.04,141266,129684,130372
45181640,37.0650,87.5000,8.9600,0.9130,0.1301,0.3300,-0.08,0.62,0.06,141185,129696,130112
45201172,22.7500,96.1975,7.6125,0.8972,0.1374,0.3573,-0.08,0.61,0.07,141122,129699,129853
45221680,7.6650,101.5875,6.7200,0.8813,0.1425,0.3719,-0.09,0.61,0.09,141062,129674,129636
45241208,-4.1825,106.1725,6.1600,0.8632,0.1452,0.3875,-0.09,0.60,0.10,140971,129654,129399
45261720,-11.9350,110.3900,5.8975,0.8425,0.1458,0.4052,-0.09,0.60,0.12,140843,129644,129147
45281248,-12.7050,113.7675,5.8275,0.8211,0.1425,0.4250,-0.09,0.59,0.13,140701,129646,128905
45301756,-10.3425,117.9850,5.5825,0.7853,0.1347,0.4590,-0.09,0.58,0.15,140551,129628,128661
45321288,-7.6300,119.9625,5.2150,0.7615,0.1283,0.4830,-0.09,0.57,0.16,140418,129616,128411
45340820,-4.3925,121.5200,4.5325,0.7364,0.1216,0.5084,-0.09,0.56,0.18,140263,129598,128182
45361328,-0.2100,122.6050,3.8150,0.7099,0.1137,0.5378,-0.09,0.55,0.19,140066,129618,127945
45380860,5.2150,122.7450,2.6425,0.6839,0.1046,0.5697,-0.09,0.54,0.20,139870,129635,127725
45401368,10.1325,122.1325,1.3650,0.6572,0.0971,0.5998,-0.09,0.52,0.22,139665,129653,127491
45420896,11.3575,120.8375,-0.1050,0.6311,0.0949,0.6272,-0.09,0.51,0.23,139482,129650,127269
45441408,-0.3500,118.5450,-2.2225,0.5905,0.1016,0.6654,-0.09,0.50,0.24,139275,129642,127068
45460936,-14.0350,116.8475,-3.0800,0.5605,0.1080,0.6902,-0.09,0.49,0.25,139058,129610,126900
45481444,-26.7750,114.8000,-3.4825,0.5314,0.1113,0.7126,-0.09,0.47,0.26,138833,129562,126773
45500976,-34.9300,112.7700,-3.2725,0.5028,0.1115,0.7335,-0.10,0.46,0.27,138624,129513,126649
45521484,-36.2425,110.5650,-2.9750,0.4719,0.1081,0.7569,-0.10,0.45,0.28,138420,129434,126511
45541016,-27.7375,106.7500,-2.4675,0.4220,0.0972,0.7937,-0.10,0.44,0.28,138207,129368,126407
45561524,-24.5875,104.0025,-2.4500,0.3908,0.0906,0.8134,-0.11,0.42,0.29,137983,129333,126313
45581056,-24.4650,101.5000,-2.4150,0.3605,0.0861,0.8307,-0.11,0.41,0.30,137772,129279,126237
45601560,-27.2300,99.2250,-2.5550,0.3285,0.0816,0.8488,-0.11,0.40,0.30,137559,129207,126168
45621092,-31.6400,96.6350,-2.5725,0.2948,0.0759,0.8682,-0.12,0.38,0.30,137378,129132,126086
45641600,-40.3900,94.1150,-2.4500,0.2622,0.0709,0.8856,-0.13,0.37,0.31,137187,129012,126048
45661132,-48.6500,90.4575,-1.5225,0.2189,0.0597,0.9088,-0.13,0.36,0.31,136999,128923,126048
45681640,-47.3900,87.8325,-0.7175,0.1898,0.0495,0.9244,-0.14,0.35,0.31,136804,128831,126030
45701172,-41.5975,84.9100,-0.0175,0.1604,0.0373,0.9406,-0.14,0.34,0.31,136633,128752,126006
45721680,-32.8475,81.8650,0.7000,0.1315,0.0229,0.9562,-0.15,0.33,0.31,136463,128668,125999
45741208,-26.0750,78.9950,1.3825,0.1037,0.0109,0.9684,-0.15,0.32,0.31,136310,128601,125962
45771484,-19.0575,73.4650,2.3625,0.0529,-0.0129,0.9887,-0.16,0.30,0.31,136066,128527,125939
45791016,-16.6075,70.8575,3.0450,0.0285,-0.0222,0.9961,-0.16,0.30,0.31,135916,128485,125913
45811524,-13.8075,68.5475,3.8150,0.0061,-0.0300,1.0009,-0.16,0.29,0.31,135767,128465,125921
45831056,-9.6250,66.1850,4.8300,-0.0159,-0.0373,1.0052,-0.16,0.28,0.32,135617,128451,125903
45851560,-3.5875,63.9450,5.9500,-0.0392,-0.0450,1.0104,-0.16,0.27,0.32,135477,128425,125872
45871092,2.5375,61.7750,7.2800,-0.0632,-0.0539,1.0172,-0.16,0.26,0.32,135339,128434,125842
45891600,5.0400,57.9425,8.8200,-0.0971,-0.0659,1.0280,-0.16,0.25,0.32,135209,128420,125795
45911132,1.0500,54.8975,9.8525,-0.1192,-0.0694,1.0331,-0.16,0.24,0.32,135080,128414,125814
45931640,-1.7500,51.0300,10.8150,-0.1399,-0.0716,1.0363,-0.16,0.24,0.32,134944,128407,125818
45951172,-3.7275,46.4275,11.4800,-0.1592,-0.0733,1.0397,-0.16,0.23,0.32,134857,128394,125814
45971680,-7.4550,40.8450,11.7250,-0.1786,-0.0748,1.0446,-0.17,0.22,0.32,134752,128362,125812
45991208,-7.7875,33.0050,11.0775,-0.1985,-0.0766,1.0498,-0.17,0.22,0.32,134690,128350,125796
46011720,13.1250,14.0700,5.4950,-0.2274,-0.0856,1.0604,-0.16,0.22,0.32,134651,128382,125793
46031248,17.3950,1.5575,-0.1400,-0.2419,-0.0960,1.0765,-0.16,0.22,0.32,134661,128410,125772
46051756,10.6050,-9.9575,-4.6200,-0.2544,-0.0989,1.0953,-0.16,0.22,0.32,134692,128427,125776
46071288,5.1800,-22.2250,-7.5950,-0.2697,-0.0969,1.1120,-0.16,0.23,0.32,134764,128422,125762
46090820,0.0000,-34.8950,-9.5900,-0.2829,-0.0960,1.1245,-0.16,0.23,0.32,134868,128417,125768
46111328,0.2800,-53.5325,-11.7600,-0.2962,-0.0948,1.1396,-0.16,0.24,0.32,134999,128438,125798
46130860,8.7500,-65.7125,-12.8450,-0.2996,-0.0954,1.1481,-0.16,0.25,0.32,135150,128469,125796
46151368,23.4150,-77.8575,-13.6150,-0.2994,-0.0972,1.1551,-0.15,0.26,0.32,135345,128535,125791
46170896,38.4650,-89.7225,-14.1575,-0.2973,-0.0981,1.1602,-0.15,0.27,0.32,135560,128635,125764
46191408,47.4250,-101.0100,-14.2625,-0.2934,-0.0933,1.1627,-0.14,0.29,0.33,135808,128741,125737
46210936,50.8200,-111.6150,-13.8775,-0.2880,-0.0852,1.1628,-0.13,0.30,0.33,136059,128875,125744
46231444,51.6600,-126.4200,-12.7925,-0.2794,-0.0720,1.1616,-0.13,0.32,0.32,136346,129012,125775
46250976,50.8025,-135.0650,-11.6200,-0.2732,-0.0615,1.1600,-0.12,0.34,0.32,136644,129128,125808
46271484,47.6875,-142.2575,-10.1325,-0.2662,-0.0483,1.1583,-0.11,0.36,0.32,136978,129235,125863
46291016,42.8050,-148.3300,-8.4525,-0.2577,-0.0334,1.1560,-0.11,0.38,0.31,137296,129322,125960
46311524,35.1400,-153.1425,-6.8950,-0.2464,-0.0173,1.1514,-0.10,0.40,0.30,137631,129409,126091
46331056,24.6225,-156.9050,-5.6875,-0.2308,-0.0004,1.1436,-0.10,0.42,0.29,137955,129478,126268
46351560,11.8300,-161.5775,-4.7250,-0.1996,0.0201,1.1261,-0.10,0.44,0.28,138293,129513,126452
46371092,8.3300,-164.0450,-4.7250,-0.1739,0.0289,1.1126,-0.09,0.46,0.27,138623,129553,126646
46391600,8.5400,-166.0400,-4.7075,-0.1454,0.0364,1.0975,-0.09,0.48,0.26,138972,129584,126879
46411132,9.6775,-167.7725,-4.7600,-0.1135,0.0423,1.0807,-0.09,0.50,0.24,139259,129628,127139
46431640,10.3775,-169.1200,-4.7425,-0.0787,0.0455,1.0623,-0.09,0.52,0.22,139550,129671,127410
46451172,9.7650,-169.8725,-4.5850,-0.0434,0.0484,1.0415,-0.08,0.53,0.21,139833,129713,127694
46471680,6.2125,-169.5575,-4.3225,0.0134,0.0550,1.0081,-0.08,0.55,0.19,140121,129728,128004
46491208,5.8100,-168.6825,-3.8675,0.0566,0.0569,0.9864,-0.08,0.57,0.17,140367,129738,128327
46511720,6.3525,-167.0375,-3.2375,0.1052,0.0569,0.9653,-0.08,0.58,0.15,140567,129761,128653
46531248,7.3675,-164.6575,-2.1875,0.1557,0.0542,0.9435,-0.08,0.59,0.13,140739,129771,128989
46551756,8.7150,-161.5775,-0.7175,0.2075,0.0521,0.9199,-0.08,0.60,0.11,140899,129785,129335
46571288,11.9525,-154.8925,2.2575,0.2826,0.0515,0.8771,-0.08,0.61,0.09,141049,129788,129661
46590820,13.8250,-149.7300,4.4625,0.3321,0.0523,0.8394,-0.08,0.62,0.07,141163,129768,129984
46611328,14.3500,-143.8850,6.6500,0.3830,0.0543,0.7954,-0.08,0.62,0.05,141234,129775,130302
46630860,13.7375,-137.0950,8.6800,0.4353,0.0576,0.7459,-0.08,0.62,0.03,141292,129755,130589
46651368,16.9750,-129.3950,10.4475,0.4848,0.0601,0.6920,-0.08,0.63,0.01,141336,129729,130888
46670896,26.7750,-120.5050,12.0575,0.5302,0.0617,0.6375,-0.08,0.63,-0.00,141373,129705,131117
46691408,38.6225,-103.4775,13.4050,0.5888,0.0667,0.5561,-0.09,0.63,-0.02,141388,129653,131331
46710936,35.7175,-89.7225,12.9500,0.6187,0.0737,0.5017,-0.09,0.63,-0.03,141381,129628,131504
46731444,20.7900,-75.1275,11.0775,0.6450,0.0870,0.4436,-0.09,0.63,-0.04,141350,129606,131668
46750976,-1.4175,-60.8650,7.8225,0.6686,0.0992,0.3822,-0.09,0.63,-0.04,141345,129588,131801
46781248,3.4825,-41.9650,3.0275,0.7053,0.0987,0.3063,-0.09,0.63,-0.05,141341,129573,131920
46801756,23.8000,-23.7125,-0.5950,0.7496,0.0906,0.2529,-0.09,0.63,-0.05,141340,129566,131952
46821288,18.4100,-10.9550,-3.0800,0.7806,0.0899,0.2235,-0.09,0.63,-0.05,141356,129568,131957
46840820,0.4900,1.8900,-5.4075,0.8069,0.0930,0.1970,-0.09,0.63,-0.05,141375,129577,131953
46861328,-11.4100,13.5975,-7.1750,0.8278,0.0943,0.1765,-0.09,0.63,-0.05,141375,129601,131901
46880860,-14.8750,24.1850,-8.3125,0.8438,0.0941,0.1619,-0.09,0.63,-0.05,141370,129640,131842
46901368,-13.7550,33.7050,-8.9250,0.8556,0.0941,0.1516,-0.09,0.63,-0.04,141379,129658,131764
46920896,-11.2525,46.2525,-9.0300,0.8713,0.0966,0.1448,-0.09,0.63,-0.04,141403,129665,131669
46941408,-11.7250,53.8125,-8.5750,0.8807,0.1010,0.1454,-0.08,0.63,-0.03,141413,129690,131532
46960936,-12.2850,60.8475,-7.6825,0.8901,0.1053,0.1510,-0.08,0.63,-0.02,141401,129707,131383
46981444,-11.6025,67.7425,-6.3350,0.8983,0.1092,0.1614,-0.08,0.63,-0.01,141379,129734,131196
47000976,-9.6250,74.0950,-4.6200,0.9044,0.1132,0.1754,-0.08,0.63,0.00,141369,129752,131027
47021484,-7.7000,80.2025,-2.8525,0.9067,0.1172,0.1920,-0.08,0.63,0.01,141360,129740,130832
47041016,-5.0400,88.6025,-0.1050,0.9052,0.1216,0.2203,-0.08,0.63,0.03,141343,129736,130629
47061524,-2.6775,93.7125,1.4875,0.9000,0.1240,0.2419,-0.08,0.62,0.04,141276,129728,130390
47081056,-0.4025,98.3325,2.9575,0.8912,0.1259,0.2652,-0.08,0.62,0.06,141203,129729,130157
47101560,0.9625,102.7600,4.3400,0.8807,0.1274,0.2891,-0.08,0.61,0.07,141126,129716,129909
47121092,1.3825,107.0300,5.6000,0.8680,0.1281,0.3145,-0.08,0.61,0.09,141058,129703,129676
47141600,1.6450,112.7000,7.0350,0.8520,0.1298,0.3553,-0.08,0.60,0.10,140955,129685,129400
47161132,-0.8400,115.8325,7.5425,0.8240,0.1301,0.3825,-0.09,0.60,0.12,140831,129678,129144
47181640,-2.1175,118.6500,8.0500,0.8045,0.1279,0.4118,-0.09,0.59,0.13,140676,129659,128883
47201172,-2.3625,121.5025,8.7150,0.7840,0.1259,0.4421,-0.09,0.58,0.15,140523,129654,128629
47221680,-1.9250,124.0050,9.3450,0.7614,0.1242,0.4728,-0.09,0.57,0.16,140369,129632,128369
47241208,0.2100,126.2100,9.6075,0.7374,0.1213,0.5036,-0.09,0.56,0.18,140198,129614,128109
47261720,6.9475,128.6775,9.5025,0.6988,0.1146,0.5478,-0.09,0.54,0.20,139982,129621,127871
47281248,12.6350,129.6925,8.7850,0.6734,0.1093,0.5779,-0.09,0.53,0.21,139766,129642,127623
47301756,16.8175,130.3225,7.4900,0.6444,0.1059,0.6088,-0.09,0.52,0.23,139536,129645,127369
47321288,18.0950,130.6375,5.8275,0.6127,0.1036,0.6389,-0.09,0.50,0.24,139325,129637,127122
47340820,15.6975,130.6025,3.9725,0.5810,0.1020,0.6665,-0.09,0.49,0.25,139097,129651,126903
47361328,12.5825,129.9725,2.2925,0.5491,0.1020,0.6913,-0.09,0.47,0.27,138833,129651,126700
47380860,5.7925,128.1875,0.0350,0.5006,0.1052,0.7252,-0.09,0.46,0.28,138573,129662,126525
47401368,-0.4725,126.7350,-1.1550,0.4709,0.1081,0.7460,-0.09,0.44,0.29,138310,129651,126362
47420896,-7.8050,124.9850,-1.9075,0.4398,0.1115,0.7664,-0.09,0.43,0.30,138073,129609,126219
47441408,-15.7675,122.9550,-2.3800,0.4058,0.1153,0.7860,-0.09,0.41,0.31,137809,129552,126073
47460936,-24.0275,120.7500,-2.3975,0.3711,0.1174,0.8052,-0.10,0.40,0.31,137554,129502,125977
47481444,-31.1150,118.4050,-2.0650,0.3355,0.1183,0.8241,-0.10,0.38,0.32,137283,129428,125905
47500976,-36.4350,114.3975,-1.0325,0.2819,0.1153,0.8522,-0.10,0.36,0.32,137042,129355,125852
47521484,-36.3125,111.3175,-0.1400,0.2478,0.1097,0.8711,-0.11,0.35,0.32,136799,129233,125780
47541016,-36.9425,108.1500,0.7525,0.2141,0.1048,0.8895,-0.12,0.34,0.33,136569,129141,125742
47561524,-40.4075,104.8425,1.6275,0.1803,0.1007,0.9079,-0.12,0.32,0.33,136329,129042,125726
47581056,-46.3575,101.0625,2.7475,0.1454,0.0961,0.9251,-0.13,0.31,0.33,136113,128935,125743
47601560,-57.1025,94.7100,4.7950,0.1103,0.0903,0.9464,-0.14,0.29,0.32,135888,128799,125770
47621092,-60.0250,89.9150,6.4750,0.0566,0.0781,0.9600,-0.15,0.28,0.32,135703,128651,125769
47641600,-60.4800,84.9625,8.2250,0.0205,0.0664,0.9726,-0.16,0.27,0.32,135512,128502,125816
47661132,-55.2825,79.7300,10.0975,-0.0134,0.0515,0.9855,-0.16,0.26,0.32,135339,128405,125859
47681640,-42.2975,73.5525,11.5500,-0.0461,0.0327,0.9976,-0.17,0.25,0.32,135160,128342,125895
47701172,-19.1100,65.6600,11.9700,-0.0777,0.0102,1.0089,-0.17,0.24,0.32,135023,128312,125882
47721680,9.2225,52.6750,9.9400,-0.1205,-0.0171,1.0226,-0.17,0.23,0.32,134910,128309,125837
47741208,6.3875,45.3950,7.3850,-0.1457,-0.0268,1.0304,-0.17,0.23,0.32,134814,128305,125824
47761720,-10.2900,40.1100,5.3375,-0.1686,-0.0310,1.0391,-0.17,0.22,0.32,134731,128271,125855
47791992,-24.9025,33.3900,4.4625,-0.2002,-0.0400,1.0521,-0.18,0.22,0.32,134620,128187,125890
47812500,-23.7300,29.0500,4.5675,-0.2174,-0.0512,1.0602,-0.18,0.21,0.31,134568,128144,125920
47832032,-12.4425,22.4700,4.7075,-0.2379,-0.0725,1.0724,-0.18,0.21,0.31,134519,128124,125951
47852540,-2.3450,17.9200,4.0250,-0.2450,-0.0844,1.0792,-0.18,0.21,0.31,134479,128127,125932
47872072,11.9875,12.1100,2.8175,-0.2499,-0.0981,1.0887,-0.18,0.21,0.32,134457,128147,125906
47892576,22.8200,4.8650,0.5950,-0.2528,-0.1070,1.0943,-0.18,0.21,0.32,134449,128190,125847
47912108,22.4525,-3.0100,-1.8200,-0.2557,-0.1094,1.0969,-0.17,0.21,0.32,134468,128231,125845
47932616,3.2900,-13.6500,-4.3925,-0.2599,-0.1060,1.0978,-0.17,0.21,0.32,134505,128243,125863
47952148,-6.2475,-20.0025,-5.1450,-0.2674,-0.0998,1.1002,-0.17,0.21,0.32,134555,128229,125871
47972656,-4.6900,-26.1100,-5.4075,-0.2724,-0.0997,1.1026,-0.17,0.22,0.32,134625,128221,125879
47992188,1.4175,-32.4625,-5.5300,-0.2741,-0.1007,1.1037,-0.17,0.22,0.32,134693,128232,125859
48012696,7.7175,-39.4100,-5.7225,-0.2708,-0.1021,1.1037,-0.17,0.23,0.32,134786,128250,125864
48032224,7.9625,-46.7600,-6.4050,-0.2651,-0.1014,1.1024,-0.17,0.23,0.32,134893,128280,125885
48052736,-3.5000,-58.0300,-9.1175,-0.2647,-0.0954,1.1014,-0.17,0.24,0.32,135029,128270,125895
48072264,-7.6300,-66.8675,-11.6550,-0.2675,-0.0956,1.1015,-0.17,0.25,0.31,135175,128257,125938
48091796,-4.2525,-76.0550,-14.3850,-0.2716,-0.1008,1.1043,-0.17,0.26,0.31,135358,128253,125946
48112304,4.9875,-85.4175,-16.8700,-0.2755,-0.1072,1.1086,-0.17,0.27,0.31,135557,128301,125982
48131836,18.5850,-95.1825,-19.0400,-0.2789,-0.1129,1.1130,-0.17,0.29,0.31,135777,128366,126014
48152344,24.7275,-104.3175,-20.7900,-0.2779,-0.1147,1.1158,-0.16,0.30,0.31,136037,128441,126018
48171876,29.4000,-117.5825,-22.6625,-0.2735,-0.1135,1.1168,-0.16,0.32,0.31,136308,128513,126051
48192384,29.0150,-125.8250,-23.5550,-0.2634,-0.1081,1.1180,-0.15,0.34,0.30,136615,128589,126100
48211912,28.9100,-133.6125,-24.1500,-0.2549,-0.1026,1.1197,-0.15,0.36,0.30,136912,128680,126160
48232420,29.3475,-140.9100,-24.4825,-0.2438,-0.0966,1.1217,-0.14,0.38,0.29,137232,128775,126267
48251952,24.8850,-147.1575,-24.5000,-0.2278,-0.0874,1.1204,-0.14,0.40,0.29,137552,128847,126381
48272460,23.4325,-152.6700,-24.1325,-0.2074,-0.0776,1.1189,-0.13,0.42,0.28,137909,128919,126519
48291992,22.1900,-158.4100,-22.8025,-0.1701,-0.0638,1.1170,-0.13,0.44,0.27,138240,128987,126669
48312500,20.2825,-160.6325,-21.3850,-0.1376,-0.0537,1.1131,-0.12,0.46,0.26,138568,129078,126880
48332032,21.3850,-162.3650,-19.5825,-0.1007,-0.0443,1.1072,-0.12,0.48,0.24,138863,129167,127089
48352540,25.3750,-164.0100,-17.5875,-0.0630,-0.0373,1.0956,-0.11,0.49,0.23,139176,129247,127320
48372072,27.7025,-165.0775,-15.2075,-0.0249,-0.0288,1.0806,-0.11,0.51,0.22,139478,129311,127538
48392576,29.4700,-165.0250,-11.7075,0.0146,-0.0210,1.0660,-0.10,0.53,0.20,139761,129385,127790
48412108,31.7625,-164.3425,-9.2925,0.0749,-0.0111,1.0390,-0.10,0.55,0.18,140004,129456,128061
48432616,32.9525,-163.1175,-6.7550,0.1150,-0.0033,1.0146,-0.09,0.56,0.17,140226,129541,128353
48452148,34.0025,-161.6475,-4.4275,0.1548,0.0046,0.9845,-0.09,0.57,0.15,140444,129575,128610
48472656,32.0600,-160.0550,-2.6425,0.1930,0.0138,0.9483,-0.09,0.58,0.13,140650,129605,128917
48492188,27.2300,-157.8850,-1.3475,0.2279,0.0229,0.9089,-0.09,0.60,0.11,140822,129596,129226
48512696,16.0650,-153.4225,-0.4375,0.2772,0.0354,0.8468,-0.09,0.60,0.09,140941,129619,129544
48532224,8.5925,-149.7650,0.0175,0.3073,0.0436,0.8030,-0.09,0.61,0.07,141045,129624,129876
48552736,1.6100,-145.2325,0.2625,0.3372,0.0511,0.7560,-0.09,0.62,0.05,141155,129618,130198
48572264,-7.9625,-139.1075,0.1575,0.3703,0.0581,0.7076,-0.09,0.62,0.03,141244,129603,130535
48591796,-15.6275,-131.7050,0.1750,0.4100,0.0643,0.6588,-0.09,0.62,0.01,141307,129581,130837
48612304,-14.2100,-123.2700,0.2800,0.4534,0.0665,0.6111,-0.09,0.63,-0.00,141336,129571,131137
48631836,6.3000,-107.6950,1.7675,0.5053,0.0654,0.5661,-0.09,0.63,-0.02,141339,129578,131382
48652344,22.6625,-95.5500,3.3950,0.5994,0.0643,0.5006,-0.09,0.63,-0.03,141336,129558,131575
48671876,26.5125,-82.0400,4.6200,0.6655,0.0699,0.4518,-0.09,0.63,-0.04,141349,129533,131727
48692384,20.6850,-68.1625,4.6550,0.7239,0.0777,0.4002,-0.10,0.63,-0.05,141351,129500,131877
48711912,10.9025,-54.2850,3.4300,0.7701,0.0861,0.3486,-0.10,0.63,-0.06,141336,129503,131983
48732420,-1.4700,-40.3900,1.1375,0.8059,0.0924,0.2987,-0.09,0.62,-0.06,141309,129520,132036
48751952,-2.6950,-20.8950,-2.3450,0.8403,0.0880,0.2352,-0.09,0.62,-0.06,141310,129536,132083
48772460,14.3850,-9.1700,-3.8850,0.8518,0.0781,0.2076,-0.09,0.63,-0.06,141330,129531,132071
48802736,25.3400,6.8600,-5.0925,0.8586,0.0726,0.1782,-0.09,0.63,-0.06,141318,129548,131991
48822264,14.5600,17.2900,-5.6875,0.8594,0.0763,0.1637,-0.09,0.63,-0.05,141337,129561,131935
48841796,-1.6100,27.3875,-5.8975,0.8591,0.0821,0.1549,-0.09,0.63,-0.05,141352,129555,131865
48862304,-15.6450,40.5475,-5.1800,0.8599,0.0883,0.1523,-0.09,0.63,-0.04,141351,129582,131783
48881836,-16.8875,47.9500,-3.9200,0.8639,0.0913,0.1552,-0.09,0.63,-0.04,141343,129593,131672
48902344,-15.5225,54.8800,-2.1700,0.8725,0.0944,0.1636,-0.09,0.63,-0.03,141342,129604,131554
48921876,-14.2800,61.1275,-0.2100,0.8841,0.0985,0.1758,-0.09,0.63,-0.02,141346,129589,131404
48942384,-13.5625,66.9900,1.8900,0.8957,0.1027,0.1893,-0.09,0.63,-0.01,141341,129571,131248
48961912,-10.6225,72.4675,3.9900,0.9050,0.1064,0.2052,-0.09,0.62,-0.00,141311,129577,131079
48982420,-3.7275,80.1500,6.9475,0.9116,0.1102,0.2322,-0.09,0.62,0.01,141270,129552,130875
49001952,1.5400,85.0325,8.6975,0.9112,0.1120,0.2529,-0.09,0.62,0.02,141229,129553,130684
49022460,6.5800,89.8450,10.2200,0.9057,0.1136,0.2741,-0.10,0.62,0.04,141194,129512,130457
49041992,12.4600,94.4125,11.3575,0.9001,0.1137,0.2951,-0.10,0.61,0.05,141141,129494,130212
49062500,22.2600,98.6825,12.2850,0.8926,0.1132,0.3182,-0.10,0.61,0.07,141050,129472,129950
49082032,28.1925,102.9875,12.3025,0.8822,0.1146,0.3404,-0.10,0.60,0.08,140950,129487,129683
49102540,30.6075,109.2175,11.2525,0.8646,0.1159,0.3753,-0.10,0.60,0.10,140845,129493,129407
49122072,26.1625,113.3300,9.8000,0.8483,0.1198,0.3988,-0.10,0.59,0.12,140744,129493,129129
49142576,19.0750,117.1450,8.3125,0.8285,0.1227,0.4222,-0.10,0.58,0.14,140616,129482,128857
49162108,11.8825,120.4700,6.6150,0.8069,0.1242,0.4441,-0.10,0.57,0.15,140470,129494,128597
49182616,8.1725,123.2000,5.2150,0.7856,0.1211,0.4657,-0.09,0.56,0.17,140282,129526,128329
49202148,11.7425,125.5975,3.1325,0.7627,0.1169,0.4882,-0.09,0.55,0.18,140114,129537,128075
49222656,10.3250,127.1725,1.1375,0.7254,0.1141,0.5233,-0.09,0.54,0.20,139938,129535,127817
49242188,7.1750,128.5025,-1.0500,0.6971,0.1130,0.5494,-0.09,0.53,0.21,139752,129548,127579
49262696,5.1275,129.2025,-3.3075,0.6683,0.1098,0.5766,-0.09,0.52,0.23,139534,129571,127333
49282224,2.2575,129.4825,-5.3550,0.6398,0.1058,0.6033,-0.09,0.50,0.24,139314,129606,127123
49302736,1.7150,129.0975,-7.2625,0.6100,0.1000,0.6299,-0.09,0.49,0.25,139080,129604,126918
49322264,3.0975,127.3475,-9.6950,0.5632,0.0931,0.6687,-0.09,0.48,0.27,138869,129621,126727
49341796,1.0850,125.7725,-11.1300,0.5312,0.0917,0.6926,-0.09,0.46,0.28,138636,129601,126529
49362304,-6.3000,123.9875,-12.2500,0.4980,0.0935,0.7139,-0.09,0.45,0.29,138381,129616,126387
49381836,-17.3075,122.4300,-13.0025,0.4662,0.0961,0.7344,-0.09,0.43,0.29,138145,129584,126249
49402344,-24.5875,120.7325,-13.1250,0.4341,0.0976,0.7571,-0.09,0.42,0.30,137892,129535,126152
49421876,-27.6850,118.7200,-13.0200,0.3991,0.0967,0.7826,-0.10,0.40,0.31,137668,129476,126032
49442384,-25.7075,115.2900,-12.6000,0.3479,0.0906,0.8220,-0.10,0.39,0.31,137432,129423,125935
49461912,-24.2025,113.0500,-12.1625,0.3151,0.0863,0.8459,-0.10,0.37,0.32,137193,129383,125867
49482420,-23.0125,110.8450,-11.5850,0.2833,0.0814,0.8691,-0.11,0.36,0.32,136948,129322,125796
49501952,-23.2225,108.5875,-10.9550,0.2501,0.0777,0.8904,-0.11,0.35,0.33,136725,129274,125734
49522460,-24.0275,106.1375,-10.0275,0.2161,0.0759,0.9072,-0.11,0.33,0.33,136505,129215,125679
49541992,-24.5175,103.7575,-8.9775,0.1836,0.0743,0.9210,-0.12,0.32,0.33,136285,129141,125638
49562500,-23.9750,100.2225,-6.8775,0.1355,0.0681,0.9433,-0.12,0.31,0.33,136071,129093,125615
49582032,-21.4725,97.9125,-5.2675,0.1017,0.0625,0.9587,-0.12,0.29,0.33,135861,129060,125598
49602540,-17.5700,95.4800,-3.5175,0.0697,0.0576,0.9709,-0.13,0.28,0.34,135650,129010,125562
49622072,-12.9675,92.9600,-1.5575,0.0394,0.0539,0.9792,-0.13,0.27,0.34,135453,128967,125530
49642576,-11.7775,90.3700,0.5775,0.0113,0.0515,0.9843,-0.13,0.25,0.34,135245,128926,125516
49662108,-17.7275,85.7500,4.1300,-0.0172,0.0500,0.9881,-0.13,0.24,0.34,135062,128882,125526
49682616,-21.9450,81.8475,6.7725,-0.0644,0.0473,0.9963,-0.14,0.23,0.34,134862,128835,125544
49702148,-18.8825,76.3350,9.2925,-0.0992,0.0416,1.0022,-0.14,0.22,0.34,134691,128780,125556
49722656,-0.3500,66.9900,10.1500,-0.1355,0.0334,1.0052,-0.14,0.21,0.34,134543,128804,125514
49742188,30.4150,53.4625,6.6500,-0.1688,0.0215,1.0119,-0.14,0.20,0.34,134428,128843,125455
49762696,26.6875,43.9775,2.1350,-0.1956,0.0102,1.0314,-0.13,0.20,0.34,134354,128886,125438
49782224,14.0175,28.0700,-4.0250,-0.2288,0.0107,1.0590,-0.13,0.20,0.34,134297,128912,125456
49812500,11.6200,7.6475,-8.0325,-0.2628,0.0085,1.0881,-0.13,0.20,0.35,134280,128933,125418
49832032,-5.5825,-5.8975,-9.9050,-0.2830,0.0110,1.1058,-0.13,0.20,0.34,134317,128895,125457
49852540,-28.5075,-17.5525,-11.1825,-0.3016,0.0135,1.1255,-0.14,0.20,0.34,134385,128820,125498
49872072,-36.1200,-27.7725,-11.7075,-0.3177,0.0116,1.1464,-0.14,0.21,0.34,134470,128766,125517
49892576,-7.8400,-41.8600,-10.9550,-0.3328,0.0013,1.1739,-0.14,0.21,0.34,134579,128748,125522
49912108,18.6900,-51.3975,-9.8350,-0.3338,-0.0054,1.1817,-0.14,0.22,0.34,134698,128819,125510
49932616,32.6900,-61.5475,-8.4000,-0.3278,-0.0049,1.1785,-0.13,0.23,0.34,134850,128902,125503
49952148,32.7600,-71.2425,-7.2800,-0.3179,0.0017,1.1702,-0.13,0.24,0.34,135015,128979,125480
49972656,25.9000,-80.4300,-6.4400,-0.3083,0.0099,1.1619,-0.12,0.25,0.34,135216,129027,125467
49992188,21.9800,-89.4950,-5.8625,-0.3026,0.0172,1.1534,-0.12,0.27,0.34,135428,129076,125463
50012696,25.1125,-103.1275,-5.0400,-0.2987,0.0234,1.1433,-0.12,0.28,0.34,135663,129163,125487
50032224,25.9875,-111.9300,-4.4800,-0.2973,0.0275,1.1363,-0.11,0.29,0.34,135903,129230,125534
50052736,27.2825,-120.3650,-4.0600,-0.2962,0.0296,1.1325,-0.11,0.31,0.34,136178,129313,125566
50072264,24.1675,-128.0300,-3.8675,-0.2935,0.0325,1.1265,-0.11,0.33,0.33,136470,129349,125615
50091796,22.4700,-135.3275,-3.8850,-0.2898,0.0357,1.1217,-0.10,0.35,0.33,136777,129418,125686
50112304,16.5025,-141.7675,-4.0950,-0.2830,0.0409,1.1185,-0.10,0.37,0.32,137099,129453,125809
50131836,10.7800,-150.0625,-4.3225,-0.2682,0.0468,1.1150,-0.10,0.39,0.31,137407,129495,125942
50152344,8.5925,-154.9275,-4.5325,-0.2517,0.0508,1.1113,-0.09,0.41,0.30,137740,129530,126107
50171876,4.2525,-158.7950,-5.0750,-0.2303,0.0560,1.1039,-0.09,0.43,0.29,138080,129546,126284
50192384,-0.2100,-161.9100,-5.4075,-0.2047,0.0626,1.0931,-0.09,0.45,0.28,138432,129555,126501
50211912,-6.3350,-163.9750,-5.8275,-0.1748,0.0706,1.0790,-0.09,0.47,0.26,138759,129554,126731
50232420,-13.8600,-165.2875,-6.8950,-0.1427,0.0786,1.0626,-0.09,0.49,0.25,139069,129575,127023
50251952,-20.9300,-165.2175,-7.7350,-0.0886,0.0816,1.0360,-0.09,0.51,0.23,139375,129558,127282
50272460,-22.3650,-164.9550,-8.4525,-0.0506,0.0839,1.0136,-0.09,0.53,0.21,139692,129543,127591
50291992,-18.3050,-164.1675,-8.9600,-0.0134,0.0855,0.9913,-0.09,0.54,0.20,139965,129548,127876
50312500,-4.9875,-162.9075,-8.5575,0.0249,0.0803,0.9725,-0.09,0.56,0.18,140204,129576,128203
50332032,9.9400,-160.8250,-7.4725,0.0688,0.0730,0.9518,-0.09,0.57,0.16,140398,129618,128502
50352540,19.3200,-156.1875,-4.3400,0.1401,0.0686,0.9155,-0.09,0.58,0.14,140597,129640,128796
50372072,13.8250,-151.7950,-2.1525,0.1904,0.0700,0.8865,-0.09,0.59,0.12,140770,129635,129104
50392576,5.1275,-146.6500,-0.5775,0.2440,0.0728,0.8538,-0.09,0.60,0.10,140921,129636,129433
50412108,-1.9600,-140.6650,0.6650,0.3004,0.0744,0.8214,-0.09,0.61,0.08,141035,129644,129732
50432616,-6.1950,-133.8750,1.6800,0.3601,0.0717,0.7913,-0.09,0.61,0.06,141118,129641,130046
50452148,-1.6275,-127.6625,2.8525,0.4209,0.0655,0.7605,-0.09,0.62,0.05,141197,129637,130322
50472656,14.4725,-117.4600,4.8650,0.5046,0.0549,0.7063,-0.09,0.62,0.03,141276,129616,130581
50492188,28.2975,-110.5125,6.4575,0.5527,0.0500,0.6650,-0.09,0.63,0.02,141323,129600,130802
50512696,37.3975,-103.0400,7.6650,0.5923,0.0498,0.6201,-0.09,0.63,0.00,141345,129583,131012
50532224,40.5825,-94.6925,8.5400,0.6254,0.0526,0.5734,-0.09,0.63,-0.01,141347,129569,131183
50552736,41.6500,-85.7325,8.6625,0.6550,0.0588,0.5248,-0.09,0.63,-0.02,141355,129556,131333
50572264,41.1600,-75.9325,8.1725,0.6814,0.0655,0.4765,-0.09,0.63,-0.02,141356,129520,131456
50591796,29.5050,-58.5375,6.5625,0.7241,0.0791,0.4053,-0.10,0.63,-0.03,141359,129504,131588
50612304,20.1775,-45.8675,4.7775,0.7503,0.0856,0.3634,-0.10,0.63,-0.04,141355,129499,131657
50631836,9.8175,-33.1450,2.9575,0.7753,0.0914,0.3243,-0.10,0.63,-0.04,141346,129482,131700
50652344,0.4025,-21.4025,1.0325,0.7984,0.0949,0.2869,-0.10,0.63,-0.04,141341,129496,131750
50671876,-2.4325,-10.6925,-0.6125,0.8187,0.0937,0.2550,-0.10,0.63,-0.04,141358,129491,131767
50692384,3.2725,-0.7000,-2.5375,0.8369,0.0891,0.2311,-0.10,0.63,-0.04,141369,129487,131746
50711912,5.0925,13.5625,-3.7275,0.8607,0.0830,0.2061,-0.10,0.63,-0.04,141363,129500,131703
50732420,0.5600,22.4350,-4.6200,0.8734,0.0825,0.1945,-0.09,0.63,-0.03,141348,129521,131636
50751952,-4.7775,30.6250,-5.3900,0.8819,0.0836,0.1862,-0.09,0.63,-0.03,141351,129546,131560
50772460,-7.0700,38.3075,-5.6350,0.8885,0.0850,0.1828,-0.09,0.63,-0.02,141365,129550,131471
50791992,-6.9825,45.7800,-5.5475,0.8943,0.0864,0.1834,-0.09,0.63,-0.02,141373,129549,131353
