30481444,21.4200,2.4675,2.3975,0.2324,0.1573,0.9565,-0.07,0.37,0.37,137128,129956,124987
30511718,-6.0550,1.2425,0.8925,0.2425,0.1560,0.9780,-0.07,0.37,0.37,137082,129925,125002
30531250,-3.4475,0.4375,0.7350,0.2379,0.1526,0.9860,-0.07,0.37,0.37,137059,129924,125014
30551756,-0.8225,-0.3325,0.8925,0.2273,0.1514,0.9902,-0.07,0.36,0.37,137029,129915,125028
30571288,-2.0300,-0.6125,0.7875,0.2153,0.1530,0.9895,-0.07,0.36,0.37,137003,129903,125023
30590820,-5.8625,-0.4900,0.2450,0.2031,0.1546,0.9859,-0.07,0.36,0.37,136988,129893,125044
30611328,-7.1225,-0.1400,-0.4025,0.1937,0.1535,0.9848,-0.07,0.36,0.37,136965,129878,125050
30630860,0.1050,0.0700,-1.8025,0.1801,0.1474,0.9910,-0.07,0.36,0.37,136927,129884,125066
30651368,7.6475,0.0700,-3.1150,0.1747,0.1410,0.9943,-0.07,0.35,0.37,136888,129908,125089
30670898,9.5550,0.2450,-4.9525,0.1754,0.1341,0.9945,-0.07,0.35,0.37,136855,129928,125086
30691406,11.5325,0.0175,-7.1400,0.1774,0.1318,0.9945,-0.07,0.35,0.37,136828,129953,125075
30710936,13.3175,-0.0875,-9.4500,0.1693,0.1299,0.9970,-0.07,0.35,0.37,136797,129988,125081
30731444,17.8500,-0.5075,-11.2525,0.1573,0.1252,1.0031,-0.06,0.35,0.37,136749,130041,125087
30750976,23.9050,-1.5050,-13.0375,0.1486,0.1170,1.0033,-0.06,0.34,0.37,136713,130102,125080
30771484,23.0300,-2.4850,-14.1925,0.1443,0.1169,0.9992,-0.06,0.34,0.37,136682,130152,125082
30791016,11.6900,-2.6775,-15.5225,0.1337,0.1244,0.9969,-0.06,0.34,0.37,136657,130155,125070
30811524,-2.5550,-2.1875,-16.8175,0.1179,0.1320,1.0014,-0.06,0.34,0.36,136630,130126,125106
30831054,-13.8950,-1.6625,-17.5875,0.1039,0.1351,1.0092,-0.06,0.34,0.36,136591,130102,125135
30851562,-9.2925,-2.8700,-18.2175,0.0986,0.1313,1.0142,-0.06,0.33,0.36,136558,130112,125173
30871092,0.4550,-4.5850,-18.6550,0.1014,0.1285,1.0127,-0.06,0.33,0.36,136543,130131,125167
30891600,18.4450,-6.8600,-19.1100,0.0996,0.1279,1.0110,-0.05,0.33,0.36,136529,130183,125166
30911132,31.9025,-8.3475,-19.3900,0.0880,0.1249,1.0103,-0.05,0.33,0.36,136519,130269,125155
30931640,37.5900,-9.6950,-19.5125,0.0723,0.1187,1.0130,-0.04,0.33,0.36,136501,130376,125151
30951172,37.4675,-11.1475,-19.5825,0.0587,0.1218,1.0155,-0.04,0.33,0.36,136491,130469,125159
30971680,33.0925,-13.4400,-19.6525,0.0422,0.1510,1.0182,-0.03,0.33,0.36,136497,130555,125148
30991210,26.6175,-14.6825,-18.9875,0.0304,0.1747,1.0204,-0.03,0.33,0.36,136503,130618,125154
31011718,11.7950,-15.3125,-17.6050,0.0188,0.1963,1.0211,-0.03,0.33,0.36,136515,130640,125151
31031250,-8.4000,-15.7675,-16.1875,0.0085,0.2145,1.0180,-0.03,0.33,0.36,136520,130624,125188
31051756,-20.0200,-16.5200,-15.0325,-0.0007,0.2297,1.0150,-0.03,0.33,0.36,136529,130616,125224
31071288,-20.3000,-17.7100,-14.0000,-0.0093,0.2397,1.0131,-0.03,0.33,0.36,136542,130573,125252
31090820,-22.3300,-17.7100,-12.6350,-0.0193,0.2423,1.0063,-0.03,0.33,0.35,136559,130546,125264
31111328,-25.0075,-17.1675,-11.7250,-0.0232,0.2388,1.0054,-0.03,0.34,0.35,136584,130499,125307
31130860,-23.8525,-17.3425,-10.7975,-0.0288,0.2359,1.0089,-0.04,0.34,0.35,136589,130482,125340
31151368,-18.8125,-17.8325,-9.9400,-0.0414,0.2323,1.0117,-0.04,0.34,0.35,136598,130474,125376
31170898,-10.6575,-18.2350,-8.8200,-0.0582,0.2269,1.0138,-0.04,0.34,0.35,136612,130459,125401
31191406,-3.2900,-18.6375,-7.7525,-0.0761,0.2225,1.0164,-0.04,0.34,0.35,136639,130453,125404
31210936,2.5725,-19.6700,-6.3525,-0.1100,0.2163,1.0231,-0.04,0.34,0.35,136662,130464,125400
31231444,-2.5200,-19.4075,-6.0200,-0.1360,0.2101,1.0247,-0.04,0.34,0.34,136689,130462,125436
31250976,-13.3875,-18.7950,-6.0550,-0.1590,0.2095,1.0247,-0.04,0.34,0.34,136715,130454,125483
31271484,-20.9300,-18.3050,-6.3700,-0.1793,0.2102,1.0216,-0.04,0.35,0.34,136766,130412,125489
31291016,-24.5350,-17.5175,-6.8250,-0.1991,0.2091,1.0154,-0.04,0.35,0.34,136820,130370,125515
31311524,-23.1175,-16.0125,-6.6675,-0.2191,0.2057,1.0048,-0.05,0.35,0.34,136866,130324,125544
31331054,-19.4950,-14.2450,-6.0200,-0.2403,0.2008,0.9980,-0.05,0.36,0.34,136897,130297,125564
31351562,-16.9575,-12.2150,-5.2150,-0.2486,0.2013,0.9908,-0.05,0.36,0.33,136924,130259,125603
31371092,-17.4650,-9.6950,-4.2525,-0.2547,0.2035,0.9825,-0.05,0.36,0.33,136951,130226,125628
31391600,-17.8850,-7.1925,-3.0975,-0.2594,0.2037,0.9773,-0.05,0.36,0.33,136975,130183,125645
31411132,-16.6775,-4.8475,-1.4525,-0.2613,0.2022,0.9772,-0.06,0.36,0.33,136983,130131,125653
31431640,-14.3675,-1.6275,1.3825,-0.2619,0.2003,0.9837,-0.06,0.36,0.33,136976,130100,125691
31451172,-14.5950,0.3675,3.4475,-0.2622,0.2014,0.9892,-0.06,0.36,0.33,136975,130060,125715
31471680,-18.0425,2.4850,5.8625,-0.2632,0.2025,0.9947,-0.07,0.36,0.33,136980,129999,125719
31491210,-22.1900,4.5850,8.4350,-0.2660,0.2039,0.9999,-0.07,0.36,0.33,136987,129929,125738
31521484,-23.9575,7.9625,12.2850,-0.2729,0.2028,1.0076,-0.08,0.36,0.32,136981,129823,125765
31541016,-22.9600,10.2200,14.4200,-0.2778,0.1978,1.0138,-0.08,0.36,0.32,136988,129753,125755
31561524,-6.9475,12.5650,17.3425,-0.2826,0.1804,1.0282,-0.08,0.36,0.33,136987,129722,125738
31581054,11.9000,13.2650,18.3925,-0.2861,0.1643,1.0383,-0.08,0.36,0.33,136978,129744,125725
31601562,31.3775,13.2825,18.7250,-0.2960,0.1474,1.0475,-0.08,0.36,0.33,136973,129816,125678
31621092,48.3875,12.7750,17.9900,-0.3133,0.1321,1.0566,-0.07,0.36,0.33,136986,129899,125606
31641600,61.6000,11.5150,16.5725,-0.3310,0.1235,1.0635,-0.06,0.36,0.34,137020,130025,125511
31661132,87.8675,6.5275,14.4200,-0.3460,0.1231,1.0730,-0.05,0.37,0.34,137056,130207,125426
31681640,116.3050,2.0300,13.3875,-0.3667,0.1219,1.0828,-0.04,0.37,0.35,137111,130470,125324
31701172,141.7850,-2.0475,12.6700,-0.3714,0.1266,1.0892,-0.02,0.37,0.36,137175,130792,125231
31721680,165.1300,-6.4225,11.9875,-0.3599,0.1404,1.0967,0.01,0.38,0.36,137275,131184,125136
31741210,164.7800,-9.2750,11.0425,-0.3316,0.1686,1.0919,0.03,0.39,0.37,137388,131491,125065
31761718,113.1025,-8.4525,8.9600,-0.2968,0.2176,1.0632,0.03,0.39,0.37,137486,131612,125013
31781250,-45.0100,-0.4200,4.5850,-0.2272,0.2882,1.0113,0.03,0.40,0.37,137568,131487,125031
31801756,-123.8650,4.5325,3.3775,-0.1685,0.2910,1.0152,0.01,0.40,0.37,137639,131184,125082
31821288,-165.0250,8.0150,5.0750,-0.1020,0.2530,1.0419,-0.02,0.40,0.36,137705,130800,125145
31840820,-193.9525,12.2150,8.9775,-0.0105,0.1909,1.0737,-0.04,0.41,0.36,137750,130339,125230
31861328,-235.7250,17.4825,14.0350,0.1076,0.1342,1.0920,-0.08,0.41,0.35,137763,129746,125416
31880860,-270.5150,21.4200,18.3050,0.2384,0.0900,1.0950,-0.12,0.41,0.33,137747,129170,125657
31901368,-212.7825,21.2975,22.7150,0.3969,0.0415,1.0858,-0.14,0.41,0.32,137719,128764,125850
31920898,-87.9025,18.0425,22.8725,0.4620,0.0173,1.0715,-0.15,0.40,0.32,137693,128671,125857
31941406,88.3050,12.6350,22.0325,0.4956,-0.0070,1.0614,-0.13,0.40,0.33,137666,128997,125610
31960936,268.3450,5.7400,19.9850,0.5162,-0.0221,1.0475,-0.09,0.40,0.35,137645,129668,125265
31981444,361.2700,0.7000,16.6775,0.5341,-0.0048,1.0096,-0.03,0.40,0.37,137631,130500,124949
32000976,344.1025,-1.6450,13.0025,0.5441,0.0453,0.9568,0.00,0.40,0.38,137624,131140,124804
32021484,190.4175,-0.6825,7.8575,0.5330,0.1568,0.8690,0.03,0.40,0.39,137635,131505,124729
32041016,41.7550,3.5350,4.0775,0.5185,0.2384,0.8037,0.02,0.40,0.39,137632,131475,124698
32061524,-86.9050,7.8050,0.6475,0.4992,0.3037,0.7613,0.01,0.40,0.39,137620,131166,124741
32081054,-157.3075,8.8200,-1.9075,0.4798,0.3366,0.7474,-0.02,0.40,0.38,137597,130772,124843
32101562,-177.7300,8.8375,-3.7800,0.4560,0.3439,0.7493,-0.04,0.40,0.37,137578,130383,124962
32121092,-141.0850,8.1725,-4.7950,0.4268,0.3372,0.7649,-0.06,0.40,0.37,137561,130092,125064
32141600,-87.8325,7.0175,-3.3950,0.3798,0.3079,0.7868,-0.07,0.39,0.36,137542,129914,125094
32161132,-30.4675,6.1425,-0.9100,0.3559,0.2828,0.8135,-0.07,0.39,0.36,137516,129894,125108
32181640,23.0475,5.6175,1.8025,0.3421,0.2562,0.8428,-0.06,0.39,0.37,137475,130016,125049
32201172,64.6100,5.7050,4.0600,0.3333,0.2316,0.8678,-0.05,0.39,0.37,137433,130176,125014
32221680,85.4350,6.4050,5.5650,0.3257,0.2157,0.8857,-0.04,0.38,0.37,137376,130361,124936
32241210,70.5425,8.4700,6.3000,0.3074,0.2151,0.9030,-0.04,0.38,0.38,137337,130481,124880
32261718,38.7100,10.1150,5.9675,0.2951,0.2240,0.9126,-0.03,0.38,0.38,137268,130523,124846
32281250,6.5275,11.2175,5.3375,0.2883,0.2329,0.9233,-0.03,0.37,0.38,137198,130499,124870
32301756,-19.2850,11.3575,4.2350,0.2823,0.2373,0.9326,-0.04,0.37,0.38,137128,130416,124877
32321288,-29.1725,10.3600,3.0275,0.2740,0.2323,0.9418,-0.04,0.37,0.38,137074,130354,124901
32340820,-25.2350,8.8725,1.7500,0.2644,0.2220,0.9506,-0.05,0.36,0.38,137023,130290,124922
32361328,-13.6850,7.1750,-0.2275,0.2499,0.2058,0.9621,-0.05,0.36,0.38,136969,130254,124923
32380860,-6.2300,6.2125,-1.6975,0.2396,0.1979,0.9684,-0.05,0.36,0.37,136921,130252,124941
32401368,6.2825,5.2150,-3.1675,0.2300,0.1903,0.9756,-0.05,0.35,0.37,136870,130289,124937
32420898,17.9725,4.2000,-4.8125,0.2225,0.1837,0.9814,-0.04,0.35,0.38,136838,130350,124922
32441406,24.1675,3.2025,-6.3350,0.2155,0.1815,0.9841,-0.04,0.35,0.38,136803,130407,124917
32460936,20.8075,2.6075,-7.5075,0.2061,0.1845,0.9825,-0.04,0.35,0.38,136757,130453,124902
32481444,8.5225,1.9775,-9.4150,0.1858,0.1928,0.9782,-0.04,0.34,0.37,136703,130481,124943
32500976,7.2450,1.5925,-10.4475,0.1708,0.1940,0.9787,-0.03,0.34,0.37,136646,130509,124964
32531250,13.3350,0.2800,-12.3200,0.1545,0.1898,0.9769,-0.03,0.34,0.37,136575,130540,124962
32551756,13.2300,-0.7875,-13.7900,0.1493,0.1869,0.9716,-0.03,0.33,0.37,136516,130565,124979
32571288,3.1500,-1.7325,-15.5575,0.1484,0.1896,0.9665,-0.03,0.33,0.37,136475,130538,125001
32590820,-19.7575,-2.3975,-18.4800,0.1330,0.1985,0.9666,-0.04,0.33,0.37,136431,130473,125024
32611328,-25.0775,-2.8350,-19.7575,0.1130,0.1995,0.9737,-0.04,0.32,0.37,136396,130408,125057
32630860,-17.3775,-3.9200,-20.1775,0.0964,0.1957,0.9828,-0.04,0.32,0.36,136348,130391,125092
32651368,-5.1275,-5.5125,-20.1425,0.0839,0.1924,0.9883,-0.04,0.32,0.36,136318,130413,125123
32670898,0.9100,-6.9475,-20.1775,0.0720,0.1953,0.9925,-0.04,0.32,0.36,136286,130414,125132
32691406,-6.5975,-8.3475,-20.8600,0.0545,0.2047,0.9975,-0.04,0.32,0.36,136271,130394,125148
32710936,-15.3125,-8.7150,-21.3325,0.0199,0.2201,1.0063,-0.04,0.32,0.36,136261,130384,125164
32731444,-14.0350,-9.2925,-21.2450,0.0037,0.2244,1.0120,-0.04,0.32,0.36,136238,130377,125201
32750976,-0.8575,-10.1325,-20.5800,-0.0020,0.2218,1.0177,-0.04,0.31,0.36,136224,130431,125222
32771484,15.2950,-11.4450,-19.5475,-0.0060,0.2170,1.0241,-0.04,0.32,0.36,136233,130487,125206
32791016,22.2950,-12.6525,-18.7250,-0.0144,0.2180,1.0319,-0.03,0.32,0.36,136236,130568,125193
32811524,22.8375,-14.6475,-18.3925,-0.0378,0.2224,1.0472,-0.03,0.32,0.36,136250,130643,125178
32831054,27.3000,-16.2050,-18.0950,-0.0573,0.2207,1.0569,-0.02,0.32,0.36,136254,130739,125204
32851562,28.9975,-17.7625,-17.6225,-0.0780,0.2198,1.0631,-0.01,0.32,0.36,136267,130830,125194
32871092,21.0525,-19.0575,-17.3075,-0.1027,0.2257,1.0654,-0.01,0.32,0.36,136290,130880,125204
32891600,6.7375,-20.3350,-17.2200,-0.1346,0.2357,1.0651,-0.01,0.32,0.36,136328,130890,125199
32911132,-6.7725,-21.4725,-16.9575,-0.1725,0.2430,1.0640,-0.01,0.32,0.36,136362,130876,125214
32931640,-13.1075,-22.8725,-15.9600,-0.2252,0.2473,1.0624,-0.01,0.33,0.35,136399,130875,125260
32951172,-14.6650,-23.0125,-15.2250,-0.2555,0.2502,1.0537,-0.01,0.33,0.35,136438,130858,125293
32971680,-18.8300,-22.1200,-14.1050,-0.2829,0.2533,1.0387,-0.02,0.33,0.35,136496,130826,125311
32991210,-24.3250,-20.5975,-12.5300,-0.3065,0.2562,1.0204,-0.02,0.34,0.35,136561,130776,125337
33011718,-31.8675,-18.4100,-10.6050,-0.3255,0.2614,1.0022,-0.02,0.34,0.35,136624,130711,125360
33031250,-38.9900,-16.2050,-8.6975,-0.3411,0.2645,0.9867,-0.03,0.34,0.35,136670,130646,125414
33051756,-39.7250,-12.8800,-6.1425,-0.3543,0.2617,0.9720,-0.03,0.34,0.34,136711,130571,125450
33071288,-31.7800,-11.0775,-4.3050,-0.3570,0.2560,0.9672,-0.03,0.35,0.34,136755,130508,125472
33090820,-23.9925,-9.0300,-2.5550,-0.3554,0.2486,0.9645,-0.04,0.35,0.34,136793,130440,125488
33111328,-20.1775,-6.9125,-0.2975,-0.3522,0.2435,0.9640,-0.04,0.35,0.34,136807,130395,125506
33130860,-17.2725,-4.9350,2.1525,-0.3465,0.2373,0.9649,-0.04,0.35,0.34,136808,130370,125528
33151368,-11.3400,-2.1525,6.1775,-0.3382,0.2296,0.9675,-0.04,0.35,0.34,136813,130344,125557
33170898,-4.7075,-0.5775,9.1175,-0.3290,0.2185,0.9731,-0.05,0.35,0.34,136810,130313,125566
33191406,0.6475,1.0500,12.1800,-0.3255,0.2147,0.9755,-0.05,0.35,0.34,136826,130289,125527
33210936,3.5000,2.6075,15.1375,-0.3226,0.2135,0.9770,-0.05,0.35,0.34,136833,130264,125536
33231444,2.5025,3.9550,17.8850,-0.3207,0.2152,0.9782,-0.05,0.35,0.34,136832,130258,125550
33250976,-0.7875,5.1100,20.3175,-0.3209,0.2150,0.9826,-0.05,0.35,0.34,136830,130225,125530
33271484,-6.0375,6.0550,23.8000,-0.3222,0.2035,0.9988,-0.05,0.35,0.34,136849,130175,125525
33291016,-6.3700,6.2300,25.6550,-0.3209,0.1940,1.0128,-0.06,0.35,0.34,136868,130117,125521
33311524,-1.9075,6.6325,26.6875,-0.3210,0.1834,1.0260,-0.06,0.35,0.34,136884,130092,125514
33331054,7.4725,7.3500,26.8975,-0.3231,0.1710,1.0364,-0.06,0.36,0.34,136889,130082,125501
33351562,20.4050,8.0500,26.6525,-0.3233,0.1586,1.0441,-0.06,0.36,0.34,136901,130123,125476
33371092,34.1425,8.3125,26.1450,-0.3212,0.1476,1.0492,-0.06,0.36,0.34,136927,130170,125423
33391600,49.1925,7.3325,25.0950,-0.3190,0.1366,1.0576,-0.05,0.36,0.35,136969,130272,125339
33411132,56.3150,5.8450,24.5525,-0.3199,0.1263,1.0674,-0.04,0.36,0.35,137010,130358,125273
33431640,65.8700,3.3950,23.2225,-0.3074,0.1213,1.0730,-0.03,0.37,0.36,137057,130507,125221
33451172,85.2075,-0.3325,20.3175,-0.2843,0.1253,1.0713,-0.02,0.37,0.36,137125,130704,125156
33471680,105.6125,-4.3050,16.0300,-0.2585,0.1363,1.0641,-0.01,0.38,0.37,137217,130953,125064
33491210,108.8150,-6.7900,10.9550,-0.2320,0.1487,1.0612,0.00,0.38,0.37,137320,131153,124992
33511718,46.6725,-6.5100,2.4150,-0.1886,0.1760,1.0588,0.01,0.39,0.37,137420,131216,124972
33541992,-73.1500,-1.1025,-5.9500,-0.1179,0.1957,1.0398,-0.01,0.40,0.37,137566,130969,125007
33562500,-128.7650,2.9050,-6.7725,-0.0639,0.1789,1.0386,-0.03,0.40,0.37,137639,130658,125076
33582032,-159.4250,6.9650,-3.3425,0.0029,0.1427,1.0390,-0.05,0.40,0.36,137689,130294,125169
33602540,-157.6225,11.2700,7.2800,0.1610,0.0813,1.0613,-0.07,0.41,0.35,137736,129954,125274
33622072,-133.9625,14.8400,13.4225,0.2934,0.0604,1.0785,-0.09,0.41,0.35,137752,129672,125351
33642576,-97.0200,19.1975,15.6800,0.4087,0.0617,1.0876,-0.10,0.41,0.35,137738,129508,125363
33662108,4.9000,22.0150,16.4150,0.4865,0.0809,1.0937,-0.09,0.40,0.35,137681,129581,125291
33682616,61.8450,24.4125,26.8625,0.5479,0.1815,1.0743,-0.08,0.40,0.36,137594,129715,125201
33702148,69.9475,22.9075,36.2600,0.5494,0.2418,1.0449,-0.07,0.39,0.37,137523,129959,125051
33722656,215.1450,9.7475,34.2300,0.5284,0.2113,1.0187,-0.03,0.39,0.38,137485,130500,124850
33742188,271.2500,5.2675,29.8725,0.5278,0.1959,0.9605,0.00,0.39,0.39,137462,131080,124679
33762696,219.3975,6.9300,23.2225,0.5255,0.2230,0.8811,0.03,0.39,0.40,137419,131489,124594
33782224,108.3425,10.4650,15.2425,0.5146,0.2705,0.8152,0.03,0.39,0.40,137391,131622,124555
33802736,6.8600,12.5650,8.7500,0.4990,0.3096,0.7730,0.03,0.38,0.40,137358,131511,124560
33822264,-72.9225,13.3350,3.0800,0.4612,0.3381,0.7488,0.01,0.38,0.40,137334,131263,124578
33841796,-114.3450,11.5675,-4.0600,0.3853,0.3540,0.7497,-0.00,0.38,0.39,137316,130994,124623
33862304,-101.7450,9.5375,-7.1750,0.3479,0.3484,0.7653,-0.02,0.38,0.39,137284,130752,124677
33881836,-74.5500,7.0000,-8.9600,0.3226,0.3382,0.7852,-0.03,0.38,0.39,137267,130631,124726
33902344,-46.8125,4.7600,-9.9925,0.3040,0.3267,0.8074,-0.03,0.38,0.39,137250,130545,124750
33921876,-26.3725,2.5200,-10.6400,0.2930,0.3152,0.8273,-0.03,0.38,0.39,137242,130499,124758
33942384,-17.1500,0.6125,-11.6900,0.2860,0.3052,0.8435,-0.04,0.38,0.38,137233,130456,124775
33961912,-11.5500,-1.7150,-12.3900,0.2749,0.2910,0.8739,-0.04,0.38,0.38,137219,130439,124795
33982420,-14.2275,-2.5200,-13.2125,0.2669,0.2816,0.8952,-0.04,0.37,0.38,137196,130412,124828
34001952,-20.7900,-3.0800,-14.0350,0.2603,0.2729,0.9137,-0.04,0.37,0.38,137180,130349,124871
34022460,-27.6150,-3.2725,-14.7700,0.2532,0.2632,0.9274,-0.05,0.37,0.38,137179,130266,124889
34041992,-35.6650,-2.9750,-15.3825,0.2438,0.2535,0.9361,-0.05,0.37,0.38,137175,130186,124915
34062500,-36.5050,-3.1150,-15.5225,0.2296,0.2413,0.9494,-0.06,0.37,0.37,137159,130114,124963
34082032,-25.8650,-3.6225,-15.2775,0.2250,0.2336,0.9605,-0.06,0.37,0.37,137143,130081,125008
34102540,-18.1650,-3.7100,-15.2250,0.2195,0.2257,0.9671,-0.06,0.37,0.37,137133,130059,125042
34122072,-15.4875,-3.6225,-15.2075,0.2112,0.2164,0.9701,-0.06,0.37,0.37,137126,130036,125065
34142576,-11.6200,-3.7100,-14.8400,0.2028,0.2057,0.9739,-0.06,0.37,0.37,137117,130025,125069
34162108,-8.0325,-3.7450,-14.2100,0.1979,0.1954,0.9771,-0.06,0.37,0.36,137095,130023,125097
34182616,0.1575,-4.2350,-13.8950,0.1979,0.1857,0.9764,-0.06,0.37,0.36,137065,130050,125130
34202148,11.2525,-4.8125,-14.1050,0.1991,0.1796,0.9767,-0.06,0.36,0.36,137041,130102,125129
34222656,23.2575,-5.1800,-14.5075,0.1959,0.1712,0.9801,-0.06,0.36,0.36,137017,130158,125118
34242188,32.3400,-5.3200,-14.6650,0.1869,0.1596,0.9862,-0.05,0.36,0.37,136985,130236,125089
34262696,37.4850,-5.4600,-14.4900,0.1769,0.1493,0.9921,-0.05,0.36,0.36,136942,130324,125107
34282224,37.0300,-5.9850,-14.6125,0.1686,0.1452,0.9943,-0.04,0.36,0.36,136899,130395,125128
34302736,27.5625,-7.2975,-15.1375,0.1524,0.1547,0.9958,-0.04,0.35,0.36,136864,130448,125119
34322264,18.6900,-8.1900,-15.8550,0.1349,0.1638,0.9984,-0.04,0.35,0.36,136831,130474,125126
34341796,9.3100,-8.7325,-16.5375,0.1152,0.1688,1.0033,-0.04,0.35,0.36,136817,130486,125126
34362304,0.3325,-9.3450,-16.7825,0.0983,0.1725,1.0081,-0.04,0.35,0.36,136782,130477,125159
34381836,-9.2575,-10.0625,-16.8000,0.0886,0.1781,1.0076,-0.04,0.35,0.36,136748,130437,125201
34402344,-14.6825,-10.7450,-16.4150,0.0841,0.1861,1.0035,-0.04,0.35,0.36,136731,130434,125233
34421876,-7.2100,-12.2675,-16.0300,0.0756,0.1954,0.9991,-0.04,0.34,0.36,136719,130434,125244
34442384,10.0975,-14.0350,-15.2600,0.0673,0.1935,1.0058,-0.04,0.34,0.36,136721,130473,125232
34461912,21.5775,-15.5050,-14.6650,0.0578,0.1891,1.0138,-0.03,0.34,0.36,136701,130528,125253
34482420,17.8500,-16.1350,-14.2450,0.0466,0.1906,1.0147,-0.03,0.34,0.35,136695,130576,125284
34501952,0.5950,-15.7150,-13.9300,0.0349,0.1979,1.0092,-0.03,0.34,0.35,136695,130571,125304
34522460,-13.4400,-15.4875,-12.4425,0.0181,0.2112,1.0089,-0.03,0.34,0.35,136706,130573,125309
34552736,-6.5975,-15.6100,-10.2900,-0.0027,0.2120,1.0219,-0.03,0.34,0.35,136714,130588,125344
34572264,-0.0700,-15.7675,-9.1000,-0.0168,0.2057,1.0357,-0.03,0.34,0.35,136724,130613,125330
34591796,3.6050,-16.0825,-8.2425,-0.0309,0.1970,1.0482,-0.03,0.35,0.35,136725,130610,125354
34612304,-3.2900,-15.4000,-7.6825,-0.0422,0.1942,1.0543,-0.03,0.34,0.35,136713,130606,125388
34631836,-13.8950,-14.2625,-7.3675,-0.0526,0.1950,1.0559,-0.03,0.34,0.35,136705,130586,125401
34652344,-18.7775,-12.7750,-6.9300,-0.0711,0.1959,1.0553,-0.03,0.34,0.34,136699,130567,125442
34671876,-14.9450,-11.9000,-6.8775,-0.0876,0.1937,1.0558,-0.03,0.34,0.34,136702,130520,125451
34692384,-16.6600,-10.5175,-6.8600,-0.1060,0.1928,1.0540,-0.04,0.34,0.34,136711,130485,125471
34711912,-23.8175,-8.5575,-6.8425,-0.1259,0.1926,1.0498,-0.04,0.34,0.34,136709,130445,125500
34732420,-30.0125,-6.4575,-6.4575,-0.1471,0.1948,1.0415,-0.04,0.34,0.34,136712,130395,125534
34751952,-30.9400,-4.5500,-5.2325,-0.1715,0.1989,1.0314,-0.04,0.34,0.34,136714,130353,125547
34772460,-24.1150,-2.0300,-3.7800,-0.2108,0.2023,1.0187,-0.05,0.35,0.34,136732,130311,125548
34791992,-17.3950,-0.2800,-1.7850,-0.2347,0.2034,1.0127,-0.05,0.35,0.34,136732,130273,125566
34812500,-7.2800,1.5225,0.3150,-0.2533,0.2035,1.0077,-0.05,0.34,0.34,136716,130263,125559
34832032,5.8450,2.7650,2.1525,-0.2691,0.2033,1.0025,-0.05,0.34,0.34,136690,130293,125564
34852540,16.1000,3.9025,3.7450,-0.2822,0.2067,0.9965,-0.05,0.34,0.34,136668,130325,125550
34872072,18.9875,5.9850,5.7575,-0.2945,0.2198,0.9873,-0.04,0.34,0.34,136658,130350,125512
34892576,13.4400,7.4550,7.0700,-0.2998,0.2277,0.9828,-0.04,0.34,0.34,136629,130357,125493
34912108,5.3900,8.7325,8.3650,-0.3043,0.2333,0.9821,-0.04,0.34,0.34,136608,130360,125486
34932616,-2.8875,9.8350,9.5900,-0.3101,0.2369,0.9843,-0.04,0.34,0.34,136571,130356,125507
34952148,-9.3625,10.8675,10.9725,-0.3205,0.2399,0.9887,-0.05,0.33,0.34,136559,130310,125510
34972656,-11.0775,11.7600,12.8450,-0.3365,0.2419,0.9949,-0.05,0.33,0.34,136544,130264,125477
34992188,-3.0625,12.2500,16.3625,-0.3666,0.2424,1.0061,-0.05,0.33,0.34,136542,130235,125476
35012696,6.7375,12.0400,18.8125,-0.3861,0.2410,1.0155,-0.05,0.33,0.34,136529,130234,125459
35032224,12.5125,11.7250,20.7725,-0.4032,0.2395,1.0250,-0.05,0.33,0.34,136529,130255,125449
35052736,11.4275,11.2175,22.3825,-0.4176,0.2386,1.0336,-0.05,0.33,0.34,136541,130257,125429
35072264,4.6550,10.7450,23.6775,-0.4293,0.2383,1.0416,-0.05,0.33,0.35,136560,130227,125405
35091796,-2.3100,10.2375,24.7975,-0.4393,0.2380,1.0497,-0.05,0.34,0.35,136585,130187,125361
35112304,2.6950,8.9075,25.7075,-0.4442,0.2290,1.0623,-0.05,0.34,0.35,136601,130183,125367
35131836,22.8025,7.0525,25.4800,-0.4377,0.2169,1.0677,-0.05,0.34,0.35,136623,130234,125342
35152344,51.9750,4.3750,24.4125,-0.4299,0.2042,1.0671,-0.04,0.34,0.35,136675,130370,125268
35171876,89.3025,0.2975,23.2225,-0.4231,0.1892,1.0652,-0.03,0.35,0.36,136741,130590,125152
35192384,129.1850,-4.6375,22.5400,-0.4177,0.1746,1.0649,-0.01,0.35,0.37,136837,130921,125051
35211912,170.3975,-10.4475,22.8200,-0.4127,0.1621,1.0677,0.02,0.36,0.37,136941,131349,124949
35232420,206.5525,-18.0425,23.3450,-0.3936,0.1582,1.0698,0.05,0.37,0.38,137055,131841,124888
35251952,193.4975,-20.8250,23.0650,-0.3577,0.1762,1.0703,0.07,0.37,0.38,137201,132233,124859
35272460,116.3225,-19.1975,20.6150,-0.3063,0.2195,1.0620,0.08,0.38,0.38,137343,132369,124837
35291992,-27.5275,-12.6525,16.0475,-0.2413,0.2741,1.0462,0.06,0.39,0.38,137467,132114,124835
35312500,-183.4875,-3.8675,11.8825,-0.1519,0.2913,1.0382,0.03,0.40,0.38,137557,131489,124891
35332032,-336.4200,8.2950,11.9525,0.0183,0.2168,1.0272,-0.02,0.40,0.37,137609,130730,125059
35352540,-345.2575,11.8475,17.0800,0.1475,0.1335,1.0180,-0.07,0.40,0.35,137648,129943,125270
35372072,-284.2175,11.5325,23.8700,0.2896,0.0592,1.0097,-0.10,0.40,0.34,137666,129387,125472
35392576,-175.7350,10.2900,30.3275,0.4128,0.0210,1.0075,-0.12,0.40,0.34,137663,129109,125568
35412108,-28.2450,8.4350,35.0350,0.5025,0.0066,1.0102,-0.11,0.40,0.34,137623,129208,125477
35432616,130.2000,7.3325,37.1000,0.5553,0.0146,1.0124,-0.08,0.40,0.36,137577,129684,125234
35452148,300.1775,5.8800,34.9300,0.6017,0.0622,0.9950,-0.05,0.39,0.37,137534,130326,124961
35472656,309.3300,5.4075,30.6600,0.6176,0.1077,0.9601,-0.00,0.39,0.39,137515,131002,124732
35492188,254.6775,4.1300,25.2700,0.6121,0.1607,0.9167,0.02,0.39,0.39,137504,131473,124644
35512696,145.5650,3.6575,18.6900,0.5941,0.2229,0.8635,0.04,0.39,0.39,137486,131659,124603
35532224,9.8175,4.1825,11.2175,0.5829,0.2811,0.8101,0.02,0.39,0.39,137464,131465,124633
35562500,-235.6200,9.1350,-5.1100,0.5780,0.3511,0.7175,-0.03,0.39,0.38,137459,130636,124800
35582032,-252.7175,9.9750,-10.9725,0.5497,0.3472,0.7050,-0.06,0.39,0.37,137438,130112,124971
35602540,-193.6550,9.2750,-14.0350,0.5052,0.3185,0.7204,-0.08,0.39,0.36,137414,129745,125110
35622072,-112.5250,8.5575,-14.7875,0.4641,0.2808,0.7504,-0.09,0.39,0.36,137400,129579,125192
35642576,-44.3625,8.6450,-14.2800,0.4311,0.2449,0.7835,-0.09,0.38,0.36,137375,129552,125180
35662108,7.0000,9.5550,-13.4050,0.4067,0.2137,0.8135,-0.09,0.38,0.36,137343,129631,125160
35682616,58.0300,10.5000,-12.9150,0.3795,0.1796,0.8464,-0.08,0.38,0.36,137306,129789,125099
35702148,63.3325,11.2525,-13.1775,0.3611,0.1692,0.8628,-0.07,0.38,0.37,137248,129921,125041
35722656,47.1100,11.8125,-13.8250,0.3442,0.1691,0.8774,-0.07,0.37,0.37,137198,129994,125010
35742188,19.7750,12.3900,-14.6825,0.3284,0.1732,0.8897,-0.07,0.37,0.37,137151,129995,125007
35762696,-4.4625,12.3550,-15.3825,0.3123,0.1769,0.9035,-0.07,0.37,0.37,137100,129963,125028
35782224,-20.7200,11.9000,-16.4850,0.2930,0.1768,0.9163,-0.07,0.36,0.37,137045,129916,125058
35802736,-29.6275,10.1500,-18.2700,0.2662,0.1703,0.9331,-0.08,0.36,0.37,137011,129841,125083
35822264,-27.5275,9.1175,-19.5650,0.2564,0.1618,0.9443,-0.08,0.36,0.36,136978,129789,125110
35841796,-19.3900,8.2950,-20.5275,0.2484,0.1525,0.9565,-0.08,0.36,0.36,136947,129768,125111
35862304,-6.3350,7.4725,-21.2975,0.2399,0.1443,0.9678,-0.08,0.36,0.36,136908,129800,125121
35881836,7.9275,6.3525,-21.6650,0.2298,0.1387,0.9753,-0.07,0.35,0.36,136878,129857,125127
35902344,23.0650,4.6725,-21.4725,0.2069,0.1310,0.9839,-0.07,0.35,0.36,136845,129936,125115
35921876,23.6075,4.0425,-21.1400,0.1923,0.1307,0.9878,-0.07,0.35,0.36,136820,130001,125095
35942384,17.8675,3.5525,-20.7375,0.1796,0.1333,0.9887,-0.06,0.35,0.36,136786,130054,125098
35961912,6.3525,3.2200,-20.6850,0.1684,0.1376,0.9839,-0.06,0.35,0.36,136748,130069,125105
35982420,-0.0350,2.3275,-20.8950,0.1559,0.1410,0.9797,-0.06,0.34,0.36,136694,130078,125148
36001952,2.9750,0.8925,-21.2275,0.1391,0.1416,0.9792,-0.06,0.34,0.36,136660,130100,125158
36022460,20.6500,-2.2225,-21.9625,0.1094,0.1385,0.9842,-0.06,0.34,0.36,136623,130151,125156
36041992,30.8000,-4.2525,-22.6100,0.0914,0.1387,0.9869,-0.05,0.34,0.36,136587,130231,125140
36062500,33.7925,-6.1775,-23.2225,0.0820,0.1430,0.9861,-0.05,0.33,0.36,136552,130301,125137
36082032,31.6400,-7.7525,-23.7825,0.0739,0.1471,0.9841,-0.04,0.33,0.36,136526,130374,125143
36102540,29.2425,-9.2925,-23.9925,0.0620,0.1545,0.9832,-0.04,0.33,0.36,136507,130448,125137
36122072,28.9625,-10.9900,-24.2375,0.0444,0.1631,0.9865,-0.03,0.33,0.36,136495,130517,125130
36142576,28.4025,-13.3175,-24.2375,0.0209,0.1715,0.9958,-0.03,0.33,0.36,136495,130572,125128
36162108,20.1600,-14.5600,-24.1500,0.0162,0.1792,1.0033,-0.03,0.33,0.36,136490,130622,125151
36182616,4.6025,-15.4525,-24.3075,0.0127,0.1937,1.0113,-0.03,0.33,0.36,136486,130629,125192
36202148,-8.5400,-16.0825,-24.5700,0.0073,0.2064,1.0209,-0.03,0.33,0.36,136493,130641,125210
36222656,-13.0375,-16.6425,-24.2725,0.0000,0.2102,1.0329,-0.03,0.33,0.36,136510,130628,125219
36242188,-9.4150,-16.9225,-23.5375,-0.0055,0.2075,1.0459,-0.03,0.33,0.36,136526,130643,125228
36262696,-7.6475,-17.7450,-22.1200,-0.0104,0.2059,1.0658,-0.03,0.33,0.35,136543,130645,125262
36282224,-23.0475,-17.2025,-21.7175,-0.0176,0.2158,1.0764,-0.03,0.33,0.35,136556,130610,125300
36302736,-39.1825,-16.3275,-21.6300,-0.0346,0.2247,1.0853,-0.03,0.34,0.35,136568,130547,125343
36322264,-48.0025,-15.0500,-21.1050,-0.0565,0.2274,1.0929,-0.04,0.34,0.35,136589,130459,125380
36341796,-51.3800,-13.1600,-20.1600,-0.0723,0.2250,1.0964,-0.04,0.34,0.35,136597,130356,125416
36362304,-62.0900,-9.4850,-18.6200,-0.0781,0.2162,1.0891,-0.05,0.34,0.34,136571,130248,125490
36381836,-64.7850,-7.5600,-17.4125,-0.0783,0.1981,1.0814,-0.06,0.34,0.34,136565,130138,125558
36402344,-45.9550,-7.4725,-16.3275,-0.0808,0.1742,1.0765,-0.06,0.33,0.33,136549,130069,125610
36421876,-19.9150,-8.2075,-15.2425,-0.0964,0.1515,1.0712,-0.06,0.33,0.33,136547,130056,125614
36442384,-2.0825,-8.9250,-13.8075,-0.1260,0.1347,1.0654,-0.06,0.34,0.33,136561,130060,125601
36461912,3.4825,-9.2575,-11.6725,-0.1630,0.1248,1.0583,-0.06,0.34,0.33,136562,130090,125616
36482420,-4.7250,-8.6800,-7.1400,-0.2251,0.1252,1.0454,-0.06,0.34,0.33,136573,130099,125641
36501952,-7.5775,-8.2600,-4.3925,-0.2614,0.1318,1.0335,-0.06,0.34,0.33,136596,130092,125658
36522460,-1.9250,-8.3475,-2.5900,-0.2923,0.1398,1.0219,-0.06,0.34,0.33,136631,130093,125635
36541992,9.2225,-8.6450,-1.5575,-0.3209,0.1463,1.0116,-0.06,0.34,0.33,136646,130100,125616
36572264,10.7625,-8.6975,-0.5950,-0.3547,0.1552,1.0003,-0.06,0.34,0.33,136660,130110,125624
36591796,0.6125,-7.8050,-0.2800,-0.3692,0.1630,0.9950,-0.06,0.34,0.33,136674,130100,125642
36612304,-17.3775,-5.2500,0.3500,-0.3837,0.1701,0.9866,-0.06,0.34,0.33,136681,130053,125651
36631836,-23.3625,-3.2550,1.2425,-0.3919,0.1704,0.9827,-0.06,0.34,0.33,136689,130014,125697
36652344,-23.3625,-1.2775,2.2925,-0.3977,0.1675,0.9819,-0.07,0.34,0.33,136704,129977,125709
36671876,-19.4600,0.4900,3.4300,-0.4015,0.1606,0.9855,-0.07,0.34,0.33,136714,129932,125713
36692384,-13.8075,2.1000,4.5500,-0.4037,0.1508,0.9930,-0.07,0.35,0.33,136737,129889,125720
36711912,-9.0300,4.4275,6.4225,-0.4032,0.1383,1.0042,-0.07,0.35,0.33,136735,129866,125727
36732420,-8.3650,6.1600,8.3825,-0.4021,0.1325,1.0111,-0.07,0.35,0.33,136744,129856,125743
36751952,-7.1925,7.9275,10.9725,-0.4009,0.1269,1.0188,-0.08,0.35,0.33,136758,129823,125729
36772460,-4.9000,9.5025,13.9825,-0.3997,0.1215,1.0276,-0.08,0.35,0.33,136788,129787,125711
36791992,-1.5575,10.8850,17.1675,-0.3989,0.1160,1.0370,-0.08,0.35,0.33,136802,129765,125685
36812500,0.6475,11.7950,20.3000,-0.3987,0.1105,1.0482,-0.08,0.35,0.33,136808,129763,125690
36832032,-0.7350,12.7225,24.9025,-0.3936,0.1031,1.0670,-0.08,0.35,0.33,136812,129752,125673
36852540,-6.1250,13.3350,27.8250,-0.3876,0.0978,1.0776,-0.08,0.35,0.33,136812,129719,125664
36872072,-7.7700,13.5275,30.3275,-0.3788,0.0899,1.0857,-0.09,0.35,0.33,136831,129676,125637
36892576,1.8200,13.2475,32.2000,-0.3667,0.0804,1.0936,-0.09,0.35,0.34,136844,129677,125581
36912108,26.2500,12.1975,33.2325,-0.3540,0.0708,1.1030,-0.08,0.35,0.34,136844,129759,125529
36932616,78.4875,9.0475,32.9350,-0.3462,0.0595,1.1142,-0.07,0.35,0.34,136852,129924,125430
36952148,106.6450,5.8275,31.0800,-0.3561,0.0583,1.1108,-0.06,0.36,0.35,136892,130149,125315
36972656,121.5725,2.5375,28.3325,-0.3725,0.0593,1.0969,-0.04,0.36,0.36,136957,130418,125163
36992188,117.9150,-0.2975,25.3050,-0.3833,0.0605,1.0813,-0.03,0.36,0.37,137025,130661,125064
37012696,103.3025,-3.2200,22.6625,-0.3775,0.0620,1.0792,-0.01,0.37,0.37,137107,130857,124992
37032224,59.7100,-4.6550,20.4575,-0.3415,0.0642,1.0837,-0.01,0.37,0.37,137192,130922,124962
37052736,-38.1675,-5.9850,18.3750,-0.2356,0.0323,1.0995,-0.02,0.38,0.37,137292,130810,124970
37072264,-111.5275,-6.7900,17.8500,-0.1331,-0.0048,1.1045,-0.03,0.39,0.37,137382,130518,125019
37091796,-160.8425,-8.5225,18.5325,0.0059,-0.0551,1.1107,-0.06,0.39,0.36,137476,130143,125125
37112304,-174.4925,-11.1650,20.0900,0.1876,-0.1010,1.1178,-0.08,0.40,0.35,137555,129744,125296
37131836,-155.7850,-13.4400,21.0525,0.3537,-0.1164,1.1224,-0.10,0.40,0.35,137608,129456,125418
37152344,-98.9450,-14.6650,20.0375,0.4548,-0.0956,1.1213,-0.10,0.40,0.34,137663,129360,125466
37171876,64.7850,-18.3050,17.2725,0.5040,-0.0422,1.1102,-0.09,0.41,0.35,137710,129530,125386
37192384,151.9875,-20.4050,14.9975,0.5289,0.0059,1.0871,-0.07,0.41,0.36,137759,129887,125231
37211912,142.2575,-16.8700,12.5825,0.5645,0.0863,1.0238,-0.06,0.41,0.36,137767,130111,125154
37232420,69.0900,1.4875,11.3750,0.6093,0.1703,0.8784,-0.05,0.41,0.36,137729,130239,125098
37251952,62.3000,15.6275,11.0600,0.6278,0.2133,0.8168,-0.04,0.40,0.37,137684,130391,125024
37272460,62.7200,18.8300,10.2725,0.5980,0.2298,0.8023,-0.04,0.40,0.37,137624,130485,124961
37291992,-3.5700,22.2425,8.4175,0.5358,0.2552,0.7825,-0.04,0.40,0.37,137574,130429,124949
37312500,-85.0675,25.6725,7.4025,0.4985,0.2793,0.7714,-0.06,0.39,0.37,137495,130169,125023
37332032,-141.8375,27.6850,6.5100,0.4659,0.2890,0.7697,-0.08,0.39,0.36,137410,129834,125129
37352540,-141.3825,27.3875,5.4775,0.4321,0.2788,0.7817,-0.09,0.38,0.36,137329,129547,125213
37372072,-89.8450,25.2000,4.4975,0.3924,0.2497,0.8069,-0.10,0.38,0.36,137262,129418,125226
37392576,16.6950,20.4050,2.5200,0.3261,0.1889,0.8558,-0.10,0.37,0.36,137188,129465,125190
37412108,67.7425,17.6750,0.1575,0.2880,0.1564,0.8855,-0.09,0.37,0.36,137123,129639,125103
37432616,88.2000,15.8900,-3.0100,0.2677,0.1383,0.9083,-0.08,0.37,0.37,137056,129838,125025
37452148,81.2525,14.8925,-6.4225,0.2560,0.1318,0.9256,-0.07,0.36,0.37,137014,130006,124945
37472656,60.2175,13.8950,-9.5900,0.2439,0.1324,0.9401,-0.06,0.36,0.38,136966,130123,124891
37492188,34.8775,12.3550,-11.9350,0.2324,0.1366,0.9516,-0.06,0.36,0.38,136930,130161,124852
37512696,4.0600,9.3800,-13.7550,0.2198,0.1375,0.9648,-0.05,0.35,0.38,136879,130175,124880
37532224,-12.8450,7.2625,-14.5250,0.2098,0.1354,0.9711,-0.06,0.35,0.38,136852,130140,124913
37552736,-23.6600,5.4075,-14.8225,0.2007,0.1327,0.9754,-0.06,0.35,0.38,136836,130083,124925
37583008,-25.3225,2.2400,-14.6125,0.1945,0.1259,0.9783,-0.06,0.35,0.37,136801,130012,124982
37603516,-19.7225,-0.0875,-14.1050,0.1941,0.1235,0.9782,-0.07,0.35,0.37,136801,129971,124991
37623048,-15.4700,-3.3775,-14.1050,0.1835,0.1218,0.9792,-0.07,0.35,0.37,136788,129926,125011
37643552,-22.7500,-4.5500,-14.7175,0.1693,0.1188,0.9787,-0.07,0.35,0.37,136781,129885,125062
37663084,-25.2350,-5.6350,-14.8750,0.1581,0.1104,0.9814,-0.07,0.35,0.36,136777,129852,125116
37683592,-13.9125,-7.0350,-14.4550,0.1505,0.0991,0.9875,-0.07,0.35,0.36,136764,129846,125144
37703124,3.5875,-8.4525,-14.0700,0.1444,0.0900,0.9919,-0.07,0.35,0.36,136760,129862,125149
37723632,22.0500,-10.5000,-13.7725,0.1340,0.0863,0.9947,-0.07,0.35,0.36,136755,129904,125146
37743164,22.7850,-11.2875,-13.7200,0.1181,0.0875,0.9975,-0.07,0.35,0.36,136746,129958,125162
37763672,27.1950,-12.2675,-13.1250,0.1152,0.0832,1.0017,-0.06,0.34,0.36,136716,130023,125173
37783204,33.3900,-13.4925,-11.9525,0.1158,0.0815,1.0032,-0.06,0.34,0.36,136698,130090,125184
37803712,31.3950,-14.5950,-11.1475,0.1100,0.0909,1.0032,-0.06,0.34,0.36,136692,130137,125177
37823240,24.0100,-15.2775,-10.7450,0.0942,0.1058,1.0080,-0.05,0.34,0.36,136689,130177,125192
37843752,15.4175,-16.1000,-10.1150,0.0730,0.1160,1.0197,-0.05,0.34,0.36,136673,130192,125212
37863280,10.7100,-17.0100,-9.9050,0.0686,0.1203,1.0208,-0.05,0.34,0.36,136660,130213,125236
37882812,3.6575,-18.5150,-10.2375,0.0609,0.1302,1.0170,-0.05,0.34,0.35,136656,130228,125269
37903320,0.8400,-20.2475,-10.6925,0.0443,0.1376,1.0203,-0.05,0.34,0.35,136666,130224,125282
37922852,1.7850,-21.7700,-10.9550,0.0187,0.1394,1.0316,-0.05,0.34,0.35,136682,130249,125304
37943360,6.1075,-23.6775,-10.9900,-0.0074,0.1379,1.0491,-0.05,0.34,0.35,136706,130260,125334
37962888,-12.7050,-25.8300,-11.8650,-0.0232,0.1457,1.0663,-0.05,0.34,0.35,136721,130236,125368
37983400,-40.0575,-26.4250,-13.2825,-0.0345,0.1584,1.0682,-0.06,0.35,0.34,136746,130164,125441
38002928,-55.2125,-27.0025,-14.7350,-0.0423,0.1640,1.0699,-0.06,0.35,0.34,136789,130068,125507
38023436,-53.2350,-27.6675,-15.5925,-0.0511,0.1586,1.0714,-0.07,0.35,0.34,136841,129982,125565
38042968,-41.9475,-27.9825,-15.6275,-0.0604,0.1488,1.0725,-0.07,0.35,0.33,136885,129901,125634
38063476,-31.3425,-27.7025,-15.1375,-0.0647,0.1388,1.0687,-0.07,0.36,0.33,136915,129887,125694
38083008,-13.7200,-26.4250,-13.3175,-0.0661,0.1283,1.0580,-0.07,0.36,0.33,136954,129901,125728
38103516,-1.4700,-25.0600,-11.7075,-0.0715,0.1276,1.0483,-0.07,0.36,0.33,136989,129909,125741
38123048,10.2200,-23.3275,-9.9050,-0.0800,0.1266,1.0418,-0.07,0.36,0.33,137023,129950,125726
38143552,16.3975,-21.4025,-8.3475,-0.0897,0.1240,1.0392,-0.07,0.36,0.33,137043,129990,125734
38163084,14.2800,-19.4250,-7.5600,-0.0925,0.1207,1.0375,-0.06,0.37,0.32,137055,130020,125757
38183592,12.1800,-16.8700,-7.6475,-0.0911,0.1190,1.0348,-0.06,0.37,0.32,137072,130068,125777
38203124,16.3450,-15.7150,-7.4200,-0.0986,0.1169,1.0289,-0.06,0.37,0.32,137101,130117,125757
38223632,18.0600,-14.4200,-6.5800,-0.1099,0.1198,1.0231,-0.06,0.37,0.33,137137,130160,125730
38243164,16.6250,-12.9325,-5.1450,-0.1287,0.1260,1.0154,-0.05,0.37,0.33,137164,130195,125739
38263672,9.9050,-10.8150,-3.6925,-0.1521,0.1312,1.0080,-0.05,0.37,0.32,137183,130227,125759
38283204,-2.5900,-8.0850,-1.7325,-0.1740,0.1380,1.0015,-0.05,0.37,0.32,137206,130220,125776
38303712,-18.6375,-3.6400,0.4725,-0.2073,0.1488,0.9915,-0.06,0.38,0.32,137228,130156,125764
38323240,-19.3900,-0.7700,1.6800,-0.2306,0.1519,0.9872,-0.06,0.38,0.32,137244,130114,125774
38343752,-16.2750,1.8550,2.3275,-0.2525,0.1505,0.9853,-0.06,0.38,0.32,137234,130058,125796
38363280,-14.0175,4.5325,2.7300,-0.2718,0.1479,0.9870,-0.06,0.38,0.32,137218,130042,125811
38382812,-13.7200,7.2625,3.1150,-0.2872,0.1468,0.9921,-0.07,0.37,0.32,137190,130002,125830
38403320,-16.9575,10.3775,3.4825,-0.2978,0.1504,0.9960,-0.07,0.37,0.32,137185,129943,125834
38422852,-23.7825,15.1900,5.2675,-0.3079,0.1557,0.9972,-0.07,0.37,0.32,137156,129868,125834
38443360,-22.9425,17.6575,7.3325,-0.3204,0.1514,1.0009,-0.08,0.37,0.32,137119,129813,125833
38462888,-16.8700,19.5825,9.5900,-0.3257,0.1426,1.0082,-0.08,0.37,0.32,137086,129770,125858
38483400,-15.6275,21.7525,11.9875,-0.3277,0.1368,1.0155,-0.08,0.37,0.32,137053,129701,125849
38502928,-20.7200,24.1850,13.8075,-0.3259,0.1330,1.0226,-0.09,0.36,0.32,137033,129623,125845
38523436,-26.3375,26.2675,15.3825,-0.3221,0.1288,1.0287,-0.09,0.36,0.32,137013,129534,125828
38542968,-19.5300,27.8950,18.1825,-0.3189,0.1235,1.0382,-0.10,0.36,0.32,136991,129479,125812
38563476,-12.0575,27.9650,20.8775,-0.3243,0.1194,1.0422,-0.10,0.36,0.32,136954,129437,125807
38593752,-11.2175,27.2825,25.4975,-0.3373,0.1168,1.0408,-0.11,0.36,0.32,136934,129342,125780
38613280,-11.8475,26.3550,28.6650,-0.3461,0.1150,1.0374,-0.11,0.36,0.32,136913,129309,125756
38632812,-4.7250,24.6925,32.1300,-0.3479,0.1110,1.0386,-0.11,0.35,0.33,136887,129309,125707
38653320,22.8725,20.4050,35.4550,-0.3465,0.0914,1.0541,-0.11,0.36,0.33,136894,129325,125636
38672852,40.0050,16.2925,34.7025,-0.3528,0.0787,1.0669,-0.10,0.36,0.34,136905,129388,125546
38693360,52.6050,12.1975,32.2525,-0.3560,0.0647,1.0831,-0.10,0.36,0.34,136940,129494,125457
38712888,58.0125,9.1875,28.9100,-0.3415,0.0390,1.1039,-0.09,0.36,0.35,136962,129606,125367
38733400,52.1850,8.0500,24.9025,-0.3048,-0.0024,1.1247,-0.08,0.36,0.35,137000,129701,125290
38752928,35.0000,8.1900,21.3675,-0.2389,-0.0569,1.1422,-0.08,0.36,0.36,137041,129746,125228
38773436,20.7550,7.1925,20.3700,-0.1075,-0.1554,1.1662,-0.08,0.37,0.36,137097,129769,125146
38792968,7.1400,6.5975,22.3125,-0.0118,-0.2018,1.1661,-0.08,0.37,0.36,137142,129764,125116
38813476,-13.1950,7.0175,25.0075,0.1031,-0.2142,1.1594,-0.08,0.37,0.36,137156,129712,125130
38833008,-15.0500,8.0675,27.0900,0.2352,-0.1976,1.1566,-0.09,0.37,0.36,137154,129653,125134
38853516,-19.8625,11.0775,26.5650,0.3500,-0.1501,1.1490,-0.09,0.37,0.36,137157,129593,125106
38873048,-11.2875,13.4575,24.4125,0.4175,-0.0815,1.1372,-0.09,0.37,0.37,137130,129594,125060
38893552,47.2325,13.7200,20.1250,0.4531,0.0085,1.1020,-0.08,0.37,0.37,137097,129714,124979
38913084,72.6250,13.4400,17.9900,0.4732,0.0470,1.0680,-0.07,0.37,0.38,137060,129871,124901
38933592,64.5750,13.4925,16.3450,0.4885,0.0804,1.0260,-0.07,0.36,0.38,137014,129994,124857
38953124,35.3850,13.6325,15.2075,0.4921,0.1120,0.9819,-0.06,0.36,0.38,136981,130014,124807
38973632,-3.8325,14.1225,13.8075,0.4853,0.1397,0.9384,-0.07,0.36,0.38,136943,129922,124808
38993164,-53.4625,14.9625,11.4100,0.4692,0.1619,0.8995,-0.08,0.36,0.38,136903,129801,124855
39013672,-66.7450,14.8750,9.0650,0.4209,0.1810,0.8606,-0.09,0.35,0.38,136854,129631,124921
39033204,-54.8450,14.1575,6.3350,0.3777,0.1808,0.8530,-0.09,0.35,0.37,136812,129530,124967
39053712,-26.7925,12.8275,4.0950,0.3368,0.1728,0.8595,-0.10,0.35,0.37,136787,129483,124966
39073240,0.0350,11.3750,2.5550,0.2969,0.1670,0.8725,-0.10,0.35,0.37,136757,129492,124931
39093752,14.5425,10.1325,1.3825,0.2589,0.1687,0.8860,-0.09,0.34,0.38,136712,129528,124918
39113280,26.0750,7.9100,-0.6650,0.2176,0.1737,0.9088,-0.09,0.34,0.38,136690,129585,124895
39132812,31.0975,6.0025,-2.5725,0.2004,0.1749,0.9245,-0.09,0.34,0.38,136667,129668,124870
39153320,30.4325,3.9900,-4.8825,0.1903,0.1751,0.9404,-0.08,0.34,0.38,136648,129720,124828
39172852,23.5375,1.8550,-7.6125,0.1848,0.1762,0.9565,-0.08,0.34,0.38,136636,129766,124799
39193360,11.0425,-0.0350,-10.6225,0.1812,0.1780,0.9723,-0.08,0.34,0.38,136630,129777,124831
39212888,-1.9950,-1.6100,-13.6325,0.1806,0.1782,0.9855,-0.08,0.34,0.38,136626,129756,124846
39233400,-13.5625,-3.6575,-17.1500,0.1842,0.1748,0.9999,-0.08,0.34,0.38,136625,129741,124886
39252928,-15.7325,-4.2525,-18.3050,0.1869,0.1703,1.0067,-0.08,0.34,0.38,136630,129710,124890
39273436,-11.9000,-4.6375,-18.6900,0.1869,0.1629,1.0099,-0.08,0.34,0.38,136640,129691,124905
39292968,-3.6050,-4.9875,-18.6900,0.1854,0.1536,1.0096,-0.08,0.34,0.38,136640,129709,124926
39313476,5.3200,-5.6000,-18.3050,0.1851,0.1468,1.0069,-0.08,0.34,0.37,136627,129752,124953
39333008,9.0300,-6.1075,-17.9900,0.1870,0.1430,1.0033,-0.08,0.34,0.37,136624,129785,124967
39353516,8.7675,-7.1400,-17.2725,0.1868,0.1359,1.0027,-0.08,0.34,0.37,136624,129827,124969
39373048,9.9400,-8.1200,-16.4675,0.1821,0.1310,1.0045,-0.08,0.34,0.37,136628,129836,124973
39393552,9.2050,-9.0475,-15.8025,0.1736,0.1280,1.0080,-0.07,0.34,0.37,136621,129869,124989
39413084,7.1050,-9.6775,-15.4350,0.1621,0.1240,1.0120,-0.07,0.34,0.37,136606,129898,125014
39433592,7.5250,-10.5700,-15.2250,0.1546,0.1181,1.0159,-0.07,0.34,0.37,136592,129932,125037
39453124,14.4200,-12.2675,-15.1025,0.1505,0.1100,1.0214,-0.07,0.34,0.37,136586,129959,125067
39473632,18.2525,-13.4925,-15.0150,0.1415,0.1008,1.0324,-0.06,0.34,0.37,136578,130008,125052
39493164,17.5700,-14.4375,-14.8925,0.1296,0.1021,1.0353,-0.06,0.34,0.37,136566,130040,125060
39513672,18.1825,-15.8375,-14.4550,0.1192,0.1041,1.0359,-0.06,0.33,0.36,136545,130083,125110
39533204,15.6100,-17.1500,-13.5800,0.1120,0.1064,1.0346,-0.06,0.33,0.36,136531,130109,125138
39553712,2.5550,-17.6925,-12.9500,0.1039,0.1111,1.0299,-0.06,0.33,0.36,136527,130090,125163
39573240,-20.4050,-17.5700,-12.7925,0.0838,0.1246,1.0268,-0.06,0.33,0.36,136529,130013,125204
39603516,-35.0525,-17.9200,-12.9325,0.0555,0.1337,1.0305,-0.07,0.33,0.35,136505,129915,125296
39623048,-28.2800,-19.3550,-12.5125,0.0415,0.1305,1.0354,-0.07,0.33,0.35,136506,129860,125334
39643552,-14.9100,-21.1400,-11.9350,0.0256,0.1215,1.0382,-0.07,0.33,0.35,136497,129858,125376
39663084,1.7500,-22.5050,-11.4275,0.0041,0.1131,1.0413,-0.07,0.33,0.35,136502,129905,125408
39683592,27.1075,-23.9925,-10.5175,-0.0231,0.1049,1.0513,-0.07,0.33,0.35,136510,129984,125396
39703124,40.3025,-24.5700,-9.1350,-0.0368,0.1066,1.0563,-0.06,0.33,0.35,136522,130084,125377
39723632,40.0925,-24.4650,-7.7700,-0.0486,0.1148,1.0563,-0.05,0.33,0.35,136547,130171,125367
39743164,26.4775,-23.2925,-6.6500,-0.0550,0.1314,1.0515,-0.05,0.34,0.35,136566,130226,125373
39763672,7.5775,-21.4725,-5.9675,-0.0573,0.1513,1.0419,-0.05,0.34,0.35,136568,130254,125406
39783204,-12.3200,-19.2850,-5.4775,-0.0600,0.1632,1.0307,-0.05,0.34,0.34,136586,130224,125441
39803712,-29.7500,-16.2400,-4.6900,-0.0620,0.1635,1.0158,-0.06,0.34,0.34,136596,130166,125467
39823240,-33.1800,-14.5075,-4.3575,-0.0603,0.1601,1.0019,-0.06,0.34,0.34,136612,130106,125501
39843752,-30.3275,-12.8450,-4.0775,-0.0583,0.1552,0.9867,-0.06,0.34,0.34,136603,130053,125526
39863280,-21.7875,-11.2525,-3.3250,-0.0581,0.1477,0.9770,-0.06,0.34,0.34,136577,130046,125562
39882812,-8.3300,-9.7650,-2.2575,-0.0564,0.1405,0.9743,-0.06,0.33,0.34,136552,130048,125575
39903320,6.2300,-8.7325,-1.6800,-0.0590,0.1342,0.9736,-0.06,0.33,0.34,136541,130091,125550
39922852,31.1325,-8.6275,-1.8200,-0.0886,0.1257,0.9803,-0.06,0.33,0.34,136529,130152,125517
39943360,35.0350,-8.6100,-2.2400,-0.1164,0.1315,0.9849,-0.05,0.33,0.34,136511,130217,125517
39962888,18.3575,-7.5775,-2.8525,-0.1454,0.1493,0.9847,-0.05,0.33,0.34,136514,130258,125526
39983400,0.8400,-6.3000,-3.3425,-0.1799,0.1676,0.9849,-0.05,0.33,0.34,136513,130268,125529
40002928,-4.9700,-5.7575,-3.7275,-0.2157,0.1815,0.9872,-0.05,0.33,0.34,136539,130268,125531
40023436,2.8700,-6.0375,-4.0075,-0.2506,0.1901,0.9926,-0.05,0.34,0.34,136569,130273,125525
40042968,4.2000,-6.3525,-4.1300,-0.2945,0.1989,1.0042,-0.05,0.34,0.34,136591,130273,125525
40063476,-3.9725,-5.9150,-4.1475,-0.3129,0.2069,1.0103,-0.05,0.34,0.34,136598,130253,125543
40083008,-15.6625,-5.1275,-3.8675,-0.3242,0.2140,1.0154,-0.05,0.34,0.34,136613,130204,125581
40103516,-29.9600,-3.6925,-3.0625,-0.3309,0.2203,1.0171,-0.06,0.34,0.33,136635,130114,125590
40123048,-39.3925,-1.9250,-1.7500,-0.3338,0.2223,1.0176,-0.06,0.34,0.33,136645,130016,125614
40143552,-40.0050,0.5250,1.1025,-0.3338,0.2159,1.0178,-0.07,0.34,0.33,136642,129936,125651
40163084,-32.1475,1.7675,3.5000,-0.3370,0.2089,1.0185,-0.07,0.34,0.33,136641,129874,125696
40183592,-20.8600,2.7650,6.4925,-0.3433,0.2018,1.0194,-0.08,0.34,0.33,136645,129826,125714
40203124,-6.7725,3.4300,9.7475,-0.3503,0.1928,1.0221,-0.08,0.34,0.33,136662,129806,125717
40223632,4.2700,3.7625,13.1075,-0.3578,0.1832,1.0268,-0.08,0.34,0.33,136672,129781,125682
40243164,5.4600,4.2700,16.4850,-0.3655,0.1774,1.0315,-0.08,0.34,0.33,136690,129761,125693
40263672,-5.5475,5.4425,21.3325,-0.3733,0.1782,1.0336,-0.08,0.34,0.33,136701,129724,125715
40283204,-7.6300,6.4575,24.3775,-0.3766,0.1753,1.0368,-0.08,0.34,0.33,136720,129680,125705
40303712,-4.9700,7.4375,26.8625,-0.3833,0.1636,1.0425,-0.09,0.35,0.33,136745,129644,125697
40323240,0.8575,8.3125,28.3850,-0.3909,0.1453,1.0525,-0.09,0.35,0.33,136764,129611,125670
40343752,11.9350,8.7325,29.2075,-0.3969,0.1232,1.0677,-0.09,0.35,0.33,136783,129619,125636
40363280,27.0025,9.0125,28.9800,-0.3955,0.1033,1.0843,-0.09,0.35,0.33,136798,129655,125610
40382812,53.7075,9.6950,26.5300,-0.3881,0.0817,1.0991,-0.08,0.35,0.34,136829,129764,125530
40403320,94.9375,8.2950,24.5350,-0.3838,0.0725,1.1082,-0.07,0.35,0.35,136875,129968,125398
40422852,146.0025,5.8450,22.6100,-0.3802,0.0720,1.1156,-0.05,0.36,0.36,136941,130291,125238
40443360,181.7725,3.4125,20.4400,-0.3733,0.0809,1.1179,-0.02,0.36,0.37,137004,130702,125091
40462888,188.7900,1.5925,17.5175,-0.3550,0.0986,1.1167,0.00,0.37,0.37,137079,131093,124988
40483400,136.4125,1.8900,12.4425,-0.3240,0.1319,1.1081,0.02,0.37,0.38,137169,131392,124893
40502928,61.7400,4.6725,9.4325,-0.2645,0.2062,1.0880,0.03,0.38,0.38,137261,131513,124857
40523436,-6.0550,7.5425,8.0325,-0.2000,0.2230,1.0960,0.02,0.38,0.38,137355,131473,124813
40542968,-55.8425,10.1150,9.3800,-0.1126,0.1992,1.1204,0.01,0.39,0.38,137409,131295,124806
40563476,-117.3025,13.6500,13.3525,-0.0023,0.1609,1.1366,-0.01,0.39,0.38,137457,130902,124873
40583008,-204.3300,18.5850,19.0575,0.1444,0.1247,1.1422,-0.05,0.39,0.37,137468,130277,125007
40613280,-281.6275,20.9650,31.0975,0.4645,0.1288,1.1114,-0.11,0.39,0.35,137442,129303,125332
40632812,-161.9275,14.3675,33.3725,0.5463,0.1358,1.0885,-0.12,0.39,0.35,137405,129048,125413
40653320,-8.6450,7.8925,32.5675,0.5667,0.1418,1.0542,-0.12,0.39,0.35,137384,129139,125328
40672852,140.6300,2.4500,30.0650,0.5751,0.1451,1.0238,-0.09,0.38,0.36,137363,129564,125102
40693360,249.0250,-1.2075,26.3900,0.5845,0.1532,0.9923,-0.06,0.38,0.38,137342,130170,124848
40712888,245.8925,-0.8925,21.0000,0.5888,0.1798,0.9466,-0.03,0.38,0.39,137326,130615,124718
40733400,107.6250,4.7950,12.2675,0.5793,0.2374,0.8790,-0.02,0.38,0.39,137310,130803,124654
40752928,-1.8725,10.2025,6.5625,0.5633,0.2627,0.8384,-0.02,0.38,0.39,137300,130732,124648
40773436,-89.2325,15.2250,1.4875,0.5385,0.2762,0.8052,-0.04,0.38,0.39,137269,130460,124695
40792968,-135.4325,18.9000,-2.8175,0.4986,0.2723,0.7835,-0.06,0.38,0.38,137221,130149,124787
40813476,-129.1850,20.0375,-5.7225,0.4496,0.2503,0.7812,-0.07,0.37,0.38,137176,129891,124872
40833008,-73.6050,20.2825,-7.6125,0.4009,0.2212,0.7901,-0.08,0.37,0.37,137121,129736,124932
40853516,-31.2375,19.4425,-7.7350,0.3305,0.1862,0.8145,-0.08,0.37,0.38,137082,129695,124920
40873048,11.0075,17.5875,-7.7175,0.2919,0.1708,0.8350,-0.08,0.36,0.38,137047,129746,124875
40893552,42.8050,15.0850,-8.1200,0.2652,0.1647,0.8580,-0.07,0.36,0.38,137012,129863,124823
40913084,58.5200,12.2675,-9.1175,0.2442,0.1695,0.8832,-0.06,0.36,0.38,136978,130016,124768
40933592,58.2575,9.5900,-10.6575,0.2255,0.1806,0.9057,-0.06,0.36,0.39,136958,130143,124730
40953124,32.1300,6.1775,-13.9300,0.2115,0.2020,0.9333,-0.05,0.36,0.39,136933,130197,124693
40973632,5.0750,4.4975,-16.5550,0.2076,0.2176,0.9467,-0.05,0.36,0.39,136926,130192,124710
40993164,-12.5475,2.8000,-19.3200,0.2054,0.2270,0.9575,-0.05,0.36,0.39,136908,130174,124731
41013672,-19.0225,1.4175,-21.8925,0.2050,0.2291,0.9650,-0.06,0.36,0.39,136899,130145,124758
41033204,-13.2650,0.2800,-23.8175,0.2052,0.2262,0.9720,-0.06,0.36,0.39,136898,130166,124759
41053712,-0.7350,-0.8575,-24.9200,0.2052,0.2208,0.9773,-0.05,0.36,0.39,136905,130193,124753
41073240,18.0600,-2.5375,-24.4475,0.2095,0.2157,0.9797,-0.05,0.36,0.39,136905,130257,124744
41093752,21.7525,-3.1150,-23.4675,0.2162,0.2152,0.9801,-0.05,0.36,0.39,136901,130332,124748
41113280,15.1900,-2.7475,-22.5050,0.2179,0.2172,0.9798,-0.04,0.35,0.39,136886,130384,124758
41132812,6.4400,-2.0475,-21.6825,0.2156,0.2195,0.9801,-0.04,0.35,0.38,136874,130407,124780
41153320,-7.9100,-1.0675,-21.0350,0.2118,0.2223,0.9767,-0.04,0.35,0.38,136864,130374,124794
41172852,-26.4250,-0.0525,-20.4225,0.2086,0.2255,0.9711,-0.05,0.35,0.38,136844,130290,124829
41193360,-53.2525,1.4350,-19.3725,0.2019,0.2237,0.9692,-0.06,0.35,0.38,136809,130160,124879
41212888,-56.0525,1.9600,-18.4975,0.1935,0.2141,0.9756,-0.06,0.35,0.37,136765,130070,124942
41233400,-40.6525,1.8900,-17.5875,0.1824,0.1989,0.9843,-0.07,0.35,0.37,136731,129998,125000
41252928,-16.8000,1.4000,-16.8700,0.1723,0.1839,0.9903,-0.07,0.34,0.37,136685,129980,125008
41273436,2.8875,0.9100,-16.2575,0.1625,0.1698,0.9923,-0.07,0.34,0.37,136644,129998,125016
41292968,25.0600,-0.6475,-15.8550,0.1549,0.1571,0.9952,-0.06,0.34,0.37,136598,130069,125016
41313476,36.3300,-2.0825,-15.4700,0.1486,0.1458,1.0039,-0.06,0.33,0.37,136545,130166,125017
41333008,40.3900,-4.1650,-14.9625,0.1391,0.1470,1.0104,-0.05,0.33,0.37,136510,130260,125006
41353516,30.4150,-5.2850,-14.4375,0.1226,0.1530,1.0122,-0.05,0.33,0.37,136479,130310,125013
41373048,14.6825,-5.7750,-13.9125,0.0987,0.1597,1.0136,-0.05,0.33,0.37,136443,130315,125017
41393552,-0.3325,-6.1425,-13.6850,0.0759,0.1679,1.0157,-0.05,0.33,0.37,136397,130292,125055
41413084,-20.0025,-7.5775,-14.3850,0.0539,0.1737,1.0170,-0.05,0.32,0.36,136373,130255,125109
41433592,-23.3275,-9.3975,-15.3125,0.0434,0.1691,1.0200,-0.05,0.32,0.36,136355,130220,125131
41453124,-9.8525,-12.0400,-15.8550,0.0290,0.1607,1.0277,-0.05,0.32,0.36,136334,130226,125157
41473632,6.1775,-14.5250,-15.6100,0.0116,0.1538,1.0339,-0.05,0.32,0.36,136335,130246,125165
41493164,16.4850,-16.4150,-14.5775,-0.0012,0.1502,1.0399,-0.05,0.32,0.36,136330,130318,125154
41513672,22.4000,-17.7975,-13.0725,-0.0102,0.1523,1.0455,-0.04,0.32,0.36,136317,130378,125187
41533204,4.8125,-16.8875,-11.5500,-0.0320,0.1663,1.0402,-0.04,0.32,0.36,136320,130404,125215
41553712,-14.0875,-15.1550,-10.3950,-0.0476,0.1729,1.0331,-0.04,0.32,0.36,136331,130355,125230
41573240,-26.5650,-13.7025,-8.9600,-0.0632,0.1718,1.0307,-0.05,0.32,0.36,136330,130314,125242
41593752,-28.0000,-12.8625,-7.2625,-0.0741,0.1658,1.0326,-0.05,0.32,0.35,136323,130281,125275
41624024,-14.1225,-13.0200,-4.1825,-0.0874,0.1535,1.0363,-0.05,0.32,0.35,136327,130238,125310
41644532,-9.5725,-13.2125,-3.6400,-0.1047,0.1442,1.0397,-0.05,0.32,0.35,136308,130238,125334
41664064,-6.8775,-13.0200,-3.5000,-0.1135,0.1407,1.0401,-0.05,0.32,0.35,136298,130248,125349
41684568,1.4525,-12.8450,-3.2025,-0.1175,0.1316,1.0388,-0.05,0.32,0.35,136286,130269,125356
41704100,8.2250,-12.4425,-2.4850,-0.1193,0.1210,1.0348,-0.05,0.32,0.35,136288,130280,125346
41724608,7.7525,-11.8125,-1.4700,-0.1237,0.1157,1.0280,-0.05,0.32,0.35,136279,130281,125345
41744140,-16.4325,-9.8525,-0.0350,-0.1353,0.1244,1.0089,-0.05,0.32,0.35,136265,130246,125381
41764648,-33.8975,-8.7500,0.9975,-0.1412,0.1336,0.9974,-0.05,0.32,0.34,136249,130171,125450
41784180,-38.5700,-8.6100,2.1175,-0.1479,0.1366,0.9894,-0.06,0.32,0.34,136251,130107,125484
41804688,-32.2175,-9.2750,3.1850,-0.1595,0.1324,0.9861,-0.06,0.32,0.34,136260,130026,125486
41824216,-24.1675,-10.1850,4.0950,-0.1769,0.1299,0.9843,-0.07,0.32,0.34,136264,129991,125519
41844728,-18.3575,-10.8500,5.0400,-0.1986,0.1333,0.9822,-0.07,0.32,0.34,136262,129959,125548
41864256,-9.5725,-11.6200,6.6675,-0.2367,0.1407,0.9816,-0.07,0.32,0.34,136264,129948,125568
41883788,1.7850,-12.2325,7.8050,-0.2630,0.1440,0.9826,-0.07,0.32,0.34,136267,129948,125581
41904296,12.1100,-12.7925,8.5225,-0.2879,0.1484,0.9822,-0.07,0.32,0.34,136280,129952,125555
41923828,10.8150,-12.7400,8.4525,-0.3088,0.1569,0.9789,-0.07,0.32,0.34,136299,129946,125542
41944336,-1.0325,-12.3200,8.1200,-0.3270,0.1654,0.9748,-0.07,0.32,0.33,136316,129920,125591
41963868,-12.1625,-11.4975,7.7175,-0.3439,0.1698,0.9727,-0.07,0.32,0.33,136333,129887,125621
41984376,-20.3875,-9.5550,7.6650,-0.3660,0.1685,0.9717,-0.08,0.32,0.33,136355,129831,125643
42003904,-24.8850,-7.5775,8.0675,-0.3762,0.1676,0.9701,-0.08,0.32,0.33,136383,129741,125662
42024416,-26.3025,-5.6875,8.7675,-0.3863,0.1648,0.9710,-0.09,0.33,0.33,136407,129667,125691
42043944,-25.5325,-3.9200,9.7300,-0.3999,0.1592,0.9751,-0.09,0.33,0.33,136428,129597,125738
42064452,-22.6450,-2.4325,10.5175,-0.4138,0.1501,0.9833,-0.09,0.33,0.32,136438,129545,125754
42083984,-15.7850,-1.4000,10.9725,-0.4244,0.1390,0.9953,-0.10,0.33,0.32,136472,129501,125770
42104492,3.5000,-1.6275,10.9025,-0.4427,0.1230,1.0177,-0.10,0.33,0.32,136517,129473,125749
42124024,19.3900,-2.6775,10.6225,-0.4612,0.1150,1.0342,-0.10,0.34,0.33,136563,129492,125730
42144532,33.3200,-3.9375,9.6075,-0.4779,0.1076,1.0494,-0.09,0.34,0.33,136617,129558,125719
42164064,42.3850,-5.0225,7.9975,-0.4848,0.0978,1.0640,-0.09,0.34,0.33,136678,129629,125681
42184568,45.2550,-5.9325,5.9675,-0.4791,0.0902,1.0773,-0.08,0.35,0.33,136766,129681,125649
42204100,17.4475,-4.2175,3.3425,-0.4509,0.0874,1.0965,-0.09,0.35,0.33,136855,129673,125631
42224608,-15.9950,-1.3475,2.2925,-0.4213,0.0860,1.1129,-0.09,0.36,0.33,136940,129574,125667
42244140,-62.8250,3.3425,1.8200,-0.3870,0.0903,1.1187,-0.10,0.36,0.33,137010,129436,125725
42264648,-70.8750,5.6875,2.7475,-0.3543,0.0908,1.1324,-0.11,0.37,0.32,137083,129313,125800
42284180,-38.9900,5.0400,4.4625,-0.3270,0.0928,1.1435,-0.11,0.37,0.32,137156,129266,125784
42304688,-6.3525,4.2350,5.5125,-0.2999,0.0981,1.1442,-0.11,0.38,0.33,137251,129263,125746
42324216,21.7875,4.3050,5.6525,-0.2614,0.0980,1.1348,-0.11,0.38,0.33,137333,129302,125671
42344728,34.3000,5.1975,5.4950,-0.2357,0.0859,1.1305,-0.10,0.39,0.33,137402,129418,125606
42364256,57.9600,5.1625,5.1100,-0.2064,0.0615,1.1314,-0.09,0.39,0.34,137474,129575,125507
42383788,80.7800,5.1800,4.7600,-0.1603,0.0267,1.1380,-0.08,0.40,0.35,137547,129780,125400
42404296,87.2550,6.0375,4.7600,-0.0834,-0.0110,1.1412,-0.07,0.40,0.35,137634,129969,125272
42423828,63.5075,8.9600,6.0025,0.0200,-0.0399,1.1317,-0.06,0.40,0.36,137687,130035,125217
42444336,-12.5650,16.1000,11.5150,0.2006,-0.0583,1.1163,-0.07,0.41,0.36,137710,130001,125191
42463868,-30.1350,18.5500,15.6100,0.3229,-0.0511,1.1122,-0.07,0.40,0.36,137698,129947,125194
42484376,-20.4050,19.7750,18.7075,0.4377,-0.0321,1.1058,-0.07,0.40,0.36,137689,129923,125145
42503904,29.8200,18.9350,20.8600,0.5352,-0.0083,1.0931,-0.06,0.40,0.37,137670,130042,125041
42524416,71.2600,17.3600,22.9950,0.6024,0.0458,1.0577,-0.06,0.40,0.37,137621,130155,124961
42543944,55.3350,15.5925,26.4075,0.6303,0.1308,1.0006,-0.05,0.40,0.38,137566,130240,124920
42564452,28.5075,13.6150,24.2900,0.6029,0.1969,0.9184,-0.05,0.39,0.38,137519,130295,124890
42583984,17.2200,11.7950,21.1225,0.5856,0.2064,0.8832,-0.05,0.39,0.38,137489,130312,124849
42604492,-3.6750,12.0750,17.7450,0.5653,0.2065,0.8518,-0.05,0.39,0.38,137454,130247,124841
42634764,-48.9825,13.5100,14.7525,0.5219,0.2115,0.8252,-0.06,0.39,0.38,137401,130025,124897
42654296,-74.4275,13.8600,14.3500,0.4791,0.2167,0.8158,-0.08,0.38,0.38,137360,129836,124926
42673828,-81.1125,12.6525,14.8400,0.4010,0.2162,0.8145,-0.09,0.38,0.37,137322,129625,124994
42694336,-60.1125,10.8675,15.0500,0.3521,0.2073,0.8208,-0.10,0.38,0.37,137268,129497,125055
42713868,-31.3425,9.5550,14.5775,0.3088,0.1980,0.8312,-0.10,0.38,0.37,137216,129443,125073
42734376,6.9125,7.9625,13.6850,0.2824,0.1819,0.8474,-0.10,0.37,0.37,137188,129485,125034
42753904,48.0550,5.9675,11.8300,0.2673,0.1635,0.8691,-0.09,0.37,0.37,137154,129608,124969
42774416,80.7450,2.7825,7.6825,0.2445,0.1546,0.8968,-0.08,0.37,0.38,137123,129779,124876
42793944,77.9450,0.7875,4.4625,0.2307,0.1615,0.9113,-0.07,0.37,0.38,137097,129940,124826
42814452,56.2975,-0.5775,0.8225,0.2186,0.1790,0.9235,-0.06,0.37,0.38,137078,130050,124815
42833984,19.3200,-1.4175,-3.5525,0.2146,0.2004,0.9355,-0.06,0.37,0.38,137073,130059,124811
42854492,-11.2000,-2.4500,-7.9450,0.2196,0.2108,0.9503,-0.07,0.37,0.38,137077,130000,124818
42874024,-29.7325,-3.5175,-12.0400,0.2218,0.2119,0.9632,-0.07,0.37,0.38,137080,129929,124867
42894532,-33.2500,-5.1625,-16.9750,0.2237,0.2045,0.9753,-0.07,0.37,0.38,137082,129870,124918
42914064,-26.9850,-5.9500,-19.0400,0.2301,0.2002,0.9770,-0.08,0.37,0.37,137087,129842,124960
42934568,-20.8075,-6.2125,-20.4225,0.2379,0.1950,0.9760,-0.08,0.37,0.37,137099,129814,124986
42954100,-13.3000,-6.2300,-21.3150,0.2464,0.1874,0.9760,-0.08,0.37,0.37,137110,129806,124991
42974608,-3.9200,-6.3175,-21.6475,0.2574,0.1771,0.9775,-0.07,0.37,0.37,137118,129845,124995
42994140,2.0650,-6.0550,-21.8050,0.2662,0.1670,0.9783,-0.07,0.37,0.37,137109,129865,125028
43014648,-0.0700,-4.7075,-22.0500,0.2704,0.1559,0.9791,-0.07,0.37,0.37,137095,129883,125046
43034180,-4.2525,-3.4650,-22.6100,0.2696,0.1492,0.9782,-0.07,0.37,0.37,137086,129883,125067
43054688,-6.9475,-2.7300,-23.1875,0.2678,0.1424,0.9748,-0.07,0.37,0.37,137068,129874,125087
43074216,-7.2800,-2.6775,-23.4500,0.2649,0.1362,0.9726,-0.07,0.36,0.36,137042,129871,125109
43094728,-4.5675,-3.3075,-23.6775,0.2564,0.1299,0.9767,-0.07,0.36,0.36,137007,129882,125144
43114256,-6.7375,-3.6400,-23.6425,0.2418,0.1266,0.9838,-0.07,0.36,0.36,136974,129864,125186
43133788,-7.4200,-4.1475,-23.5550,0.2174,0.1205,0.9923,-0.07,0.36,0.36,136944,129863,125192
43154296,-1.5400,-4.8300,-23.4325,0.2011,0.1142,0.9933,-0.07,0.36,0.36,136922,129860,125199
43173828,8.0850,-5.9500,-23.1000,0.1828,0.1098,0.9955,-0.07,0.36,0.36,136896,129893,125223
43194336,14.8225,-7.0350,-22.8200,0.1562,0.1091,1.0000,-0.07,0.35,0.36,136871,129962,125234
43213868,11.8475,-7.5775,-22.8025,0.1277,0.1098,1.0093,-0.07,0.35,0.35,136835,129978,125260
43234376,-1.6450,-7.8750,-23.2225,0.1013,0.1081,1.0250,-0.07,0.35,0.35,136818,129981,125277
43253904,-12.7050,-7.4550,-23.2575,0.0886,0.1066,1.0282,-0.07,0.35,0.35,136801,129962,125313
43274416,-14.4550,-7.5075,-22.9950,0.0681,0.1055,1.0300,-0.07,0.35,0.35,136775,129940,125328
43293944,-11.0075,-7.8750,-22.2600,0.0403,0.1066,1.0338,-0.07,0.35,0.35,136749,129937,125369
43314452,-4.8650,-8.4175,-21.1925,0.0139,0.1061,1.0398,-0.07,0.34,0.35,136721,129946,125404
43333984,-4.5500,-8.7500,-19.9325,-0.0027,0.1022,1.0415,-0.07,0.34,0.34,136714,129949,125426
43354492,-7.8400,-8.8200,-17.6925,-0.0166,0.0920,1.0388,-0.07,0.34,0.34,136714,129949,125421
43374024,-6.5975,-8.8375,-15.8200,-0.0309,0.0833,1.0404,-0.07,0.34,0.34,136703,129949,125452
43394532,-7.0175,-8.3650,-13.4925,-0.0503,0.0815,1.0420,-0.07,0.34,0.34,136682,129958,125458
43414064,-11.4800,-7.5775,-10.8150,-0.0667,0.0865,1.0407,-0.07,0.34,0.34,136662,129942,125513
43434568,-14.3850,-7.1575,-8.5575,-0.0764,0.0913,1.0375,-0.07,0.34,0.34,136652,129924,125513
43454100,-10.5175,-7.4200,-6.8775,-0.0859,0.0906,1.0361,-0.07,0.34,0.34,136649,129912,125518
43474608,3.6575,-8.1375,-5.5475,-0.0961,0.0852,1.0416,-0.07,0.34,0.34,136647,129937,125527
43494140,14.4725,-8.9250,-5.1275,-0.0985,0.0813,1.0485,-0.07,0.34,0.34,136627,129995,125527
43514648,21.9975,-9.5200,-4.5500,-0.1008,0.0810,1.0558,-0.06,0.34,0.34,136610,130049,125521
43534180,29.0675,-10.5175,-4.0600,-0.1032,0.0843,1.0613,-0.06,0.34,0.34,136607,130125,125497
43554688,30.6775,-11.3925,-3.9200,-0.1057,0.0928,1.0602,-0.05,0.34,0.34,136618,130185,125481
43574216,27.6850,-12.1800,-4.0075,-0.1083,0.1017,1.0569,-0.05,0.34,0.34,136621,130245,125457
43594728,15.4525,-13.7375,-4.4275,-0.1049,0.1150,1.0553,-0.05,0.34,0.34,136618,130277,125473
43614256,3.8850,-14.6475,-5.2150,-0.0975,0.1252,1.0540,-0.05,0.34,0.34,136634,130291,125501
43644532,-17.4125,-14.5600,-6.5975,-0.0894,0.1392,1.0436,-0.05,0.34,0.34,136669,130235,125538
43664064,-24.1850,-14.1750,-7.1400,-0.0925,0.1441,1.0344,-0.05,0.34,0.34,136684,130212,125579
43684568,-25.3050,-14.0875,-7.4025,-0.0971,0.1449,1.0257,-0.05,0.34,0.33,136720,130178,125597
43704100,-25.3400,-14.0350,-7.2275,-0.1037,0.1443,1.0158,-0.06,0.35,0.33,136761,130126,125610
43724608,-29.0150,-13.4925,-7.0700,-0.1124,0.1451,1.0102,-0.06,0.35,0.33,136782,130067,125649
43744140,-30.9400,-12.6875,-6.7375,-0.1247,0.1460,1.0078,-0.06,0.35,0.33,136793,130031,125704
43764648,-24.6050,-12.1450,-6.1950,-0.1392,0.1455,1.0064,-0.07,0.35,0.33,136802,129984,125734
43784180,-15.2775,-11.5325,-5.3900,-0.1573,0.1396,1.0043,-0.07,0.35,0.33,136806,129952,125739
43804688,-14.4025,-9.3800,-3.6225,-0.1778,0.1324,0.9984,-0.07,0.35,0.32,136822,129910,125750
43824216,-25.8125,-7.1750,-2.1525,-0.2129,0.1342,0.9906,-0.07,0.35,0.32,136831,129847,125775
43844728,-34.7725,-4.7950,-0.6650,-0.2362,0.1377,0.9826,-0.08,0.35,0.32,136832,129775,125833
43864256,-35.3675,-2.7300,0.4900,-0.2569,0.1368,0.9760,-0.08,0.35,0.32,136834,129714,125874
43883788,-32.6550,-0.8225,1.8025,-0.2752,0.1331,0.9698,-0.09,0.35,0.32,136849,129627,125904
43904296,-27.8950,0.9275,3.3600,-0.2917,0.1283,0.9662,-0.09,0.35,0.32,136862,129558,125904
43923828,-22.8200,2.4850,5.0925,-0.3065,0.1240,0.9692,-0.09,0.35,0.31,136876,129519,125923
43944336,-14.5425,4.3750,9.1175,-0.3316,0.1193,0.9809,-0.10,0.35,0.31,136872,129484,125956
43963868,-17.4300,6.0550,12.5825,-0.3483,0.1232,0.9850,-0.10,0.35,0.31,136873,129428,125980
43984376,-16.5375,7.3325,16.8000,-0.3628,0.1258,0.9923,-0.10,0.35,0.31,136881,129375,125971
44003904,-12.1100,8.2425,20.7375,-0.3750,0.1237,1.0038,-0.11,0.36,0.31,136894,129317,125961
44024416,-3.3775,8.4350,23.9575,-0.3834,0.1179,1.0199,-0.11,0.36,0.31,136896,129300,125960
44043944,12.8625,8.5050,27.0375,-0.3826,0.1068,1.0551,-0.11,0.35,0.31,136886,129294,125945
44064452,11.3050,9.2750,28.2100,-0.3732,0.1024,1.0824,-0.11,0.35,0.31,136887,129289,125930
44083984,2.5725,10.2375,29.0500,-0.3567,0.1019,1.1053,-0.11,0.35,0.31,136888,129247,125923
44104492,-3.6575,11.6550,29.3475,-0.3339,0.0996,1.1235,-0.11,0.36,0.32,136904,129193,125884
44124024,-11.1475,13.4925,29.3125,-0.3117,0.0908,1.1372,-0.12,0.36,0.32,136912,129151,125866
44144532,-9.2225,14.4200,28.9975,-0.3023,0.0756,1.1450,-0.12,0.36,0.32,136901,129130,125834
44164064,-9.2925,16.1875,27.1600,-0.2983,0.0536,1.1423,-0.12,0.36,0.32,136905,129096,125827
44184568,-7.4200,16.5375,25.2525,-0.3026,0.0401,1.1400,-0.12,0.36,0.32,136928,129063,125800
44204100,0.8925,16.2750,23.5900,-0.3070,0.0257,1.1344,-0.12,0.36,0.33,136942,129063,125727
44224608,25.3925,15.2250,21.4900,-0.3170,-0.0027,1.1383,-0.12,0.36,0.33,136961,129140,125636
44244140,53.9175,13.9300,18.4800,-0.3321,-0.0382,1.1448,-0.11,0.36,0.34,136990,129299,125527
44264648,84.0000,12.2675,12.7750,-0.3348,-0.0708,1.1535,-0.10,0.36,0.35,137023,129506,125392
44284180,87.9375,11.4625,8.8900,-0.2860,-0.1116,1.1553,-0.08,0.37,0.36,137078,129706,125252
44304688,81.6725,11.2525,6.6150,-0.2213,-0.1387,1.1513,-0.07,0.37,0.36,137134,129890,125123
44324216,49.5950,13.3350,6.3175,-0.1337,-0.1659,1.1355,-0.07,0.37,0.37,137175,129986,125042
44344728,11.4100,15.6100,8.3650,-0.0282,-0.1862,1.1226,-0.07,0.37,0.37,137193,130001,125012
44364256,-7.6300,16.8350,11.7075,0.1015,-0.1957,1.1153,-0.07,0.37,0.37,137201,130002,124979
44383788,-6.7200,17.2025,14.6825,0.2478,-0.1906,1.1087,-0.06,0.37,0.37,137207,130024,124945
44404296,34.6500,15.7675,16.2050,0.4552,-0.1505,1.0886,-0.06,0.37,0.38,137193,130105,124863
44423828,67.8125,12.9325,15.3125,0.5446,-0.0886,1.0625,-0.05,0.37,0.38,137175,130270,124779
44444336,69.2825,9.7825,12.8975,0.5756,-0.0009,1.0221,-0.04,0.37,0.39,137149,130425,124725
44463868,49.9100,6.3175,9.8525,0.5711,0.0786,0.9869,-0.03,0.37,0.39,137134,130508,124699
44484376,15.6100,3.8150,6.8775,0.5529,0.1302,0.9579,-0.04,0.37,0.39,137138,130469,124693
44503904,-50.6800,4.4450,3.9375,0.5255,0.1708,0.9148,-0.04,0.37,0.39,137125,130337,124720
44524416,-88.3050,6.5450,3.4300,0.5043,0.1812,0.8846,-0.06,0.37,0.38,137105,130093,124777
44543944,-108.4650,8.6100,4.0600,0.4671,0.1830,0.8562,-0.07,0.37,0.38,137088,129855,124875
44564452,-98.1925,9.2400,5.6525,0.4152,0.1740,0.8364,-0.09,0.36,0.37,137049,129651,124952
44583984,-58.8525,8.4350,7.5075,0.3594,0.1569,0.8308,-0.09,0.36,0.37,137031,129563,124955
44604492,-7.9625,7.1225,9.2050,0.3128,0.1387,0.8381,-0.09,0.36,0.38,137004,129593,124926
44624024,45.1850,6.0025,9.9225,0.2628,0.1186,0.8557,-0.08,0.36,0.38,136972,129696,124880
44654296,56.0350,5.3725,7.5950,0.2248,0.1216,0.8695,-0.07,0.36,0.38,136937,129868,124796
44673828,51.5900,4.0950,4.9350,0.2068,0.1316,0.8788,-0.07,0.36,0.39,136917,129961,124744
44694336,42.8575,2.1700,1.7500,0.1958,0.1429,0.8901,-0.06,0.36,0.39,136903,130056,124732
44713868,33.2675,-0.1400,-1.8025,0.1923,0.1514,0.9043,-0.06,0.35,0.39,136888,130118,124723
44734376,9.3275,-2.8000,-7.0700,0.1956,0.1647,0.9246,-0.06,0.36,0.39,136900,130129,124717
44753904,-6.2475,-3.6225,-10.2375,0.1959,0.1702,0.9368,-0.06,0.36,0.39,136913,130105,124730
44774416,-11.6725,-4.6200,-12.9850,0.1950,0.1720,0.9487,-0.06,0.36,0.39,136919,130081,124748
44793944,-9.6075,-5.4775,-15.0150,0.1945,0.1720,0.9599,-0.06,0.36,0.38,136927,130084,124768
44814452,-3.6750,-6.1250,-16.3100,0.1976,0.1703,0.9698,-0.06,0.36,0.38,136931,130082,124812
44833984,1.3125,-6.1075,-17.2025,0.2052,0.1688,0.9751,-0.06,0.36,0.38,136940,130105,124805
44854492,1.0500,-5.1450,-18.0425,0.2164,0.1706,0.9728,-0.06,0.36,0.38,136950,130110,124817
44874024,3.6050,-4.6375,-18.2000,0.2185,0.1691,0.9717,-0.06,0.36,0.38,136949,130138,124822
44894532,11.0600,-4.6200,-18.2000,0.2163,0.1635,0.9742,-0.05,0.36,0.38,136941,130175,124841
44914064,14.4025,-4.0600,-18.0250,0.2137,0.1574,0.9771,-0.05,0.36,0.38,136926,130226,124842
44934568,7.7350,-2.9225,-18.0950,0.2124,0.1554,0.9783,-0.05,0.36,0.38,136918,130213,124849
44954100,-4.7425,-1.5225,-18.3925,0.2141,0.1576,0.9770,-0.05,0.36,0.38,136906,130203,124862
44974608,-16.4150,-0.6825,-18.8650,0.2185,0.1580,0.9737,-0.06,0.35,0.38,136885,130160,124903
44994140,-9.6775,-0.7000,-18.9525,0.2137,0.1502,0.9773,-0.06,0.35,0.38,136848,130148,124918
45014648,1.4350,-1.0325,-19.0050,0.2025,0.1393,0.9827,-0.05,0.35,0.37,136815,130180,124960
45034180,11.4800,-1.6100,-19.1800,0.1926,0.1266,0.9862,-0.05,0.35,0.37,136787,130209,124958
45054688,16.4500,-2.1875,-19.3025,0.1859,0.1159,0.9853,-0.05,0.35,0.37,136768,130246,124946
45074216,20.5100,-3.5875,-19.5475,0.1762,0.1076,0.9872,-0.05,0.35,0.37,136733,130301,124965
45094728,22.6100,-4.4275,-19.6525,0.1507,0.1017,0.9930,-0.04,0.34,0.37,136699,130357,124978
45114256,17.3950,-5.0225,-20.0025,0.1305,0.1035,0.9972,-0.04,0.34,0.37,136665,130387,125009
45133788,7.2450,-5.2500,-20.4050,0.1141,0.1059,1.0005,-0.04,0.34,0.37,136637,130398,125028
45154296,-1.9775,-5.6875,-20.7200,0.1009,0.1076,1.0061,-0.04,0.34,0.37,136621,130376,125039
45173828,-6.1950,-6.2825,-20.9650,0.0799,0.1092,1.0142,-0.04,0.34,0.37,136589,130369,125082
45194336,-7.1050,-8.3475,-21.7525,0.0325,0.1125,1.0294,-0.04,0.33,0.36,136560,130360,125119
45213868,-7.7175,-10.7275,-22.6450,0.0090,0.1150,1.0399,-0.04,0.33,0.36,136535,130337,125163
45234376,-15.5750,-13.0550,-23.3450,-0.0067,0.1171,1.0465,-0.05,0.33,0.36,136538,130292,125198
45253904,-21.8575,-14.8050,-23.3275,-0.0211,0.1171,1.0507,-0.05,0.33,0.36,136540,130254,125240
45274416,-20.2650,-16.2575,-22.4700,-0.0393,0.1170,1.0538,-0.05,0.33,0.35,136542,130231,125262
45293944,-7.0350,-17.7100,-20.5800,-0.0612,0.1181,1.0581,-0.05,0.33,0.35,136544,130258,125287
45314452,15.8900,-19.3025,-17.0800,-0.0950,0.1210,1.0648,-0.05,0.33,0.35,136552,130312,125297
45333984,24.5175,-20.4050,-15.1900,-0.1085,0.1199,1.0704,-0.04,0.34,0.35,136573,130377,125303
45354492,25.1475,-21.9450,-13.8775,-0.1198,0.1219,1.0763,-0.04,0.34,0.35,136603,130435,125297
45374024,19.9500,-23.4850,-12.9325,-0.1327,0.1271,1.0799,-0.04,0.34,0.35,136638,130498,125288
45394532,15.5225,-24.6575,-12.0575,-0.1443,0.1312,1.0819,-0.03,0.34,0.35,136673,130567,125314
45414064,11.3400,-25.5675,-11.1825,-0.1513,0.1333,1.0824,-0.03,0.34,0.35,136708,130586,125331
45434568,-12.3900,-25.4450,-10.1500,-0.1629,0.1416,1.0770,-0.03,0.35,0.35,136763,130559,125364
45454100,-41.1950,-24.3950,-10.2200,-0.1739,0.1525,1.0697,-0.04,0.35,0.35,136813,130462,125407
45474608,-64.4875,-23.6600,-10.3425,-0.1809,0.1606,1.0645,-0.05,0.35,0.34,136854,130326,125492
45494140,-77.6825,-23.2750,-10.0800,-0.1802,0.1587,1.0629,-0.05,0.35,0.34,136885,130171,125580
45514648,-90.7375,-22.1725,-9.5725,-0.1749,0.1510,1.0577,-0.07,0.36,0.33,136914,129970,125690
45534180,-97.1425,-20.1250,-8.4000,-0.1714,0.1414,1.0474,-0.08,0.36,0.32,136947,129784,125782
45554688,-75.4250,-19.4075,-6.9475,-0.1710,0.1165,1.0438,-0.09,0.36,0.32,136979,129642,125859
45574216,-41.8075,-18.6900,-5.1100,-0.1721,0.0954,1.0403,-0.09,0.36,0.32,137007,129596,125909
45594728,-10.8325,-17.9550,-2.9925,-0.1723,0.0727,1.0371,-0.09,0.36,0.31,137021,129603,125920
45614256,7.1575,-16.3975,-0.5600,-0.1679,0.0586,1.0305,-0.09,0.36,0.31,137038,129639,125938
45633788,16.4325,-14.3150,2.0825,-0.1653,0.0561,1.0218,-0.09,0.37,0.31,137068,129672,125913
45664064,24.3075,-9.7650,6.5800,-0.1676,0.0614,1.0072,-0.08,0.37,0.32,137063,129752,125889
45684568,26.0575,-7.8575,7.7000,-0.1712,0.0626,1.0015,-0.08,0.37,0.32,137074,129779,125888
45704100,22.0675,-6.2825,7.9100,-0.1764,0.0650,0.9944,-0.08,0.37,0.32,137075,129787,125854
45724608,13.7550,-4.6375,7.7175,-0.1832,0.0689,0.9865,-0.08,0.37,0.32,137055,129795,125859
45744140,4.3575,-2.8175,7.7700,-0.1936,0.0731,0.9787,-0.08,0.36,0.32,137036,129790,125863
45764648,-0.6125,-0.0350,7.8400,-0.2150,0.0717,0.9733,-0.08,0.36,0.32,137020,129771,125880
45784180,1.6100,1.6800,8.1725,-0.2303,0.0654,0.9754,-0.08,0.36,0.32,137021,129749,125880
45804688,-0.2800,3.6225,8.5925,-0.2442,0.0605,0.9792,-0.08,0.36,0.32,137022,129721,125857
45824216,-5.3550,5.4950,9.3100,-0.2596,0.0566,0.9847,-0.08,0.36,0.32,137003,129689,125867
45844728,-6.3000,7.2800,10.5700,-0.2796,0.0517,0.9925,-0.09,0.36,0.32,136990,129679,125881
45864256,-0.3850,8.7675,12.4950,-0.3030,0.0472,1.0003,-0.09,0.36,0.32,136983,129669,125855
45883788,15.6975,10.4125,15.5925,-0.3268,0.0410,1.0142,-0.08,0.36,0.32,136987,129681,125829
45904296,22.3300,11.4275,17.1500,-0.3562,0.0328,1.0241,-0.08,0.36,0.32,136991,129681,125795
45923828,22.7500,12.5650,18.0775,-0.3711,0.0298,1.0343,-0.08,0.36,0.32,136988,129700,125785
45944336,16.8350,14.1400,18.5850,-0.3783,0.0326,1.0441,-0.08,0.36,0.32,136980,129709,125768
45963868,4.3225,15.8375,18.4450,-0.3792,0.0411,1.0529,-0.09,0.36,0.32,136982,129677,125764
45984376,-14.4725,17.6400,17.9375,-0.3795,0.0498,1.0590,-0.09,0.36,0.32,136989,129585,125775
46003904,-26.7050,19.2500,17.7625,-0.3832,0.0539,1.0677,-0.10,0.36,0.32,137000,129506,125758
46024416,-9.4325,18.6550,17.8850,-0.3854,0.0503,1.0745,-0.10,0.36,0.33,137013,129472,125740
46043944,20.7725,17.4475,17.5700,-0.3902,0.0401,1.0843,-0.09,0.36,0.33,137026,129524,125693
46064452,52.3950,15.7150,16.3450,-0.3943,0.0261,1.0953,-0.09,0.36,0.33,137048,129658,125591
46083984,84.4200,12.4425,14.7350,-0.3998,0.0107,1.1124,-0.07,0.37,0.34,137102,129862,125480
46104492,84.2275,8.3125,11.9350,-0.4086,0.0115,1.1245,-0.07,0.37,0.35,137173,130007,125376
46124024,42.4725,7.1750,9.3975,-0.4070,0.0503,1.1241,-0.06,0.38,0.35,137245,130074,125314
46144532,-6.9300,6.5975,7.4725,-0.3931,0.0712,1.1256,-0.06,0.38,0.35,137317,130065,125295
46164064,-34.5275,5.8450,7.0175,-0.3623,0.0610,1.1416,-0.06,0.39,0.35,137397,130013,125285
46184568,-40.3025,4.9875,7.9275,-0.2993,0.0146,1.1692,-0.07,0.39,0.35,137486,129917,125283
46204100,-50.2075,5.2150,9.7125,-0.1932,-0.0476,1.1983,-0.08,0.40,0.35,137559,129817,125286
46224608,-90.9475,8.8025,15.0675,0.0569,-0.1238,1.2337,-0.09,0.40,0.35,137606,129597,125345
46244140,-121.6425,11.4625,19.4950,0.2500,-0.1287,1.2424,-0.11,0.40,0.34,137616,129325,125436
46264648,-115.8675,13.3000,22.5050,0.3963,-0.1060,1.2383,-0.12,0.40,0.34,137604,129121,125500
46284180,-35.4375,11.8650,24.2025,0.4909,-0.0855,1.2279,-0.12,0.40,0.34,137585,129184,125430
46304688,115.7625,7.2100,29.4875,0.5586,-0.0493,1.2180,-0.10,0.40,0.36,137550,129470,125246
46324216,155.8900,2.9750,45.2025,0.6100,0.0605,1.1739,-0.08,0.39,0.37,137499,129791,125068
46344728,175.4900,0.0000,46.7950,0.5717,0.1064,1.0939,-0.05,0.39,0.38,137442,130173,124922
46364256,151.6200,1.1025,44.2225,0.5383,0.1312,1.0265,-0.04,0.39,0.38,137398,130437,124816
46383788,67.9700,8.6625,42.4025,0.5219,0.1699,0.9365,-0.03,0.38,0.39,137348,130500,124754
46404296,11.5500,19.6000,40.8450,0.5118,0.1859,0.8398,-0.04,0.38,0.39,137279,130415,124735
46423828,-47.4775,25.7250,40.6350,0.4804,0.2052,0.7995,-0.05,0.37,0.39,137193,130233,124742
46444336,-77.2625,26.1100,40.4425,0.4469,0.2039,0.7749,-0.06,0.37,0.38,137086,130015,124803
46463868,-68.2850,24.7275,37.3100,0.3904,0.1795,0.7552,-0.08,0.36,0.38,137004,129835,124831
46484376,-29.4350,22.5400,33.8275,0.3515,0.1559,0.7547,-0.08,0.36,0.38,136932,129771,124824
46503904,18.3050,19.1975,29.9775,0.3218,0.1342,0.7710,-0.08,0.35,0.38,136861,129805,124766
46524416,51.7650,15.2075,24.8500,0.2962,0.1276,0.7940,-0.07,0.35,0.39,136796,129914,124709
46543944,57.9950,11.5325,18.8475,0.2725,0.1393,0.8159,-0.06,0.35,0.39,136745,130014,124662
46564452,35.8575,6.4925,8.9950,0.2550,0.1566,0.8381,-0.06,0.34,0.39,136712,130099,124639
46583984,16.6775,3.0450,2.2925,0.2401,0.1791,0.8718,-0.06,0.34,0.39,136698,130118,124630
46604492,-0.4725,-0.2800,-4.1650,0.2364,0.1898,0.8926,-0.06,0.34,0.39,136696,130080,124627
46624024,-18.2875,-2.4675,-9.7825,0.2298,0.1957,0.9051,-0.06,0.34,0.39,136696,130022,124664
46644532,-29.2250,-3.9200,-14.7175,0.2211,0.1953,0.9133,-0.07,0.34,0.39,136692,129956,124706
46674804,-23.5375,-7.2625,-22.8725,0.2107,0.1923,0.9281,-0.07,0.35,0.38,136727,129885,124768
46695312,-18.2700,-8.7325,-25.9000,0.2051,0.1908,0.9370,-0.07,0.35,0.38,136759,129866,124801
46714844,-10.6750,-9.8700,-28.3325,0.2072,0.1901,0.9454,-0.07,0.35,0.38,136781,129863,124828
46735352,-5.8275,-9.8875,-30.1525,0.2128,0.1884,0.9496,-0.07,0.35,0.38,136814,129863,124841
46754880,-3.6050,-9.2925,-31.1325,0.2161,0.1818,0.9515,-0.07,0.35,0.38,136842,129873,124854
46775392,0.1225,-8.9425,-31.4300,0.2164,0.1726,0.9550,-0.07,0.35,0.38,136859,129912,124873
46794920,3.5700,-9.2050,-30.9400,0.2170,0.1640,0.9575,-0.07,0.35,0.38,136870,129938,124909
46815428,-7.4725,-8.6100,-30.4150,0.2191,0.1618,0.9588,-0.07,0.36,0.37,136890,129924,124943
46834960,-28.8575,-6.9475,-29.9075,0.2187,0.1630,0.9608,-0.07,0.36,0.37,136901,129866,124985
46855468,-39.0950,-5.5125,-28.8050,0.2178,0.1590,0.9676,-0.08,0.36,0.37,136907,129793,125034
46875000,-26.3200,-5.7400,-27.1950,0.2202,0.1423,0.9800,-0.08,0.36,0.37,136899,129780,125069
46895508,-6.2825,-7.0700,-24.8850,0.2230,0.1211,0.9915,-0.08,0.35,0.36,136878,129798,125113
46915040,3.8850,-7.0000,-24.2550,0.2068,0.0997,1.0031,-0.08,0.35,0.36,136873,129812,125116
46935544,-1.7150,-6.0550,-23.9750,0.1884,0.0924,1.0092,-0.08,0.35,0.36,136856,129806,125142
46955080,-1.3650,-5.0750,-23.1525,0.1771,0.0863,1.0138,-0.08,0.35,0.36,136835,129807,125159
46975584,6.5450,-4.7600,-22.2250,0.1732,0.0799,1.0171,-0.07,0.35,0.36,136799,129846,125178
46995116,13.0725,-4.7950,-22.2775,0.1637,0.0736,1.0178,-0.07,0.35,0.36,136769,129880,125212
47015624,7.0350,-4.4975,-23.6600,0.1313,0.0660,1.0147,-0.07,0.35,0.36,136740,129899,125221
47035156,-0.2800,-4.5325,-24.7975,0.1183,0.0628,1.0158,-0.07,0.34,0.36,136709,129895,125241
47055664,-3.8500,-5.3550,-25.4450,0.1133,0.0599,1.0204,-0.07,0.34,0.35,136684,129901,125275
47075196,-4.3750,-6.5100,-25.7250,0.1027,0.0558,1.0261,-0.07,0.34,0.35,136653,129891,125309
47095704,-3.3600,-7.5600,-25.5500,0.0869,0.0520,1.0341,-0.07,0.34,0.35,136628,129894,125342
47115232,-5.9150,-8.3300,-25.4800,0.0695,0.0520,1.0421,-0.07,0.34,0.35,136604,129889,125382
47135744,-11.8300,-9.4850,-25.8125,0.0439,0.0529,1.0548,-0.07,0.34,0.35,136595,129875,125406
47155272,-10.5175,-10.2200,-25.2175,0.0285,0.0540,1.0632,-0.07,0.34,0.35,136587,129862,125415
47174804,-4.6025,-10.8850,-23.8525,0.0124,0.0567,1.0716,-0.07,0.34,0.34,136574,129868,125451
47195312,1.6275,-11.3225,-22.4875,-0.0073,0.0610,1.0804,-0.07,0.33,0.34,136552,129907,125468
47214844,6.5800,-11.7775,-21.5250,-0.0303,0.0669,1.0913,-0.07,0.33,0.34,136547,129941,125493
47235352,8.5225,-11.9350,-21.0700,-0.0527,0.0741,1.1030,-0.07,0.33,0.34,136558,129966,125476
47254880,0.4375,-12.1625,-20.5800,-0.0778,0.0831,1.1146,-0.07,0.34,0.34,136562,129995,125477
47275392,-10.7275,-11.8825,-20.4925,-0.0913,0.0881,1.1170,-0.07,0.34,0.34,136571,130001,125509
47294920,-21.6300,-11.3750,-20.2650,-0.1046,0.0958,1.1152,-0.07,0.34,0.34,136574,129991,125550
47315428,-22.3300,-11.3575,-19.6350,-0.1183,0.1020,1.1124,-0.07,0.34,0.34,136578,129965,125577
47334960,-16.2925,-11.5150,-18.6900,-0.1302,0.1071,1.1063,-0.07,0.34,0.34,136593,129958,125578
47355468,-13.5275,-11.2875,-18.2525,-0.1342,0.1115,1.0978,-0.07,0.34,0.33,136594,129954,125601
47375000,-13.7900,-10.8675,-18.2175,-0.1280,0.1074,1.0849,-0.07,0.34,0.33,136590,129949,125621
47395508,-18.8475,-10.5525,-17.5700,-0.1246,0.1050,1.0760,-0.07,0.34,0.33,136579,129925,125671
47415040,-26.2150,-10.5700,-16.7300,-0.1276,0.0997,1.0684,-0.07,0.34,0.33,136580,129882,125703
47435544,-34.9825,-10.7450,-15.4875,-0.1370,0.0908,1.0613,-0.08,0.34,0.33,136593,129796,125733
47455080,-45.0975,-10.7275,-12.9850,-0.1521,0.0806,1.0553,-0.08,0.34,0.32,136609,129716,125770
47475584,-47.1625,-10.7625,-7.5600,-0.1882,0.0583,1.0494,-0.09,0.34,0.32,136619,129643,125844
47495116,-29.9425,-11.4100,-3.9025,-0.2175,0.0371,1.0479,-0.09,0.34,0.32,136631,129634,125890
47515624,-2.2050,-12.3725,-0.5250,-0.2460,0.0192,1.0442,-0.09,0.34,0.32,136641,129657,125881
47535156,28.1050,-13.1250,2.8000,-0.2677,0.0142,1.0363,-0.08,0.34,0.32,136654,129718,125848
47555664,53.7425,-13.5100,5.3375,-0.2843,0.0173,1.0242,-0.08,0.34,0.32,136665,129829,125791
47575196,66.3600,-13.3700,7.3500,-0.3000,0.0244,1.0077,-0.07,0.34,0.33,136649,129943,125738
47595704,53.9700,-11.7250,8.9075,-0.3185,0.0432,0.9838,-0.06,0.34,0.33,136643,130035,125719
47615232,28.8225,-9.4500,8.7325,-0.3257,0.0593,0.9704,-0.06,0.34,0.33,136653,130067,125727
47635744,1.8025,-6.9300,8.3650,-0.3318,0.0722,0.9597,-0.06,0.34,0.33,136681,130029,125719
47674804,-24.7975,-2.4850,9.2400,-0.3455,0.0819,0.9496,-0.07,0.34,0.32,136706,129904,125755
47694336,-24.1850,-0.8050,10.2550,-0.3520,0.0817,0.9500,-0.07,0.34,0.32,136712,129869,125791
47713868,-17.9550,0.7525,11.7075,-0.3576,0.0777,0.9548,-0.08,0.34,0.32,136719,129820,125795
47734376,-4.9350,2.6250,14.3850,-0.3675,0.0695,0.9704,-0.08,0.35,0.32,136737,129795,125794
47753904,1.1375,3.8150,16.3100,-0.3738,0.0675,0.9830,-0.08,0.35,0.32,136754,129764,125780
47774416,6.5975,5.1275,18.6025,-0.3802,0.0659,0.9947,-0.08,0.35,0.32,136758,129766,125777
47793944,14.7525,6.1775,20.9825,-0.3877,0.0620,1.0044,-0.08,0.35,0.32,136763,129792,125774
47814452,27.6150,6.7900,22.8550,-0.3972,0.0562,1.0153,-0.07,0.35,0.33,136778,129854,125740
47833984,52.7275,6.8075,24.1500,-0.4077,0.0511,1.0285,-0.07,0.35,0.33,136805,129921,125663
47854492,65.4850,6.9475,24.0800,-0.4233,0.0470,1.0490,-0.06,0.35,0.34,136834,130021,125574
47874024,66.8675,7.7350,23.5375,-0.4280,0.0484,1.0607,-0.06,0.35,0.34,136866,130131,125526
47894532,60.5500,8.7325,22.5750,-0.4260,0.0534,1.0714,-0.05,0.35,0.34,136888,130235,125489
47914064,49.7700,10.2025,21.4025,-0.4155,0.0644,1.0765,-0.05,0.36,0.34,136916,130294,125443
47934568,40.0050,11.4275,20.1425,-0.3949,0.0767,1.0798,-0.04,0.36,0.35,136970,130347,125381
47954100,25.4450,11.7950,18.5325,-0.3593,0.0932,1.0782,-0.04,0.36,0.35,137010,130367,125344
47974608,15.4000,10.8850,17.8850,-0.3467,0.1008,1.0684,-0.04,0.37,0.35,137058,130384,125301
47994140,18.8125,8.0675,17.3775,-0.3376,0.1042,1.0607,-0.04,0.37,0.35,137111,130425,125276
48014648,31.4300,3.7100,16.5900,-0.3284,0.1037,1.0570,-0.04,0.37,0.36,137186,130491,125237
48034180,35.7875,-0.8400,15.2775,-0.3135,0.1016,1.0629,-0.03,0.38,0.36,137280,130549,125171
48054688,13.9475,-4.6375,15.4525,-0.2913,0.1030,1.0809,-0.04,0.39,0.36,137386,130464,125184
48074216,-112.5950,-2.6600,17.9200,-0.2355,0.1166,1.1003,-0.06,0.39,0.35,137470,130144,125262
48094728,-214.3575,3.2550,22.2950,-0.1874,0.1038,1.1109,-0.09,0.39,0.34,137532,129608,125461
48114256,-292.9150,10.4300,29.1550,-0.0971,0.0587,1.1245,-0.13,0.40,0.32,137566,128954,125750
48133788,-292.7575,15.4700,37.3275,0.0528,-0.0179,1.1558,-0.16,0.40,0.31,137577,128437,125987
48154296,-164.6400,17.6400,43.5750,0.2229,-0.1164,1.1945,-0.17,0.39,0.31,137541,128312,125978
48173828,54.0750,19.6350,46.3750,0.3515,-0.1968,1.2202,-0.14,0.39,0.33,137471,128706,125666
48194336,366.2400,23.1000,41.4750,0.4809,-0.2481,1.2123,-0.09,0.38,0.36,137379,129563,125153
48213868,461.9475,25.3750,33.1100,0.5323,-0.2316,1.1533,-0.03,0.38,0.39,137306,130584,124759
48234376,437.3775,27.1950,22.9075,0.5614,-0.1730,1.0679,0.03,0.38,0.40,137246,131537,124505
48253904,313.9150,29.0325,13.1775,0.5738,-0.0754,0.9819,0.06,0.37,0.41,137184,132087,124387
48274416,161.2100,30.1525,6.4575,0.5741,0.0357,0.9057,0.07,0.37,0.41,137115,132250,124348
48293944,-54.5300,32.1125,3.8150,0.5580,0.1418,0.8342,0.06,0.36,0.41,137042,132060,124347
48314452,-140.7000,31.7275,5.8800,0.5337,0.2535,0.7509,0.04,0.36,0.41,136967,131658,124357
48333984,-180.5300,29.5400,9.2400,0.5056,0.3015,0.7100,0.01,0.36,0.41,136911,131209,124399
48354492,-179.7250,26.6175,12.0225,0.4618,0.3235,0.6845,-0.02,0.35,0.40,136861,130760,124448
48374024,-146.1600,22.6100,14.1400,0.4164,0.3209,0.6826,-0.04,0.35,0.40,136804,130465,124511
48394532,-101.3950,19.0400,15.0325,0.3714,0.3015,0.6961,-0.05,0.35,0.40,136755,130288,124571
48414064,-40.5650,14.1750,14.9450,0.3160,0.2734,0.7294,-0.05,0.34,0.40,136704,130187,124589
48434568,-18.6725,10.9200,13.9650,0.2838,0.2679,0.7543,-0.06,0.34,0.40,136673,130140,124580
48454100,-5.5300,7.2625,12.6700,0.2572,0.2712,0.7787,-0.06,0.34,0.40,136652,130118,124567
48474608,-2.5725,3.2550,10.9550,0.2335,0.2771,0.8009,-0.06,0.34,0.40,136617,130081,124590
48494140,-5.3725,-0.8400,8.4175,0.2141,0.2801,0.8230,-0.06,0.34,0.39,136594,130053,124613
48514648,-14.1050,-6.8775,3.2375,0.1976,0.2841,0.8428,-0.07,0.34,0.39,136586,129978,124641
48534180,-32.5325,-10.6575,-0.9275,0.1759,0.2913,0.8725,-0.07,0.34,0.39,136596,129878,124691
48554688,-46.4100,-13.8250,-5.2150,0.1691,0.2939,0.8912,-0.08,0.34,0.39,136620,129732,124745
48574216,-55.2125,-16.2400,-9.7125,0.1680,0.2904,0.9055,-0.09,0.34,0.38,136651,129611,124827
48594728,-61.8625,-17.4300,-14.3850,0.1735,0.2782,0.9111,-0.10,0.34,0.38,136680,129479,124922
48614256,-56.8575,-17.9550,-18.7075,0.1799,0.2591,0.9187,-0.10,0.35,0.37,136727,129401,124990
48633788,-34.6500,-18.3925,-22.4350,0.1808,0.2392,0.9313,-0.10,0.35,0.37,136767,129371,125030
48654296,1.1725,-18.6550,-26.2850,0.1813,0.2090,0.9445,-0.10,0.35,0.37,136827,129415,125024
48684568,11.0425,-18.8475,-28.2450,0.1913,0.1842,0.9433,-0.10,0.36,0.37,136893,129489,125052
48704100,12.4425,-18.8650,-28.9800,0.1950,0.1770,0.9415,-0.09,0.36,0.37,136938,129542,125066
48724608,11.0425,-18.6375,-29.1725,0.1940,0.1713,0.9426,-0.09,0.36,0.37,136984,129601,125075
48744140,6.9475,-18.4100,-28.8925,0.1940,0.1608,0.9465,-0.09,0.36,0.36,137012,129643,125111
48764648,11.7600,-17.9725,-28.2275,0.1959,0.1414,0.9551,-0.08,0.36,0.36,137051,129715,125136
48784180,9.3450,-17.3775,-28.1225,0.1875,0.1375,0.9611,-0.08,0.37,0.36,137082,129752,125145
48804688,10.4475,-17.1500,-27.9650,0.1799,0.1312,0.9731,-0.08,0.37,0.36,137113,129798,125147
48824216,13.8950,-16.9575,-27.7900,0.1725,0.1233,0.9827,-0.07,0.37,0.36,137126,129851,125164
48844728,19.8100,-17.2550,-27.9125,0.1685,0.1129,0.9915,-0.07,0.37,0.36,137133,129931,125189
48864256,27.1775,-17.4300,-28.3150,0.1673,0.1020,0.9987,-0.07,0.37,0.36,137145,130003,125191
48883788,18.6025,-16.3800,-28.5600,0.1510,0.1015,1.0099,-0.06,0.37,0.36,137150,130040,125195
48904296,-1.5050,-14.5075,-28.4550,0.1363,0.1069,1.0192,-0.06,0.37,0.36,137156,130045,125222
48923828,-22.9775,-12.4075,-28.5250,0.1221,0.1098,1.0296,-0.07,0.37,0.35,137146,129999,125285
48944336,-34.3350,-10.8500,-28.5250,0.1119,0.1076,1.0372,-0.07,0.37,0.35,137129,129950,125357
48963868,-34.2125,-10.1150,-28.7700,0.1048,0.0998,1.0425,-0.07,0.37,0.35,137122,129892,125417
48984376,-18.0250,-9.9050,-29.4000,0.0903,0.0817,1.0524,-0.07,0.37,0.34,137120,129890,125422
49003904,-8.7675,-9.1350,-29.5575,0.0756,0.0744,1.0609,-0.07,0.37,0.34,137122,129886,125443
49024416,-10.7800,-8.1375,-29.8200,0.0608,0.0714,1.0675,-0.07,0.37,0.34,137101,129873,125486
49043944,-18.5850,-6.8775,-29.6625,0.0505,0.0693,1.0681,-0.07,0.37,0.34,137085,129857,125528
49064452,-13.1075,-6.4575,-29.0675,0.0461,0.0658,1.0641,-0.07,0.37,0.34,137071,129887,125541
49083984,3.8675,-6.5800,-28.0875,0.0414,0.0623,1.0574,-0.07,0.37,0.34,137076,129932,125531
49104492,13.1600,-6.4575,-26.6175,0.0344,0.0605,1.0431,-0.07,0.37,0.34,137073,129981,125522
49124024,10.2900,-6.4925,-25.6725,0.0327,0.0593,1.0358,-0.06,0.37,0.34,137069,130035,125529
49144532,13.6150,-7.0875,-24.5350,0.0295,0.0566,1.0372,-0.06,0.37,0.34,137056,130112,125545
49164064,20.5275,-7.9975,-23.0650,0.0229,0.0561,1.0436,-0.05,0.37,0.34,137062,130189,125538
49184568,23.2400,-8.4350,-21.2100,0.0154,0.0586,1.0492,-0.05,0.37,0.34,137053,130248,125511
49204100,13.5450,-8.5225,-19.0050,0.0070,0.0660,1.0509,-0.05,0.37,0.34,137070,130266,125513
49224608,-19.8800,-7.0175,-15.7850,0.0033,0.0827,1.0458,-0.05,0.37,0.34,137057,130225,125538
49244140,-36.6975,-5.9150,-13.9650,0.0007,0.0914,1.0452,-0.05,0.36,0.34,137033,130176,125581
49264648,-44.2925,-4.9525,-12.5650,-0.0044,0.0933,1.0470,-0.06,0.36,0.33,137005,130091,125635
49284180,-43.1375,-4.6025,-11.5675,-0.0078,0.0863,1.0514,-0.06,0.36,0.33,136993,130012,125658
49304688,-35.6125,-5.0225,-10.9375,-0.0084,0.0731,1.0555,-0.07,0.36,0.33,136981,129958,125682
49324216,-27.9125,-5.6875,-9.5375,-0.0076,0.0610,1.0558,-0.07,0.36,0.33,136951,129919,125717
49344728,-24.6400,-5.8450,-8.5050,-0.0129,0.0539,1.0505,-0.07,0.36,0.32,136928,129872,125761
49364256,-25.0600,-5.8800,-7.6125,-0.0244,0.0589,1.0480,-0.08,0.36,0.32,136917,129836,125779
49383788,-30.6075,-5.2325,-6.8950,-0.0386,0.0675,1.0453,-0.08,0.36,0.32,136910,129772,125811
49404296,-38.1150,-4.1825,-6.2475,-0.0471,0.0672,1.0448,-0.08,0.36,0.32,136902,129691,125847
49423828,-45.0800,-3.1500,-6.0375,-0.0490,0.0545,1.0443,-0.09,0.36,0.32,136897,129621,125886
49444336,-45.5875,-3.1150,-6.6150,-0.0589,0.0267,1.0405,-0.09,0.35,0.31,136886,129558,125956
49463868,-38.3075,-3.8675,-6.4400,-0.0764,0.0146,1.0363,-0.10,0.35,0.31,136860,129499,126004
49484376,-31.3250,-4.4100,-5.4250,-0.1004,0.0095,1.0313,-0.10,0.35,0.31,136850,129446,126029
49503904,-28.0525,-4.2875,-3.4300,-0.1242,0.0085,1.0244,-0.10,0.35,0.31,136836,129373,126042
49524416,-23.8700,-3.9025,-1.2425,-0.1459,0.0029,1.0182,-0.11,0.35,0.30,136811,129330,126085
49543944,-14.6125,-4.2350,0.2800,-0.1671,-0.0104,1.0128,-0.11,0.35,0.30,136777,129324,126095
49564452,2.2750,-5.5300,0.8225,-0.2059,-0.0321,1.0052,-0.11,0.35,0.30,136764,129316,126108
49583984,11.5850,-6.4750,0.9450,-0.2345,-0.0360,0.9995,-0.11,0.35,0.30,136772,129335,126091
49604492,15.9950,-7.1750,1.0150,-0.2618,-0.0301,0.9937,-0.11,0.35,0.31,136793,129344,126056
49624024,13.9825,-7.5250,0.9800,-0.2858,-0.0222,0.9860,-0.10,0.35,0.30,136816,129369,126078
49644532,8.2775,-7.4200,0.8750,-0.3070,-0.0171,0.9797,-0.10,0.35,0.30,136832,129393,126094
49664064,-1.8900,-6.5100,0.9275,-0.3246,-0.0148,0.9749,-0.10,0.35,0.30,136858,129378,126087
49694336,-17.5875,-3.2550,2.5550,-0.3509,-0.0177,0.9736,-0.11,0.36,0.30,136909,129303,126131
49713868,-15.6275,-1.9250,4.2700,-0.3605,-0.0216,0.9765,-0.11,0.36,0.30,136936,129268,126166
49734376,-7.8050,-0.9800,6.4575,-0.3734,-0.0244,0.9817,-0.11,0.36,0.30,136981,129250,126148
49753904,-0.1575,0.0000,9.4150,-0.3884,-0.0232,0.9875,-0.11,0.36,0.30,137009,129241,126155
49774416,7.8225,0.7700,12.5825,-0.4077,-0.0232,0.9959,-0.11,0.36,0.30,137026,129251,126136
49793944,18.7250,1.2425,16.5025,-0.4383,-0.0292,1.0158,-0.11,0.36,0.30,137035,129276,126111
49814452,24.5000,1.4350,18.5325,-0.4514,-0.0349,1.0304,-0.11,0.37,0.30,137061,129303,126097
49833984,24.0100,1.5750,20.1250,-0.4569,-0.0393,1.0451,-0.11,0.37,0.31,137099,129303,126068
49854492,8.3300,2.3975,21.5250,-0.4521,-0.0415,1.0573,-0.11,0.37,0.31,137131,129256,126059
49874024,-18.4450,4.0425,22.8025,-0.4402,-0.0447,1.0719,-0.12,0.37,0.30,137157,129160,126115
49894532,-43.6625,5.8975,24.2375,-0.4231,-0.0529,1.0902,-0.12,0.37,0.30,137173,129037,126172
49914064,-44.5725,7.3325,26.3375,-0.3898,-0.0824,1.1197,-0.13,0.37,0.30,137197,128936,126205
49934568,-19.5125,6.7200,26.9850,-0.3654,-0.1055,1.1328,-0.13,0.38,0.30,137235,128871,126196
49954100,11.4450,5.0575,26.9850,-0.3444,-0.1227,1.1366,-0.13,0.38,0.30,137279,128891,126131
49974608,41.5625,2.5550,26.6350,-0.3305,-0.1368,1.1368,-0.13,0.38,0.31,137326,128981,126058
49994140,72.4325,-1.0325,26.2150,-0.3218,-0.1501,1.1378,-0.12,0.38,0.31,137376,129142,125930
50014648,111.1775,-4.9350,23.9750,-0.3123,-0.1643,1.1366,-0.10,0.39,0.32,137449,129364,125788
50034180,115.8500,-5.7575,22.3300,-0.3028,-0.1720,1.1422,-0.09,0.39,0.33,137533,129584,125656
50054688,85.7325,-3.7275,22.1550,-0.2823,-0.1813,1.1531,-0.08,0.40,0.34,137617,129714,125543
50074216,24.0275,0.5775,24.1675,-0.2451,-0.1942,1.1558,-0.08,0.40,0.34,137673,129694,125515
50094728,-32.5150,4.8825,28.9625,-0.1804,-0.2325,1.1570,-0.09,0.41,0.34,137713,129571,125546
50114256,-71.8900,9.1175,35.4200,-0.0590,-0.2826,1.1577,-0.10,0.41,0.33,137747,129384,125595
50133788,-86.0125,16.4325,46.2000,0.1226,-0.3094,1.1563,-0.12,0.41,0.33,137737,129184,125633
50154296,-48.7375,21.6125,51.6250,0.4143,-0.2850,1.1542,-0.12,0.40,0.33,137685,129049,125615
50173828,28.2100,24.9375,53.4275,0.5330,-0.2244,1.1484,-0.12,0.40,0.34,137603,129134,125506
50194336,108.5525,27.8075,50.4875,0.5671,-0.1557,1.1235,-0.10,0.39,0.35,137503,129414,125309
50213868,169.7150,28.7525,44.6250,0.5800,-0.1104,1.0990,-0.08,0.39,0.37,137406,129748,125085
50234376,160.7375,29.2775,37.9925,0.5888,-0.0632,1.0645,-0.07,0.38,0.37,137321,129995,124934
50253904,51.5375,30.9925,31.4650,0.5832,0.0239,0.9931,-0.06,0.38,0.38,137239,130030,124872
50274416,-16.0650,31.9725,31.3775,0.5645,0.0738,0.9385,-0.07,0.37,0.38,137135,129934,124860
50293944,-56.5250,32.0950,33.5650,0.5350,0.1111,0.8899,-0.08,0.36,0.38,137037,129766,124885
50314452,-64.0850,30.5200,36.8025,0.5024,0.1358,0.8573,-0.09,0.36,0.38,136928,129598,124923
50333984,-49.3675,27.9125,38.3425,0.4746,0.1419,0.8402,-0.10,0.35,0.38,136832,129479,124917
50354492,-19.9150,25.1125,37.3800,0.4443,0.1344,0.8336,-0.10,0.35,0.38,136740,129445,124891
50374024,28.1400,21.8050,31.5525,0.3853,0.1165,0.8298,-0.10,0.34,0.38,136661,129515,124849
50394532,49.1050,19.3725,25.6375,0.3484,0.1122,0.8324,-0.09,0.34,0.38,136583,129608,124792
50414064,51.7300,16.0125,19.1450,0.3177,0.1197,0.8381,-0.08,0.33,0.39,136529,129694,124732
50434568,40.2675,11.7250,12.6875,0.2935,0.1342,0.8480,-0.08,0.33,0.39,136497,129754,124685
50454100,24.9550,7.0175,6.6850,0.2738,0.1484,0.8636,-0.08,0.33,0.39,136480,129796,124676
50474608,14.5600,0.0525,-0.8400,0.2523,0.1684,0.8932,-0.08,0.33,0.39,136478,129816,124676
50494140,-2.8350,-3.0975,-6.0900,0.2335,0.1900,0.9115,-0.08,0.33,0.39,136463,129804,124687
50514648,-25.4450,-5.1450,-11.4275,0.2178,0.2000,0.9298,-0.08,0.33,0.39,136484,129724,124724
50534180,-39.8300,-6.1075,-16.3100,0.2079,0.2037,0.9451,-0.09,0.33,0.38,136505,129627,124786
50554688,-39.4100,-7.1925,-20.7725,0.2036,0.2072,0.9579,-0.09,0.33,0.38,136536,129564,124816
50574216,-30.9225,-8.1025,-25.0250,0.2061,0.2065,0.9672,-0.09,0.33,0.38,136555,129516,124876
50594728,-18.6200,-8.3825,-29.9950,0.2155,0.1972,0.9758,-0.10,0.34,0.38,136571,129501,124917
50614256,-14.7525,-8.1375,-32.3050,0.2216,0.1901,0.9784,-0.10,0.34,0.37,136593,129499,124951
50633788,-15.1900,-7.6125,-33.8975,0.2295,0.1818,0.9797,-0.10,0.34,0.37,136620,129479,124979
50654296,-19.3900,-6.4925,-34.4575,0.2372,0.1696,0.9801,-0.10,0.34,0.37,136643,129439,125001
50673828,-24.6750,-4.6200,-33.9500,0.2419,0.1541,0.9784,-0.10,0.34,0.37,136643,129412,125049
