35328124,-16.1000,1.5925,2.2050,-0.1834,-0.0920,0.9412,0.23,-0.10,0.43,129506,134864,123955
35348632,-19.6875,2.1700,2.1350,-0.1767,-0.0891,0.9427,0.23,-0.10,0.43,129502,134803,123957
35368164,-26.4075,2.9225,1.8200,-0.1728,-0.0895,0.9445,0.22,-0.10,0.44,129486,134741,123944
35388672,-28.2800,3.1325,0.9800,-0.1697,-0.0925,0.9489,0.22,-0.10,0.44,129459,134671,123937
35408204,-26.7225,3.4825,0.4550,-0.1669,-0.0943,0.9551,0.22,-0.10,0.44,129444,134631,123938
35428712,-18.4625,3.9725,0.7350,-0.1638,-0.0974,0.9664,0.22,-0.10,0.44,129435,134601,123943
35448240,-9.8175,4.0950,0.8925,-0.1645,-0.1008,0.9739,0.21,-0.10,0.43,129424,134584,123976
35468752,-4.4275,4.3225,0.8050,-0.1664,-0.1030,0.9804,0.21,-0.10,0.43,129407,134582,123996
35488280,-0.7000,4.7075,0.7700,-0.1679,-0.1055,0.9855,0.22,-0.10,0.43,129383,134608,124043
35507812,4.9000,4.5325,0.4550,-0.1690,-0.1076,0.9894,0.22,-0.10,0.43,129362,134636,124056
35528320,10.0100,5.3900,-0.4900,-0.1699,-0.1087,0.9931,0.22,-0.10,0.43,129356,134678,124100
35547852,14.1750,5.7225,-0.7700,-0.1696,-0.1072,1.0036,0.22,-0.11,0.42,129345,134737,124155
35568360,12.9325,5.8100,-1.4525,-0.1669,-0.0998,1.0078,0.23,-0.11,0.42,129332,134775,124204
35587888,2.0825,6.3525,-2.3450,-0.1591,-0.0899,1.0063,0.23,-0.11,0.42,129312,134779,124233
35608400,-8.6275,6.9825,-3.0100,-0.1470,-0.0844,1.0024,0.22,-0.11,0.42,129293,134747,124264
35627928,-13.6850,7.5075,-3.6050,-0.1359,-0.0837,0.9998,0.22,-0.11,0.41,129283,134732,124307
35648436,-1.9250,7.7000,-4.5500,-0.1274,-0.0880,1.0048,0.22,-0.11,0.41,129268,134733,124348
35667968,11.6725,7.4900,-4.9525,-0.1237,-0.0898,1.0110,0.23,-0.11,0.41,129253,134778,124409
35688476,19.7575,6.9125,-5.2675,-0.1208,-0.0867,1.0136,0.23,-0.11,0.40,129240,134841,124456
35708008,17.1675,6.4750,-5.3550,-0.1191,-0.0752,1.0093,0.23,-0.11,0.40,129226,134878,124499
35728516,3.3425,6.7725,-5.2500,-0.1204,-0.0588,1.0009,0.23,-0.11,0.40,129218,134854,124543
35748048,-13.2475,8.4875,-5.1275,-0.1210,-0.0487,0.9976,0.23,-0.11,0.40,129205,134826,124585
35768552,-10.7275,10.0975,-5.0575,-0.1191,-0.0464,1.0081,0.23,-0.11,0.39,129196,134825,124636
35788084,-1.4525,10.3075,-4.9525,-0.1171,-0.0447,1.0125,0.23,-0.12,0.39,129178,134833,124690
35808592,-2.5550,10.7800,-4.8825,-0.1166,-0.0368,1.0083,0.23,-0.12,0.39,129161,134836,124728
35828124,-9.9750,11.6375,-4.5150,-0.1158,-0.0300,1.0031,0.23,-0.12,0.38,129145,134813,124787
35848632,-14.4725,12.9325,-4.1650,-0.1138,-0.0296,1.0037,0.23,-0.12,0.38,129150,134800,124822
35868164,-7.8050,13.1950,-4.3225,-0.1085,-0.0353,1.0097,0.23,-0.12,0.38,129133,134813,124880
35888672,10.9725,12.1450,-6.0200,-0.0917,-0.0414,1.0165,0.23,-0.12,0.37,129112,134853,124950
35908204,15.3125,11.7775,-6.3525,-0.0830,-0.0410,1.0150,0.23,-0.12,0.37,129092,134891,124994
35928712,10.9550,12.2675,-5.9325,-0.0814,-0.0356,1.0120,0.23,-0.12,0.37,129097,134919,125064
35948240,5.1975,12.6175,-5.7225,-0.0826,-0.0292,1.0108,0.24,-0.12,0.36,129096,134935,125132
35968752,-1.8375,12.7575,-5.4950,-0.0854,-0.0246,1.0103,0.24,-0.12,0.36,129082,134923,125158
35988280,-15.2775,13.4925,-5.5825,-0.0893,-0.0218,1.0092,0.23,-0.12,0.36,129067,134918,125191
36007812,-12.2150,13.3175,-5.9675,-0.0891,-0.0231,1.0125,0.23,-0.12,0.36,129055,134916,125237
36028320,0.7175,12.6525,-6.1600,-0.0834,-0.0281,1.0214,0.24,-0.12,0.35,129056,134937,125301
36047852,11.7075,11.9350,-6.7550,-0.0766,-0.0312,1.0293,0.24,-0.12,0.35,129058,134975,125366
36068360,15.1375,11.2350,-7.0000,-0.0698,-0.0301,1.0360,0.24,-0.12,0.35,129064,134996,125416
36087888,15.0850,9.7475,-6.8250,-0.0617,-0.0285,1.0403,0.24,-0.12,0.34,129057,135051,125454
36108400,-2.8875,7.7525,-6.9300,-0.0584,-0.0214,1.0397,0.24,-0.12,0.34,129054,135044,125481
36127928,-16.7650,6.7375,-7.1750,-0.0571,-0.0190,1.0409,0.24,-0.12,0.34,129066,135013,125498
36148436,-20.7200,5.4075,-7.5425,-0.0499,-0.0229,1.0475,0.24,-0.12,0.34,129080,134983,125524
36167968,-13.2300,3.3950,-7.7875,-0.0362,-0.0300,1.0575,0.24,-0.12,0.34,129101,134975,125540
36188476,-3.5000,1.3300,-7.8925,-0.0205,-0.0364,1.0657,0.24,-0.12,0.34,129112,134984,125546
36208008,-2.4500,-0.2975,-7.3850,-0.0056,-0.0409,1.0684,0.24,-0.12,0.34,129115,134984,125546
36228516,-11.2525,-1.7325,-6.4750,0.0166,-0.0460,1.0682,0.24,-0.12,0.34,129133,134959,125558
36248048,-14.8925,-2.4500,-5.8275,0.0366,-0.0526,1.0697,0.24,-0.12,0.34,129164,134930,125549
36268552,-13.7725,-3.4475,-5.4775,0.0617,-0.0630,1.0723,0.23,-0.12,0.34,129185,134903,125541
36288084,-11.8300,-4.4450,-5.4775,0.0930,-0.0760,1.0741,0.23,-0.11,0.34,129190,134887,125530
36318360,-8.1375,-4.9875,-4.6550,0.1346,-0.0952,1.0735,0.23,-0.11,0.34,129219,134826,125509
36337888,-4.0600,-4.6375,-3.2900,0.1598,-0.1064,1.0714,0.23,-0.11,0.34,129207,134827,125492
36358400,-4.3750,-4.3750,-2.3450,0.1978,-0.1198,1.0642,0.23,-0.11,0.34,129206,134815,125476
36377928,-3.0975,-4.5500,-1.1900,0.2203,-0.1283,1.0577,0.23,-0.11,0.34,129202,134807,125463
36398436,5.7575,-5.2150,-0.0175,0.2410,-0.1379,1.0533,0.23,-0.11,0.34,129210,134806,125452
36417968,16.6250,-6.1600,0.6650,0.2617,-0.1464,1.0514,0.23,-0.11,0.34,129207,134826,125449
36438476,31.5000,-7.7175,1.5925,0.2804,-0.1523,1.0546,0.23,-0.11,0.34,129194,134897,125434
36458008,40.5125,-9.3450,3.6225,0.3021,-0.1436,1.0623,0.24,-0.12,0.34,129178,134962,125424
36478516,31.5000,-9.9050,5.0400,0.3121,-0.1290,1.0640,0.24,-0.12,0.34,129180,134985,125431
36498048,19.0050,-11.0075,5.4600,0.3212,-0.1130,1.0621,0.24,-0.12,0.35,129184,134983,125394
36518552,4.6200,-12.3725,5.4250,0.3243,-0.0986,1.0560,0.24,-0.12,0.35,129167,134942,125328
36538084,-8.4875,-12.9150,5.2500,0.3204,-0.0845,1.0498,0.23,-0.12,0.35,129147,134890,125261
36558592,-5.8625,-13.3000,4.9000,0.3120,-0.0742,1.0486,0.23,-0.12,0.36,129122,134866,125188
36578124,9.7825,-13.8075,4.3925,0.2922,-0.0686,1.0570,0.23,-0.12,0.36,129119,134855,125143
36598632,18.4800,-13.6500,3.3075,0.2762,-0.0631,1.0629,0.23,-0.12,0.37,129109,134851,125078
36618164,23.1000,-13.2825,1.1550,0.2589,-0.0556,1.0685,0.23,-0.12,0.37,129087,134881,125036
36638672,24.5875,-12.5300,-0.7525,0.2400,-0.0477,1.0736,0.23,-0.12,0.37,129050,134889,124968
36658204,26.9675,-12.0575,-2.5725,0.2198,-0.0377,1.0771,0.23,-0.12,0.38,129036,134913,124898
36678712,35.0175,-12.7575,-3.9550,0.1884,-0.0190,1.0834,0.24,-0.13,0.38,129021,134954,124849
36698240,42.1575,-13.7550,-4.2875,0.1574,-0.0027,1.0924,0.24,-0.12,0.38,129031,135006,124784
36718752,45.2200,-14.4025,-4.3925,0.1202,0.0198,1.0975,0.24,-0.13,0.39,129016,135072,124744
36738280,43.5225,-13.8425,-4.2875,0.0869,0.0473,1.0941,0.25,-0.13,0.39,129021,135144,124679
36757812,53.6550,-13.5100,-4.3575,0.0576,0.0736,1.0846,0.26,-0.12,0.39,129024,135257,124632
36778320,64.5575,-12.3375,-3.7450,0.0242,0.1065,1.0702,0.26,-0.12,0.39,129031,135393,124603
36797852,58.5900,-9.1000,-0.2275,-0.0246,0.1508,1.0526,0.27,-0.12,0.40,129043,135501,124589
36818360,46.9525,-5.9500,3.9550,-0.1292,0.2162,1.0363,0.28,-0.12,0.40,129055,135606,124550
36837888,46.2875,-4.2700,7.9275,-0.2030,0.2446,1.0368,0.28,-0.12,0.40,129054,135714,124550
36858400,29.7850,-2.3450,12.9325,-0.2763,0.2597,1.0348,0.29,-0.12,0.40,129068,135771,124517
36877928,4.4450,-0.9275,16.6425,-0.3560,0.2583,1.0370,0.29,-0.12,0.40,129095,135772,124489
36898436,-13.3525,-1.5925,18.6025,-0.4165,0.2275,1.0459,0.29,-0.12,0.40,129137,135742,124443
36917968,-38.8325,-5.2325,16.6425,-0.4457,0.1486,1.0466,0.28,-0.12,0.41,129174,135652,124378
36938476,-55.8950,-7.4900,13.2300,-0.4386,0.0926,1.0331,0.27,-0.11,0.41,129209,135515,124290
36958008,-62.2125,-9.6950,10.1150,-0.4241,0.0421,1.0158,0.26,-0.11,0.42,129255,135375,124215
36978516,-57.2425,-10.8325,8.4700,-0.4064,0.0002,0.9983,0.26,-0.11,0.42,129305,135264,124147
36998048,-42.1575,-11.2175,8.0150,-0.3867,-0.0337,0.9827,0.25,-0.10,0.42,129354,135206,124114
37018552,-16.3275,-12.1450,7.7000,-0.3656,-0.0605,0.9727,0.25,-0.10,0.43,129402,135219,124097
37038084,10.0275,-12.1100,7.2450,-0.3294,-0.0781,0.9601,0.26,-0.10,0.43,129438,135258,124077
37058592,5.7400,-11.2350,6.0375,-0.3023,-0.0749,0.9490,0.26,-0.10,0.43,129467,135279,124060
37078124,-10.4825,-9.3800,4.4100,-0.2782,-0.0671,0.9392,0.25,-0.10,0.43,129503,135234,124041
37098632,-27.4925,-7.1225,2.5725,-0.2599,-0.0597,0.9333,0.25,-0.09,0.43,129529,135134,124023
37118164,-39.9525,-4.7075,1.1375,-0.2468,-0.0547,0.9309,0.24,-0.09,0.43,129536,135029,123979
37138672,-43.8200,-1.8375,-0.2625,-0.2338,-0.0554,0.9322,0.24,-0.09,0.43,129525,134926,123950
37158204,-38.0275,-0.3850,-0.8225,-0.2281,-0.0603,0.9351,0.23,-0.09,0.44,129521,134847,123941
37178712,-33.1100,0.8750,-1.2600,-0.2240,-0.0660,0.9368,0.23,-0.09,0.44,129516,134760,123940
37198240,-30.2225,2.2925,-1.5400,-0.2212,-0.0723,0.9384,0.22,-0.10,0.43,129512,134681,123945
37218752,-26.9850,3.5525,-1.8550,-0.2211,-0.0786,0.9410,0.22,-0.10,0.43,129493,134623,123956
37238280,-24.2375,4.8125,-2.1175,-0.2216,-0.0826,0.9442,0.21,-0.10,0.43,129471,134584,123963
37257812,-21.1575,6.1950,-2.3975,-0.2211,-0.0833,0.9462,0.21,-0.10,0.43,129445,134536,123973
37278320,-21.2100,7.3675,-2.2925,-0.2206,-0.0804,0.9483,0.21,-0.10,0.43,129423,134500,124010
37297852,-18.7950,8.5925,-1.9950,-0.2209,-0.0771,0.9533,0.21,-0.10,0.43,129405,134445,124048
37328124,-12.6000,9.9225,-1.4175,-0.2167,-0.0699,0.9606,0.20,-0.11,0.43,129351,134428,124107
37348632,-10.3950,10.7275,-1.0150,-0.2084,-0.0673,0.9643,0.20,-0.11,0.42,129333,134417,124155
37368164,-8.8725,12.2150,-1.6275,-0.1970,-0.0688,0.9675,0.20,-0.11,0.42,129303,134412,124198
37388672,-9.2750,13.4050,-2.7125,-0.1774,-0.0720,0.9726,0.20,-0.11,0.42,129254,134399,124244
37408204,-14.0175,14.9975,-4.0950,-0.1662,-0.0702,0.9733,0.20,-0.11,0.41,129211,134377,124286
37428712,-17.2200,16.7825,-4.7250,-0.1574,-0.0715,0.9745,0.20,-0.12,0.41,129176,134355,124351
37448240,-10.0275,17.8150,-4.7600,-0.1499,-0.0781,0.9816,0.20,-0.12,0.41,129147,134354,124422
37468752,12.5300,16.8525,-4.7425,-0.1424,-0.0932,0.9949,0.21,-0.12,0.40,129121,134436,124507
37488280,42.6475,14.4375,-5.0925,-0.1302,-0.0971,1.0066,0.21,-0.12,0.40,129086,134544,124582
37507812,33.1450,15.0500,-7.2275,-0.1230,-0.0837,1.0016,0.22,-0.12,0.39,129053,134625,124658
37528320,10.6925,16.5900,-9.4325,-0.1163,-0.0725,0.9969,0.22,-0.13,0.39,129023,134633,124734
37547852,-3.5700,17.4300,-10.3775,-0.1099,-0.0697,0.9993,0.22,-0.13,0.38,129001,134619,124809
37568360,2.3100,16.9575,-10.9200,-0.1026,-0.0697,1.0097,0.22,-0.13,0.38,128969,134638,124886
37587888,13.3875,15.6450,-11.8650,-0.0948,-0.0670,1.0170,0.22,-0.13,0.37,128942,134664,124932
37608400,0.5250,14.3675,-12.7050,-0.0882,-0.0492,1.0111,0.22,-0.13,0.37,128912,134656,124984
37627928,-15.7150,14.1400,-12.6875,-0.0882,-0.0409,1.0104,0.22,-0.13,0.37,128897,134622,125039
37648436,-15.1375,13.0375,-11.7950,-0.0866,-0.0409,1.0166,0.21,-0.13,0.36,128895,134580,125094
37667968,-3.6225,11.7075,-10.7625,-0.0783,-0.0429,1.0277,0.21,-0.13,0.36,128886,134585,125155
37688476,5.8800,10.5875,-10.2200,-0.0665,-0.0436,1.0380,0.22,-0.13,0.36,128873,134619,125194
37708008,5.6525,9.1350,-10.4300,-0.0566,-0.0381,1.0409,0.22,-0.13,0.36,128872,134622,125224
37728516,-6.1075,5.9675,-9.9575,-0.0489,-0.0317,1.0429,0.22,-0.13,0.36,128879,134598,125255
37748048,-16.3450,4.6025,-9.8875,-0.0484,-0.0276,1.0458,0.21,-0.13,0.35,128896,134558,125277
37768552,-14.4900,3.3425,-8.8900,-0.0508,-0.0267,1.0538,0.21,-0.13,0.35,128912,134541,125294
37788084,-0.3150,0.4725,-7.8225,-0.0489,-0.0300,1.0629,0.21,-0.13,0.35,128928,134556,125316
37808592,7.5950,-2.0125,-7.1925,-0.0432,-0.0329,1.0697,0.22,-0.13,0.35,128948,134595,125330
37828124,3.2725,-4.2525,-6.5800,-0.0366,-0.0318,1.0738,0.22,-0.13,0.35,128983,134601,125348
37848632,-5.2500,-4.6550,-6.0375,-0.0316,-0.0234,1.0780,0.21,-0.13,0.35,129019,134584,125344
37868164,-19.1100,-4.6200,-5.5650,-0.0317,-0.0182,1.0765,0.21,-0.12,0.35,129040,134545,125356
37888672,-28.9275,-4.6725,-5.4600,-0.0322,-0.0203,1.0756,0.21,-0.12,0.35,129059,134490,125327
37908204,-29.3825,-5.7575,-5.9850,-0.0295,-0.0283,1.0767,0.21,-0.12,0.35,129085,134454,125309
37928712,-21.2275,-7.3325,-6.5275,-0.0205,-0.0417,1.0777,0.20,-0.12,0.35,129126,134422,125301
37948240,-7.0350,-9.1000,-6.3175,-0.0039,-0.0603,1.0747,0.20,-0.12,0.35,129170,134413,125295
37968752,-1.9425,-9.6600,-5.8450,0.0032,-0.0670,1.0685,0.20,-0.11,0.35,129203,134403,125284
37988280,-0.6475,-9.2225,-5.3200,0.0095,-0.0719,1.0612,0.20,-0.11,0.35,129227,134420,125275
38007812,1.6450,-8.8200,-4.7425,0.0173,-0.0787,1.0559,0.21,-0.11,0.35,129242,134443,125266
38028320,2.5550,-8.6625,-4.6200,0.0290,-0.0859,1.0505,0.21,-0.11,0.35,129282,134437,125276
38047852,6.5625,-9.3800,-4.6550,0.0451,-0.0947,1.0449,0.21,-0.11,0.35,129314,134464,125264
38068360,10.4475,-9.1175,-3.0800,0.0730,-0.1077,1.0380,0.21,-0.11,0.35,129342,134486,125267
38087888,9.7300,-8.3825,-2.3100,0.0895,-0.1116,1.0325,0.21,-0.10,0.35,129356,134504,125264
38108400,9.3100,-7.4375,-1.5575,0.1076,-0.1161,1.0269,0.21,-0.10,0.35,129362,134532,125256
38127928,10.9900,-6.2475,-0.9100,0.1296,-0.1224,1.0218,0.21,-0.10,0.36,129380,134552,125253
38148436,19.3725,-5.5825,-0.2625,0.1543,-0.1290,1.0198,0.21,-0.10,0.35,129394,134594,125266
38167968,26.9675,-5.0575,0.8225,0.1790,-0.1316,1.0187,0.22,-0.10,0.35,129397,134643,125256
38188476,22.9250,-4.1300,2.3450,0.2157,-0.1286,1.0144,0.22,-0.10,0.35,129387,134682,125260
38208008,23.6250,-4.0775,3.1850,0.2408,-0.1269,1.0160,0.22,-0.10,0.36,129371,134724,125241
38228516,32.3225,-4.3750,4.3400,0.2645,-0.1237,1.0228,0.23,-0.10,0.35,129369,134808,125259
38248048,40.7225,-4.8475,5.5125,0.2851,-0.1161,1.0308,0.23,-0.10,0.36,129366,134854,125251
38268552,38.6750,-5.1975,6.0550,0.3041,-0.1038,1.0363,0.23,-0.10,0.36,129354,134908,125248
38288084,19.9850,-6.1075,5.8275,0.3245,-0.0903,1.0380,0.24,-0.11,0.36,129334,134924,125227
38308592,7.3500,-5.9675,5.3725,0.3589,-0.0708,1.0408,0.23,-0.11,0.36,129305,134914,125167
38338868,13.4050,-6.7375,4.4800,0.3809,-0.0583,1.0516,0.23,-0.11,0.36,129273,134911,125111
38359376,18.3750,-7.5250,3.5175,0.3871,-0.0499,1.0570,0.24,-0.11,0.37,129244,134942,125050
38378904,23.7475,-8.8550,2.1000,0.3880,-0.0425,1.0610,0.24,-0.11,0.37,129230,134941,125004
38399416,26.3725,-10.7100,-0.1050,0.3823,-0.0279,1.0637,0.24,-0.11,0.37,129206,134963,124950
38418944,31.1850,-11.4975,-2.5550,0.3764,-0.0131,1.0668,0.24,-0.12,0.38,129186,134984,124886
38439452,38.9200,-11.8125,-4.7775,0.3639,0.0031,1.0720,0.24,-0.12,0.38,129161,135052,124817
38458984,47.7225,-12.1975,-7.1225,0.3418,0.0281,1.0768,0.25,-0.12,0.38,129137,135110,124768
38479492,51.9225,-12.6700,-8.6800,0.3118,0.0621,1.0741,0.25,-0.12,0.39,129138,135184,124694
38499024,51.2750,-12.7400,-9.6250,0.2773,0.1026,1.0610,0.26,-0.12,0.39,129135,135263,124645
38519532,61.5650,-12.0750,-9.5550,0.2041,0.1797,1.0265,0.26,-0.12,0.40,129129,135383,124587
38539064,68.8625,-9.6425,-6.1250,0.1174,0.2413,1.0054,0.27,-0.12,0.40,129121,135524,124561
38559568,80.7975,-6.7550,-1.6625,-0.0043,0.2896,1.0016,0.28,-0.12,0.40,129119,135723,124559
38579100,89.7925,-4.1125,4.8300,-0.1505,0.3198,1.0152,0.30,-0.12,0.40,129132,135929,124578
38599608,72.0825,-1.8025,12.5300,-0.2928,0.3449,1.0226,0.30,-0.12,0.40,129149,136027,124577
38619140,13.5275,1.9775,18.1650,-0.4264,0.3688,1.0224,0.30,-0.12,0.40,129155,135983,124523
38639648,-58.4850,3.7100,27.3350,-0.5234,0.3174,1.0429,0.29,-0.12,0.41,129176,135872,124431
38659180,-74.5150,-2.1175,26.1975,-0.5317,0.2423,1.0424,0.28,-0.11,0.41,129218,135711,124312
38679688,-94.6750,-5.5825,25.3925,-0.5197,0.1671,1.0236,0.27,-0.11,0.42,129269,135492,124213
38699216,-99.1550,-7.6650,23.5725,-0.4941,0.0974,1.0013,0.26,-0.11,0.42,129326,135292,124124
38719728,-73.7450,-9.7825,21.4025,-0.4563,0.0332,0.9821,0.25,-0.10,0.43,129375,135192,124059
38739256,-22.2950,-10.3950,18.3050,-0.3950,-0.0409,0.9572,0.25,-0.10,0.43,129414,135188,124033
38758788,5.6700,-9.4850,15.8900,-0.3575,-0.0728,0.9443,0.25,-0.10,0.43,129439,135235,124032
38779296,19.2500,-7.4725,13.0900,-0.3233,-0.0903,0.9328,0.26,-0.10,0.43,129466,135315,124036
38798828,19.5825,-4.6375,10.2725,-0.2968,-0.0963,0.9246,0.26,-0.10,0.43,129495,135361,124049
38819336,11.2525,-1.4000,7.8575,-0.2808,-0.0938,0.9209,0.26,-0.10,0.43,129489,135387,124070
38838868,-0.1050,1.9425,6.2300,-0.2718,-0.0876,0.9221,0.26,-0.10,0.43,129469,135398,124060
38859376,-11.2175,5.3725,4.8300,-0.2652,-0.0815,0.9312,0.26,-0.10,0.43,129452,135384,124071
38878904,-14.6125,6.5625,4.3050,-0.2628,-0.0815,0.9392,0.26,-0.10,0.43,129437,135345,124080
38899416,-13.0900,6.7200,3.8850,-0.2616,-0.0830,0.9476,0.26,-0.10,0.43,129426,135321,124080
38918944,-14.0350,6.9300,3.7100,-0.2623,-0.0830,0.9537,0.26,-0.10,0.43,129408,135286,124095
38939452,-18.3575,7.9275,3.2900,-0.2647,-0.0805,0.9587,0.26,-0.10,0.42,129364,135275,124120
38958984,-15.5400,8.9425,2.9400,-0.2679,-0.0758,0.9679,0.26,-0.11,0.42,129338,135270,124152
38979492,-4.5500,9.0300,3.4825,-0.2739,-0.0594,0.9852,0.26,-0.11,0.42,129324,135268,124197
38999024,-6.4050,8.9075,4.8125,-0.2779,-0.0454,0.9913,0.26,-0.11,0.42,129314,135259,124229
39019532,-14.6300,8.8375,6.0900,-0.2786,-0.0318,0.9938,0.25,-0.11,0.42,129290,135237,124266
39039064,-20.9125,8.9250,6.6675,-0.2728,-0.0217,0.9982,0.25,-0.11,0.41,129273,135222,124288
39059568,-19.8100,9.3275,6.1425,-0.2628,-0.0113,1.0064,0.25,-0.11,0.41,129255,135199,124342
39079100,-17.8325,9.2575,5.1800,-0.2528,0.0021,1.0088,0.25,-0.11,0.41,129239,135160,124380
39099608,-25.7075,9.3450,5.6175,-0.2361,0.0185,1.0063,0.25,-0.11,0.41,129238,135118,124414
39119140,-29.2950,9.2750,6.8075,-0.2262,0.0244,1.0093,0.24,-0.11,0.40,129233,135062,124445
39139648,-34.1600,8.8025,6.8250,-0.2141,0.0301,1.0110,0.24,-0.11,0.40,129228,135024,124466
39159180,-38.9550,7.9625,5.6525,-0.1945,0.0305,1.0080,0.24,-0.11,0.40,129224,134945,124489
39179688,-42.9100,8.4175,4.2175,-0.1704,0.0229,1.0070,0.23,-0.11,0.40,129224,134888,124520
39199216,-16.6425,7.1750,1.2250,-0.1343,-0.0018,1.0189,0.23,-0.11,0.40,129229,134868,124567
39219728,3.0800,5.5825,-1.1200,-0.1141,-0.0098,1.0246,0.23,-0.11,0.39,129233,134897,124617
39239256,11.8300,4.9000,-2.1350,-0.0961,-0.0123,1.0272,0.24,-0.11,0.39,129234,134942,124654
39258788,6.0025,4.7600,-2.6600,-0.0820,-0.0081,1.0265,0.24,-0.11,0.39,129242,134961,124692
39279296,-2.2400,4.9350,-3.3950,-0.0684,-0.0073,1.0270,0.24,-0.11,0.39,129249,134975,124739
39298828,-0.9450,4.3925,-4.5850,-0.0529,-0.0115,1.0304,0.24,-0.11,0.38,129263,134983,124783
39319336,10.6050,2.8875,-6.1425,-0.0364,-0.0139,1.0341,0.24,-0.11,0.38,129276,135009,124835
39349608,-0.6475,2.9750,-6.3875,-0.0283,-0.0051,1.0270,0.24,-0.11,0.38,129292,135011,124897
39369140,-4.7425,3.3250,-6.8950,-0.0246,-0.0055,1.0255,0.24,-0.11,0.37,129303,135010,124932
39389648,8.6275,3.1325,-7.7350,-0.0185,-0.0145,1.0339,0.24,-0.11,0.37,129299,135073,124959
39409180,26.7400,2.2750,-8.7500,-0.0122,-0.0203,1.0419,0.25,-0.11,0.37,129306,135136,125020
39429688,17.4300,2.1000,-9.1175,-0.0084,-0.0079,1.0401,0.25,-0.11,0.37,129322,135160,125061
39449216,-5.8275,2.4325,-8.8375,-0.0093,0.0070,1.0343,0.25,-0.11,0.37,129344,135119,125089
39469728,-21.4200,2.3800,-8.2250,-0.0107,0.0160,1.0316,0.24,-0.10,0.36,129354,135059,125094
39489256,-28.2625,2.2925,-7.7175,-0.0128,0.0188,1.0307,0.24,-0.10,0.36,129357,135022,125104
39508788,-26.7400,2.4675,-7.4900,-0.0148,0.0161,1.0309,0.24,-0.10,0.37,129360,134980,125086
39529296,-19.2850,2.1875,-7.4375,-0.0129,0.0090,1.0329,0.24,-0.10,0.36,129381,134946,125107
39548828,-4.3575,1.6100,-7.2800,-0.0078,-0.0001,1.0348,0.24,-0.10,0.36,129399,134948,125141
39569336,-3.0625,1.7150,-7.1925,-0.0068,0.0001,1.0324,0.24,-0.10,0.36,129416,134945,125147
39588868,-10.9900,2.5900,-6.7725,-0.0078,0.0026,1.0285,0.23,-0.10,0.36,129412,134917,125163
39609376,-16.1525,3.0450,-6.3175,-0.0062,0.0023,1.0270,0.23,-0.10,0.36,129418,134895,125166
39628904,-12.7750,3.2550,-5.9325,0.0013,-0.0037,1.0296,0.23,-0.10,0.36,129422,134890,125180
39649416,-3.7100,2.5375,-5.4775,0.0150,-0.0142,1.0319,0.23,-0.10,0.36,129440,134885,125210
39668944,-0.3675,1.7325,-4.9000,0.0364,-0.0276,1.0307,0.23,-0.10,0.36,129446,134891,125221
39689452,-1.3300,1.6625,-4.6375,0.0503,-0.0359,1.0304,0.23,-0.10,0.36,129443,134894,125222
39708984,-0.6300,1.4875,-4.4450,0.0656,-0.0434,1.0315,0.23,-0.10,0.36,129441,134913,125226
39729492,1.8900,1.6275,-3.7275,0.0859,-0.0528,1.0348,0.23,-0.10,0.36,129461,134909,125241
39749024,5.4950,1.3650,-3.2375,0.1085,-0.0612,1.0370,0.23,-0.10,0.36,129454,134908,125253
39769532,7.0175,1.2250,-2.4675,0.1444,-0.0756,1.0394,0.24,-0.10,0.35,129453,134923,125278
39789064,10.0625,0.9625,-1.8900,0.1662,-0.0836,1.0426,0.24,-0.10,0.35,129439,134961,125277
39809568,13.0900,-0.0350,-0.8400,0.1858,-0.0903,1.0443,0.24,-0.10,0.35,129437,134987,125285
39829100,15.1375,-1.3475,0.0175,0.2052,-0.0950,1.0468,0.24,-0.10,0.35,129433,135014,125291
39849608,20.6850,-2.7825,1.0500,0.2222,-0.0972,1.0504,0.24,-0.10,0.35,129441,135040,125304
39869140,20.7025,-3.8325,1.9075,0.2372,-0.0950,1.0519,0.24,-0.10,0.35,129437,135068,125299
39889648,12.8800,-5.2675,2.2050,0.2603,-0.0887,1.0526,0.24,-0.10,0.35,129419,135079,125274
39909180,11.8825,-6.4750,2.3450,0.2743,-0.0831,1.0560,0.25,-0.10,0.35,129409,135103,125258
39929688,13.9475,-7.6825,3.1325,0.2854,-0.0747,1.0612,0.25,-0.10,0.36,129410,135116,125231
39949216,15.4175,-8.7325,4.3050,0.2940,-0.0632,1.0681,0.25,-0.10,0.36,129414,135126,125205
39969728,15.9250,-10.4475,5.2500,0.2978,-0.0493,1.0747,0.25,-0.10,0.36,129413,135130,125178
39989256,6.5100,-11.8300,5.4425,0.2980,-0.0318,1.0787,0.25,-0.10,0.36,129402,135108,125116
40008788,-20.7025,-13.3350,4.6375,0.2989,-0.0084,1.0792,0.24,-0.10,0.37,129394,135038,125021
40029296,-29.5575,-14.4025,4.1825,0.3002,0.0000,1.0815,0.24,-0.10,0.37,129404,134948,124938
40048828,-28.4550,-15.8375,3.7975,0.2972,0.0055,1.0853,0.23,-0.10,0.38,129408,134858,124858
40069336,-28.1925,-17.0100,3.4475,0.2877,0.0106,1.0860,0.22,-0.10,0.39,129422,134748,124747
40088868,-33.9500,-17.5175,2.6425,0.2757,0.0132,1.0853,0.22,-0.10,0.39,129419,134643,124650
40109376,-35.9275,-18.1300,1.0325,0.2693,0.0098,1.0828,0.21,-0.10,0.40,129433,134531,124524
40128904,-25.0775,-18.2525,-1.3475,0.2756,-0.0017,1.0736,0.21,-0.10,0.40,129445,134442,124440
40149416,-5.2850,-17.4300,-1.9775,0.2815,-0.0034,1.0658,0.20,-0.10,0.41,129463,134391,124324
40168944,17.6925,-15.5050,-2.8525,0.2790,-0.0016,1.0607,0.20,-0.10,0.41,129471,134412,124274
40189452,37.1175,-13.2650,-4.6550,0.2621,0.0070,1.0573,0.21,-0.10,0.42,129472,134468,124190
40208984,43.6450,-10.2900,-6.3350,0.2291,0.0250,1.0509,0.21,-0.10,0.42,129466,134531,124128
40229492,43.0325,-5.7050,-6.2825,0.1564,0.0747,1.0269,0.22,-0.10,0.43,129459,134602,124061
40249024,46.3925,-2.3625,-4.6900,0.0843,0.1135,1.0103,0.22,-0.10,0.43,129455,134702,124045
40269532,62.9650,0.0175,-1.9075,-0.0121,0.1459,1.0008,0.23,-0.10,0.43,129440,134848,124031
40289064,81.3575,1.7675,2.8000,-0.1186,0.1641,0.9993,0.24,-0.10,0.43,129412,135053,124054
40309568,81.7950,3.5875,8.4875,-0.2168,0.1775,0.9938,0.26,-0.10,0.43,129393,135250,124067
40329100,63.2275,5.0750,14.3675,-0.3015,0.1847,0.9848,0.26,-0.10,0.43,129383,135375,124098
40359376,41.5450,4.1125,23.5725,-0.4158,0.1354,0.9953,0.27,-0.10,0.42,129380,135573,124149
40378904,30.8000,0.7175,25.3225,-0.4372,0.0895,1.0015,0.28,-0.10,0.42,129403,135657,124148
40399416,0.8400,-2.1350,25.9875,-0.4372,0.0506,0.9959,0.28,-0.10,0.42,129439,135641,124127
40418944,-37.2750,-3.2375,24.7800,-0.4192,0.0195,0.9823,0.27,-0.10,0.43,129470,135551,124068
40439452,-54.4425,-4.8825,21.7875,-0.3894,-0.0139,0.9679,0.27,-0.10,0.43,129487,135449,123988
40458984,-53.0950,-5.7750,18.8475,-0.3575,-0.0486,0.9576,0.26,-0.10,0.43,129512,135363,123955
40479492,-28.5600,-5.6175,14.7175,-0.3157,-0.0878,0.9498,0.26,-0.09,0.44,129531,135321,123930
40499024,-14.1575,-4.2525,12.3725,-0.2904,-0.1035,0.9465,0.26,-0.09,0.44,129541,135306,123910
40519532,-9.9575,-2.6075,9.4675,-0.2667,-0.1120,0.9414,0.26,-0.09,0.44,129549,135298,123905
40539064,-11.3050,-0.5075,6.6325,-0.2442,-0.1171,0.9362,0.26,-0.09,0.44,129535,135275,123891
40559568,-8.8375,1.3825,4.2000,-0.2250,-0.1222,0.9345,0.26,-0.10,0.44,129509,135294,123882
40579100,7.5950,3.7625,1.1725,-0.2053,-0.1314,0.9440,0.26,-0.10,0.44,129489,135307,123914
40599608,17.7800,4.7600,-0.7175,-0.1957,-0.1337,0.9538,0.26,-0.10,0.44,129475,135354,123938
40619140,18.7075,5.5300,-2.3975,-0.1871,-0.1310,0.9618,0.26,-0.10,0.43,129443,135399,123960
40639648,13.0375,6.1075,-3.9200,-0.1804,-0.1242,0.9687,0.27,-0.10,0.43,129407,135428,123995
40659180,6.1775,6.1950,-5.0575,-0.1747,-0.1150,0.9759,0.27,-0.10,0.43,129368,135444,124008
40679688,1.7325,5.9850,-5.8450,-0.1698,-0.1038,0.9826,0.27,-0.11,0.43,129343,135425,124025
40699216,-8.0850,6.5625,-5.7925,-0.1669,-0.0813,0.9930,0.26,-0.11,0.43,129317,135404,124039
40719728,-14.0000,6.5275,-5.4775,-0.1706,-0.0703,1.0008,0.26,-0.11,0.43,129284,135350,124048
40739256,-18.9700,6.2825,-5.2150,-0.1785,-0.0603,1.0089,0.26,-0.11,0.43,129262,135304,124058
40758788,-21.8750,5.9675,-4.4800,-0.1893,-0.0514,1.0160,0.26,-0.11,0.43,129228,135253,124047
40779296,-22.9600,6.3000,-3.8500,-0.1991,-0.0434,1.0247,0.25,-0.11,0.43,129207,135199,124063
40798828,-20.6500,6.1250,-3.2725,-0.2064,-0.0386,1.0321,0.25,-0.11,0.43,129191,135147,124097
40819336,-25.0425,6.1775,-3.2025,-0.2118,-0.0359,1.0355,0.25,-0.12,0.43,129176,135092,124107
40838868,-28.2800,6.4225,-3.6400,-0.2129,-0.0399,1.0346,0.24,-0.12,0.42,129158,135027,124124
40859376,-27.1075,6.4050,-4.5500,-0.2145,-0.0464,1.0348,0.24,-0.12,0.42,129130,134972,124139
40878904,-20.3875,6.0375,-5.4950,-0.2194,-0.0510,1.0357,0.24,-0.12,0.42,129122,134934,124165
40899416,-12.5825,5.7400,-5.8625,-0.2230,-0.0527,1.0363,0.23,-0.12,0.42,129122,134920,124207
40918944,-3.8325,5.4775,-5.7750,-0.2223,-0.0522,1.0371,0.24,-0.12,0.42,129112,134930,124269
40939452,7.7175,5.0750,-5.7925,-0.2196,-0.0465,1.0346,0.24,-0.12,0.41,129099,134972,124319
40958984,6.9475,5.5475,-6.2125,-0.2167,-0.0398,1.0299,0.24,-0.12,0.41,129084,134979,124359
40979492,2.1700,6.5450,-6.4400,-0.2120,-0.0321,1.0257,0.24,-0.12,0.41,129076,134990,124433
40999024,-0.8925,7.7000,-5.8275,-0.2041,-0.0255,1.0261,0.24,-0.12,0.40,129073,135006,124490
41019532,3.7275,7.6825,-5.5300,-0.1922,-0.0189,1.0308,0.24,-0.12,0.40,129076,135021,124559
41039064,3.7625,6.9650,-6.7375,-0.1764,0.0028,1.0303,0.24,-0.12,0.40,129065,135034,124599
41059568,-9.4325,7.9975,-7.7700,-0.1629,0.0170,1.0296,0.24,-0.12,0.39,129056,135015,124642
41079100,-19.4775,9.2925,-7.5950,-0.1470,0.0232,1.0338,0.24,-0.12,0.39,129050,134970,124696
41099608,-19.7925,9.2925,-7.1225,-0.1329,0.0256,1.0398,0.24,-0.12,0.39,129067,134925,124744
41119140,-11.2175,8.0500,-7.1050,-0.1231,0.0282,1.0459,0.24,-0.12,0.38,129066,134923,124799
41139648,-7.1750,6.8600,-6.8600,-0.1148,0.0304,1.0524,0.23,-0.12,0.38,129071,134913,124828
41159180,-8.5575,5.2675,-6.7025,-0.0997,0.0366,1.0638,0.23,-0.12,0.38,129078,134895,124867
41179688,-23.2750,4.7425,-6.9475,-0.0880,0.0493,1.0624,0.23,-0.12,0.38,129104,134835,124893
41199216,-51.9050,5.3375,-6.8250,-0.0766,0.0606,1.0524,0.22,-0.12,0.38,129120,134702,124896
41219728,-80.2025,6.9300,-6.6500,-0.0676,0.0615,1.0399,0.21,-0.12,0.38,129129,134506,124887
41239256,-87.6225,7.9450,-6.7550,-0.0561,0.0486,1.0319,0.20,-0.12,0.38,129130,134346,124875
41258788,-69.7200,7.9800,-7.5075,-0.0395,0.0243,1.0280,0.19,-0.12,0.38,129124,134247,124874
41279296,-30.9400,7.9800,-8.5050,-0.0211,-0.0138,1.0198,0.19,-0.12,0.38,129139,134208,124910
41298828,-13.4750,8.5750,-8.5575,-0.0144,-0.0340,1.0124,0.19,-0.12,0.37,129148,134176,124949
41319336,2.9575,8.9950,-8.2950,-0.0074,-0.0527,1.0074,0.19,-0.12,0.37,129144,134207,124994
41338868,11.8125,9.2575,-8.2950,0.0032,-0.0703,0.9999,0.19,-0.12,0.37,129136,134255,125033
41369140,9.0650,10.3600,-9.3625,0.0215,-0.0935,0.9856,0.20,-0.12,0.36,129127,134289,125098
41389648,12.8275,10.6750,-10.8150,0.0411,-0.1160,0.9806,0.20,-0.12,0.36,129108,134314,125135
41409180,23.2400,10.2725,-11.6550,0.0526,-0.1244,0.9838,0.20,-0.12,0.36,129089,134385,125186
41429688,36.9425,9.8350,-11.1475,0.0606,-0.1319,0.9905,0.21,-0.12,0.36,129081,134477,125245
41449216,46.2175,8.8725,-10.5875,0.0662,-0.1366,0.9969,0.21,-0.12,0.35,129073,134562,125297
41469728,45.9375,7.7350,-10.2375,0.0732,-0.1327,1.0032,0.22,-0.12,0.35,129071,134651,125347
41489256,38.1325,6.4750,-9.3450,0.0853,-0.1274,1.0108,0.22,-0.12,0.35,129043,134696,125385
41508788,11.2700,4.5675,-8.4350,0.1043,-0.1142,1.0180,0.22,-0.12,0.35,129036,134710,125419
41529296,1.5575,3.1675,-7.1925,0.1149,-0.1078,1.0263,0.22,-0.12,0.35,129033,134703,125409
41548828,1.7325,1.2775,-5.4600,0.1275,-0.1054,1.0364,0.22,-0.12,0.34,129035,134700,125434
41569336,5.8275,-0.8750,-3.6050,0.1438,-0.1061,1.0453,0.22,-0.12,0.34,129036,134703,125422
41588868,12.4950,-3.0800,-1.6100,0.1620,-0.1097,1.0543,0.22,-0.12,0.34,129034,134741,125440
41609376,19.7925,-6.4750,1.0850,0.1920,-0.1131,1.0668,0.23,-0.12,0.34,129032,134776,125421
41628904,18.0600,-8.3475,2.4325,0.2156,-0.1118,1.0756,0.23,-0.12,0.35,129041,134800,125415
41649416,15.7325,-10.1500,3.8675,0.2380,-0.1086,1.0857,0.23,-0.12,0.35,129058,134824,125412
41668944,12.8800,-11.7425,5.0575,0.2562,-0.1037,1.0963,0.23,-0.12,0.35,129068,134832,125371
41689452,12.5475,-13.5450,5.8800,0.2680,-0.0977,1.1065,0.23,-0.12,0.35,129073,134838,125345
41708984,8.1900,-14.8925,6.2825,0.2744,-0.0915,1.1133,0.23,-0.12,0.35,129078,134854,125287
41729492,-2.0825,-16.7650,6.0550,0.2839,-0.0852,1.1133,0.23,-0.12,0.36,129090,134823,125216
41749024,-9.1700,-17.4650,5.4775,0.2932,-0.0861,1.1062,0.23,-0.12,0.36,129111,134773,125167
41769532,-1.6100,-18.3400,4.8125,0.3017,-0.0955,1.1012,0.23,-0.12,0.36,129125,134761,125097
41789064,18.0775,-19.4600,3.8850,0.3039,-0.1089,1.1006,0.23,-0.12,0.37,129126,134793,125034
41809568,32.6900,-20.7375,2.1350,0.3011,-0.1176,1.0993,0.23,-0.12,0.37,129126,134831,124977
41829100,33.6350,-21.5950,-0.6650,0.2935,-0.1163,1.0939,0.23,-0.12,0.38,129142,134858,124900
41849608,32.7600,-21.1575,-3.5875,0.2887,-0.0999,1.0892,0.23,-0.12,0.38,129163,134892,124842
41869140,41.6150,-21.3325,-4.5850,0.2802,-0.0813,1.0919,0.24,-0.12,0.38,129186,134947,124786
41889648,43.9075,-21.4200,-6.3175,0.2633,-0.0550,1.0941,0.24,-0.11,0.39,129194,135017,124707
41909180,40.8275,-21.1050,-7.7700,0.2428,-0.0259,1.0979,0.24,-0.11,0.39,129204,135045,124619
41929688,30.9050,-20.5275,-8.7500,0.2224,0.0132,1.0975,0.24,-0.11,0.40,129234,135058,124531
41949216,16.5550,-19.4950,-9.4150,0.2025,0.0587,1.0904,0.24,-0.11,0.41,129262,135038,124427
41969728,-1.3650,-16.8000,-8.9950,0.1476,0.1305,1.0788,0.24,-0.11,0.41,129281,134980,124316
41989256,-6.5100,-14.4900,-6.6500,0.0888,0.1774,1.0741,0.24,-0.11,0.42,129305,134931,124216
42008788,-10.1325,-11.9350,-2.2400,0.0112,0.2228,1.0692,0.23,-0.11,0.42,129325,134881,124123
42029296,-14.7700,-9.6950,4.4275,-0.0860,0.2599,1.0642,0.23,-0.10,0.43,129360,134824,124054
42048828,-23.5375,-8.4700,12.0050,-0.1945,0.2716,1.0630,0.22,-0.10,0.43,129403,134755,123968
42069336,-48.5100,-8.8725,19.4775,-0.3488,0.2352,1.0660,0.22,-0.10,0.44,129447,134618,123895
42088868,-71.9950,-10.4825,21.0000,-0.4135,0.1828,1.0602,0.21,-0.10,0.44,129492,134433,123796
42109376,-93.8175,-12.2850,20.1775,-0.4390,0.1155,1.0446,0.19,-0.09,0.45,129543,134191,123709
42128904,-96.8800,-14.1225,17.7275,-0.4372,0.0392,1.0213,0.18,-0.09,0.45,129614,133969,123636
42149416,-75.5300,-15.9250,14.8225,-0.4207,-0.0346,0.9949,0.17,-0.09,0.46,129679,133812,123597
42168944,-40.0925,-16.3975,12.5650,-0.3956,-0.0960,0.9694,0.17,-0.08,0.46,129741,133795,123562
42189452,24.7975,-15.8550,10.3075,-0.3472,-0.1575,0.9372,0.17,-0.08,0.46,129783,133901,123548
42208984,51.4850,-14.0875,8.6450,-0.3117,-0.1760,0.9178,0.18,-0.08,0.46,129817,134066,123553
42229492,56.7700,-11.3050,6.7375,-0.2757,-0.1806,0.9016,0.19,-0.07,0.46,129858,134227,123563
42249024,46.6025,-8.1375,4.6025,-0.2424,-0.1765,0.8893,0.20,-0.07,0.46,129883,134322,123574
42269532,29.4175,-5.0400,2.6600,-0.2159,-0.1690,0.8833,0.20,-0.07,0.46,129894,134399,123588
42289064,15.9775,-2.6075,1.4000,-0.1975,-0.1613,0.8845,0.20,-0.07,0.46,129884,134413,123606
42309568,2.5550,-0.1575,0.6475,-0.1810,-0.1508,0.8928,0.21,-0.07,0.46,129872,134433,123598
42329100,-6.4750,1.5750,0.5425,-0.1742,-0.1454,0.9006,0.20,-0.07,0.46,129861,134410,123608
42369140,-19.4075,4.5850,0.3325,-0.1687,-0.1459,0.9204,0.20,-0.08,0.46,129825,134289,123610
42388672,-27.2650,5.9325,0.1050,-0.1703,-0.1468,0.9292,0.19,-0.08,0.46,129797,134220,123601
42408204,-33.0750,7.2100,0.1925,-0.1730,-0.1486,0.9392,0.19,-0.08,0.46,129759,134140,123602
42428712,-25.4625,8.2425,0.7700,-0.1747,-0.1508,0.9548,0.18,-0.08,0.45,129733,134094,123618
42448240,-16.1000,8.5925,1.5050,-0.1749,-0.1552,0.9625,0.18,-0.08,0.45,129705,134078,123654
42468752,-3.1150,8.7500,1.5400,-0.1771,-0.1629,0.9700,0.18,-0.09,0.45,129671,134088,123688
42488280,8.5925,9.3450,1.0325,-0.1841,-0.1695,0.9792,0.19,-0.09,0.45,129641,134139,123725
42507812,19.5475,9.6075,0.4550,-0.1935,-0.1688,0.9882,0.19,-0.09,0.45,129612,134228,123768
42528320,24.6925,10.1325,0.0875,-0.1992,-0.1599,0.9963,0.20,-0.09,0.44,129578,134314,123832
42547852,15.2950,11.1475,0.1050,-0.2042,-0.1382,1.0006,0.20,-0.09,0.44,129546,134355,123898
42568360,-0.3150,12.0750,0.2100,-0.2072,-0.1225,1.0017,0.20,-0.09,0.44,129522,134357,123940
42587888,-14.4375,12.8625,0.2100,-0.2057,-0.1116,1.0061,0.20,-0.10,0.43,129482,134329,123984
42608400,-19.3725,12.7400,-0.1400,-0.2009,-0.1069,1.0135,0.20,-0.10,0.43,129444,134307,124026
42627928,-19.7225,12.4425,-0.4900,-0.1945,-0.1028,1.0207,0.20,-0.10,0.43,129420,134271,124073
42648436,-19.8800,11.7600,-1.1725,-0.1867,-0.0971,1.0248,0.19,-0.10,0.42,129405,134228,124132
42667968,-28.4375,11.3925,-1.7850,-0.1752,-0.0925,1.0254,0.19,-0.10,0.42,129397,134165,124183
42688476,-30.9750,10.6575,-2.6775,-0.1645,-0.0949,1.0275,0.19,-0.10,0.42,129364,134115,124236
42708008,-29.6800,10.3950,-3.8150,-0.1519,-0.0974,1.0289,0.18,-0.11,0.42,129347,134057,124262
42728516,-26.2325,10.4650,-4.4625,-0.1403,-0.0983,1.0263,0.18,-0.11,0.41,129341,134016,124305
42748048,-22.9600,11.0425,-4.3225,-0.1318,-0.1004,1.0208,0.18,-0.11,0.41,129340,133976,124363
42768552,-17.2375,12.0400,-4.1125,-0.1220,-0.1080,1.0146,0.18,-0.11,0.41,129322,133953,124416
42788084,-4.5500,12.1975,-4.5500,-0.1135,-0.1169,1.0175,0.18,-0.11,0.40,129310,133980,124472
42808592,11.3575,11.8825,-5.5825,-0.1037,-0.1208,1.0191,0.18,-0.11,0.40,129291,134053,124533
42828124,22.3125,11.7775,-6.4750,-0.0942,-0.1205,1.0192,0.19,-0.11,0.40,129290,134112,124591
42848632,29.1025,12.3725,-6.8775,-0.0826,-0.1198,1.0225,0.19,-0.11,0.39,129286,134211,124682
42868164,34.2825,12.4775,-7.4025,-0.0666,-0.1152,1.0270,0.20,-0.11,0.38,129281,134293,124765
42888672,30.7300,12.3900,-8.1375,-0.0395,-0.1024,1.0265,0.20,-0.11,0.38,129273,134371,124829
42908204,16.5200,12.6525,-8.3300,-0.0279,-0.0904,1.0198,0.20,-0.11,0.38,129253,134419,124876
42928712,-2.2750,12.6700,-8.1200,-0.0209,-0.0804,1.0119,0.20,-0.11,0.38,129252,134412,124914
42948240,-13.7725,12.0575,-7.9100,-0.0128,-0.0775,1.0077,0.20,-0.11,0.37,129248,134382,124966
42968752,-11.7425,10.8150,-8.1725,-0.0028,-0.0816,1.0100,0.20,-0.11,0.37,129251,134380,125005
42988280,-0.0875,9.3800,-8.5575,0.0054,-0.0863,1.0160,0.20,-0.11,0.37,129248,134405,125045
43007812,5.1800,7.2625,-8.5050,0.0110,-0.0824,1.0136,0.20,-0.11,0.37,129235,134422,125075
43028320,-8.5400,6.9125,-7.9450,0.0107,-0.0737,1.0049,0.20,-0.11,0.36,129241,134406,125103
43047852,-17.6225,6.8600,-6.7375,0.0133,-0.0760,1.0010,0.20,-0.11,0.36,129258,134376,125135
43068360,-9.1175,5.9850,-6.2825,0.0217,-0.0880,1.0042,0.20,-0.11,0.36,129260,134394,125169
43087888,10.7975,4.0425,-6.1250,0.0333,-0.1014,1.0111,0.21,-0.11,0.36,129265,134432,125194
43108400,21.1400,1.9600,-6.4225,0.0468,-0.1086,1.0137,0.21,-0.11,0.36,129257,134491,125211
43127928,12.0750,0.4725,-7.4550,0.0720,-0.1082,1.0136,0.21,-0.11,0.36,129270,134525,125237
43148436,9.5550,0.1400,-7.3325,0.0928,-0.1088,1.0193,0.21,-0.11,0.35,129280,134546,125261
43167968,12.6350,0.0175,-6.4925,0.1148,-0.1118,1.0266,0.21,-0.11,0.35,129294,134568,125297
43188476,16.5725,-0.3500,-5.3725,0.1365,-0.1166,1.0335,0.22,-0.11,0.35,129291,134616,125310
43208008,19.6350,-1.1375,-4.3750,0.1584,-0.1214,1.0399,0.22,-0.11,0.35,129290,134657,125314
43228516,21.0700,-2.2225,-2.6425,0.1906,-0.1296,1.0515,0.22,-0.11,0.35,129288,134696,125328
43248048,21.5600,-3.1675,-1.5400,0.2079,-0.1327,1.0597,0.22,-0.11,0.35,129301,134742,125343
43268552,22.2950,-4.3050,-0.3675,0.2203,-0.1315,1.0685,0.23,-0.11,0.35,129311,134769,125349
43288084,16.5725,-5.2150,0.9450,0.2303,-0.1259,1.0745,0.23,-0.11,0.35,129305,134790,125324
43308592,8.4350,-6.0025,2.4150,0.2377,-0.1194,1.0785,0.23,-0.11,0.35,129299,134803,125305
43328124,6.4575,-7.1400,3.8675,0.2402,-0.1152,1.0834,0.23,-0.11,0.35,129309,134817,125281
43348632,14.4550,-9.0650,5.5650,0.2390,-0.1092,1.0923,0.23,-0.11,0.35,129329,134834,125272
43378904,6.1950,-10.5350,6.4575,0.2466,-0.0977,1.0936,0.23,-0.11,0.36,129335,134837,125231
43399416,-6.4050,-11.1125,6.6150,0.2599,-0.0916,1.0921,0.23,-0.11,0.36,129347,134795,125169
43418944,-11.6025,-11.6550,6.4575,0.2794,-0.0895,1.0930,0.22,-0.10,0.36,129352,134742,125132
43439452,-12.1100,-12.3025,6.3875,0.2988,-0.0864,1.0929,0.22,-0.11,0.37,129347,134705,125069
43458984,-11.8475,-13.9825,6.6675,0.3095,-0.0786,1.0886,0.22,-0.11,0.37,129351,134666,124984
43479492,-11.0600,-15.3475,6.3000,0.3094,-0.0726,1.0845,0.22,-0.10,0.38,129353,134608,124925
43499024,-11.3225,-16.3100,5.4425,0.3099,-0.0669,1.0791,0.21,-0.10,0.38,129372,134563,124862
43519532,-14.3500,-16.4325,4.2350,0.3102,-0.0627,1.0729,0.21,-0.10,0.38,129376,134494,124772
43539064,-13.0025,-16.4675,2.3450,0.3091,-0.0600,1.0686,0.20,-0.10,0.39,129362,134425,124694
43559568,-13.8075,-15.0500,-1.3300,0.3071,-0.0561,1.0623,0.20,-0.10,0.40,129363,134356,124589
43579100,-10.2200,-14.1225,-3.9200,0.2982,-0.0553,1.0593,0.20,-0.10,0.40,129361,134295,124497
43599608,11.3750,-14.2975,-6.2825,0.2817,-0.0589,1.0649,0.20,-0.10,0.41,129361,134291,124432
43619140,36.4350,-13.8775,-7.8750,0.2575,-0.0571,1.0745,0.20,-0.10,0.41,129368,134338,124383
43639648,53.2175,-13.9475,-9.3625,0.2288,-0.0450,1.0804,0.20,-0.10,0.41,129374,134428,124310
43659180,50.9250,-13.8950,-11.1475,0.1975,-0.0209,1.0771,0.21,-0.10,0.42,129379,134471,124228
43679688,28.2450,-12.4250,-12.8800,0.1440,0.0301,1.0558,0.21,-0.10,0.42,129394,134492,124153
43699216,20.0025,-10.6575,-13.2300,0.0988,0.0664,1.0377,0.21,-0.10,0.43,129402,134486,124080
43719728,23.9925,-8.7675,-11.4800,0.0418,0.0975,1.0252,0.21,-0.10,0.43,129410,134514,124041
43739256,45.9725,-7.7525,-8.4350,-0.0359,0.1196,1.0216,0.22,-0.10,0.43,129419,134638,123999
43758788,75.4775,-7.7350,-4.4275,-0.1264,0.1304,1.0248,0.23,-0.10,0.43,129426,134848,123994
43779296,97.0725,-7.4900,1.5925,-0.2167,0.1380,1.0260,0.25,-0.10,0.43,129453,135090,124026
43798828,80.6925,-4.0600,12.2150,-0.3255,0.1508,1.0194,0.26,-0.10,0.43,129474,135283,124047
43819336,54.6175,-1.3825,18.9175,-0.3837,0.1471,1.0210,0.27,-0.10,0.43,129491,135430,124070
43838868,42.1050,-2.3450,22.3475,-0.4188,0.1200,1.0302,0.27,-0.09,0.43,129525,135553,124107
43859376,21.6300,-4.5150,22.9775,-0.4316,0.0849,1.0309,0.28,-0.09,0.43,129554,135611,124060
43878904,-14.4550,-6.0200,22.5925,-0.4276,0.0520,1.0197,0.27,-0.09,0.43,129592,135543,124014
43899416,-48.5800,-7.5425,21.3850,-0.4113,0.0217,1.0041,0.26,-0.09,0.44,129651,135390,123930
43918944,-76.5625,-8.5750,18.7950,-0.3782,-0.0234,0.9854,0.25,-0.08,0.44,129700,135208,123861
43939452,-74.5500,-8.6625,16.9050,-0.3532,-0.0521,0.9799,0.24,-0.08,0.44,129717,135053,123799
43958984,-60.4625,-8.5050,14.8225,-0.3260,-0.0733,0.9777,0.24,-0.08,0.45,129748,134942,123757
43979492,-49.5775,-7.4375,12.9675,-0.2971,-0.0860,0.9737,0.23,-0.08,0.45,129781,134820,123714
43999024,-46.8125,-5.8450,11.5325,-0.2704,-0.0953,0.9669,0.22,-0.08,0.45,129809,134714,123696
44019532,-45.9200,-3.7625,9.2225,-0.2472,-0.1064,0.9568,0.22,-0.08,0.45,129814,134604,123658
44039064,-40.1100,-2.5375,6.8950,-0.2197,-0.1259,0.9556,0.21,-0.08,0.45,129814,134513,123642
44059568,-27.4225,-1.4000,4.5850,-0.2061,-0.1366,0.9609,0.21,-0.08,0.45,129807,134469,123629
44079100,-17.7450,-0.0175,3.0275,-0.1924,-0.1410,0.9672,0.21,-0.08,0.45,129803,134438,123626
44099608,-16.2050,1.4525,2.0300,-0.1793,-0.1418,0.9712,0.20,-0.08,0.45,129794,134377,123638
44119140,-21.6650,3.0625,0.6650,-0.1699,-0.1419,0.9742,0.20,-0.08,0.45,129782,134327,123641
44139648,-26.7225,4.2875,-1.3125,-0.1582,-0.1464,0.9780,0.20,-0.08,0.45,129760,134270,123653
44159180,-23.0650,4.9700,-2.2575,-0.1510,-0.1508,0.9817,0.19,-0.08,0.45,129730,134228,123658
44179688,-10.7450,5.5475,-2.9225,-0.1465,-0.1542,0.9906,0.19,-0.08,0.45,129716,134220,123679
44199216,3.3425,5.9675,-3.2025,-0.1468,-0.1537,0.9999,0.19,-0.08,0.45,129704,134236,123716
44219728,8.1900,6.5975,-3.2375,-0.1493,-0.1484,1.0041,0.19,-0.09,0.45,129673,134262,123765
44239256,7.9975,7.5600,-3.0975,-0.1499,-0.1423,1.0061,0.20,-0.09,0.44,129640,134304,123804
44258788,9.2750,8.4175,-3.3950,-0.1457,-0.1336,1.0080,0.20,-0.09,0.44,129617,134343,123831
44279296,11.0250,8.2600,-3.5525,-0.1432,-0.1286,1.0081,0.20,-0.09,0.44,129594,134373,123888
44298828,8.1200,8.7675,-4.0600,-0.1442,-0.1229,1.0080,0.20,-0.09,0.44,129574,134388,123938
44319336,1.4350,9.9750,-5.1275,-0.1455,-0.1158,1.0072,0.20,-0.09,0.43,129545,134397,123984
44338868,-8.2425,11.4450,-7.1925,-0.1442,-0.1054,1.0064,0.20,-0.10,0.43,129511,134379,124023
44359376,-10.6750,11.2700,-8.2425,-0.1393,-0.0993,1.0048,0.20,-0.10,0.43,129469,134350,124061
44389648,-22.0675,12.0750,-8.3125,-0.1288,-0.0899,1.0016,0.19,-0.10,0.42,129425,134260,124121
44409180,-23.4325,12.3725,-8.4175,-0.1237,-0.0860,1.0032,0.19,-0.10,0.42,129390,134211,124157
44429688,-22.0675,12.3725,-8.5400,-0.1192,-0.0825,1.0056,0.19,-0.10,0.42,129365,134163,124225
44449216,-21.8925,12.7050,-8.6975,-0.1152,-0.0803,1.0070,0.19,-0.11,0.42,129349,134112,124258
44469728,-20.8600,12.8975,-8.7675,-0.1105,-0.0811,1.0082,0.18,-0.11,0.41,129329,134068,124307
44489256,-10.0625,12.1100,-8.2075,-0.0993,-0.0871,1.0147,0.18,-0.11,0.41,129303,134070,124354
44508788,1.6625,10.3950,-7.2450,-0.0919,-0.0883,1.0170,0.18,-0.11,0.41,129274,134090,124406
44529296,5.1100,9.3275,-6.3000,-0.0871,-0.0836,1.0150,0.19,-0.11,0.40,129276,134112,124450
44548828,1.9600,9.6250,-5.3550,-0.0844,-0.0805,1.0148,0.19,-0.11,0.40,129272,134125,124511
44569336,5.5475,9.3100,-4.9350,-0.0825,-0.0788,1.0180,0.19,-0.11,0.40,129274,134155,124579
44588868,5.3025,10.1500,-3.8150,-0.0804,-0.0736,1.0216,0.19,-0.11,0.39,129252,134187,124633
44609376,8.3125,10.2375,-3.5700,-0.0715,-0.0676,1.0219,0.19,-0.11,0.39,129244,134228,124678
44628904,7.3150,9.7475,-3.9550,-0.0625,-0.0637,1.0197,0.19,-0.11,0.39,129242,134252,124735
44649416,0.8400,9.3100,-4.3050,-0.0547,-0.0608,1.0163,0.19,-0.11,0.38,129256,134253,124789
44668944,-5.2850,8.9775,-4.4450,-0.0470,-0.0610,1.0153,0.19,-0.11,0.38,129257,134255,124835
44689452,-5.0750,8.5575,-4.3225,-0.0399,-0.0642,1.0166,0.20,-0.11,0.38,129250,134273,124856
44708984,1.0150,7.9625,-4.0250,-0.0332,-0.0692,1.0187,0.20,-0.11,0.38,129245,134304,124891
44729492,4.9875,7.3325,-4.5675,-0.0283,-0.0673,1.0177,0.20,-0.11,0.37,129254,134334,124943
44749024,3.6575,7.2100,-5.3025,-0.0243,-0.0664,1.0175,0.20,-0.11,0.37,129259,134352,124997
44769532,4.6200,6.5625,-6.3000,-0.0165,-0.0715,1.0198,0.20,-0.11,0.37,129268,134368,125034
44789064,0.0350,5.6525,-7.6650,-0.0039,-0.0761,1.0194,0.20,-0.11,0.37,129259,134362,125075
44809568,-10.5350,5.6525,-9.1000,0.0115,-0.0800,1.0163,0.20,-0.11,0.37,129257,134345,125074
44829100,-8.3300,5.7400,-9.3975,0.0261,-0.0913,1.0172,0.20,-0.11,0.36,129257,134335,125111
44849608,7.5250,5.4425,-9.2050,0.0420,-0.1021,1.0237,0.20,-0.11,0.36,129271,134359,125139
44869140,23.0300,4.5325,-9.7650,0.0473,-0.1108,1.0292,0.20,-0.11,0.36,129276,134406,125184
44889648,27.0550,3.7450,-10.6225,0.0540,-0.1125,1.0331,0.21,-0.11,0.36,129265,134470,125207
44909180,21.2450,3.2550,-11.0775,0.0627,-0.1096,1.0341,0.21,-0.11,0.36,129267,134494,125228
44929688,6.0025,3.7100,-11.0950,0.0734,-0.1042,1.0321,0.21,-0.11,0.35,129263,134483,125271
44949216,-1.0850,3.7100,-10.9725,0.0904,-0.1033,1.0348,0.21,-0.11,0.35,129270,134472,125275
44969728,3.7450,3.3425,-10.3425,0.0981,-0.1059,1.0380,0.21,-0.11,0.35,129266,134469,125294
44989256,9.2750,2.8350,-9.5550,0.1061,-0.1096,1.0408,0.21,-0.11,0.35,129251,134495,125294
45008788,12.5300,2.2925,-8.9950,0.1152,-0.1109,1.0415,0.21,-0.11,0.35,129240,134518,125319
45029296,11.6725,1.6275,-8.3125,0.1251,-0.1103,1.0407,0.21,-0.11,0.35,129236,134516,125329
45048828,8.3300,1.3300,-7.3850,0.1348,-0.1088,1.0397,0.21,-0.11,0.35,129232,134520,125334
45069336,9.8700,0.3675,-5.3550,0.1523,-0.1088,1.0414,0.21,-0.11,0.35,129237,134529,125364
45088868,15.7150,-0.3675,-4.1125,0.1636,-0.1098,1.0448,0.21,-0.11,0.35,129215,134549,125361
45109376,21.2450,-1.0325,-2.9225,0.1718,-0.1094,1.0488,0.22,-0.11,0.35,129205,134603,125363
45128904,23.1350,-1.8025,-1.8200,0.1792,-0.1072,1.0533,0.22,-0.11,0.35,129202,134621,125368
45149416,23.5550,-2.5725,-0.7700,0.1867,-0.1028,1.0594,0.22,-0.11,0.35,129211,134659,125366
45168944,18.1475,-3.6225,0.3325,0.1936,-0.0948,1.0642,0.22,-0.11,0.35,129203,134666,125364
45189452,4.2875,-5.4600,1.6625,0.2042,-0.0816,1.0685,0.22,-0.11,0.35,129193,134651,125334
45208984,-0.8575,-6.7375,2.5025,0.2136,-0.0750,1.0710,0.22,-0.12,0.35,129178,134636,125297
45229492,-3.4125,-7.5075,3.2900,0.2240,-0.0708,1.0748,0.22,-0.12,0.35,129182,134613,125259
45249024,2.6600,-8.5575,3.7800,0.2316,-0.0692,1.0812,0.22,-0.12,0.36,129180,134600,125245
45269532,5.8275,-9.7125,3.7975,0.2344,-0.0654,1.0843,0.21,-0.12,0.36,129181,134584,125204
45289064,-5.1275,-10.9375,3.1150,0.2355,-0.0578,1.0821,0.21,-0.12,0.36,129177,134544,125139
45309568,-11.7600,-11.9700,3.0100,0.2405,-0.0450,1.0795,0.21,-0.12,0.37,129169,134505,125060
45329100,-11.9350,-12.8800,2.9575,0.2403,-0.0394,1.0782,0.21,-0.12,0.37,129161,134446,125012
45349608,-1.7325,-14.2100,3.0275,0.2347,-0.0383,1.0815,0.20,-0.12,0.37,129179,134420,124963
45369140,6.5625,-15.3825,2.0650,0.2272,-0.0337,1.0842,0.20,-0.11,0.38,129188,134408,124885
45399416,7.5425,-15.5400,0.9800,0.2190,-0.0200,1.0878,0.20,-0.12,0.38,129183,134385,124780
45418944,9.9925,-15.1550,0.6475,0.2109,-0.0145,1.0906,0.20,-0.11,0.39,129193,134380,124708
45439452,11.2875,-14.7350,-0.6125,0.2053,-0.0090,1.0912,0.20,-0.11,0.39,129195,134370,124620
45458984,10.0275,-13.8600,-1.9600,0.2064,-0.0017,1.0884,0.20,-0.11,0.40,129201,134371,124530
45479492,11.1125,-13.2475,-4.1825,0.2089,0.0056,1.0809,0.20,-0.11,0.40,129206,134359,124463
45499024,12.3550,-12.8100,-6.4225,0.2044,0.0133,1.0682,0.20,-0.11,0.41,129221,134336,124378
45519532,14.1750,-10.7975,-9.4500,0.1704,0.0348,1.0483,0.20,-0.11,0.41,129233,134333,124296
45539064,20.3525,-9.7825,-10.0450,0.1193,0.0534,1.0388,0.20,-0.11,0.42,129233,134343,124216
45559568,30.2225,-8.2950,-9.3800,0.0453,0.0759,1.0380,0.20,-0.11,0.42,129232,134413,124153
45579100,42.5600,-7.7175,-5.6700,-0.0405,0.1025,1.0350,0.21,-0.11,0.42,129252,134498,124127
45599608,46.7950,-6.6675,-0.4200,-0.1320,0.1352,1.0254,0.22,-0.11,0.43,129286,134627,124088
45619140,61.6000,-6.2300,5.4250,-0.2225,0.1576,1.0187,0.23,-0.11,0.43,129310,134812,124096
45639648,92.2075,-4.3575,16.3450,-0.3345,0.1582,1.0275,0.24,-0.11,0.42,129324,135082,124123
45659180,90.0375,-2.8350,22.5925,-0.3856,0.1481,1.0322,0.26,-0.10,0.42,129352,135320,124155
45679688,69.1250,-3.3425,25.1125,-0.4119,0.1286,1.0298,0.27,-0.10,0.42,129392,135492,124192
45699216,29.0150,-4.4100,25.2350,-0.4185,0.1037,1.0200,0.27,-0.10,0.42,129434,135532,124182
45719728,-21.2625,-5.1625,23.8700,-0.4141,0.0776,1.0030,0.27,-0.10,0.43,129481,135428,124104
45739256,-65.8350,-6.0725,21.4200,-0.4022,0.0499,0.9828,0.26,-0.10,0.43,129514,135255,124021
45758788,-96.0750,-6.7725,17.9900,-0.3715,0.0061,0.9598,0.24,-0.09,0.44,129541,135028,123938
45779296,-86.5900,-6.4575,16.5900,-0.3455,-0.0240,0.9516,0.23,-0.09,0.44,129566,134841,123876
45798828,-57.7850,-6.3350,14.8750,-0.3185,-0.0540,0.9506,0.22,-0.09,0.44,129598,134743,123843
45819336,-26.3375,-5.7750,12.8100,-0.2917,-0.0782,0.9510,0.22,-0.09,0.44,129620,134719,123838
45838868,-9.3100,-4.2175,10.5175,-0.2661,-0.0947,0.9509,0.22,-0.09,0.44,129622,134720,123824
45859376,-1.9075,-1.3300,6.9650,-0.2460,-0.1057,0.9511,0.22,-0.09,0.44,129609,134732,123818
45878904,-1.7325,0.1575,4.7950,-0.2277,-0.1130,0.9570,0.22,-0.09,0.44,129613,134745,123820
45899416,-7.2450,1.7150,3.0975,-0.2179,-0.1100,0.9621,0.22,-0.09,0.44,129610,134715,123841
45918944,-13.8950,2.7475,1.9600,-0.2073,-0.1044,0.9665,0.22,-0.09,0.44,129600,134682,123855
45939452,-19.1625,3.4300,1.2075,-0.1981,-0.1005,0.9710,0.22,-0.09,0.44,129573,134631,123846
45958984,-21.5425,4.0250,0.7000,-0.1930,-0.0988,0.9753,0.21,-0.09,0.44,129554,134577,123855
45979492,-29.5225,4.9700,0.0350,-0.1923,-0.0946,0.9791,0.21,-0.09,0.44,129537,134498,123859
45999024,-34.4750,5.8975,-0.2275,-0.1948,-0.0917,0.9816,0.20,-0.09,0.44,129521,134413,123882
46019532,-33.9675,6.8075,-0.1575,-0.1973,-0.0903,0.9865,0.20,-0.10,0.44,129508,134342,123894
46039064,-29.9950,7.7175,-0.2100,-0.1998,-0.0894,0.9921,0.20,-0.10,0.44,129466,134290,123902
46059568,-23.1000,8.5750,-0.3675,-0.2008,-0.0911,0.9965,0.19,-0.10,0.44,129438,134247,123943
46079100,-13.1600,9.0475,-0.5425,-0.1996,-0.0953,1.0004,0.19,-0.10,0.43,129418,134253,123977
46099608,0.9100,9.4150,-1.4000,-0.1991,-0.1000,1.0026,0.19,-0.10,0.43,129391,134255,124045
46119140,-0.0700,10.0800,-2.2925,-0.2017,-0.0986,1.0002,0.19,-0.10,0.43,129366,134265,124086
46139648,-4.2000,10.8325,-3.2900,-0.2024,-0.0965,0.9978,0.19,-0.11,0.42,129332,134261,124130
46159180,-9.0650,11.6900,-4.1475,-0.2000,-0.0937,0.9965,0.19,-0.11,0.42,129291,134260,124176
46179688,-10.9025,12.1450,-4.9700,-0.1958,-0.0899,0.9952,0.19,-0.11,0.42,129257,134236,124225
46199216,-11.1650,12.6525,-5.2675,-0.1925,-0.0841,0.9941,0.19,-0.11,0.41,129242,134217,124297
46219728,-5.5300,12.9850,-4.2875,-0.1900,-0.0761,0.9916,0.19,-0.11,0.41,129218,134218,124361
46239256,-0.2450,13.5800,-3.7625,-0.1846,-0.0727,0.9910,0.19,-0.12,0.41,129181,134236,124426
46258788,4.4625,13.9650,-3.9550,-0.1747,-0.0719,0.9898,0.20,-0.12,0.40,129156,134269,124497
46279296,10.8850,14.3150,-4.4975,-0.1619,-0.0759,0.9895,0.20,-0.12,0.40,129132,134315,124564
46298828,20.3000,14.0875,-5.5475,-0.1512,-0.0775,0.9899,0.20,-0.12,0.39,129109,134371,124642
46319336,25.6025,14.0525,-7.0175,-0.1404,-0.0723,0.9894,0.21,-0.12,0.39,129098,134466,124741
46338868,29.0500,13.9475,-7.4900,-0.1210,-0.0650,0.9919,0.21,-0.12,0.38,129075,134530,124822
46359376,27.2125,14.3850,-8.5225,-0.1077,-0.0551,0.9938,0.22,-0.12,0.38,129043,134602,124894
46378904,22.9600,15.4175,-9.3275,-0.0922,-0.0461,1.0002,0.22,-0.12,0.37,129028,134644,124974
46409180,15.9075,16.5550,-10.6575,-0.0655,-0.0327,1.0121,0.22,-0.13,0.37,128989,134709,125074
46429688,2.0825,15.8900,-11.6200,-0.0467,-0.0232,1.0169,0.22,-0.13,0.36,128963,134684,125140
46449216,-18.0950,15.7325,-11.8125,-0.0278,-0.0065,1.0213,0.22,-0.13,0.36,128954,134640,125182
46469728,-37.9050,14.8925,-11.6025,-0.0212,-0.0009,1.0224,0.21,-0.13,0.36,128934,134535,125190
46489256,-43.9600,13.8950,-11.3050,-0.0154,-0.0032,1.0288,0.21,-0.13,0.36,128916,134456,125233
46508788,-29.3475,12.3900,-10.5000,-0.0117,-0.0131,1.0429,0.20,-0.13,0.35,128894,134427,125258
46529296,-7.0525,10.5175,-9.5900,-0.0073,-0.0256,1.0587,0.21,-0.13,0.35,128893,134436,125306
46548828,4.3575,7.8575,-9.4500,-0.0004,-0.0346,1.0669,0.21,-0.13,0.35,128899,134445,125331
46569336,-11.4625,5.3550,-10.3950,0.0071,-0.0345,1.0642,0.20,-0.13,0.35,128908,134394,125372
46588868,-22.9950,4.7775,-10.5525,0.0081,-0.0312,1.0636,0.20,-0.13,0.35,128905,134362,125372
46609376,-19.1975,3.8675,-9.7825,0.0099,-0.0329,1.0687,0.20,-0.13,0.35,128900,134338,125375
46628904,-8.3475,2.8000,-8.7850,0.0145,-0.0386,1.0777,0.20,-0.13,0.35,128908,134323,125376
46649416,-2.7300,1.6975,-7.9975,0.0177,-0.0439,1.0835,0.20,-0.13,0.35,128927,134310,125398
46668944,-11.0250,-0.0175,-7.6475,0.0205,-0.0483,1.0821,0.20,-0.13,0.35,128949,134275,125408
46689452,-13.5975,-0.9975,-7.6300,0.0271,-0.0565,1.0770,0.19,-0.13,0.35,128949,134256,125401
46708984,-11.4450,-1.5225,-6.9300,0.0312,-0.0625,1.0758,0.19,-0.13,0.35,128951,134235,125382
46729492,-8.1200,-2.0825,-5.7225,0.0331,-0.0672,1.0743,0.19,-0.13,0.35,128965,134215,125392
46749024,-13.0550,-3.0625,-4.6550,0.0332,-0.0715,1.0690,0.19,-0.13,0.35,128982,134188,125376
46769532,-23.0650,-4.3575,-4.0600,0.0372,-0.0782,1.0601,0.19,-0.13,0.35,129011,134128,125371
46789064,-11.2875,-6.0025,-2.8175,0.0547,-0.0978,1.0565,0.19,-0.13,0.35,129019,134118,125355
46809568,8.7500,-7.0875,-1.5925,0.0661,-0.1124,1.0569,0.19,-0.13,0.35,129023,134146,125350
46829100,16.1000,-7.6825,-0.9275,0.0781,-0.1219,1.0531,0.19,-0.12,0.35,129051,134173,125341
46849608,13.5450,-8.0500,-0.8225,0.0939,-0.1263,1.0474,0.19,-0.12,0.35,129081,134194,125355
46869140,10.7100,-8.4175,-0.2450,0.1143,-0.1274,1.0421,0.19,-0.12,0.35,129099,134210,125324
46889648,10.2900,-8.7675,1.7850,0.1342,-0.1281,1.0377,0.19,-0.12,0.35,129103,134234,125308
46909180,19.5650,-9.3450,3.1325,0.1649,-0.1327,1.0398,0.20,-0.12,0.35,129112,134278,125284
46929688,30.9575,-10.1675,4.5325,0.1820,-0.1325,1.0464,0.20,-0.12,0.35,129127,134345,125277
46949216,33.1100,-10.5875,6.0900,0.1935,-0.1257,1.0521,0.20,-0.12,0.35,129144,134390,125278
46969728,28.1400,-10.6225,7.4375,0.2004,-0.1147,1.0580,0.21,-0.12,0.36,129158,134435,125250
46989256,22.1200,-10.8500,8.0500,0.2059,-0.1041,1.0646,0.21,-0.12,0.36,129159,134475,125227
47008788,14.8750,-11.4800,8.4525,0.2106,-0.0941,1.0696,0.21,-0.12,0.36,129159,134486,125178
47029296,0.6300,-12.2325,9.7300,0.2139,-0.0808,1.0724,0.21,-0.12,0.36,129168,134470,125137
47048828,-3.4125,-12.6700,10.7800,0.2105,-0.0732,1.0751,0.21,-0.11,0.37,129188,134456,125082
47069336,-3.3075,-13.2300,11.2525,0.2008,-0.0665,1.0788,0.21,-0.11,0.37,129203,134437,125034
47088868,-8.4000,-13.1600,10.5525,0.1876,-0.0610,1.0809,0.20,-0.11,0.37,129214,134393,124962
47109376,-17.3250,-13.0900,9.4850,0.1752,-0.0590,1.0796,0.20,-0.11,0.38,129210,134326,124896
47128904,-19.8100,-13.2475,7.4375,0.1678,-0.0630,1.0763,0.20,-0.11,0.38,129221,134276,124816
47149416,-3.6400,-13.3350,6.7200,0.1632,-0.0771,1.0751,0.19,-0.11,0.39,129239,134253,124752
47168944,14.9450,-13.2825,5.8625,0.1558,-0.0830,1.0753,0.20,-0.11,0.39,129259,134287,124710
47189452,26.0225,-13.5275,4.7775,0.1423,-0.0810,1.0758,0.20,-0.11,0.39,129272,134325,124650
47208984,18.6200,-13.4925,3.5525,0.1258,-0.0687,1.0716,0.20,-0.11,0.40,129273,134315,124583
47229492,-1.8550,-13.1425,1.9075,0.1108,-0.0516,1.0629,0.19,-0.11,0.40,129295,134263,124492
47249024,-19.9150,-13.3525,-0.7875,0.0952,-0.0338,1.0472,0.19,-0.11,0.41,129320,134184,124429
47269532,-15.3300,-13.2650,-2.4675,0.0863,-0.0306,1.0394,0.19,-0.11,0.41,129345,134122,124333
47289064,-0.6475,-13.2475,-4.5150,0.0730,-0.0310,1.0327,0.19,-0.10,0.42,129352,134107,124264
47309568,13.7375,-12.8275,-6.2125,0.0578,-0.0296,1.0233,0.19,-0.10,0.42,129367,134127,124204
47329100,22.8725,-12.1100,-7.9100,0.0461,-0.0215,1.0087,0.19,-0.10,0.42,129389,134135,124139
47349608,25.3750,-9.7300,-10.5350,0.0373,-0.0061,0.9903,0.19,-0.10,0.43,129410,134165,124102
47369140,26.4775,-8.0850,-11.3750,0.0207,0.0251,0.9633,0.19,-0.10,0.43,129417,134188,124033
47389648,29.6100,-6.4400,-11.0425,-0.0032,0.0478,0.9512,0.19,-0.10,0.43,129409,134233,123990
47419920,33.3200,-3.0975,-7.4725,-0.0749,0.0832,0.9471,0.20,-0.10,0.44,129413,134319,123943
47440428,41.4750,-1.7675,-3.4125,-0.1462,0.1024,0.9584,0.20,-0.10,0.44,129398,134426,123930
47459960,34.6675,0.5425,5.6875,-0.2148,0.1166,0.9761,0.21,-0.10,0.44,129385,134496,123929
47480468,9.2050,1.4000,11.7425,-0.3049,0.1242,0.9936,0.21,-0.10,0.44,129387,134505,123894
47500000,-21.9975,1.6100,17.3775,-0.3423,0.1059,1.0014,0.21,-0.10,0.44,129394,134441,123882
47520508,-38.8675,-0.2975,18.7075,-0.3608,0.0658,1.0064,0.20,-0.10,0.44,129403,134339,123833
47540040,-49.1050,-2.6075,18.6375,-0.3608,0.0151,1.0041,0.19,-0.10,0.44,129413,134216,123807
47560544,-55.3875,-4.3050,17.5000,-0.3489,-0.0329,0.9931,0.18,-0.10,0.45,129435,134100,123763
47580080,-43.5400,-6.1250,15.8900,-0.3172,-0.0972,0.9776,0.18,-0.10,0.45,129459,134018,123746
47600584,-19.6525,-7.3850,14.9450,-0.2943,-0.1324,0.9716,0.18,-0.10,0.45,129493,134010,123728
47620116,5.4250,-8.1375,14.1050,-0.2704,-0.1552,0.9667,0.18,-0.09,0.45,129516,134062,123720
47640624,20.6150,-7.3675,13.0200,-0.2452,-0.1656,0.9621,0.19,-0.09,0.45,129525,134153,123712
47660156,26.2150,-5.2500,11.3575,-0.2217,-0.1691,0.9599,0.19,-0.09,0.45,129527,134242,123726
47680664,23.1700,-3.0975,7.7350,-0.2015,-0.1682,0.9601,0.20,-0.09,0.45,129535,134285,123740
47700196,2.7125,-0.5775,6.0200,-0.1808,-0.1593,0.9592,0.20,-0.09,0.45,129537,134297,123748
47720704,-9.2925,0.6650,4.9350,-0.1728,-0.1546,0.9605,0.20,-0.09,0.45,129537,134272,123736
47740232,-9.3800,1.3475,4.2350,-0.1678,-0.1545,0.9665,0.20,-0.09,0.45,129523,134271,123724
47760744,-2.4150,1.3825,3.6925,-0.1637,-0.1571,0.9745,0.20,-0.10,0.45,129510,134284,123746
47780272,4.5500,1.4700,3.2200,-0.1606,-0.1603,0.9823,0.20,-0.10,0.45,129495,134313,123763
47799804,9.5900,1.4700,2.7125,-0.1584,-0.1623,0.9899,0.20,-0.10,0.44,129496,134350,123795
47820312,13.1950,1.3825,2.3100,-0.1571,-0.1615,1.0009,0.20,-0.10,0.44,129493,134394,123824
47839844,13.3525,1.4000,1.9600,-0.1623,-0.1582,1.0089,0.21,-0.10,0.44,129482,134452,123828
47860352,12.9325,1.5225,1.7325,-0.1729,-0.1514,1.0182,0.21,-0.10,0.44,129470,134504,123862
47879880,15.7675,1.2425,2.0475,-0.1854,-0.1420,1.0302,0.21,-0.10,0.44,129475,134558,123895
47900392,16.5375,0.3675,2.7825,-0.1959,-0.1286,1.0390,0.22,-0.10,0.44,129475,134608,123939
47919920,8.2775,-0.4200,3.8325,-0.2050,-0.1105,1.0425,0.22,-0.10,0.43,129489,134617,123951
47940428,-15.2600,0.0525,4.2175,-0.2155,-0.0883,1.0418,0.21,-0.10,0.43,129481,134590,123973
47959960,-27.1425,0.4200,3.5175,-0.2145,-0.0821,1.0416,0.21,-0.10,0.43,129483,134525,123983
47980468,-33.1625,0.6825,1.8725,-0.2062,-0.0800,1.0414,0.21,-0.10,0.43,129490,134453,123999
48000000,-34.6850,0.9100,0.1750,-0.1947,-0.0806,1.0380,0.20,-0.10,0.43,129506,134378,124001
48020508,-35.2450,1.3125,-1.0325,-0.1834,-0.0824,1.0314,0.20,-0.10,0.43,129506,134299,124036
48040040,-28.6825,2.2575,-2.1700,-0.1686,-0.0853,1.0241,0.19,-0.10,0.43,129498,134265,124031
48060544,-18.3750,2.4150,-2.5200,-0.1590,-0.0865,1.0213,0.19,-0.10,0.43,129497,134230,124080
48080080,-12.8800,3.0800,-2.8350,-0.1508,-0.0866,1.0166,0.19,-0.10,0.42,129499,134206,124109
48100584,-11.8650,4.1300,-3.2025,-0.1390,-0.0861,1.0089,0.19,-0.10,0.42,129504,134185,124162
48120116,-12.1625,5.3375,-4.0600,-0.1215,-0.0856,1.0025,0.19,-0.10,0.42,129498,134172,124187
48140624,-11.6550,6.9825,-5.0400,-0.1027,-0.0870,0.9987,0.19,-0.10,0.42,129478,134173,124240
48160156,-6.7725,8.6975,-6.2825,-0.0847,-0.0847,0.9934,0.19,-0.10,0.42,129454,134156,124268
48180664,-11.3750,9.9400,-6.8425,-0.0781,-0.0776,0.9867,0.19,-0.10,0.41,129446,134131,124332
48200196,-17.5525,11.4975,-7.8575,-0.0665,-0.0730,0.9841,0.18,-0.10,0.41,129433,134103,124371
48220704,-9.6775,11.7600,-7.5250,-0.0523,-0.0767,0.9848,0.18,-0.10,0.41,129404,134097,124433
48240232,1.5925,12.1100,-7.0350,-0.0410,-0.0781,0.9865,0.19,-0.10,0.40,129378,134119,124477
48260744,6.0550,13.1950,-7.0875,-0.0275,-0.0733,0.9884,0.19,-0.11,0.40,129345,134141,124529
48280272,3.0800,13.4400,-6.7550,-0.0181,-0.0712,0.9904,0.19,-0.11,0.40,129329,134150,124580
48299804,-1.2075,14.0350,-6.1425,-0.0088,-0.0734,0.9958,0.19,-0.11,0.39,129309,134157,124641
48320312,6.1775,13.8950,-5.3200,-0.0016,-0.0795,1.0050,0.19,-0.11,0.39,129289,134192,124692
48339844,7.7350,14.6825,-4.1650,0.0012,-0.0798,1.0121,0.19,-0.11,0.39,129265,134220,124741
48360352,6.3700,14.1575,-3.8150,0.0020,-0.0736,1.0139,0.20,-0.11,0.38,129240,134270,124782
48379880,14.2100,6.8425,-5.4075,0.0076,-0.0733,1.0136,0.20,-0.11,0.38,129234,134279,124814
48400392,-12.0750,5.6875,-6.3525,0.0233,-0.0681,1.0150,0.19,-0.11,0.38,129242,134243,124854
48430664,-15.5400,6.1250,-4.6900,0.0287,-0.0634,1.0268,0.19,-0.11,0.38,129232,134206,124879
48450196,-11.2000,5.0400,-3.7275,0.0227,-0.0667,1.0292,0.19,-0.11,0.38,129241,134190,124907
48470704,-15.9425,3.4300,-3.9550,0.0192,-0.0725,1.0268,0.19,-0.11,0.38,129255,134157,124917
48490232,-12.9500,1.8725,-3.9550,0.0222,-0.0820,1.0275,0.19,-0.11,0.38,129248,134166,124926
48510744,10.0625,-0.1925,-3.2200,0.0387,-0.0949,1.0355,0.19,-0.11,0.37,129249,134204,124939
48530272,18.3050,-0.8750,-2.3275,0.0487,-0.0988,1.0409,0.19,-0.11,0.37,129273,134252,124962
48549804,17.4825,-1.7675,-1.6625,0.0543,-0.0992,1.0429,0.20,-0.11,0.37,129295,134288,124987
48570312,10.4650,-2.6775,-1.2075,0.0611,-0.0996,1.0441,0.20,-0.11,0.37,129313,134309,124996
48589844,2.2400,-3.0450,-0.8925,0.0750,-0.1024,1.0475,0.20,-0.11,0.37,129320,134323,124991
48610352,-4.4100,-3.6400,-1.6275,0.1044,-0.1120,1.0524,0.20,-0.11,0.37,129317,134313,124983
48629880,-4.1300,-3.9375,-1.6625,0.1283,-0.1205,1.0544,0.20,-0.11,0.37,129342,134304,124977
48650392,0.8050,-4.3225,-1.7675,0.1571,-0.1304,1.0573,0.20,-0.10,0.37,129353,134310,124987
48669920,11.4100,-5.4600,-1.2075,0.1810,-0.1387,1.0602,0.20,-0.10,0.37,129368,134342,124987
48690428,16.0475,-6.3525,-0.0525,0.1962,-0.1437,1.0599,0.20,-0.10,0.37,129367,134368,124974
48709960,16.7475,-7.2450,0.7700,0.2079,-0.1464,1.0608,0.20,-0.10,0.37,129378,134412,124960
48730468,27.6500,-9.1700,2.2925,0.2231,-0.1458,1.0704,0.21,-0.10,0.37,129398,134463,124948
48750000,30.5375,-10.3950,3.5175,0.2281,-0.1392,1.0768,0.21,-0.10,0.37,129426,134521,124950
48770508,25.1300,-11.5675,4.6025,0.2314,-0.1285,1.0812,0.21,-0.10,0.38,129447,134559,124916
48790040,9.3975,-12.3200,5.3375,0.2333,-0.1144,1.0819,0.21,-0.10,0.38,129453,134562,124876
48810544,-9.9225,-12.6525,5.3550,0.2357,-0.1030,1.0784,0.21,-0.10,0.38,129468,134512,124814
48830080,-17.3425,-12.9675,5.1275,0.2406,-0.0981,1.0756,0.21,-0.10,0.39,129498,134474,124762
48850584,4.0600,-13.9650,5.5650,0.2481,-0.0994,1.0777,0.21,-0.09,0.39,129520,134471,124719
48870116,10.1675,-14.4375,5.3550,0.2497,-0.0986,1.0747,0.21,-0.09,0.39,129545,134475,124678
48890624,-0.0700,-14.5950,4.0600,0.2518,-0.0941,1.0680,0.21,-0.09,0.39,129561,134443,124605
48910156,-13.3350,-14.5425,2.2925,0.2566,-0.0872,1.0604,0.20,-0.09,0.40,129572,134384,124542
48930664,-11.6900,-14.2625,1.1550,0.2662,-0.0825,1.0581,0.20,-0.09,0.40,129596,134351,124478
48950196,3.2550,-14.0525,1.0150,0.2741,-0.0795,1.0586,0.20,-0.09,0.41,129616,134345,124426
48970704,14.6475,-13.8250,0.1400,0.2734,-0.0716,1.0575,0.20,-0.09,0.41,129640,134343,124359
48990232,5.4600,-13.5800,-2.1175,0.2693,-0.0606,1.0547,0.20,-0.09,0.41,129645,134319,124276
49010744,-11.9525,-13.3350,-4.7250,0.2652,-0.0490,1.0474,0.19,-0.09,0.42,129655,134217,124183
49030272,-23.8525,-12.5475,-6.9125,0.2600,-0.0410,1.0387,0.19,-0.08,0.43,129689,134122,124091
49049804,-17.7100,-11.5500,-8.9075,0.2533,-0.0372,1.0338,0.18,-0.08,0.43,129707,134050,124021
49070312,14.2100,-10.9550,-11.5150,0.2320,-0.0312,1.0292,0.18,-0.08,0.43,129725,134035,123966
49089844,32.1825,-10.3600,-13.1775,0.2028,-0.0220,1.0235,0.18,-0.08,0.44,129732,134074,123896
49110352,43.1550,-9.1175,-14.0525,0.1574,-0.0035,1.0175,0.19,-0.08,0.44,129745,134149,123835
49129880,49.0350,-8.2075,-13.0025,0.0991,0.0224,1.0116,0.19,-0.08,0.44,129762,134247,123805
49150392,60.9875,-8.4000,-9.3800,0.0301,0.0494,1.0075,0.20,-0.08,0.44,129789,134395,123788
49169920,73.6400,-8.0150,-5.1800,-0.0477,0.0789,1.0069,0.21,-0.08,0.44,129812,134578,123804
49190428,84.0000,-6.8250,3.2550,-0.1632,0.1150,1.0120,0.23,-0.08,0.44,129831,134788,123795
49209960,78.0675,-7.4200,8.1200,-0.2373,0.1257,1.0120,0.24,-0.07,0.44,129848,134982,123806
49230468,46.8650,-6.1950,15.2425,-0.2912,0.1243,1.0109,0.24,-0.07,0.44,129885,135062,123800
49250000,0.2800,-5.0225,21.9275,-0.3328,0.1141,1.0088,0.24,-0.07,0.45,129927,135041,123770
49270508,-32.9700,-6.4225,25.5850,-0.3526,0.0871,1.0082,0.24,-0.07,0.45,129964,134936,123715
49290040,-57.2075,-8.4350,26.2150,-0.3521,0.0495,1.0033,0.23,-0.07,0.45,130004,134773,123653
49310544,-83.7725,-9.8000,25.4975,-0.3292,-0.0107,0.9842,0.21,-0.06,0.46,130045,134572,123562
49330080,-85.3825,-9.7825,23.6775,-0.3055,-0.0527,0.9721,0.20,-0.06,0.46,130079,134365,123513
49350584,-72.5375,-9.1350,20.6325,-0.2793,-0.0925,0.9640,0.19,-0.06,0.46,130126,134200,123466
49370116,-57.2775,-7.7000,16.8350,-0.2524,-0.1230,0.9560,0.18,-0.06,0.47,130143,134083,123440
49390624,-45.1675,-5.3900,13.5975,-0.2242,-0.1447,0.9454,0.18,-0.06,0.47,130143,133988,123403
49410156,-32.9175,-2.7825,11.4450,-0.1984,-0.1619,0.9344,0.18,-0.06,0.47,130133,133949,123404
49440428,6.0025,2.1525,7.2275,-0.1568,-0.1890,0.9288,0.18,-0.06,0.47,130122,133986,123416
49459960,26.3900,4.5850,5.1625,-0.1402,-0.1974,0.9326,0.18,-0.06,0.47,130094,134099,123421
49480468,40.4425,6.5975,3.1500,-0.1244,-0.2020,0.9381,0.19,-0.06,0.46,130067,134226,123466
49500000,45.1675,8.3650,0.9275,-0.1107,-0.2017,0.9440,0.20,-0.06,0.46,130032,134346,123499
49520508,43.0325,9.5900,-1.3300,-0.1005,-0.1959,0.9514,0.21,-0.07,0.46,129996,134466,123547
49540040,34.8425,10.4650,-3.3950,-0.0928,-0.1803,0.9636,0.21,-0.07,0.46,129951,134550,123588
49560544,29.9775,10.6400,-3.8850,-0.0937,-0.1670,0.9753,0.22,-0.07,0.45,129902,134641,123638
49580080,25.9350,10.0625,-3.9550,-0.1003,-0.1525,0.9883,0.22,-0.07,0.45,129871,134699,123659
49600584,15.3475,8.8900,-3.5525,-0.1075,-0.1340,0.9981,0.22,-0.07,0.45,129846,134717,123690
49620116,-0.8925,7.7875,-2.7825,-0.1124,-0.1155,1.0026,0.22,-0.08,0.45,129811,134697,123703
49640624,-18.4625,6.6500,-2.3275,-0.1164,-0.0974,1.0106,0.22,-0.08,0.45,129778,134657,123714
49660156,-14.6825,5.4600,-2.6250,-0.1181,-0.0930,1.0202,0.22,-0.08,0.45,129752,134638,123731
49680664,-8.5050,4.4275,-3.0275,-0.1203,-0.0898,1.0285,0.22,-0.08,0.45,129738,134620,123749
49700196,-6.8250,3.6575,-3.3425,-0.1242,-0.0849,1.0314,0.22,-0.08,0.45,129734,134603,123766
49720704,-11.3400,3.5350,-3.5000,-0.1286,-0.0793,1.0314,0.21,-0.08,0.44,129710,134573,123787
49740232,-13.1775,3.3425,-3.6925,-0.1329,-0.0766,1.0321,0.21,-0.08,0.44,129691,134546,123815
49760744,-12.9500,3.0275,-4.2875,-0.1413,-0.0778,1.0308,0.21,-0.09,0.44,129671,134532,123836
49780272,-11.2700,3.3775,-4.7600,-0.1477,-0.0798,1.0289,0.21,-0.09,0.44,129663,134497,123874
49799804,-8.0675,3.7800,-5.1800,-0.1549,-0.0794,1.0269,0.21,-0.09,0.44,129652,134495,123907
49820312,-7.0350,4.4450,-5.4425,-0.1610,-0.0759,1.0241,0.21,-0.09,0.43,129634,134480,123945
49839844,-6.5800,5.1450,-4.9875,-0.1629,-0.0723,1.0202,0.21,-0.09,0.43,129608,134479,123991
49860352,-5.6175,5.6350,-4.6375,-0.1591,-0.0705,1.0155,0.21,-0.09,0.43,129588,134498,124023
49879880,-1.9600,6.3525,-4.6375,-0.1525,-0.0684,1.0077,0.21,-0.09,0.43,129565,134494,124060
49900392,-3.5875,7.4200,-4.8125,-0.1505,-0.0660,0.9997,0.21,-0.09,0.42,129557,134487,124129
49919920,-4.4450,9.0825,-5.0050,-0.1451,-0.0654,0.9965,0.21,-0.09,0.42,129538,134495,124178
49940428,1.1375,10.4125,-5.5825,-0.1342,-0.0655,0.9978,0.21,-0.10,0.42,129503,134520,124239
49959960,8.6800,11.3225,-6.1600,-0.1225,-0.0628,0.9958,0.21,-0.10,0.41,129472,134557,124300
49980468,10.4125,12.7750,-6.3350,-0.1122,-0.0565,0.9888,0.21,-0.10,0.41,129445,134586,124376
50000000,10.1325,15.2600,-6.0025,-0.1027,-0.0484,0.9816,0.22,-0.10,0.40,129421,134621,124448
50020508,18.1825,15.5050,-6.3000,-0.0958,-0.0479,0.9831,0.22,-0.10,0.40,129382,134694,124526
50040040,30.9575,14.9450,-6.4925,-0.0863,-0.0464,0.9869,0.23,-0.11,0.39,129349,134782,124614
50060544,40.2850,14.9275,-6.7375,-0.0756,-0.0377,0.9906,0.23,-0.11,0.39,129315,134912,124707
50080080,43.8900,14.3500,-6.6500,-0.0655,-0.0248,0.9919,0.24,-0.11,0.38,129298,135007,124824
50100584,25.0775,14.2450,-6.3875,-0.0571,0.0004,0.9904,0.24,-0.11,0.38,129283,135049,124899
50120116,3.6750,14.8400,-6.5100,-0.0514,0.0156,0.9899,0.24,-0.11,0.37,129261,135062,124953
50140624,-7.5600,14.9275,-7.0175,-0.0447,0.0244,0.9916,0.24,-0.11,0.37,129230,135059,125014
50160156,-6.7200,14.9625,-7.5600,-0.0381,0.0282,0.9971,0.24,-0.11,0.37,129210,135053,125066
50180664,0.3325,14.1050,-7.7175,-0.0332,0.0310,1.0015,0.24,-0.11,0.36,129191,135064,125137
50200196,-4.9525,13.7550,-7.6475,-0.0298,0.0370,1.0017,0.24,-0.12,0.36,129181,135035,125173
50220704,-14.7000,13.5800,-7.0875,-0.0232,0.0406,1.0105,0.24,-0.12,0.36,129170,135018,125231
50240232,-12.7400,12.4775,-6.7900,-0.0167,0.0388,1.0200,0.24,-0.12,0.35,129163,135003,125261
50260744,-10.8500,11.0950,-6.7200,-0.0085,0.0368,1.0300,0.24,-0.12,0.35,129148,134981,125301
50280272,-10.1150,9.3625,-6.4750,0.0022,0.0356,1.0391,0.24,-0.12,0.35,129149,134983,125327
50299804,-5.7750,7.0000,-6.0725,0.0154,0.0318,1.0477,0.24,-0.12,0.35,129156,134983,125355
50320312,-1.5225,4.5675,-5.6525,0.0276,0.0278,1.0566,0.24,-0.12,0.35,129171,134978,125390
50339844,-5.8975,2.2225,-4.9700,0.0451,0.0244,1.0716,0.24,-0.12,0.35,129176,134975,125402
50360352,-14.2450,0.9625,-4.5675,0.0622,0.0188,1.0795,0.24,-0.12,0.35,129176,134951,125402
50379880,-14.8750,-1.4525,-4.6200,0.0856,0.0098,1.0847,0.24,-0.11,0.35,129199,134941,125405
50400392,-12.1975,-3.2200,-4.3925,0.1081,0.0033,1.0876,0.23,-0.11,0.35,129231,134910,125399
50419920,-13.2825,-3.9025,-3.4650,0.1257,-0.0016,1.0871,0.23,-0.11,0.35,129249,134880,125402
50450196,-0.1225,-5.1975,-1.6275,0.1617,-0.0154,1.0904,0.23,-0.11,0.35,129264,134882,125365
50470704,5.5825,-5.6350,-0.6825,0.1786,-0.0237,1.0895,0.23,-0.11,0.35,129286,134893,125392
50490232,10.9550,-6.4050,0.1575,0.1937,-0.0309,1.0852,0.24,-0.11,0.35,129300,134923,125366
50510744,11.1825,-6.8950,1.0325,0.2123,-0.0355,1.0770,0.24,-0.11,0.35,129298,134944,125359
50530272,16.0125,-7.2800,2.1525,0.2339,-0.0388,1.0726,0.24,-0.11,0.35,129309,134994,125364
50549804,29.0850,-7.2625,4.1475,0.2499,-0.0383,1.0732,0.24,-0.11,0.35,129319,135068,125377
50570312,43.0675,-7.5075,7.1575,0.2635,-0.0285,1.0752,0.25,-0.11,0.35,129327,135145,125393
50589844,40.1450,-7.9100,8.8200,0.2701,-0.0154,1.0768,0.25,-0.11,0.35,129329,135225,125405
50610352,29.4175,-8.1900,10.7450,0.2751,0.0022,1.0785,0.26,-0.11,0.35,129323,135289,125374
50629880,16.2750,-8.0850,12.7750,0.2796,0.0212,1.0806,0.26,-0.11,0.35,129335,135304,125351
50650392,5.7750,-8.3650,14.5600,0.2843,0.0377,1.0819,0.26,-0.11,0.35,129345,135312,125325
50669920,0.4025,-8.8200,16.1350,0.2891,0.0504,1.0841,0.26,-0.11,0.35,129348,135332,125276
50690428,4.5500,-9.3800,18.1825,0.2956,0.0644,1.0892,0.26,-0.11,0.36,129343,135344,125226
50709960,8.1900,-9.6250,19.6875,0.2956,0.0733,1.0936,0.26,-0.11,0.36,129343,135372,125177
50730468,8.5575,-10.1500,21.0875,0.2891,0.0830,1.0969,0.26,-0.11,0.36,129350,135407,125118
50750000,5.2675,-10.6050,22.2250,0.2816,0.0886,1.1015,0.27,-0.10,0.37,129370,135419,125063
50770508,3.9725,-11.5675,22.3125,0.2780,0.0900,1.1075,0.27,-0.10,0.37,129385,135435,124990
50790040,5.2325,-12.3550,22.3300,0.2752,0.0910,1.1141,0.27,-0.10,0.38,129401,135470,124910
50810544,15.1550,-12.1275,23.2750,0.2579,0.1015,1.1314,0.27,-0.10,0.38,129415,135534,124845
50830080,18.0425,-12.1625,23.5550,0.2401,0.1102,1.1439,0.27,-0.10,0.38,129439,135576,124790
50850584,6.2825,-13.1425,22.5925,0.2264,0.1176,1.1475,0.27,-0.10,0.39,129488,135566,124686
50870116,-21.2625,-13.7725,20.9650,0.2233,0.1274,1.1387,0.27,-0.09,0.40,129527,135485,124563
50890624,-45.1150,-13.4400,18.9350,0.2277,0.1366,1.1234,0.26,-0.09,0.41,129561,135375,124408
50910156,-29.7150,-13.3175,15.9950,0.2216,0.1427,1.1107,0.26,-0.09,0.41,129601,135314,124285
50930664,-2.4675,-13.8950,13.9825,0.2003,0.1510,1.1048,0.26,-0.09,0.42,129654,135303,124205
50950196,11.7600,-14.2450,11.9525,0.1637,0.1740,1.0887,0.26,-0.08,0.42,129693,135330,124121
50970704,18.1825,-13.6850,11.5675,0.1104,0.2051,1.0698,0.26,-0.08,0.43,129757,135366,124050
50990232,33.6700,-13.2125,14.1400,0.0300,0.2349,1.0553,0.27,-0.08,0.43,129806,135473,124001
51010744,55.6325,-12.5125,18.9875,-0.0839,0.2580,1.0504,0.28,-0.07,0.43,129857,135675,124013
51030272,75.3550,-12.6525,28.2450,-0.2786,0.2745,1.0535,0.29,-0.07,0.43,129933,135870,124038
51049804,51.1875,-12.5300,32.6200,-0.3731,0.2723,1.0526,0.30,-0.06,0.43,130017,135986,124032
51070312,-5.6700,-12.5300,33.4775,-0.4211,0.2546,1.0430,0.30,-0.06,0.43,130091,135915,123985
51089844,-62.9125,-13.6500,31.6925,-0.4374,0.2139,1.0291,0.28,-0.06,0.44,130168,135736,123863
51110352,-92.5225,-15.7675,28.5950,-0.4363,0.1551,1.0128,0.27,-0.05,0.45,130248,135509,123749
51129880,-96.6175,-17.6925,24.6575,-0.4260,0.0911,0.9920,0.26,-0.05,0.45,130329,135293,123641
51150392,-77.0875,-18.4975,18.3400,-0.3952,0.0027,0.9557,0.25,-0.04,0.46,130411,135088,123574
51169920,-54.5300,-17.9550,14.8750,-0.3633,-0.0488,0.9340,0.24,-0.04,0.46,130463,134978,123528
51190428,-33.1800,-16.8700,11.7775,-0.3282,-0.0893,0.9112,0.23,-0.03,0.46,130512,134911,123488
51209960,-21.9100,-14.3150,8.7500,-0.2915,-0.1192,0.8896,0.23,-0.03,0.47,130540,134889,123446
51230468,-11.8125,-10.9725,5.9675,-0.2564,-0.1431,0.8741,0.23,-0.03,0.47,130572,134865,123434
51250000,0.6650,-7.5600,3.3250,-0.2279,-0.1613,0.8649,0.23,-0.03,0.47,130588,134891,123439
51270508,10.1150,-1.5925,-0.0350,-0.1992,-0.1728,0.8577,0.23,-0.03,0.47,130581,134920,123445
51290040,7.3675,2.2575,-2.4500,-0.1820,-0.1732,0.8560,0.24,-0.03,0.47,130558,134930,123450
51310544,4.4800,5.3900,-4.7950,-0.1646,-0.1760,0.8589,0.24,-0.03,0.47,130517,134945,123449
51330080,7.2975,7.3675,-7.6125,-0.1519,-0.1823,0.8686,0.24,-0.04,0.46,130482,134985,123469
51350584,15.6275,8.1550,-10.0100,-0.1441,-0.1865,0.8833,0.24,-0.04,0.46,130454,135020,123496
51370116,19.6175,8.7675,-12.2850,-0.1352,-0.1825,0.9029,0.24,-0.04,0.46,130409,135069,123528
51390624,18.1300,8.8200,-13.3875,-0.1322,-0.1776,0.9133,0.25,-0.04,0.46,130354,135098,123566
51410156,17.7975,8.9075,-14.5775,-0.1349,-0.1720,0.9246,0.25,-0.05,0.46,130308,135146,123584
51430664,18.7600,8.8025,-15.1900,-0.1434,-0.1629,0.9357,0.25,-0.05,0.45,130264,135186,123628
51460936,14.4200,9.0475,-15.3650,-0.1632,-0.1407,0.9487,0.25,-0.05,0.45,130186,135236,123679
51481444,11.0950,10.1325,-15.1200,-0.1813,-0.1143,0.9621,0.26,-0.06,0.45,130135,135257,123725
51500976,11.5675,10.8150,-14.8575,-0.1898,-0.0961,0.9737,0.26,-0.06,0.45,130093,135268,123778
51521484,2.7300,11.3400,-14.4375,-0.1978,-0.0777,0.9783,0.26,-0.06,0.44,130044,135257,123810
51541016,-14.4900,12.3900,-14.3150,-0.2054,-0.0625,0.9767,0.25,-0.07,0.44,129983,135207,123847
51561524,-28.9800,13.8600,-14.2800,-0.2112,-0.0539,0.9776,0.25,-0.07,0.44,129911,135126,123857
51581056,-28.1575,14.7350,-14.7000,-0.2129,-0.0505,0.9845,0.24,-0.07,0.44,129861,135072,123889
51601560,-24.1325,16.1350,-15.0500,-0.2068,-0.0422,0.9877,0.24,-0.08,0.43,129802,134992,123946
51621092,-30.3800,18.0425,-14.7000,-0.2007,-0.0367,0.9833,0.23,-0.08,0.43,129735,134907,123987
51641600,-33.8100,19.8450,-14.6650,-0.1920,-0.0371,0.9814,0.23,-0.09,0.43,129652,134831,124032
51661132,-27.4750,20.7375,-15.0675,-0.1802,-0.0420,0.9847,0.23,-0.09,0.43,129584,134792,124088
51681640,-10.9375,20.9125,-15.7150,-0.1675,-0.0483,0.9903,0.23,-0.09,0.42,129523,134784,124156
51701172,12.4425,21.7175,-16.4850,-0.1476,-0.0517,1.0002,0.23,-0.10,0.42,129464,134811,124248
51721680,16.8350,22.9775,-17.0275,-0.1349,-0.0465,1.0070,0.23,-0.10,0.41,129390,134851,124347
51741208,13.8250,23.8700,-17.7100,-0.1230,-0.0359,1.0120,0.23,-0.11,0.41,129313,134871,124425
51761720,5.1450,24.7450,-17.9725,-0.1127,-0.0243,1.0160,0.23,-0.11,0.40,129235,134865,124508
51781248,1.7850,24.7975,-18.0250,-0.1027,-0.0190,1.0227,0.23,-0.12,0.40,129186,134847,124597
51801756,1.1200,23.8525,-18.5325,-0.0925,-0.0140,1.0269,0.23,-0.12,0.39,129135,134841,124690
51821288,-1.0150,22.6625,-18.6200,-0.0788,-0.0033,1.0298,0.23,-0.12,0.39,129084,134828,124757
51840820,-6.6150,22.4175,-18.1300,-0.0760,0.0029,1.0324,0.23,-0.12,0.38,129025,134793,124826
51861328,-6.2825,21.8050,-17.8675,-0.0712,0.0022,1.0398,0.23,-0.13,0.38,128973,134777,124891
51880860,3.0450,20.5100,-18.0600,-0.0642,-0.0015,1.0481,0.23,-0.13,0.37,128948,134781,124972
51901368,10.5000,18.4100,-18.6725,-0.0564,-0.0032,1.0516,0.23,-0.13,0.37,128922,134783,125045
51920896,9.7475,16.5375,-18.9700,-0.0503,-0.0012,1.0521,0.23,-0.13,0.36,128892,134777,125115
51941408,3.0800,14.1750,-18.6375,-0.0434,0.0063,1.0535,0.23,-0.13,0.36,128864,134777,125170
51960936,2.3100,12.5825,-18.0250,-0.0423,0.0098,1.0565,0.23,-0.14,0.36,128845,134783,125227
51981444,6.2300,11.1650,-17.4650,-0.0415,0.0107,1.0635,0.23,-0.14,0.35,128838,134784,125280
52000976,14.1225,9.3450,-16.7825,-0.0401,0.0084,1.0713,0.23,-0.14,0.35,128844,134807,125320
52021484,19.0225,6.8600,-16.6075,-0.0393,0.0079,1.0734,0.23,-0.14,0.35,128845,134832,125394
52041016,19.5825,4.6025,-16.5375,-0.0361,0.0109,1.0723,0.23,-0.14,0.34,128840,134863,125429
52061524,13.1425,2.6075,-16.1350,-0.0271,0.0200,1.0698,0.23,-0.14,0.34,128833,134877,125460
52081056,6.8600,1.8550,-15.6975,-0.0244,0.0289,1.0670,0.23,-0.14,0.34,128855,134880,125495
52101560,0.7700,1.5925,-15.1900,-0.0237,0.0364,1.0648,0.23,-0.13,0.34,128866,134857,125523
52121092,-4.9000,1.3825,-14.7525,-0.0212,0.0383,1.0615,0.23,-0.13,0.34,128871,134845,125531
52141600,-0.4025,0.8750,-14.4375,-0.0143,0.0307,1.0641,0.23,-0.13,0.34,128869,134851,125570
52161132,13.4050,-1.1550,-14.4200,0.0021,0.0160,1.0686,0.23,-0.13,0.34,128872,134865,125567
52181640,15.0150,-2.7650,-13.7725,0.0222,0.0094,1.0686,0.23,-0.13,0.33,128889,134887,125601
52201172,8.8025,-3.9200,-12.9850,0.0471,0.0082,1.0690,0.23,-0.13,0.33,128915,134869,125603
52221680,1.0500,-4.7600,-11.1475,0.0726,0.0088,1.0710,0.23,-0.13,0.33,128918,134862,125605
52241208,-2.3975,-5.8625,-8.6975,0.0954,0.0060,1.0736,0.23,-0.13,0.33,128926,134850,125600
52261720,-2.3275,-7.0700,-6.4225,0.1188,-0.0002,1.0759,0.23,-0.13,0.34,128932,134858,125576
52281248,5.5650,-9.0475,-2.9750,0.1504,-0.0073,1.0787,0.23,-0.13,0.34,128957,134855,125580
52301756,11.5500,-9.9050,-0.2450,0.1676,-0.0083,1.0795,0.23,-0.13,0.34,128984,134871,125562
52321288,13.2300,-10.7625,2.4850,0.1828,-0.0046,1.0782,0.23,-0.13,0.34,128999,134902,125544
52340820,9.9750,-11.1125,5.1275,0.1974,0.0038,1.0785,0.23,-0.13,0.34,129006,134921,125530
52361328,7.5600,-11.6375,8.1725,0.2078,0.0132,1.0798,0.24,-0.13,0.34,129022,134928,125490
52380860,2.2750,-12.4950,10.9725,0.2142,0.0203,1.0788,0.24,-0.12,0.34,129042,134942,125458
52401368,-1.7325,-13.0900,14.0350,0.2256,0.0295,1.0788,0.24,-0.12,0.35,129068,134946,125419
52420896,2.5025,-13.1600,15.9600,0.2325,0.0366,1.0824,0.24,-0.12,0.35,129083,134953,125389
52460936,-3.6400,-12.2675,18.7075,0.2523,0.0501,1.0803,0.24,-0.12,0.35,129097,134966,125268
52480468,-3.2900,-11.8300,19.3725,0.2679,0.0569,1.0799,0.24,-0.12,0.36,129105,134978,125206
52500000,-2.8700,-10.9375,20.6850,0.2766,0.0683,1.0793,0.24,-0.12,0.36,129113,134970,125151
52520508,0.6475,-11.0425,22.2600,0.2717,0.0780,1.0763,0.24,-0.12,0.36,129125,134986,125096
52540040,-1.8025,-11.0075,22.3125,0.2652,0.0710,1.0726,0.24,-0.12,0.37,129124,135002,125026
52560544,3.8850,-12.2150,20.6325,0.2669,0.0617,1.0721,0.24,-0.12,0.37,129120,135037,124965
52580080,23.6425,-13.6675,19.4250,0.2708,0.0604,1.0802,0.25,-0.12,0.38,129135,135108,124905
52600584,34.0900,-13.9475,19.3725,0.2649,0.0704,1.0880,0.25,-0.12,0.38,129155,135173,124846
52620116,25.9175,-14.4550,18.8825,0.2506,0.0814,1.0901,0.25,-0.12,0.39,129177,135197,124755
52640624,-13.5975,-15.4875,14.5950,0.2255,0.0891,1.0851,0.25,-0.11,0.39,129192,135156,124637
52660156,-32.5500,-16.1175,10.7800,0.2068,0.0880,1.0810,0.24,-0.11,0.40,129212,135062,124518
52680664,-32.1125,-16.7650,7.1400,0.1891,0.0834,1.0768,0.24,-0.11,0.41,129241,134975,124382
52700196,-17.6575,-16.8350,4.6550,0.1721,0.0841,1.0692,0.23,-0.11,0.41,129282,134918,124277
52720704,0.9450,-16.6250,2.7125,0.1442,0.0981,1.0618,0.23,-0.11,0.42,129324,134905,124209
52740232,14.3850,-15.7850,1.8375,0.1027,0.1235,1.0544,0.24,-0.11,0.42,129347,134924,124111
52760744,14.4375,-13.7025,3.1500,0.0129,0.1837,1.0259,0.24,-0.10,0.43,129376,134944,124038
52780272,25.3400,-11.5850,7.5425,-0.0728,0.2223,1.0059,0.24,-0.10,0.43,129409,135020,123993
52799804,41.4225,-7.8575,16.8000,-0.1656,0.2458,0.9978,0.25,-0.10,0.43,129436,135126,123966
52820312,55.4050,-6.3000,22.7850,-0.2655,0.2481,1.0002,0.26,-0.10,0.43,129465,135307,124000
52839844,56.2275,-5.5125,28.6125,-0.3716,0.2347,1.0188,0.27,-0.10,0.43,129501,135445,123991
52860352,7.7875,-5.6000,35.2625,-0.4807,0.1865,1.0477,0.27,-0.09,0.43,129539,135502,123974
52879880,-45.8325,-7.7525,34.0550,-0.4975,0.1342,1.0480,0.26,-0.09,0.44,129596,135376,123902
52900392,-98.2275,-10.3950,30.9050,-0.4868,0.0770,1.0259,0.25,-0.09,0.44,129666,135098,123784
52919920,-124.1625,-12.9150,26.0050,-0.4546,0.0163,0.9958,0.23,-0.08,0.45,129723,134805,123686
52940428,-109.1650,-14.4900,21.0525,-0.4092,-0.0461,0.9754,0.22,-0.08,0.46,129772,134599,123600
52959960,-58.0300,-15.5750,16.5025,-0.3636,-0.1039,0.9673,0.21,-0.08,0.46,129821,134571,123561
52980468,16.6950,-14.8750,11.2350,-0.3038,-0.1606,0.9590,0.22,-0.07,0.46,129865,134648,123551
53000000,32.7775,-12.6875,8.4350,-0.2673,-0.1779,0.9500,0.22,-0.07,0.46,129904,134745,123580
53020508,26.7225,-10.0625,5.1100,-0.2367,-0.1854,0.9414,0.23,-0.07,0.46,129933,134795,123562
53040040,11.6200,-7.4375,1.4000,-0.2145,-0.1884,0.9359,0.23,-0.07,0.46,129944,134813,123556
53060544,-0.0875,-4.8650,-1.1900,-0.2014,-0.1896,0.9355,0.23,-0.07,0.46,129936,134807,123543
53080080,-2.3275,-2.9050,-2.7475,-0.1939,-0.1920,0.9396,0.23,-0.07,0.46,129946,134814,123545
53100584,3.0800,-1.2775,-4.4100,-0.1868,-0.1965,0.9495,0.23,-0.07,0.46,129946,134808,123547
53120116,2.1000,-0.5250,-5.6000,-0.1817,-0.1984,0.9518,0.23,-0.07,0.46,129942,134806,123568
53140624,3.8150,0.2625,-6.8950,-0.1774,-0.2015,0.9533,0.23,-0.07,0.46,129930,134829,123572
53160156,15.7675,0.9100,-7.9625,-0.1769,-0.2067,0.9614,0.23,-0.07,0.46,129911,134896,123591
53180664,34.4400,0.8050,-8.8725,-0.1830,-0.2074,0.9723,0.24,-0.07,0.45,129903,135003,123638
53200196,38.4125,0.8575,-9.1875,-0.1915,-0.1963,0.9786,0.24,-0.07,0.45,129898,135080,123680
53220704,16.6075,2.1700,-8.9600,-0.2054,-0.1648,0.9769,0.25,-0.07,0.45,129882,135105,123707
53240232,0.0875,3.4300,-8.7500,-0.2157,-0.1457,0.9755,0.25,-0.07,0.45,129857,135101,123734
53260744,-6.5100,4.2700,-8.7850,-0.2270,-0.1318,0.9772,0.25,-0.08,0.45,129825,135096,123748
53280272,-6.1950,4.7250,-8.8375,-0.2370,-0.1200,0.9804,0.24,-0.08,0.44,129807,135075,123801
53299804,-7.9100,5.6175,-9.0125,-0.2446,-0.1059,0.9804,0.24,-0.08,0.44,129780,135051,123822
53320312,-22.5750,8.6625,-9.1875,-0.2513,-0.0856,0.9716,0.24,-0.08,0.44,129755,134988,123848
53339844,-28.2975,11.2000,-9.9925,-0.2506,-0.0817,0.9703,0.24,-0.08,0.44,129707,134924,123890
53360352,-17.1500,12.6350,-11.4100,-0.2463,-0.0837,0.9755,0.23,-0.09,0.44,129657,134907,123938
53379880,-2.0125,13.9650,-12.9500,-0.2380,-0.0827,0.9815,0.23,-0.09,0.43,129602,134918,123999
53400392,7.0875,15.3825,-14.2275,-0.2284,-0.0744,0.9847,0.24,-0.09,0.43,129558,134937,124078
53419920,2.9750,16.7125,-15.0150,-0.2181,-0.0576,0.9815,0.23,-0.10,0.42,129508,134918,124140
53440428,-14.5950,19.1975,-14.9800,-0.1979,-0.0386,0.9793,0.23,-0.10,0.42,129442,134880,124226
53470704,-3.0100,19.8450,-16.3100,-0.1702,-0.0416,0.9992,0.23,-0.10,0.41,129367,134877,124331
53490232,17.7625,18.9175,-17.6750,-0.1531,-0.0412,1.0171,0.23,-0.11,0.41,129315,134916,124415
53510744,26.4250,17.3950,-18.3050,-0.1403,-0.0293,1.0263,0.24,-0.11,0.40,129268,134974,124524
53530272,15.0150,16.5900,-17.9025,-0.1293,-0.0051,1.0281,0.24,-0.11,0.40,129233,134974,124579
53549804,-7.4025,16.4325,-16.6075,-0.1191,0.0211,1.0308,0.23,-0.11,0.39,129210,134916,124652
53570312,-28.5250,14.6825,-15.7325,-0.1042,0.0367,1.0419,0.23,-0.11,0.39,129189,134832,124718
53589844,-34.8250,14.2275,-16.4325,-0.0913,0.0373,1.0494,0.22,-0.12,0.39,129168,134749,124735
53610352,-31.1500,13.7200,-17.6050,-0.0734,0.0328,1.0553,0.22,-0.12,0.38,129135,134677,124777
53629880,-31.6925,13.8600,-18.3575,-0.0595,0.0327,1.0555,0.21,-0.12,0.38,129131,134588,124832
53650392,-37.0825,13.7550,-18.0600,-0.0520,0.0339,1.0499,0.21,-0.12,0.38,129117,134483,124849
53669920,-42.7525,13.7375,-16.9750,-0.0427,0.0250,1.0447,0.20,-0.12,0.38,129105,134373,124907
53690428,-33.4075,12.9850,-16.5200,-0.0317,0.0095,1.0451,0.20,-0.12,0.38,129095,134322,124925
53709960,-15.8375,11.5500,-16.7475,-0.0173,-0.0079,1.0463,0.20,-0.12,0.37,129076,134302,124966
53730468,-2.1175,10.3600,-16.9225,-0.0038,-0.0214,1.0451,0.20,-0.12,0.37,129077,134296,125011
53750000,2.7300,9.3975,-16.8700,0.0071,-0.0284,1.0405,0.20,-0.12,0.37,129083,134288,125058
53770508,0.9625,9.0300,-16.4500,0.0156,-0.0329,1.0346,0.20,-0.12,0.36,129088,134292,125115
53790040,8.5750,8.2950,-15.8200,0.0300,-0.0429,1.0364,0.20,-0.12,0.36,129079,134301,125132
53810544,21.6125,7.5775,-15.5225,0.0425,-0.0490,1.0424,0.20,-0.12,0.36,129067,134370,125190
53830080,30.1700,6.3875,-14.5775,0.0556,-0.0505,1.0426,0.20,-0.12,0.36,129068,134417,125227
53850584,28.7175,5.9500,-13.2125,0.0712,-0.0498,1.0390,0.21,-0.12,0.35,129071,134472,125282
53870116,26.0050,5.7400,-11.9175,0.0900,-0.0495,1.0375,0.21,-0.12,0.35,129080,134512,125332
53890624,20.7725,5.1975,-9.4325,0.1163,-0.0459,1.0357,0.21,-0.12,0.35,129069,134559,125364
53910156,14.9625,5.3725,-7.6825,0.1358,-0.0415,1.0346,0.21,-0.12,0.35,129042,134592,125378
53930664,14.7525,5.3200,-5.5650,0.1577,-0.0414,1.0377,0.22,-0.12,0.35,129047,134627,125407
53950196,19.0050,4.5325,-3.6225,0.1769,-0.0448,1.0420,0.22,-0.12,0.34,129039,134661,125451
53970704,20.4050,3.4475,-1.6800,0.1895,-0.0486,1.0438,0.22,-0.12,0.34,129037,134704,125473
53990232,21.1050,2.0125,0.2275,0.1993,-0.0503,1.0460,0.22,-0.12,0.34,129036,134750,125481
54010744,22.4875,-0.5425,3.6575,0.2097,-0.0483,1.0499,0.23,-0.13,0.34,129020,134807,125497
54030272,25.2350,-2.4675,5.9500,0.2131,-0.0455,1.0541,0.23,-0.12,0.34,129027,134867,125491
54049804,26.7925,-4.4100,8.0325,0.2159,-0.0397,1.0597,0.23,-0.12,0.34,129037,134921,125488
54070312,24.9200,-5.8800,10.0450,0.2186,-0.0295,1.0666,0.24,-0.12,0.34,129049,134962,125505
54089844,18.0425,-6.9125,12.0400,0.2225,-0.0171,1.0737,0.24,-0.12,0.34,129046,134999,125496
54110352,8.1025,-8.0325,13.5450,0.2284,-0.0062,1.0792,0.24,-0.12,0.34,129046,135031,125443
54129880,2.0300,-10.0275,15.2950,0.2424,0.0012,1.0882,0.24,-0.12,0.34,129062,135034,125421
54150392,2.9225,-11.5325,16.0825,0.2530,0.0034,1.0931,0.24,-0.12,0.35,129079,135043,125381
54169920,-0.8750,-12.5125,16.3625,0.2641,0.0082,1.0956,0.24,-0.12,0.35,129100,135035,125329
54190428,-3.1675,-13.5275,16.5025,0.2761,0.0139,1.0992,0.24,-0.12,0.35,129103,135025,125272
54209960,-2.5550,-14.9450,16.6950,0.2835,0.0190,1.1015,0.24,-0.12,0.36,129119,135032,125192
54230468,-5.3900,-16.7300,16.7300,0.2843,0.0234,1.0995,0.24,-0.12,0.36,129131,135009,125121
54250000,-10.4300,-18.5850,15.4875,0.2850,0.0245,1.0986,0.24,-0.12,0.37,129150,134992,125023
54270508,6.1075,-20.0025,14.6300,0.2847,0.0203,1.1078,0.24,-0.12,0.37,129186,135000,124948
54290040,21.8050,-21.7350,13.6325,0.2801,0.0193,1.1147,0.24,-0.11,0.38,129205,135048,124885
54310544,19.3725,-23.1000,11.9700,0.2758,0.0238,1.1156,0.24,-0.11,0.38,129228,135060,124771
54330080,-1.3300,-23.6600,9.1875,0.2733,0.0327,1.1111,0.24,-0.11,0.39,129271,135008,124664
54350584,-24.1500,-23.2925,4.6025,0.2704,0.0461,1.1046,0.24,-0.11,0.40,129310,134925,124547
54370116,-12.8100,-23.2925,2.4675,0.2607,0.0520,1.1051,0.23,-0.10,0.41,129361,134883,124435
54390624,14.4725,-23.5900,1.0675,0.2472,0.0555,1.1134,0.23,-0.10,0.41,129404,134908,124330
54410156,37.8350,-23.5550,-0.8575,0.2259,0.0642,1.1211,0.24,-0.10,0.42,129444,134979,124229
54430664,37.1525,-22.8200,-3.8325,0.1962,0.0921,1.1114,0.24,-0.10,0.42,129500,135010,124144
54450196,22.3300,-21.3850,-7.0350,0.1514,0.1393,1.0885,0.24,-0.09,0.43,129561,135000,124043
54480468,14.7000,-14.7000,0.3850,-0.0181,0.2449,1.0440,0.24,-0.09,0.44,129624,135033,123924
54500000,32.5500,-10.0800,9.1175,-0.1415,0.2733,1.0492,0.25,-0.09,0.44,129652,135109,123879
54520508,45.6050,-8.4700,16.0125,-0.2651,0.2746,1.0615,0.25,-0.08,0.44,129707,135211,123876
54540040,13.9475,-7.1400,21.2800,-0.3775,0.2567,1.0682,0.25,-0.08,0.44,129747,135178,123841
54560544,-52.7275,-5.8450,25.4625,-0.4590,0.2150,1.0680,0.24,-0.08,0.45,129786,134968,123731
54580080,-105.6825,-7.8050,24.7275,-0.4903,0.1421,1.0594,0.22,-0.08,0.45,129839,134649,123633
54600584,-136.4475,-11.6900,19.9500,-0.4812,0.0222,1.0153,0.20,-0.07,0.46,129909,134284,123528
54620116,-119.8050,-12.6350,17.7975,-0.4579,-0.0501,0.9789,0.18,-0.07,0.47,129968,134011,123453
54640624,-68.1100,-13.6850,15.7675,-0.4275,-0.1130,0.9514,0.17,-0.06,0.47,130012,133932,123432
54660156,-3.2900,-14.6300,14.0175,-0.3941,-0.1627,0.9326,0.18,-0.06,0.47,130058,134026,123421
54680664,44.3450,-14.4900,12.4075,-0.3582,-0.1939,0.9157,0.19,-0.06,0.47,130104,134207,123428
54700196,65.1350,-11.6375,8.1725,-0.2980,-0.2117,0.8950,0.20,-0.06,0.46,130136,134390,123462
54720704,52.0100,-7.8925,4.5675,-0.2597,-0.2091,0.8865,0.21,-0.06,0.46,130155,134531,123486
54740232,29.1200,-3.5700,1.1725,-0.2301,-0.1996,0.8832,0.21,-0.06,0.46,130151,134590,123505
54760744,12.5300,0.1575,-0.9800,-0.2094,-0.1911,0.8878,0.22,-0.06,0.46,130137,134619,123503
54780272,8.7675,2.5900,-2.4500,-0.1974,-0.1870,0.8996,0.22,-0.06,0.46,130116,134649,123524
54799804,9.1700,3.9725,-3.4300,-0.1935,-0.1828,0.9135,0.22,-0.06,0.46,130102,134679,123537
54820312,-1.8725,5.3025,-3.6750,-0.1957,-0.1681,0.9299,0.22,-0.06,0.46,130082,134657,123539
54839844,-14.4375,5.8975,-3.6575,-0.1964,-0.1574,0.9372,0.22,-0.06,0.46,130053,134607,123560
54860352,-24.7450,6.4050,-3.5875,-0.1961,-0.1530,0.9429,0.21,-0.06,0.46,130012,134565,123553
54879880,-22.6100,6.7200,-4.0950,-0.1980,-0.1524,0.9532,0.21,-0.07,0.46,129990,134512,123576
54900392,-12.3025,6.6850,-4.2175,-0.1992,-0.1501,0.9653,0.21,-0.07,0.46,129970,134493,123608
54919920,-8.2425,7.0175,-3.9900,-0.1995,-0.1420,0.9732,0.21,-0.07,0.45,129943,134481,123634
54940428,-7.4725,7.9625,-3.8325,-0.1942,-0.1288,0.9786,0.21,-0.07,0.45,129898,134480,123662
54959960,-2.5200,8.8025,-4.2350,-0.1848,-0.1249,0.9836,0.21,-0.07,0.45,129866,134485,123699
54980468,8.7150,9.3800,-5.1450,-0.1740,-0.1215,0.9899,0.21,-0.08,0.45,129829,134532,123752
55000000,12.9675,9.6950,-6.0550,-0.1660,-0.1118,0.9906,0.21,-0.08,0.44,129803,134573,123821
55020508,7.2975,10.6750,-6.3175,-0.1606,-0.0986,0.9873,0.21,-0.08,0.44,129762,134580,123853
55040040,-3.3075,11.8650,-6.5975,-0.1549,-0.0874,0.9841,0.21,-0.08,0.44,129721,134566,123900
55060544,-12.7750,12.8975,-7.9275,-0.1426,-0.0838,0.9832,0.21,-0.09,0.43,129662,134540,123958
55080080,-8.6975,13.0725,-9.6425,-0.1327,-0.0876,0.9866,0.21,-0.09,0.43,129625,134537,124001
55100584,-1.2775,13.7900,-11.2525,-0.1243,-0.0876,0.9914,0.21,-0.09,0.43,129586,134534,124077
55120116,3.3775,14.6125,-12.0400,-0.1180,-0.0792,0.9939,0.21,-0.09,0.42,129534,134541,124139
55140624,2.2575,15.5400,-11.7600,-0.1110,-0.0673,0.9947,0.21,-0.10,0.42,129493,134549,124198
55160156,-0.4725,16.1875,-11.0775,-0.1028,-0.0580,0.9975,0.21,-0.10,0.42,129440,134542,124260
55180664,6.4750,15.8200,-11.2700,-0.0967,-0.0577,1.0072,0.21,-0.10,0.41,129397,134571,124315
55200196,15.5575,15.0150,-11.9000,-0.0899,-0.0538,1.0186,0.22,-0.10,0.41,129372,134608,124405
55220704,14.0875,13.9650,-12.1800,-0.0826,-0.0437,1.0258,0.22,-0.11,0.40,129346,134619,124476
55240232,-6.1775,14.1750,-12.2500,-0.0769,-0.0278,1.0280,0.21,-0.11,0.40,129308,134570,124527
55260744,-27.5100,14.5250,-11.9700,-0.0688,-0.0172,1.0311,0.21,-0.11,0.40,129272,134493,124563
55280272,-33.5475,13.8250,-11.7075,-0.0616,-0.0144,1.0386,0.20,-0.11,0.39,129253,134426,124606
55299804,-27.2825,13.2125,-10.7975,-0.0600,-0.0203,1.0415,0.20,-0.11,0.39,129238,134374,124664
55320312,-4.0425,11.4450,-10.0450,-0.0564,-0.0323,1.0502,0.20,-0.11,0.39,129232,134377,124715
55339844,11.2350,9.5725,-9.9925,-0.0503,-0.0366,1.0553,0.20,-0.11,0.39,129222,134411,124748
55360352,3.6575,8.8550,-9.8175,-0.0431,-0.0315,1.0547,0.20,-0.11,0.38,129209,134406,124786
55379880,-10.1150,8.0325,-9.2575,-0.0351,-0.0273,1.0502,0.20,-0.11,0.38,129211,134376,124820
55400392,-23.3800,7.5775,-9.3100,-0.0279,-0.0329,1.0443,0.20,-0.11,0.38,129220,134327,124863
55419920,-13.7550,7.1925,-9.6425,-0.0272,-0.0439,1.0451,0.20,-0.11,0.38,129232,134304,124899
55440428,-4.6550,7.2450,-10.1675,-0.0244,-0.0534,1.0436,0.20,-0.11,0.37,129228,134307,124944
55459960,4.7775,6.7900,-10.2900,-0.0209,-0.0614,1.0399,0.20,-0.11,0.37,129219,134337,124978
55490232,25.2350,6.3350,-9.6425,-0.0060,-0.0698,1.0415,0.21,-0.11,0.37,129232,134436,125054
55510744,23.2400,6.3875,-9.3975,0.0096,-0.0633,1.0357,0.21,-0.11,0.36,129228,134495,125094
55530272,13.4925,6.3175,-9.2925,0.0196,-0.0590,1.0319,0.21,-0.11,0.36,129228,134501,125138
