30295898,-2.7475,-1.7500,-3.7975,-0.1444,0.2200,0.9988,0.19,-0.15,0.38,128634,134183,124885
30326172,2.4500,-1.8200,3.1675,-0.1281,0.2237,1.0003,0.19,-0.15,0.38,128652,134202,124902
30346680,-3.5350,-1.7850,6.5450,-0.1198,0.2309,1.0009,0.19,-0.15,0.38,128667,134207,124896
30366210,-4.7600,-1.9250,10.5525,-0.1139,0.2400,1.0045,0.19,-0.15,0.38,128679,134238,124912
30386718,0.8575,-2.1525,15.4875,-0.1136,0.2501,1.0106,0.20,-0.15,0.38,128682,134285,124916
30406250,6.8250,-2.2925,21.1575,-0.1176,0.2605,1.0164,0.20,-0.15,0.38,128696,134365,124910
30426756,9.5900,-3.0625,29.3300,-0.1230,0.2730,1.0232,0.21,-0.14,0.38,128711,134455,124922
30446288,10.8150,-3.2550,34.1950,-0.1257,0.2790,1.0275,0.21,-0.14,0.37,128731,134561,124929
30465820,16.5550,-4.2875,40.0225,-0.1303,0.2823,1.0266,0.22,-0.14,0.37,128769,134687,124954
30486328,21.8575,-4.3750,45.3600,-0.1371,0.2857,1.0268,0.23,-0.14,0.37,128803,134866,124985
30505860,33.3550,-4.1825,50.7850,-0.1418,0.2861,1.0289,0.24,-0.14,0.37,128841,135068,125015
30526368,41.9825,-3.3775,55.7200,-0.1423,0.2869,1.0324,0.26,-0.13,0.37,128876,135304,125070
30545898,45.2550,-1.2775,62.9125,-0.1429,0.2889,1.0366,0.27,-0.13,0.36,128928,135529,125112
30566406,35.9450,0.4375,66.7625,-0.1391,0.2954,1.0380,0.29,-0.13,0.36,128989,135747,125193
30585936,19.8800,1.5400,70.0000,-0.1386,0.3035,1.0309,0.30,-0.12,0.36,129053,135932,125240
30606444,1.3825,2.1525,72.8000,-0.1441,0.3160,1.0197,0.31,-0.12,0.35,129115,136088,125265
30625976,-15.9075,2.6775,76.8775,-0.1564,0.3295,1.0053,0.31,-0.12,0.35,129180,136195,125265
30646484,-46.7250,4.5675,81.0775,-0.1610,0.3427,0.9862,0.32,-0.11,0.36,129254,136262,125245
30666016,-87.4300,5.8100,85.1200,-0.1423,0.3354,0.9584,0.32,-0.11,0.36,129324,136257,125202
30686524,-104.8775,5.9500,84.9450,-0.1236,0.3106,0.9418,0.32,-0.10,0.36,129401,136248,125133
30706054,-103.3025,4.6375,83.6850,-0.1002,0.2693,0.9282,0.32,-0.10,0.37,129461,136253,125083
30726562,-80.8850,2.9400,82.6175,-0.0754,0.2164,0.9213,0.32,-0.09,0.37,129521,136342,125034
30746092,-46.4100,1.5225,81.2000,-0.0556,0.1579,0.9195,0.33,-0.09,0.37,129606,136505,125057
30766600,16.7475,-0.4725,78.9950,-0.0329,0.0885,0.9216,0.35,-0.08,0.36,129699,136770,125137
30786132,42.6125,1.7850,74.1475,-0.0013,-0.0185,0.9278,0.36,-0.08,0.36,129779,137048,125242
30806640,54.2850,2.8525,68.0750,0.0198,-0.0782,0.9270,0.38,-0.08,0.35,129842,137367,125378
30826172,54.7750,3.8675,60.8475,0.0348,-0.1283,0.9310,0.40,-0.07,0.34,129907,137632,125479
30846680,51.6075,4.4450,53.5675,0.0458,-0.1737,0.9374,0.42,-0.07,0.33,129968,137892,125617
30866210,48.6500,5.3900,46.8300,0.0484,-0.2108,0.9509,0.43,-0.06,0.33,130016,138098,125733
30886718,40.8975,5.5650,36.4700,0.0405,-0.2534,0.9709,0.44,-0.06,0.32,130055,138271,125821
30906250,34.8075,4.6200,28.8925,0.0298,-0.2754,0.9873,0.45,-0.06,0.32,130077,138424,125902
30926756,34.3175,2.7475,21.7175,0.0159,-0.2926,1.0063,0.46,-0.06,0.31,130091,138554,125966
30946288,36.6800,0.8050,14.5950,-0.0007,-0.3045,1.0265,0.46,-0.06,0.31,130098,138648,126059
30965820,40.8800,-1.5575,7.8050,-0.0179,-0.3116,1.0449,0.47,-0.06,0.30,130110,138716,126136
30986328,35.4200,-3.1500,1.0500,-0.0337,-0.3122,1.0585,0.47,-0.06,0.30,130103,138758,126178
31005860,20.5275,-5.5125,-8.0500,-0.0484,-0.3021,1.0687,0.47,-0.06,0.30,130087,138768,126201
31026368,10.1150,-7.1050,-12.9675,-0.0722,-0.2767,1.0828,0.47,-0.06,0.30,130061,138745,126179
31045898,-7.1400,-8.0850,-17.9725,-0.0827,-0.2584,1.0858,0.46,-0.06,0.30,130031,138671,126115
31066406,-26.2150,-8.5400,-23.5025,-0.0876,-0.2442,1.0856,0.46,-0.07,0.31,130006,138527,126053
31085936,-31.7275,-9.0125,-28.7175,-0.0904,-0.2349,1.0841,0.45,-0.07,0.31,129964,138388,125970
31106444,-21.4550,-9.6250,-33.1275,-0.0937,-0.2298,1.0819,0.44,-0.07,0.32,129922,138275,125897
31125976,3.1850,-10.4300,-38.3950,-0.0999,-0.2267,1.0747,0.43,-0.07,0.32,129871,138192,125870
31146484,10.9550,-10.8850,-42.1750,-0.1032,-0.2247,1.0662,0.43,-0.08,0.32,129821,138097,125859
31166016,11.5850,-10.9900,-46.1650,-0.1031,-0.2205,1.0573,0.42,-0.08,0.32,129772,137986,125838
31186524,9.3975,-10.9725,-50.0500,-0.0993,-0.2122,1.0486,0.41,-0.08,0.32,129718,137861,125804
31206054,4.1650,-10.2725,-53.2700,-0.0927,-0.1981,1.0399,0.41,-0.09,0.32,129662,137735,125768
31226562,16.6600,-9.9225,-56.9625,-0.0864,-0.1881,1.0347,0.40,-0.09,0.33,129588,137630,125747
31246092,29.6800,-10.0275,-59.5875,-0.0734,-0.1797,1.0296,0.40,-0.09,0.32,129536,137546,125750
31266600,37.8525,-10.4475,-61.9325,-0.0642,-0.1699,1.0249,0.39,-0.10,0.32,129477,137464,125756
31286132,36.9075,-11.0600,-64.2425,-0.0538,-0.1516,1.0186,0.38,-0.10,0.32,129424,137366,125772
31306640,30.6950,-11.4975,-65.9050,-0.0422,-0.1249,1.0116,0.38,-0.10,0.32,129357,137272,125750
31336914,25.4100,-11.9525,-66.8500,-0.0305,-0.0722,0.9994,0.37,-0.11,0.33,129273,137101,125742
31357420,16.8525,-11.7425,-66.7450,-0.0224,-0.0450,0.9908,0.36,-0.11,0.33,129211,136972,125705
31376952,-3.7800,-10.7800,-66.3950,-0.0193,-0.0106,0.9803,0.35,-0.12,0.33,129144,136801,125638
31397460,-31.0450,-9.0650,-65.7475,-0.0161,0.0303,0.9694,0.34,-0.12,0.34,129104,136576,125531
31416992,-45.9375,-7.2625,-64.0325,-0.0137,0.0666,0.9650,0.32,-0.12,0.34,129053,136346,125460
31437500,-39.7250,-6.3175,-61.8100,-0.0115,0.0876,0.9677,0.31,-0.13,0.35,129009,136134,125374
31457032,-27.3350,-5.1100,-59.7975,-0.0066,0.1026,0.9709,0.30,-0.13,0.35,128957,135959,125314
31477540,-25.6200,-4.5325,-58.7650,-0.0056,0.1163,0.9687,0.29,-0.13,0.35,128912,135781,125271
31497070,-19.1975,-4.1475,-56.0700,-0.0102,0.1331,0.9682,0.28,-0.13,0.36,128875,135639,125225
31517578,-1.8200,-4.1650,-51.9575,-0.0222,0.1452,0.9733,0.27,-0.13,0.36,128868,135551,125221
31537108,17.7800,-4.8475,-47.3725,-0.0333,0.1519,0.9798,0.27,-0.14,0.36,128843,135497,125226
31557616,21.5775,-5.2675,-44.2050,-0.0405,0.1636,0.9811,0.27,-0.14,0.36,128810,135432,125200
31577148,3.4650,-4.2525,-39.4275,-0.0540,0.1920,0.9780,0.26,-0.14,0.36,128790,135356,125182
31597656,-8.1725,-3.1675,-34.7725,-0.0677,0.2083,0.9780,0.26,-0.14,0.36,128781,135256,125154
31617188,-12.0750,-2.0125,-30.4150,-0.0791,0.2187,0.9809,0.25,-0.14,0.36,128774,135164,125147
31637696,-7.7350,-0.9625,-26.7400,-0.0870,0.2228,0.9871,0.25,-0.14,0.36,128769,135117,125149
31657226,5.4250,-0.7000,-22.1725,-0.0947,0.2246,0.9941,0.25,-0.14,0.36,128744,135096,125140
31677734,8.3300,0.5425,-16.3975,-0.1015,0.2335,0.9971,0.24,-0.14,0.36,128733,135075,125152
31697264,4.9000,1.3300,-12.7050,-0.0987,0.2399,0.9966,0.24,-0.14,0.36,128726,135063,125159
31716796,0.0350,2.1525,-9.0300,-0.0927,0.2466,0.9945,0.24,-0.14,0.36,128724,135033,125170
31737304,-6.4925,3.3075,-5.6350,-0.0860,0.2538,0.9916,0.24,-0.14,0.36,128722,135003,125176
31756836,-11.6550,4.5850,-2.4500,-0.0783,0.2588,0.9902,0.24,-0.14,0.36,128705,134968,125167
31777344,-16.8175,5.5650,0.8225,-0.0693,0.2616,0.9882,0.24,-0.15,0.36,128682,134945,125168
31796876,-19.3200,6.0550,5.8100,-0.0620,0.2638,0.9869,0.23,-0.15,0.36,128677,134913,125158
31817382,-15.2775,5.7400,8.9075,-0.0564,0.2645,0.9877,0.23,-0.15,0.36,128672,134893,125169
31836914,-12.4075,5.7225,11.7250,-0.0533,0.2640,0.9889,0.23,-0.15,0.36,128670,134897,125187
31857420,-10.1150,5.7225,14.5600,-0.0520,0.2644,0.9892,0.23,-0.15,0.36,128646,134916,125180
31876952,-7.7350,5.8450,18.0425,-0.0537,0.2679,0.9887,0.24,-0.15,0.36,128643,134940,125180
31897460,-6.1250,5.8275,22.3125,-0.0565,0.2740,0.9878,0.24,-0.15,0.36,128643,134986,125187
31916992,-5.0400,5.3725,29.2250,-0.0610,0.2860,0.9877,0.24,-0.15,0.36,128648,135030,125210
31937500,-7.4900,5.3200,33.4950,-0.0642,0.2972,0.9889,0.24,-0.15,0.36,128649,135083,125214
31957032,-9.5025,5.3550,37.9050,-0.0698,0.3088,0.9909,0.25,-0.15,0.36,128649,135152,125223
31977540,-12.9325,5.3550,42.6125,-0.0773,0.3203,0.9921,0.25,-0.15,0.36,128646,135214,125212
31997070,-21.9975,5.5825,47.5300,-0.0842,0.3320,0.9919,0.26,-0.15,0.36,128664,135254,125219
32017578,-31.3950,5.3375,53.0075,-0.0902,0.3418,0.9933,0.26,-0.15,0.36,128690,135310,125200
32037108,-41.1600,3.7100,60.6725,-0.1017,0.3569,1.0002,0.26,-0.14,0.36,128707,135356,125177
32057616,-46.2175,2.5900,65.1525,-0.1113,0.3630,1.0045,0.27,-0.14,0.36,128732,135417,125149
32077148,-48.6500,1.4350,69.1075,-0.1253,0.3670,1.0088,0.27,-0.14,0.36,128761,135471,125122
32097656,-44.9750,-0.2800,74.0250,-0.1414,0.3676,1.0137,0.27,-0.14,0.36,128814,135572,125094
32117188,-41.1425,-2.6600,80.1150,-0.1525,0.3609,1.0172,0.28,-0.13,0.37,128887,135689,125079
32137696,-55.6850,-4.7075,85.9250,-0.1551,0.3395,1.0165,0.29,-0.13,0.37,128961,135770,125046
32157226,-59.9550,-6.3700,86.3975,-0.1525,0.3152,1.0157,0.29,-0.12,0.37,129029,135885,125002
32177734,-37.5900,-8.5050,86.9750,-0.1520,0.2826,1.0246,0.31,-0.12,0.37,129119,136090,124994
32197264,0.6825,-11.1650,90.0550,-0.1602,0.2486,1.0338,0.32,-0.11,0.37,129227,136351,125045
32216796,5.6875,-11.2175,92.9600,-0.1703,0.2255,1.0291,0.34,-0.10,0.37,129362,136600,125060
32237304,-16.8700,-10.0450,93.9750,-0.1686,0.2002,1.0166,0.35,-0.10,0.37,129501,136804,125077
32256836,-25.7600,-9.8875,91.0350,-0.1580,0.1588,1.0119,0.36,-0.09,0.37,129630,137035,125089
32277344,-3.0975,-10.3600,88.5675,-0.1426,0.0794,1.0189,0.38,-0.08,0.36,129779,137316,125117
32296876,4.6200,-9.9925,86.3450,-0.1447,0.0295,1.0177,0.40,-0.07,0.36,129941,137568,125157
32317382,-9.3975,-8.5575,83.8075,-0.1498,-0.0183,1.0059,0.41,-0.06,0.36,130123,137773,125188
32347656,-38.0275,-6.5975,76.8075,-0.1502,-0.0898,0.9803,0.42,-0.04,0.36,130364,138029,125155
32367188,-29.3650,-6.9825,70.2100,-0.1505,-0.1426,0.9719,0.43,-0.03,0.36,130537,138196,125165
32387696,-12.1100,-6.9825,64.9600,-0.1488,-0.2237,0.9611,0.45,-0.02,0.36,130707,138371,125191
32407226,-14.0700,-6.7200,58.0125,-0.1420,-0.2786,0.9506,0.45,-0.01,0.36,130839,138509,125177
32427734,-17.8850,-6.3000,49.9450,-0.1327,-0.3333,0.9416,0.46,-0.01,0.36,130969,138637,125155
32447264,-16.7825,-5.9150,41.6850,-0.1235,-0.3844,0.9338,0.47,0.00,0.36,131081,138717,125154
32466796,-7.8225,-4.9350,32.9175,-0.1075,-0.4329,0.9322,0.47,0.01,0.36,131161,138795,125172
32487304,19.4075,-2.9225,20.1250,-0.0821,-0.4919,0.9446,0.48,0.01,0.36,131214,138882,125214
32506836,25.3225,-1.7500,12.0925,-0.0727,-0.5117,0.9567,0.48,0.01,0.35,131232,138957,125272
32527344,23.7125,-1.0675,4.7075,-0.0703,-0.5185,0.9734,0.48,0.01,0.35,131226,139013,125303
32546876,20.8425,-0.8925,-2.6250,-0.0712,-0.5172,0.9909,0.48,0.01,0.35,131207,139016,125320
32567382,8.5050,-0.4550,-9.3625,-0.0705,-0.5114,1.0024,0.48,0.01,0.35,131172,138943,125337
32586914,-1.9425,-0.3500,-16.6600,-0.0686,-0.5029,1.0109,0.48,0.00,0.35,131122,138870,125329
32607420,4.2000,-1.1200,-25.3050,-0.0676,-0.4932,1.0247,0.47,-0.00,0.35,131042,138789,125294
32626952,2.2575,-2.0475,-30.9750,-0.0684,-0.4834,1.0270,0.47,-0.01,0.35,130962,138698,125273
32647460,-1.9600,-3.0800,-36.4875,-0.0675,-0.4731,1.0226,0.46,-0.01,0.36,130867,138562,125253
32666992,1.9600,-3.4300,-41.7375,-0.0648,-0.4664,1.0174,0.45,-0.02,0.36,130782,138432,125249
32687500,17.3950,-3.6750,-46.4275,-0.0625,-0.4631,1.0133,0.44,-0.02,0.35,130676,138324,125268
32707032,33.6175,-4.2175,-50.8550,-0.0614,-0.4566,1.0094,0.44,-0.03,0.35,130572,138257,125301
32727540,45.5350,-5.4250,-56.2975,-0.0642,-0.4360,1.0036,0.43,-0.04,0.35,130451,138175,125315
32747070,41.0375,-5.8625,-59.6925,-0.0664,-0.4169,0.9965,0.43,-0.04,0.35,130343,138078,125356
32767578,38.4825,-6.0550,-63.0875,-0.0667,-0.3972,0.9894,0.42,-0.05,0.35,130245,137957,125384
32787108,55.1600,-6.7200,-65.6950,-0.0673,-0.3820,0.9903,0.42,-0.06,0.34,130146,137910,125469
32807616,83.1425,-8.4525,-67.6200,-0.0693,-0.3669,0.9966,0.42,-0.06,0.34,130034,137911,125553
32827148,91.8050,-10.6050,-70.7875,-0.0687,-0.3433,0.9966,0.42,-0.07,0.33,129940,137883,125632
32847656,66.0275,-11.5150,-73.0975,-0.0620,-0.2929,0.9858,0.41,-0.08,0.33,129838,137814,125670
32867188,55.5975,-11.7775,-74.7075,-0.0600,-0.2571,0.9823,0.41,-0.08,0.33,129747,137718,125707
32887696,64.2425,-13.0200,-75.0400,-0.0600,-0.2223,0.9848,0.40,-0.09,0.33,129664,137649,125740
32907226,69.3875,-13.8775,-74.5850,-0.0598,-0.1835,0.9867,0.40,-0.09,0.32,129585,137603,125774
32927734,61.5825,-15.3650,-73.5525,-0.0594,-0.1409,0.9838,0.39,-0.10,0.32,129497,137526,125787
32947264,17.2200,-15.5050,-74.2525,-0.0572,-0.0813,0.9692,0.38,-0.10,0.33,129425,137362,125731
32966796,-15.2775,-13.9650,-75.6700,-0.0495,-0.0493,0.9555,0.37,-0.10,0.33,129366,137143,125632
32987304,-29.1375,-11.5150,-76.6850,-0.0393,-0.0156,0.9512,0.36,-0.11,0.34,129303,136927,125540
33006836,-8.8375,-11.3400,-74.0950,-0.0395,0.0149,0.9575,0.35,-0.11,0.34,129229,136766,125496
33027344,10.4650,-11.3575,-70.1750,-0.0512,0.0461,0.9667,0.34,-0.12,0.34,129168,136661,125457
33046876,14.3500,-12.0575,-66.5525,-0.0578,0.0712,0.9695,0.33,-0.12,0.34,129127,136516,125423
33067382,-18.5675,-10.7450,-64.2775,-0.0555,0.1108,0.9659,0.32,-0.12,0.35,129097,136311,125355
33086914,-36.1375,-9.4675,-62.6500,-0.0598,0.1369,0.9651,0.31,-0.12,0.35,129061,136098,125272
33107420,-47.3725,-7.3850,-60.2175,-0.0671,0.1564,0.9658,0.29,-0.13,0.36,129014,135868,125191
33126952,-42.5075,-5.5475,-55.8950,-0.0744,0.1662,0.9701,0.28,-0.13,0.36,128979,135680,125122
33147460,-31.8850,-4.0075,-51.7825,-0.0758,0.1770,0.9744,0.27,-0.13,0.37,128952,135517,125078
33166992,-20.0725,-2.6950,-46.9875,-0.0804,0.1881,0.9780,0.26,-0.13,0.37,128940,135391,125066
33187500,1.9250,-2.2050,-38.4650,-0.0920,0.1996,0.9827,0.26,-0.13,0.37,128935,135316,125060
33207032,13.3000,-2.4500,-33.4075,-0.0978,0.2057,0.9853,0.26,-0.13,0.37,128923,135297,125072
33227540,12.7575,-2.2925,-28.8925,-0.1017,0.2142,0.9855,0.26,-0.13,0.37,128902,135253,125054
33247070,-0.9100,-1.7150,-24.8675,-0.1022,0.2272,0.9817,0.25,-0.13,0.37,128895,135199,125039
33267578,-13.1250,-0.8400,-21.2450,-0.1004,0.2392,0.9784,0.25,-0.13,0.37,128909,135117,125052
33287108,-11.4800,-0.4550,-17.0800,-0.0974,0.2451,0.9794,0.24,-0.13,0.37,128900,135071,125055
33307616,-1.2950,-0.0175,-11.0950,-0.0910,0.2499,0.9819,0.24,-0.13,0.37,128884,135046,125039
33327148,-5.1100,0.6125,-7.6300,-0.0859,0.2557,0.9806,0.24,-0.13,0.37,128881,135029,125040
33357420,-14.4550,2.1175,-2.5200,-0.0793,0.2662,0.9805,0.24,-0.13,0.37,128880,134972,125013
33376952,-14.9800,3.0975,1.2600,-0.0750,0.2689,0.9830,0.24,-0.13,0.37,128875,134947,125015
33397460,-16.4500,3.9725,5.2850,-0.0705,0.2708,0.9833,0.23,-0.13,0.37,128867,134922,125027
33416992,-15.8375,4.4800,12.0050,-0.0651,0.2739,0.9850,0.23,-0.13,0.37,128869,134914,125024
33437500,-10.5175,3.9375,17.1675,-0.0656,0.2757,0.9877,0.23,-0.13,0.37,128881,134919,125025
33457032,-12.6175,4.0425,22.5575,-0.0681,0.2782,0.9906,0.24,-0.13,0.37,128869,134946,125026
33477540,-19.5825,4.5500,26.7925,-0.0686,0.2813,0.9921,0.24,-0.13,0.37,128874,134966,125021
33497070,-22.0325,5.1275,31.2375,-0.0712,0.2799,0.9972,0.24,-0.13,0.37,128883,135004,125023
33517578,-2.1875,4.0775,40.2325,-0.0845,0.2706,1.0104,0.25,-0.13,0.37,128902,135091,125042
33537108,10.1675,3.3250,46.4100,-0.0916,0.2680,1.0188,0.25,-0.13,0.37,128939,135210,125084
33557616,12.6000,2.5725,51.6600,-0.0958,0.2664,1.0236,0.26,-0.13,0.36,128970,135355,125100
33577148,7.8225,1.9250,56.7525,-0.1041,0.2627,1.0242,0.27,-0.13,0.36,129005,135495,125117
33597656,-0.9100,2.1700,61.8625,-0.1172,0.2595,1.0241,0.28,-0.12,0.36,129058,135627,125145
33617188,-6.6675,2.2050,66.7100,-0.1325,0.2546,1.0202,0.29,-0.12,0.36,129129,135755,125172
33637696,-7.2975,2.0475,74.1475,-0.1502,0.2400,1.0227,0.29,-0.11,0.36,129212,135904,125183
33657224,-9.2400,1.8200,77.6650,-0.1584,0.2313,1.0283,0.30,-0.11,0.36,129288,136042,125203
33677736,-13.5275,1.0150,79.6600,-0.1662,0.2277,1.0298,0.31,-0.10,0.36,129376,136186,125209
33697264,-23.0475,0.4375,81.5150,-0.1779,0.2281,1.0246,0.32,-0.10,0.36,129475,136306,125219
33716796,-32.5500,0.4025,83.6325,-0.1858,0.2277,1.0176,0.33,-0.09,0.36,129596,136410,125221
33737304,-36.8025,0.4200,85.3475,-0.1810,0.2174,1.0153,0.33,-0.08,0.36,129728,136517,125216
33756836,-39.2350,0.2100,86.4675,-0.1646,0.1919,1.0167,0.34,-0.07,0.36,129853,136625,125199
33777344,-45.2725,0.2800,85.5050,-0.1508,0.1764,1.0154,0.34,-0.07,0.36,129976,136722,125189
33796876,-56.0525,-0.2625,84.4375,-0.1373,0.1651,1.0093,0.35,-0.06,0.36,130118,136796,125139
33817384,-60.9350,-1.7325,83.9475,-0.1164,0.1405,1.0031,0.35,-0.05,0.36,130267,136861,125135
33836912,-43.5225,-3.9025,82.2675,-0.0900,0.0942,1.0078,0.36,-0.04,0.36,130417,136983,125137
33857420,-17.4825,-4.9875,78.7325,-0.0645,0.0400,1.0189,0.37,-0.03,0.36,130566,137140,125163
33876952,-7.4375,-6.5625,73.3950,-0.0388,-0.0279,1.0161,0.38,-0.02,0.36,130723,137285,125166
33897460,-7.3500,-8.1900,67.0425,-0.0085,-0.0859,1.0103,0.39,-0.01,0.36,130865,137422,125194
33916992,0.2100,-9.4850,58.2750,0.0315,-0.1562,1.0036,0.39,-0.00,0.36,130994,137531,125229
33937500,7.2800,-9.5375,49.5250,0.0702,-0.2206,0.9933,0.40,0.00,0.35,131101,137650,125289
33957032,15.1900,-8.1200,42.1750,0.1007,-0.2673,0.9871,0.41,0.01,0.35,131190,137765,125318
33977540,26.8275,-5.6175,33.2150,0.1204,-0.3138,0.9869,0.42,0.01,0.35,131246,137906,125360
33997072,17.9550,-4.3575,25.4100,0.1327,-0.3360,0.9808,0.42,0.01,0.35,131286,137965,125384
34017576,12.5300,-3.9550,17.9025,0.1419,-0.3494,0.9721,0.42,0.02,0.35,131321,138033,125412
34037108,23.6250,-3.7800,12.1450,0.1410,-0.3558,0.9664,0.43,0.02,0.34,131324,138117,125469
34057616,44.6425,-3.6925,6.8250,0.1310,-0.3583,0.9675,0.44,0.01,0.34,131315,138223,125561
34077148,58.2575,-3.6225,1.6975,0.1130,-0.3548,0.9726,0.44,0.01,0.33,131288,138349,125636
34097656,46.0775,-3.9550,-6.1075,0.0854,-0.3310,0.9748,0.45,0.01,0.33,131259,138428,125683
34117188,30.2750,-4.7425,-10.2900,0.0681,-0.3043,0.9750,0.45,0.01,0.33,131228,138445,125729
34137696,21.8050,-5.5475,-14.0175,0.0489,-0.2800,0.9788,0.45,0.01,0.33,131177,138452,125738
34157224,21.9100,-6.3000,-18.2350,0.0325,-0.2673,0.9867,0.45,0.00,0.32,131122,138472,125756
34177736,19.3725,-6.4925,-23.7825,0.0221,-0.2602,0.9928,0.45,-0.00,0.33,131048,138446,125733
34197264,9.8175,-6.6500,-28.5950,0.0182,-0.2490,0.9931,0.45,-0.01,0.33,130979,138416,125717
34216796,6.4750,-7.0175,-33.9500,0.0100,-0.2291,0.9966,0.44,-0.01,0.33,130900,138358,125700
34237304,17.0100,-7.6475,-37.4150,-0.0004,-0.2236,1.0060,0.44,-0.02,0.33,130814,138310,125716
34256836,27.2475,-8.2600,-42.1400,-0.0109,-0.2218,1.0172,0.44,-0.02,0.33,130724,138281,125720
34277344,30.4150,-9.8875,-47.0750,-0.0144,-0.2194,1.0243,0.44,-0.03,0.33,130620,138234,125706
34296876,17.5525,-10.4125,-51.8000,-0.0124,-0.2100,1.0261,0.43,-0.03,0.33,130519,138143,125677
34317384,-0.1925,-9.8525,-55.8950,-0.0098,-0.1995,1.0272,0.42,-0.04,0.33,130418,138001,125615
34336912,-2.4325,-9.8175,-61.5300,-0.0060,-0.1919,1.0354,0.41,-0.05,0.34,130319,137870,125579
34367188,11.1125,-10.8675,-66.0275,-0.0041,-0.1853,1.0474,0.40,-0.06,0.34,130146,137690,125533
34387696,14.5425,-11.2175,-68.9850,-0.0044,-0.1768,1.0542,0.40,-0.06,0.34,130055,137554,125490
34407224,14.0700,-11.3400,-71.5050,-0.0063,-0.1645,1.0581,0.39,-0.07,0.34,129954,137429,125445
34427736,7.1400,-11.4975,-73.3950,-0.0085,-0.1507,1.0546,0.38,-0.07,0.35,129847,137265,125371
34447264,-13.5450,-10.3600,-77.1925,-0.0066,-0.1281,1.0402,0.37,-0.08,0.35,129750,137075,125318
34466796,-16.3450,-8.4525,-78.2425,-0.0082,-0.1109,1.0379,0.35,-0.09,0.36,129665,136878,125240
34487304,-1.5575,-6.9300,-76.6325,-0.0211,-0.0986,1.0414,0.34,-0.09,0.36,129583,136700,125210
34506836,14.8575,-6.1950,-74.0250,-0.0372,-0.0861,1.0433,0.34,-0.09,0.36,129521,136604,125188
34527344,24.7100,-6.1425,-72.0475,-0.0455,-0.0744,1.0399,0.33,-0.10,0.36,129428,136493,125177
34546876,18.8475,-5.4950,-70.3675,-0.0473,-0.0601,1.0283,0.32,-0.10,0.36,129366,136377,125152
34567384,4.3400,-3.0975,-67.9525,-0.0448,-0.0220,1.0120,0.31,-0.11,0.36,129313,136231,125127
34586912,14.8750,-1.9075,-64.0500,-0.0503,-0.0011,1.0078,0.31,-0.11,0.36,129272,136141,125141
34607420,29.7150,-1.1200,-59.1150,-0.0592,0.0134,1.0048,0.31,-0.11,0.36,129210,136092,125129
34626952,33.1800,-0.9625,-55.0900,-0.0654,0.0283,0.9970,0.30,-0.12,0.36,129152,136035,125147
34647460,18.4975,-0.2450,-52.5525,-0.0705,0.0486,0.9845,0.30,-0.12,0.36,129110,135933,125111
34666992,1.2775,1.2250,-50.0325,-0.0764,0.0749,0.9745,0.29,-0.12,0.36,129071,135843,125120
34687500,2.7300,2.8700,-42.9275,-0.0894,0.1089,0.9716,0.29,-0.12,0.36,129042,135748,125119
34707032,11.6200,2.8350,-37.5025,-0.0983,0.1259,0.9727,0.28,-0.13,0.36,129000,135699,125123
34727540,6.1950,2.8525,-33.1625,-0.1059,0.1444,0.9701,0.28,-0.13,0.36,128970,135630,125115
34747072,-11.5500,3.4475,-29.4875,-0.1115,0.1651,0.9626,0.27,-0.13,0.36,128941,135537,125096
34767576,-25.7425,4.4625,-25.8475,-0.1159,0.1857,0.9565,0.27,-0.13,0.37,128928,135427,125086
34787108,-10.3600,4.5325,-19.6525,-0.1209,0.2057,0.9612,0.26,-0.13,0.36,128912,135367,125092
34807616,2.7475,4.0950,-15.7500,-0.1220,0.2150,0.9670,0.26,-0.13,0.37,128893,135345,125090
34827148,1.9600,3.6750,-12.8625,-0.1200,0.2258,0.9677,0.26,-0.13,0.36,128871,135325,125095
34847656,-12.0400,4.1825,-10.6925,-0.1142,0.2389,0.9642,0.26,-0.14,0.37,128849,135261,125075
34867188,-24.9725,5.2325,-8.8375,-0.1054,0.2508,0.9600,0.25,-0.14,0.37,128846,135187,125086
34887696,-26.1975,6.5800,-6.8950,-0.0961,0.2629,0.9600,0.25,-0.14,0.37,128828,135122,125090
34907224,-6.5625,7.6650,-2.4850,-0.0842,0.2788,0.9655,0.25,-0.14,0.36,128801,135105,125107
34927736,1.5575,8.0850,0.7350,-0.0747,0.2918,0.9664,0.25,-0.14,0.36,128766,135120,125111
34947264,-3.9200,8.6975,3.9550,-0.0643,0.3078,0.9638,0.25,-0.14,0.36,128745,135119,125128
34966796,-11.4450,8.9600,7.2275,-0.0554,0.3231,0.9609,0.25,-0.14,0.36,128721,135099,125128
34987304,-18.3225,9.6250,9.8700,-0.0472,0.3371,0.9610,0.25,-0.14,0.36,128708,135093,125149
35006836,-15.2075,9.5025,12.7400,-0.0381,0.3470,0.9626,0.25,-0.15,0.36,128678,135102,125155
35027344,-8.2075,9.2750,17.4650,-0.0281,0.3606,0.9661,0.25,-0.15,0.36,128637,135129,125156
35046876,-4.0950,8.7850,21.1925,-0.0285,0.3705,0.9682,0.25,-0.15,0.36,128609,135168,125170
35067384,-0.7000,8.1375,24.7100,-0.0327,0.3797,0.9709,0.25,-0.15,0.36,128592,135225,125200
35086912,1.3125,7.8050,27.7725,-0.0350,0.3877,0.9755,0.26,-0.15,0.36,128576,135287,125218
35107420,0.8750,7.1225,30.0125,-0.0334,0.3965,0.9809,0.26,-0.15,0.36,128549,135367,125227
35126952,-3.2900,6.1600,31.1675,-0.0293,0.4080,0.9864,0.27,-0.16,0.36,128524,135437,125224
35147460,0.1575,3.8150,33.1975,-0.0259,0.4229,0.9969,0.27,-0.16,0.36,128497,135537,125239
35166992,8.2250,2.3275,35.2975,-0.0273,0.4287,1.0042,0.28,-0.16,0.35,128498,135641,125269
35187500,13.8600,1.2950,37.2925,-0.0332,0.4319,1.0080,0.29,-0.16,0.35,128485,135785,125310
35207032,20.1950,0.1575,39.8825,-0.0412,0.4281,1.0125,0.30,-0.16,0.35,128471,135933,125345
35227540,24.3250,-0.6475,42.1225,-0.0487,0.4175,1.0155,0.31,-0.16,0.35,128463,136115,125365
35247072,26.0050,-1.7850,44.3975,-0.0612,0.3903,1.0160,0.32,-0.16,0.34,128458,136301,125436
35267576,33.6175,-2.3100,46.6375,-0.0715,0.3648,1.0158,0.33,-0.16,0.34,128471,136510,125516
35287108,43.8725,-2.4500,49.1750,-0.0808,0.3345,1.0159,0.35,-0.16,0.33,128486,136753,125602
35307616,54.0400,-2.5200,51.6075,-0.0913,0.3013,1.0185,0.36,-0.16,0.33,128509,137035,125719
35327148,53.7775,-1.7675,53.5850,-0.1021,0.2677,1.0216,0.38,-0.16,0.32,128522,137280,125796
35347656,41.0025,-0.0875,54.3025,-0.1072,0.2311,1.0264,0.39,-0.15,0.31,128558,137518,125925
35377928,13.3525,1.9775,51.4150,-0.1058,0.1435,1.0375,0.41,-0.15,0.31,128608,137790,126019
35398436,2.3100,2.4675,49.4900,-0.1063,0.1007,1.0399,0.42,-0.15,0.30,128653,137935,126081
35417968,-1.2600,2.5725,47.7925,-0.1087,0.0572,1.0401,0.43,-0.14,0.30,128700,138070,126113
35438476,1.5575,2.5375,45.4475,-0.1135,0.0120,1.0396,0.44,-0.14,0.30,128754,138212,126174
35458008,6.2300,2.5025,41.8775,-0.1190,-0.0295,1.0397,0.44,-0.14,0.30,128789,138335,126221
35478516,4.1125,2.6075,35.3850,-0.1249,-0.0765,1.0407,0.45,-0.14,0.29,128825,138474,126266
35498048,0.6825,2.7300,30.6950,-0.1263,-0.0970,1.0430,0.46,-0.13,0.29,128864,138543,126282
35518552,-6.1075,3.6750,25.4625,-0.1252,-0.1111,1.0452,0.46,-0.13,0.29,128904,138589,126295
35538084,-12.0225,4.5150,20.4750,-0.1240,-0.1209,1.0468,0.46,-0.13,0.29,128928,138610,126293
35558592,-17.2200,4.9525,15.6975,-0.1240,-0.1271,1.0460,0.46,-0.13,0.29,128927,138621,126271
35578124,-17.3075,4.5850,8.8550,-0.1242,-0.1362,1.0430,0.46,-0.13,0.29,128937,138617,126250
35598632,-13.5625,3.8500,4.1300,-0.1240,-0.1430,1.0411,0.46,-0.13,0.30,128938,138591,126235
35618164,-10.1675,2.8350,-0.7350,-0.1222,-0.1476,1.0390,0.46,-0.13,0.30,128937,138567,126220
35638672,-8.8025,2.2925,-5.4075,-0.1187,-0.1498,1.0375,0.45,-0.13,0.30,128934,138517,126194
35658204,-4.9700,1.7325,-9.6950,-0.1146,-0.1510,1.0372,0.45,-0.13,0.30,128910,138483,126179
35678712,-1.3650,1.1200,-14.1575,-0.1076,-0.1508,1.0369,0.45,-0.13,0.30,128884,138431,126158
35698240,1.1200,-0.2450,-21.0525,-0.0966,-0.1484,1.0360,0.45,-0.13,0.30,128865,138370,126144
35718752,3.6750,-1.9250,-25.1300,-0.0916,-0.1449,1.0374,0.44,-0.14,0.30,128845,138291,126123
35738280,2.6775,-3.5525,-29.0500,-0.0874,-0.1398,1.0397,0.43,-0.14,0.30,128817,138197,126103
35757812,-0.0525,-4.8300,-32.8125,-0.0842,-0.1347,1.0433,0.43,-0.14,0.31,128790,138095,126065
35778320,-1.4875,-5.9500,-36.2600,-0.0815,-0.1296,1.0476,0.42,-0.14,0.31,128751,137980,126023
35797852,-1.0500,-6.8950,-39.1650,-0.0800,-0.1229,1.0523,0.41,-0.14,0.31,128726,137866,125977
35818360,0.2625,-8.1725,-42.9450,-0.0776,-0.1091,1.0591,0.41,-0.14,0.31,128704,137715,125935
35837888,-3.3075,-8.6625,-45.3425,-0.0742,-0.0986,1.0623,0.40,-0.15,0.32,128682,137576,125880
35858400,-10.2375,-8.9075,-47.7925,-0.0703,-0.0882,1.0626,0.39,-0.15,0.32,128657,137416,125816
35877928,-12.6000,-9.2050,-50.0850,-0.0671,-0.0794,1.0635,0.38,-0.15,0.33,128628,137253,125743
35898436,-5.7050,-9.8000,-51.8350,-0.0666,-0.0716,1.0670,0.37,-0.15,0.33,128613,137100,125717
35917968,3.3775,-10.7975,-52.9200,-0.0694,-0.0623,1.0713,0.36,-0.15,0.33,128606,136959,125670
35938476,-1.1725,-11.5500,-54.4250,-0.0720,-0.0405,1.0720,0.35,-0.15,0.33,128609,136806,125626
35958008,-10.9025,-11.4625,-55.0550,-0.0705,-0.0242,1.0687,0.34,-0.15,0.34,128600,136625,125558
35978516,-16.2750,-11.1825,-55.4225,-0.0669,-0.0076,1.0648,0.33,-0.15,0.34,128585,136459,125497
35998048,-16.1875,-11.0775,-55.2650,-0.0615,0.0093,1.0609,0.32,-0.15,0.34,128591,136298,125435
36018552,-13.3525,-11.1300,-54.4775,-0.0582,0.0270,1.0571,0.31,-0.15,0.35,128602,136124,125402
36038084,-10.0975,-11.3400,-52.9025,-0.0560,0.0510,1.0494,0.30,-0.15,0.35,128616,135977,125334
36058592,-12.0925,-10.8325,-52.0625,-0.0506,0.0659,1.0411,0.29,-0.15,0.35,128620,135826,125293
36078124,-13.2125,-10.0625,-50.9250,-0.0473,0.0804,1.0316,0.28,-0.15,0.36,128622,135685,125248
36098632,-12.6875,-9.0125,-49.2450,-0.0451,0.0958,1.0227,0.27,-0.15,0.36,128637,135548,125206
36118164,-11.2000,-8.2775,-47.1625,-0.0447,0.1113,1.0136,0.26,-0.15,0.36,128649,135401,125178
36138672,-10.6050,-7.3500,-45.1325,-0.0454,0.1252,1.0043,0.26,-0.15,0.36,128667,135275,125158
36158204,-6.5625,-5.7575,-42.3850,-0.0461,0.1427,0.9917,0.25,-0.15,0.36,128677,135187,125133
36178712,-1.9950,-4.6900,-40.2150,-0.0467,0.1560,0.9844,0.25,-0.15,0.36,128669,135095,125112
36198240,0.5950,-3.5175,-37.7475,-0.0472,0.1725,0.9784,0.24,-0.15,0.36,128667,135022,125114
36218752,2.2750,-2.6250,-35.1400,-0.0508,0.1902,0.9743,0.24,-0.15,0.36,128687,134942,125123
36238280,0.8225,-1.7850,-32.4975,-0.0562,0.2072,0.9717,0.23,-0.15,0.36,128689,134876,125113
36257812,-1.9250,-1.1900,-29.8550,-0.0615,0.2229,0.9704,0.23,-0.15,0.37,128684,134798,125090
36278320,-9.7125,0.0525,-26.1625,-0.0678,0.2451,0.9655,0.22,-0.15,0.36,128670,134729,125092
36297852,-9.5550,0.7875,-23.3100,-0.0720,0.2589,0.9640,0.22,-0.15,0.37,128669,134673,125084
36318360,-5.4600,1.6275,-20.2650,-0.0747,0.2721,0.9651,0.22,-0.15,0.36,128674,134622,125099
36337888,-3.2025,2.1350,-17.1325,-0.0772,0.2845,0.9664,0.21,-0.15,0.36,128670,134580,125115
36358400,-5.7400,2.6775,-13.7900,-0.0797,0.2957,0.9660,0.21,-0.15,0.36,128658,134529,125109
36388672,-6.3700,3.2900,-7.0000,-0.0814,0.3122,0.9669,0.21,-0.15,0.36,128650,134485,125120
36408204,-3.3600,3.3425,-3.3425,-0.0816,0.3199,0.9683,0.21,-0.15,0.36,128639,134475,125122
36428712,-4.5500,3.5875,0.5075,-0.0805,0.3283,0.9677,0.21,-0.15,0.36,128620,134475,125125
36448240,-6.7025,3.8150,4.1475,-0.0777,0.3350,0.9673,0.21,-0.15,0.36,128619,134472,125124
36468752,-4.9175,3.9025,7.9625,-0.0750,0.3395,0.9682,0.21,-0.15,0.36,128619,134473,125138
36488280,-2.3625,3.6575,11.9700,-0.0727,0.3438,0.9683,0.21,-0.15,0.36,128615,134499,125153
36507812,-0.7000,3.0275,17.8150,-0.0709,0.3520,0.9675,0.21,-0.15,0.36,128605,134541,125153
36528320,3.1500,2.9925,21.7875,-0.0715,0.3583,0.9698,0.22,-0.15,0.36,128590,134620,125156
36547852,11.3050,2.9925,25.8825,-0.0730,0.3647,0.9740,0.22,-0.15,0.36,128589,134695,125183
36568360,15.4350,2.7825,30.0300,-0.0730,0.3715,0.9772,0.23,-0.15,0.36,128595,134790,125212
36587888,9.8175,2.9925,33.4425,-0.0717,0.3826,0.9777,0.23,-0.15,0.36,128593,134864,125222
36608400,-2.3800,3.3775,39.0250,-0.0709,0.3969,0.9787,0.24,-0.15,0.36,128584,134954,125216
36627928,-5.9150,3.2375,43.1725,-0.0686,0.4191,0.9803,0.24,-0.15,0.36,128574,135040,125223
36648436,-1.2075,2.4500,47.2500,-0.0656,0.4315,0.9836,0.25,-0.15,0.36,128576,135159,125226
36667968,3.9375,1.5050,51.3450,-0.0608,0.4416,0.9859,0.26,-0.15,0.36,128591,135277,125246
36688476,5.5825,0.7700,55.2300,-0.0586,0.4490,0.9862,0.27,-0.15,0.36,128615,135420,125254
36708008,6.3000,-0.1050,58.5725,-0.0610,0.4509,0.9838,0.27,-0.15,0.35,128620,135577,125280
36728516,7.5600,-0.5600,62.6325,-0.0669,0.4435,0.9771,0.29,-0.15,0.35,128621,135761,125295
36748048,13.0025,-0.7175,65.0650,-0.0725,0.4357,0.9739,0.30,-0.15,0.35,128642,135934,125333
36768552,21.8225,-0.7525,67.3925,-0.0780,0.4242,0.9719,0.31,-0.15,0.35,128682,136165,125388
36788084,24.6925,-0.1050,69.0200,-0.0845,0.4097,0.9683,0.32,-0.14,0.34,128711,136370,125445
36808592,24.3250,0.5950,70.4550,-0.0919,0.3892,0.9638,0.34,-0.14,0.34,128732,136619,125496
36828124,25.0425,1.7850,71.2075,-0.0970,0.3612,0.9628,0.35,-0.14,0.34,128760,136869,125580
36848632,37.5900,3.0975,71.1200,-0.0980,0.3094,0.9719,0.37,-0.14,0.33,128797,137156,125683
36868164,38.8150,4.2875,70.0875,-0.0974,0.2760,0.9795,0.39,-0.14,0.32,128845,137410,125801
36888672,34.3000,5.3550,68.7225,-0.0986,0.2413,0.9881,0.40,-0.13,0.32,128895,137673,125909
36908204,28.3325,6.2825,66.7800,-0.1019,0.2035,0.9982,0.42,-0.13,0.31,128931,137914,126026
36928712,21.8050,6.9650,63.6825,-0.1053,0.1632,1.0094,0.43,-0.13,0.30,128988,138151,126106
36948240,16.5025,7.2800,60.2700,-0.1076,0.1232,1.0224,0.44,-0.12,0.30,129033,138347,126211
36968752,9.7825,6.9825,54.2150,-0.1098,0.0669,1.0431,0.45,-0.12,0.29,129102,138514,126307
36988280,6.1600,6.2300,49.2975,-0.1087,0.0306,1.0555,0.46,-0.12,0.29,129167,138684,126350
37007812,1.7500,5.2325,43.8200,-0.1078,-0.0033,1.0651,0.47,-0.11,0.28,129217,138819,126423
37028320,-0.8750,4.3750,38.3775,-0.1078,-0.0344,1.0697,0.48,-0.11,0.28,129257,138953,126466
37047852,-1.8550,3.5875,33.1275,-0.1086,-0.0632,1.0707,0.49,-0.11,0.28,129297,139047,126502
37068360,3.0975,2.6950,25.3400,-0.1085,-0.0908,1.0701,0.49,-0.11,0.28,129349,139139,126559
37087888,2.2400,1.9950,20.1250,-0.1071,-0.1240,1.0668,0.50,-0.10,0.27,129381,139192,126585
37108400,-2.5900,1.4350,14.8050,-0.1052,-0.1408,1.0626,0.50,-0.10,0.27,129397,139225,126599
37127928,-4.1475,1.2425,9.6600,-0.1027,-0.1559,1.0602,0.50,-0.10,0.27,129397,139257,126607
37148436,-2.3100,0.9100,4.5675,-0.1007,-0.1693,1.0581,0.50,-0.10,0.27,129402,139261,126584
37167968,-4.5150,1.0150,-0.6650,-0.0976,-0.1791,1.0553,0.50,-0.10,0.27,129403,139222,126588
37188476,-7.7700,1.5400,-8.2600,-0.0927,-0.1893,1.0531,0.49,-0.10,0.28,129382,139155,126564
37208008,-8.9075,1.6100,-13.0725,-0.0902,-0.1932,1.0533,0.49,-0.10,0.28,129356,139098,126505
37228516,-11.3575,1.7850,-17.3600,-0.0887,-0.1935,1.0551,0.49,-0.11,0.28,129310,139027,126442
37248048,-11.6200,1.4875,-21.0000,-0.0870,-0.1911,1.0587,0.48,-0.11,0.28,129275,138930,126405
37268552,-13.3000,0.6125,-24.3075,-0.0839,-0.1867,1.0631,0.47,-0.11,0.29,129245,138800,126347
37288084,-17.3075,-0.7700,-27.6675,-0.0793,-0.1818,1.0663,0.46,-0.11,0.29,129226,138648,126270
37308592,-22.7325,-2.3275,-32.7950,-0.0676,-0.1768,1.0699,0.45,-0.12,0.30,129174,138476,126177
37328124,-22.6975,-2.4850,-35.9975,-0.0573,-0.1728,1.0730,0.44,-0.12,0.31,129125,138331,126068
37348632,-20.4575,-2.4500,-38.2200,-0.0504,-0.1641,1.0777,0.43,-0.12,0.31,129081,138163,126004
37368164,-17.7450,-3.1500,-39.8300,-0.0482,-0.1499,1.0840,0.42,-0.12,0.31,129061,137981,125925
37398436,-19.5475,-4.7775,-41.7550,-0.0495,-0.1242,1.0923,0.40,-0.13,0.32,129009,137703,125774
37417968,-30.5725,-5.4775,-43.5575,-0.0490,-0.1071,1.0904,0.39,-0.13,0.33,128997,137487,125692
37438476,-32.4975,-5.4075,-44.4850,-0.0427,-0.0848,1.0870,0.38,-0.13,0.33,128980,137279,125605
37458008,-23.4675,-5.7225,-44.7300,-0.0398,-0.0722,1.0847,0.37,-0.13,0.34,128959,137099,125523
37478516,-13.9650,-6.6850,-44.6600,-0.0390,-0.0588,1.0830,0.36,-0.13,0.34,128945,136936,125458
37498048,-15.1550,-7.8575,-44.5900,-0.0398,-0.0415,1.0785,0.35,-0.13,0.35,128941,136754,125387
37518552,-26.1625,-8.7150,-44.0825,-0.0416,-0.0224,1.0702,0.33,-0.13,0.35,128953,136556,125308
37538084,-33.4950,-8.6800,-43.6100,-0.0425,-0.0007,1.0576,0.32,-0.13,0.36,128961,136365,125220
37558592,-22.1725,-8.8200,-42.9450,-0.0426,0.0088,1.0518,0.31,-0.13,0.36,128964,136194,125157
37578124,-15.1025,-8.2250,-42.0875,-0.0431,0.0195,1.0433,0.30,-0.13,0.37,128974,136060,125091
37598632,-14.8750,-7.7525,-41.1250,-0.0451,0.0322,1.0330,0.30,-0.13,0.37,128975,135909,125041
37618164,-16.7650,-7.3325,-39.8125,-0.0483,0.0449,1.0221,0.29,-0.13,0.37,128993,135767,124998
37638672,-20.7900,-5.6700,-38.9025,-0.0488,0.0575,1.0120,0.28,-0.13,0.37,129006,135618,124959
37658204,-20.7550,-4.0600,-38.5350,-0.0442,0.0749,0.9999,0.27,-0.13,0.37,129000,135474,124939
37678712,-15.1725,-2.6600,-38.0800,-0.0412,0.0850,0.9950,0.26,-0.13,0.38,128997,135355,124892
37698240,-8.7500,-1.1200,-37.4325,-0.0393,0.0958,0.9920,0.26,-0.13,0.38,128985,135261,124877
37718752,-4.1475,-0.3150,-36.4700,-0.0411,0.1083,0.9902,0.25,-0.13,0.38,128989,135162,124866
37738280,-4.8475,0.4025,-35.1925,-0.0455,0.1237,0.9893,0.24,-0.13,0.38,128984,135073,124855
37757812,-9.8000,1.1200,-34.0025,-0.0494,0.1396,0.9883,0.24,-0.13,0.38,128968,134953,124853
37778320,-15.5050,2.9400,-32.2175,-0.0544,0.1573,0.9881,0.23,-0.13,0.38,128945,134857,124825
37797852,-13.6850,3.7625,-30.7650,-0.0576,0.1663,0.9897,0.23,-0.13,0.38,128931,134775,124816
37818360,-10.0450,3.9550,-28.7875,-0.0612,0.1743,0.9910,0.22,-0.13,0.38,128926,134676,124844
37837888,-8.8550,3.8500,-26.6700,-0.0647,0.1821,0.9902,0.22,-0.13,0.38,128916,134611,124846
37858400,-8.6450,3.6750,-24.3950,-0.0676,0.1886,0.9881,0.21,-0.13,0.38,128894,134540,124837
37877928,-7.3150,3.6750,-20.9475,-0.0683,0.1939,0.9853,0.21,-0.13,0.38,128876,134495,124854
37898436,-4.4800,3.5175,-18.8125,-0.0661,0.1993,0.9849,0.21,-0.13,0.38,128865,134450,124859
37917968,0.0175,3.3950,-16.6075,-0.0633,0.2033,0.9862,0.20,-0.14,0.38,128853,134418,124854
37938476,3.3075,2.9400,-14.0175,-0.0595,0.2089,0.9878,0.20,-0.14,0.38,128853,134398,124869
37958008,2.7650,2.6775,-11.3225,-0.0558,0.2157,0.9893,0.20,-0.14,0.38,128834,134386,124870
37978516,1.5400,2.4675,-8.5400,-0.0532,0.2227,0.9904,0.20,-0.14,0.38,128813,134382,124888
37998048,3.0450,2.2750,-3.6575,-0.0540,0.2339,0.9934,0.20,-0.14,0.38,128802,134389,124899
38018552,6.9650,2.0825,0.0350,-0.0565,0.2408,0.9964,0.20,-0.14,0.38,128798,134413,124897
38038084,6.9475,1.9950,3.2550,-0.0571,0.2472,0.9994,0.20,-0.14,0.38,128785,134428,124926
38058592,7.5425,1.6100,6.3175,-0.0566,0.2533,1.0038,0.21,-0.14,0.37,128777,134468,124929
38078124,8.5750,1.3825,9.4325,-0.0565,0.2608,1.0096,0.21,-0.14,0.37,128758,134513,124932
38098632,6.9125,1.0325,14.8050,-0.0578,0.2704,1.0141,0.21,-0.14,0.37,128755,134577,124953
38118164,2.3800,0.9975,18.1650,-0.0600,0.2838,1.0160,0.22,-0.14,0.37,128748,134614,124956
38138672,3.2725,0.7700,21.3325,-0.0625,0.2890,1.0177,0.22,-0.14,0.37,128746,134685,124965
38158204,9.6600,0.4200,24.2725,-0.0641,0.2933,1.0205,0.23,-0.14,0.37,128749,134773,124982
38178712,16.2750,0.2800,26.9500,-0.0639,0.2969,1.0253,0.23,-0.14,0.37,128728,134891,124989
38198240,18.6025,0.0875,29.7850,-0.0639,0.3027,1.0297,0.24,-0.14,0.37,128721,135000,125016
38218752,6.1600,-0.6475,33.5650,-0.0647,0.3138,1.0304,0.25,-0.14,0.37,128726,135089,125037
38238280,0.0525,-1.3825,35.9975,-0.0680,0.3193,1.0297,0.25,-0.14,0.37,128737,135179,125055
38257812,2.9050,-2.2400,38.9025,-0.0722,0.3201,1.0282,0.26,-0.14,0.37,128742,135285,125061
38278320,9.4850,-2.6775,41.2825,-0.0747,0.3142,1.0248,0.27,-0.14,0.37,128737,135430,125077
38297852,19.0050,-3.0275,42.8925,-0.0741,0.3018,1.0220,0.28,-0.14,0.36,128742,135609,125116
38318360,26.4950,-3.7625,44.0300,-0.0734,0.2877,1.0174,0.29,-0.14,0.36,128767,135783,125156
38337888,21.2450,-3.9550,45.3600,-0.0737,0.2745,1.0033,0.30,-0.14,0.36,128778,135951,125199
38358400,23.4850,-4.1650,46.4275,-0.0725,0.2466,0.9965,0.31,-0.14,0.35,128795,136145,125260
38377928,31.2725,-3.9025,46.6025,-0.0675,0.2201,0.9932,0.32,-0.14,0.35,128798,136364,125328
38408204,41.7025,-3.6925,46.2700,-0.0620,0.1784,0.9895,0.34,-0.14,0.34,128834,136702,125471
38428712,40.2850,-2.8875,46.0075,-0.0628,0.1535,0.9869,0.36,-0.14,0.34,128845,136926,125544
38448240,33.2850,-0.8400,45.5175,-0.0639,0.1274,0.9859,0.37,-0.14,0.33,128857,137131,125630
38468752,28.4550,0.7700,44.6775,-0.0622,0.0825,0.9899,0.38,-0.13,0.33,128886,137338,125715
38488280,25.5325,2.0300,43.0850,-0.0604,0.0466,0.9955,0.39,-0.13,0.32,128916,137504,125797
38507812,21.5075,3.6050,40.5475,-0.0570,0.0084,1.0037,0.40,-0.13,0.32,128933,137668,125887
38528320,16.2575,4.6025,37.7125,-0.0544,-0.0290,1.0119,0.41,-0.13,0.31,128946,137841,125942
38547852,7.0700,5.3200,34.3350,-0.0528,-0.0632,1.0194,0.42,-0.13,0.31,128960,137945,125985
38568360,-2.3975,5.9675,28.5425,-0.0488,-0.1135,1.0307,0.42,-0.13,0.31,128984,138015,126016
38587888,-4.3750,6.1250,24.2900,-0.0470,-0.1443,1.0391,0.43,-0.13,0.31,129004,138076,126040
38608400,-3.7275,5.3725,19.7750,-0.0468,-0.1703,1.0482,0.43,-0.13,0.31,129017,138141,126051
38627928,-1.8725,4.1650,15.4000,-0.0482,-0.1900,1.0580,0.43,-0.13,0.31,129019,138180,126068
38648436,-0.5600,2.9225,11.1825,-0.0493,-0.2020,1.0675,0.44,-0.13,0.31,129023,138205,126064
38667968,-4.6900,2.2750,6.7550,-0.0495,-0.2070,1.0730,0.43,-0.12,0.31,129024,138186,126052
38688476,-15.6625,2.2925,-0.3675,-0.0514,-0.2096,1.0768,0.43,-0.12,0.31,129037,138126,126040
38708008,-15.2075,1.9250,-4.8125,-0.0522,-0.2091,1.0784,0.43,-0.12,0.31,129028,138087,125989
38728516,-15.3650,1.8900,-9.3275,-0.0516,-0.2058,1.0781,0.42,-0.13,0.31,128997,138018,125947
38748048,-13.9825,1.5400,-13.5100,-0.0517,-0.2002,1.0777,0.42,-0.13,0.32,128980,137947,125899
38768552,-13.1425,0.8575,-17.4650,-0.0528,-0.1920,1.0764,0.41,-0.13,0.32,128973,137837,125882
38788084,-14.4550,0.1575,-21.2975,-0.0534,-0.1831,1.0731,0.41,-0.13,0.32,128945,137733,125841
38808592,-15.7500,-1.0850,-26.8625,-0.0527,-0.1724,1.0673,0.40,-0.13,0.32,128924,137607,125774
38828124,-15.0500,-1.6450,-30.3800,-0.0515,-0.1658,1.0636,0.39,-0.13,0.33,128892,137489,125726
38848632,-12.8625,-2.3450,-33.5125,-0.0506,-0.1584,1.0613,0.38,-0.13,0.33,128866,137366,125679
38868164,-11.6025,-2.9750,-36.1375,-0.0503,-0.1490,1.0605,0.38,-0.14,0.33,128844,137230,125638
38888672,-10.9725,-3.9375,-38.3600,-0.0500,-0.1394,1.0604,0.37,-0.14,0.33,128835,137074,125600
38908204,-14.0000,-5.0575,-41.5800,-0.0489,-0.1302,1.0607,0.36,-0.14,0.34,128812,136932,125549
38928712,-15.0150,-5.1800,-43.1375,-0.0449,-0.1180,1.0593,0.35,-0.14,0.34,128780,136779,125484
38948240,-14.7175,-5.0225,-44.3800,-0.0428,-0.1093,1.0588,0.34,-0.14,0.34,128764,136640,125440
38968752,-12.7050,-5.2675,-45.0275,-0.0423,-0.1005,1.0585,0.33,-0.14,0.35,128761,136474,125394
38988280,-13.6500,-5.3550,-45.5000,-0.0423,-0.0913,1.0568,0.32,-0.14,0.35,128758,136313,125337
39007812,-11.3750,-5.7225,-45.6225,-0.0431,-0.0839,1.0547,0.31,-0.14,0.35,128754,136177,125304
39028320,-7.8225,-5.5300,-45.4125,-0.0418,-0.0734,1.0485,0.30,-0.14,0.35,128740,136041,125261
39047852,-6.6675,-5.0225,-45.2725,-0.0388,-0.0653,1.0430,0.30,-0.14,0.36,128731,135906,125237
39068360,-8.2775,-3.8675,-44.7650,-0.0346,-0.0565,1.0377,0.29,-0.14,0.36,128739,135773,125209
39087888,-8.4525,-3.0100,-44.1350,-0.0322,-0.0472,1.0321,0.28,-0.14,0.36,128746,135632,125164
39108400,-10.6225,-2.0825,-43.1200,-0.0305,-0.0371,1.0268,0.27,-0.14,0.36,128737,135498,125152
39127928,-11.6725,-1.4875,-41.9825,-0.0289,-0.0271,1.0216,0.26,-0.14,0.36,128727,135367,125113
39148436,-11.4450,-1.5750,-40.0050,-0.0293,-0.0126,1.0158,0.25,-0.14,0.37,128730,135246,125071
39167968,-14.2100,-1.6625,-38.6400,-0.0301,-0.0018,1.0106,0.25,-0.14,0.37,128740,135121,125045
39188476,-18.0075,-0.9625,-37.4500,-0.0284,0.0084,1.0043,0.24,-0.14,0.37,128757,134972,125039
39208008,-20.2300,0.3850,-36.1200,-0.0244,0.0176,0.9970,0.23,-0.14,0.37,128753,134855,125005
39228516,-18.0250,1.6625,-34.5450,-0.0229,0.0264,0.9897,0.22,-0.14,0.37,128743,134737,124988
39248048,-12.0925,2.1350,-32.4800,-0.0250,0.0354,0.9842,0.22,-0.14,0.37,128730,134650,124972
39268552,-7.5425,2.4150,-29.3475,-0.0318,0.0528,0.9787,0.21,-0.14,0.37,128739,134559,124974
39288084,-2.5375,2.0475,-27.0550,-0.0383,0.0653,0.9783,0.21,-0.14,0.37,128745,134483,124964
39308592,-0.7350,1.7150,-25.0075,-0.0431,0.0805,0.9772,0.20,-0.14,0.37,128744,134429,124967
39328124,-1.4350,1.9075,-23.0125,-0.0459,0.0981,0.9761,0.20,-0.14,0.37,128727,134380,124966
39348632,2.0300,2.1700,-20.6500,-0.0490,0.1157,0.9772,0.20,-0.14,0.37,128722,134349,124960
39368164,7.4200,2.0825,-16.8350,-0.0549,0.1338,0.9799,0.20,-0.14,0.37,128722,134320,124974
39388672,5.6000,1.9600,-14.5775,-0.0669,0.1629,0.9823,0.20,-0.14,0.37,128734,134282,124972
39418944,0.7875,2.6950,-11.2525,-0.0783,0.1914,0.9869,0.19,-0.14,0.37,128707,134256,124985
39439452,-0.1925,3.0975,-8.8550,-0.0845,0.2079,0.9910,0.19,-0.14,0.37,128709,134223,124987
39458984,-2.3450,3.5525,-6.9300,-0.0886,0.2218,0.9945,0.19,-0.15,0.37,128687,134210,125006
39479492,-0.5075,4.2700,-4.0075,-0.0939,0.2368,1.0011,0.19,-0.15,0.37,128663,134213,125013
39499024,-1.1725,4.4275,-1.9075,-0.0969,0.2445,1.0031,0.19,-0.15,0.37,128650,134200,125014
39519532,-5.0575,4.5850,0.2975,-0.0992,0.2518,1.0028,0.19,-0.15,0.37,128647,134193,125041
39539064,-6.3525,4.4975,2.7300,-0.0998,0.2582,1.0036,0.19,-0.15,0.37,128638,134194,125040
39559568,-1.4700,3.5525,5.4425,-0.0993,0.2623,1.0055,0.19,-0.15,0.37,128620,134210,125061
39579100,2.0125,2.7475,7.9100,-0.0981,0.2658,1.0069,0.19,-0.15,0.37,128596,134241,125051
39599608,6.3700,1.6100,11.6025,-0.0981,0.2716,1.0089,0.20,-0.15,0.37,128582,134289,125067
39619140,9.2400,0.5950,14.4200,-0.1004,0.2777,1.0111,0.20,-0.15,0.37,128588,134346,125078
39639648,9.3800,-0.2450,17.3600,-0.1028,0.2856,1.0137,0.20,-0.15,0.36,128580,134406,125098
39659180,7.5250,-0.8225,19.8625,-0.1058,0.2952,1.0170,0.21,-0.15,0.36,128569,134476,125119
39679688,7.6300,-1.5575,22.3825,-0.1111,0.3050,1.0216,0.21,-0.15,0.36,128552,134570,125100
39699216,14.6825,-3.6400,26.5825,-0.1187,0.3127,1.0289,0.22,-0.15,0.36,128557,134679,125129
39719728,18.9175,-4.3225,28.8225,-0.1266,0.3255,1.0386,0.23,-0.15,0.36,128569,134796,125147
39739256,19.4950,-5.5650,31.9200,-0.1322,0.3337,1.0443,0.24,-0.15,0.36,128584,134923,125171
39758788,18.2700,-6.4225,35.4025,-0.1388,0.3451,1.0476,0.24,-0.15,0.36,128585,135064,125179
39779296,15.0675,-6.8950,39.5500,-0.1457,0.3562,1.0460,0.25,-0.15,0.36,128585,135214,125206
39798828,12.9325,-6.4050,43.3300,-0.1485,0.3584,1.0436,0.26,-0.15,0.36,128598,135375,125222
39819336,21.1225,-6.1600,47.3900,-0.1476,0.3431,1.0413,0.27,-0.15,0.35,128621,135553,125278
39838868,17.9900,-5.6700,49.2450,-0.1468,0.3287,1.0352,0.28,-0.15,0.35,128646,135711,125324
39859376,10.6400,-5.0750,51.2400,-0.1452,0.3084,1.0271,0.29,-0.15,0.35,128671,135893,125359
39878904,6.7550,-4.6900,52.5350,-0.1388,0.2778,1.0166,0.30,-0.15,0.35,128685,136066,125392
39899416,7.7700,-3.5525,52.5175,-0.1270,0.2377,1.0059,0.32,-0.14,0.34,128707,136260,125461
39918944,17.0275,-2.2750,52.0800,-0.1153,0.1891,0.9982,0.33,-0.14,0.34,128732,136466,125540
39939452,27.9650,0.0700,49.3150,-0.0930,0.1007,0.9871,0.34,-0.14,0.33,128756,136669,125620
39958984,22.3825,2.1350,45.6925,-0.0766,0.0381,0.9800,0.35,-0.14,0.33,128768,136863,125700
39979492,21.7525,3.2375,41.6850,-0.0639,-0.0220,0.9782,0.36,-0.14,0.32,128774,137045,125784
39999024,26.8625,4.3225,37.8875,-0.0506,-0.0798,0.9842,0.38,-0.14,0.32,128778,137232,125875
40019532,29.2250,4.5850,33.9325,-0.0393,-0.1337,0.9926,0.39,-0.14,0.31,128810,137385,125963
40039064,21.0175,5.1450,29.2075,-0.0305,-0.1810,1.0014,0.39,-0.14,0.31,128829,137475,126012
40059568,-3.7450,5.6175,20.9825,-0.0165,-0.2334,1.0126,0.39,-0.14,0.31,128829,137530,126029
40079100,-8.5400,5.0925,16.7300,-0.0109,-0.2567,1.0244,0.40,-0.14,0.31,128828,137556,126021
40099608,-12.1800,4.9350,12.7225,-0.0077,-0.2679,1.0348,0.40,-0.14,0.31,128837,137567,126014
40119140,-12.0400,4.7075,9.2750,-0.0104,-0.2685,1.0491,0.40,-0.14,0.31,128840,137563,125985
40139648,-4.9700,3.7975,6.7200,-0.0179,-0.2608,1.0666,0.40,-0.14,0.31,128860,137551,126001
40159180,-10.7800,2.9050,2.2050,-0.0211,-0.2430,1.0791,0.39,-0.14,0.31,128860,137507,125973
40179688,-30.8350,2.2925,-0.9275,-0.0143,-0.2130,1.0885,0.39,-0.14,0.31,128853,137425,125914
40199216,-34.7375,1.5575,-4.3225,-0.0041,-0.1998,1.0912,0.38,-0.14,0.32,128856,137331,125849
40219728,-30.8700,0.4550,-7.8225,0.0059,-0.1925,1.0926,0.38,-0.14,0.32,128858,137232,125802
40239256,-21.5775,-1.4700,-11.2700,0.0121,-0.1867,1.0946,0.37,-0.13,0.32,128869,137143,125760
40258788,-12.4250,-3.9725,-14.2800,0.0148,-0.1791,1.0970,0.37,-0.13,0.33,128869,137069,125711
40279296,-13.7900,-7.0700,-18.2875,0.0163,-0.1609,1.0945,0.36,-0.14,0.33,128860,136975,125647
40298828,-21.7175,-7.9800,-20.8075,0.0168,-0.1508,1.0885,0.35,-0.13,0.34,128866,136846,125576
40319336,-26.5125,-8.4875,-23.4675,0.0173,-0.1471,1.0826,0.34,-0.13,0.34,128882,136709,125521
40338868,-25.3925,-8.8375,-26.2850,0.0178,-0.1480,1.0782,0.33,-0.13,0.34,128897,136551,125470
40359376,-16.8700,-9.1350,-28.8575,0.0154,-0.1501,1.0773,0.33,-0.13,0.35,128903,136441,125404
40378904,-3.4475,-10.1500,-30.3975,0.0085,-0.1501,1.0787,0.32,-0.13,0.35,128900,136348,125364
40399416,-7.0875,-10.8850,-31.8850,-0.0024,-0.1391,1.0702,0.31,-0.13,0.35,128915,136222,125321
40429688,-24.4475,-9.6250,-33.6875,-0.0026,-0.1292,1.0510,0.30,-0.13,0.36,128938,135980,125208
40449216,-26.7750,-7.8575,-35.0700,-0.0001,-0.1290,1.0388,0.29,-0.13,0.36,128941,135836,125137
40469728,-16.7475,-6.6850,-35.5775,0.0006,-0.1316,1.0293,0.28,-0.13,0.36,128954,135703,125095
40489256,-11.1125,-5.4250,-35.7350,0.0007,-0.1298,1.0186,0.27,-0.13,0.37,128967,135565,125065
40508788,-12.9850,-3.5175,-35.4725,0.0006,-0.1237,1.0074,0.27,-0.13,0.37,128976,135438,125017
40529296,-14.8925,-2.3450,-34.8250,0.0004,-0.1114,0.9949,0.26,-0.13,0.37,128964,135323,124970
40548828,-6.3350,-1.5750,-33.5475,-0.0040,-0.1049,0.9902,0.25,-0.13,0.37,128969,135215,124950
40569336,3.5350,-1.0500,-32.7250,-0.0090,-0.0981,0.9875,0.25,-0.13,0.37,128975,135139,124935
40588868,6.6850,-0.5425,-32.0775,-0.0129,-0.0888,0.9847,0.24,-0.13,0.38,128984,135061,124928
40609376,-2.4850,0.3325,-31.8150,-0.0154,-0.0756,0.9794,0.24,-0.13,0.38,128984,134945,124895
40628904,-16.9925,2.1875,-31.1325,-0.0198,-0.0540,0.9734,0.23,-0.13,0.38,128970,134850,124858
40649416,-13.3875,2.9400,-30.1175,-0.0235,-0.0432,0.9728,0.22,-0.13,0.38,128960,134736,124846
40668944,-9.5375,3.5350,-29.0675,-0.0262,-0.0339,0.9711,0.22,-0.13,0.38,128960,134644,124839
40689452,-6.9300,3.6225,-27.8950,-0.0285,-0.0239,0.9690,0.21,-0.13,0.38,128966,134549,124841
40708984,-7.5425,3.7800,-26.5650,-0.0303,-0.0110,0.9675,0.21,-0.13,0.38,128961,134467,124829
40729492,-8.2075,3.9550,-24.8850,-0.0337,0.0018,0.9679,0.20,-0.13,0.38,128937,134399,124813
40749024,-5.0400,3.8675,-22.4875,-0.0395,0.0171,0.9714,0.20,-0.13,0.38,128931,134348,124805
40769532,-3.2025,3.7100,-21.2275,-0.0423,0.0245,0.9733,0.20,-0.13,0.38,128921,134281,124820
40789064,-1.6975,3.3600,-20.0550,-0.0420,0.0312,0.9740,0.19,-0.13,0.38,128929,134229,124812
40809568,-3.0275,3.1850,-19.0050,-0.0404,0.0397,0.9730,0.19,-0.13,0.38,128914,134178,124830
40829100,-0.2975,2.8875,-17.6750,-0.0388,0.0493,0.9736,0.19,-0.13,0.38,128894,134150,124814
40849608,11.5150,2.5725,-15.4175,-0.0381,0.0626,0.9793,0.19,-0.13,0.38,128890,134146,124838
40869140,13.5800,2.5550,-14.1225,-0.0395,0.0722,0.9836,0.19,-0.13,0.38,128890,134137,124857
40889648,11.2175,2.4325,-12.8100,-0.0439,0.0825,0.9895,0.19,-0.13,0.38,128886,134122,124861
40909180,8.6100,2.1000,-11.3925,-0.0489,0.0927,0.9976,0.19,-0.13,0.38,128877,134113,124863
40929688,5.6875,1.9600,-10.0100,-0.0531,0.1033,1.0059,0.19,-0.13,0.38,128861,134111,124855
40949216,2.9400,1.9425,-8.6625,-0.0569,0.1137,1.0142,0.18,-0.14,0.38,128853,134093,124868
40969728,0.0350,1.8550,-6.5975,-0.0621,0.1259,1.0253,0.18,-0.14,0.38,128844,134072,124872
40989256,-1.3475,1.9075,-5.5825,-0.0649,0.1318,1.0309,0.18,-0.14,0.38,128846,134056,124882
41008788,-0.7525,1.9775,-4.3750,-0.0676,0.1368,1.0357,0.18,-0.14,0.38,128836,134050,124872
41029296,-0.0875,2.1875,-3.0100,-0.0705,0.1423,1.0394,0.18,-0.14,0.38,128817,134048,124880
41048828,1.0850,2.0825,-1.4525,-0.0744,0.1477,1.0415,0.18,-0.14,0.38,128807,134053,124876
41069336,-1.0675,1.9075,0.1050,-0.0780,0.1556,1.0418,0.18,-0.14,0.38,128804,134046,124885
41088868,-1.8200,1.3300,2.8525,-0.0820,0.1692,1.0421,0.18,-0.14,0.38,128807,134051,124892
41109376,1.9950,0.7000,4.9350,-0.0838,0.1789,1.0430,0.18,-0.14,0.38,128794,134067,124910
41128904,4.2875,-0.0175,7.0875,-0.0855,0.1904,1.0421,0.19,-0.14,0.38,128781,134107,124894
41149416,5.0050,-0.4725,9.3275,-0.0875,0.2034,1.0397,0.19,-0.14,0.38,128773,134147,124904
41168944,6.6150,-0.9975,11.6900,-0.0887,0.2159,1.0368,0.19,-0.14,0.38,128774,134197,124909
41189452,8.6800,-1.5575,13.9475,-0.0897,0.2288,1.0338,0.19,-0.14,0.38,128774,134248,124920
41208984,11.9875,-2.0475,17.5175,-0.0936,0.2506,1.0297,0.20,-0.14,0.37,128776,134333,124944
41229492,13.2825,-1.8200,20.2825,-0.0956,0.2666,1.0286,0.20,-0.14,0.37,128756,134419,124946
41249024,13.7025,-1.5575,22.7150,-0.0974,0.2839,1.0302,0.21,-0.14,0.37,128737,134526,124952
41269532,13.3175,-1.4525,24.9025,-0.1033,0.3027,1.0349,0.22,-0.14,0.37,128740,134614,124980
41289064,15.7500,-1.9600,27.9650,-0.1139,0.3193,1.0416,0.22,-0.14,0.37,128733,134727,125003
41309568,20.6500,-3.3950,32.6375,-0.1271,0.3322,1.0516,0.23,-0.14,0.37,128727,134875,125031
41329100,20.3000,-4.6725,34.6500,-0.1330,0.3328,1.0574,0.24,-0.14,0.37,128715,135015,125061
41349608,18.0075,-6.4225,36.8375,-0.1386,0.3285,1.0590,0.25,-0.14,0.37,128727,135183,125078
41369140,16.6950,-8.1375,39.3050,-0.1426,0.3212,1.0565,0.26,-0.14,0.36,128745,135317,125116
41389648,22.1025,-9.6600,42.9100,-0.1442,0.3062,1.0504,0.27,-0.14,0.36,128769,135509,125177
41409180,26.3375,-9.8700,45.7800,-0.1390,0.2806,1.0385,0.28,-0.14,0.36,128791,135709,125235
41439452,24.6925,-6.7725,47.8800,-0.1097,0.1947,1.0065,0.30,-0.14,0.35,128817,136009,125311
41458984,24.2725,-4.4275,46.8825,-0.0855,0.1318,0.9939,0.31,-0.14,0.35,128835,136196,125399
41479492,25.4625,-2.3450,45.0975,-0.0599,0.0627,0.9841,0.32,-0.14,0.34,128835,136395,125448
41499024,17.9550,0.0875,42.5075,-0.0367,0.0000,0.9744,0.33,-0.14,0.34,128839,136557,125520
41519532,11.5850,2.0650,40.5125,-0.0196,-0.0577,0.9686,0.34,-0.14,0.34,128859,136711,125581
41539064,15.3650,3.2025,37.2225,-0.0062,-0.1143,0.9701,0.35,-0.13,0.33,128867,136846,125644
41559568,21.0000,5.2850,34.0025,0.0078,-0.1956,0.9811,0.36,-0.13,0.33,128877,136990,125713
41579100,13.5975,7.1575,29.7500,0.0124,-0.2330,0.9892,0.37,-0.13,0.32,128881,137096,125748
41599608,2.9750,8.6275,26.3200,0.0121,-0.2513,0.9971,0.37,-0.13,0.32,128879,137170,125761
41619140,-6.7900,10.0100,23.1875,0.0055,-0.2564,1.0052,0.37,-0.13,0.32,128886,137206,125789
41639648,-5.8100,10.2200,20.2125,-0.0049,-0.2564,1.0155,0.38,-0.13,0.32,128901,137234,125820
41659180,-1.0850,10.1325,15.2425,-0.0162,-0.2447,1.0333,0.38,-0.13,0.32,128898,137271,125821
41679688,-6.0200,10.3950,12.1100,-0.0193,-0.2289,1.0431,0.38,-0.13,0.32,128883,137276,125838
41699216,-11.0600,9.8000,9.0300,-0.0178,-0.2106,1.0497,0.38,-0.13,0.32,128886,137293,125831
41719728,-15.3825,8.8725,5.8625,-0.0124,-0.1945,1.0541,0.38,-0.13,0.32,128884,137246,125823
41739256,-13.8250,7.4025,2.4675,-0.0050,-0.1841,1.0582,0.37,-0.13,0.32,128896,137214,125820
41758788,-8.5925,5.2325,-1.2775,0.0024,-0.1782,1.0609,0.37,-0.13,0.32,128888,137178,125808
41779296,-7.4550,2.4675,-7.2800,0.0132,-0.1718,1.0646,0.37,-0.13,0.32,128872,137131,125786
41798828,-4.3400,0.4550,-10.9550,0.0170,-0.1664,1.0680,0.37,-0.13,0.32,128863,137083,125750
41819336,-8.7500,-1.0500,-14.0700,0.0184,-0.1581,1.0692,0.36,-0.13,0.33,128864,137013,125732
41838868,-15.9250,-2.3450,-17.2200,0.0182,-0.1513,1.0691,0.36,-0.13,0.33,128866,136909,125684
41859376,-17.3775,-3.8675,-20.5625,0.0171,-0.1509,1.0693,0.35,-0.13,0.33,128871,136804,125649
41878904,-10.0975,-5.3725,-23.6600,0.0157,-0.1559,1.0712,0.35,-0.14,0.33,128860,136731,125604
41899416,-2.7300,-7.3500,-27.6325,0.0146,-0.1618,1.0726,0.34,-0.14,0.34,128854,136641,125566
41918944,-1.9600,-8.4875,-29.8375,0.0129,-0.1631,1.0747,0.33,-0.13,0.34,128864,136541,125525
41939452,-2.7650,-9.7650,-31.3775,0.0100,-0.1625,1.0773,0.33,-0.13,0.34,128883,136424,125486
41958984,-5.5650,-10.8150,-32.7075,0.0089,-0.1603,1.0785,0.32,-0.13,0.34,128901,136304,125442
41979492,-12.4950,-11.3925,-34.1250,0.0115,-0.1565,1.0767,0.31,-0.13,0.35,128901,136156,125363
41999024,-21.2450,-11.0775,-35.6825,0.0173,-0.1527,1.0724,0.30,-0.13,0.35,128914,136004,125294
42019532,-22.2075,-9.9050,-37.3625,0.0224,-0.1484,1.0655,0.29,-0.13,0.36,128940,135843,125229
42039064,-8.8725,-9.8875,-37.5550,0.0204,-0.1441,1.0626,0.28,-0.13,0.36,128962,135721,125186
42059568,6.4225,-9.9750,-37.2575,0.0144,-0.1354,1.0604,0.28,-0.13,0.36,128995,135654,125151
42079100,12.7225,-9.7125,-36.9075,0.0073,-0.1222,1.0562,0.27,-0.13,0.36,129008,135562,125120
42099608,-6.7375,-8.4350,-37.1350,0.0012,-0.1015,1.0449,0.27,-0.12,0.37,129024,135420,125059
42119140,-31.0975,-7.4375,-36.8375,-0.0068,-0.0695,1.0305,0.25,-0.12,0.37,129043,135248,125016
42139648,-24.7100,-6.5625,-35.6125,-0.0140,-0.0516,1.0282,0.25,-0.12,0.37,129073,135100,124976
42159180,-6.9825,-6.0900,-33.8450,-0.0211,-0.0400,1.0258,0.24,-0.12,0.37,129092,135018,124943
42179688,1.1200,-5.1275,-32.9700,-0.0246,-0.0285,1.0193,0.24,-0.12,0.37,129103,134942,124938
42199216,-6.9650,-3.8150,-32.7600,-0.0256,-0.0132,1.0086,0.23,-0.12,0.38,129112,134824,124900
42219728,-19.4075,-2.6425,-32.3050,-0.0275,0.0033,0.9975,0.22,-0.12,0.38,129125,134715,124866
42239256,-14.9975,-1.6275,-30.2400,-0.0322,0.0278,0.9908,0.22,-0.12,0.38,129146,134598,124863
42258788,-3.9025,-1.4875,-28.1750,-0.0348,0.0418,0.9873,0.21,-0.12,0.38,129150,134539,124846
42279296,2.1875,-1.0675,-26.4425,-0.0349,0.0542,0.9823,0.21,-0.12,0.38,129149,134493,124826
42298828,2.4500,-0.4025,-25.0425,-0.0329,0.0651,0.9759,0.21,-0.12,0.38,129149,134449,124821
42319336,0.2800,0.5075,-23.9400,-0.0318,0.0769,0.9701,0.20,-0.12,0.38,129153,134394,124823
42338868,-5.0925,1.6975,-22.7500,-0.0305,0.0892,0.9662,0.20,-0.12,0.38,129151,134324,124826
42359376,-8.7325,2.9225,-20.6500,-0.0296,0.1074,0.9634,0.19,-0.12,0.38,129140,134258,124824
42378904,-5.8275,3.4825,-18.7250,-0.0305,0.1182,0.9643,0.19,-0.12,0.38,129133,134214,124827
42399416,0.6300,3.9375,-16.5900,-0.0322,0.1272,0.9667,0.19,-0.12,0.38,129117,134197,124844
42418944,6.9650,3.8850,-14.3850,-0.0349,0.1353,0.9692,0.19,-0.12,0.38,129106,134178,124853
42449216,4.3225,4.4975,-11.4975,-0.0394,0.1499,0.9716,0.19,-0.12,0.38,129085,134151,124867
42469728,-4.8300,5.4250,-8.7325,-0.0422,0.1664,0.9759,0.19,-0.12,0.38,129072,134113,124873
42489256,-4.2000,5.6700,-6.6675,-0.0442,0.1769,0.9825,0.18,-0.12,0.38,129064,134101,124891
42508788,0.5775,5.8625,-4.4450,-0.0472,0.1874,0.9906,0.18,-0.12,0.38,129049,134083,124889
42529296,2.3800,5.9150,-2.1875,-0.0512,0.1978,0.9974,0.18,-0.13,0.38,129023,134095,124896
42548828,-2.1700,5.8625,-0.1750,-0.0556,0.2084,1.0008,0.18,-0.13,0.38,128992,134072,124895
42569336,-9.1525,6.0550,1.7150,-0.0588,0.2176,1.0027,0.18,-0.13,0.38,128976,134073,124920
42588868,-6.1075,5.5475,4.7425,-0.0587,0.2270,1.0091,0.18,-0.13,0.37,128962,134062,124934
42609376,1.9425,4.6200,7.0350,-0.0586,0.2335,1.0148,0.18,-0.13,0.37,128949,134102,124945
42628904,9.6950,3.4825,9.8350,-0.0621,0.2433,1.0209,0.19,-0.13,0.37,128931,134136,124963
42649416,9.3800,2.1700,12.8800,-0.0665,0.2563,1.0224,0.19,-0.13,0.37,128906,134186,124952
42668944,0.9450,1.4000,15.7325,-0.0706,0.2710,1.0199,0.19,-0.13,0.37,128901,134222,124970
42689452,0.4375,0.6300,20.2300,-0.0777,0.2854,1.0192,0.19,-0.13,0.37,128894,134262,124972
42708984,5.9675,0.4900,22.7675,-0.0797,0.2901,1.0216,0.20,-0.13,0.37,128890,134333,124993
42729492,11.5850,-0.2800,24.7450,-0.0797,0.2933,1.0250,0.20,-0.13,0.37,128862,134426,124991
42749024,16.2400,-1.1550,27.0375,-0.0806,0.2979,1.0297,0.21,-0.14,0.37,128847,134543,125010
42769532,14.8050,-1.5400,29.1900,-0.0805,0.3040,1.0319,0.22,-0.14,0.37,128842,134641,125025
42789064,11.8300,-1.8900,31.0625,-0.0786,0.3074,1.0330,0.22,-0.14,0.37,128845,134737,125042
42809568,15.6450,-2.4675,33.7575,-0.0693,0.3056,1.0401,0.23,-0.14,0.37,128844,134866,125063
42829100,20.1425,-3.3950,35.1925,-0.0622,0.2994,1.0455,0.24,-0.14,0.37,128830,134996,125081
42849608,22.2775,-4.5150,36.6975,-0.0597,0.2933,1.0503,0.25,-0.14,0.36,128822,135162,125108
42869140,24.6925,-6.0550,39.0775,-0.0597,0.2843,1.0527,0.26,-0.14,0.36,128826,135323,125124
42889648,21.1400,-6.5625,40.7225,-0.0561,0.2706,1.0530,0.27,-0.14,0.36,128845,135474,125173
42909180,20.8075,-7.1925,41.9300,-0.0532,0.2497,1.0536,0.28,-0.13,0.36,128864,135625,125207
42929688,27.8600,-7.8225,43.5575,-0.0526,0.2137,1.0526,0.29,-0.13,0.36,128866,135817,125232
42949216,29.6625,-7.1225,44.9400,-0.0545,0.1914,1.0499,0.30,-0.13,0.35,128880,136013,125303
42969728,29.5400,-6.1250,46.3925,-0.0569,0.1690,1.0477,0.31,-0.13,0.35,128920,136203,125367
42989256,28.0000,-5.2325,47.4250,-0.0603,0.1443,1.0464,0.32,-0.13,0.34,128943,136373,125420
43008788,22.5050,-4.3925,47.5650,-0.0662,0.1174,1.0443,0.33,-0.13,0.34,128976,136533,125489
43029296,13.9300,-3.2200,47.3550,-0.0748,0.0892,1.0404,0.34,-0.13,0.34,128999,136694,125530
43048828,-0.9975,-1.0500,45.7100,-0.0795,0.0417,1.0298,0.35,-0.13,0.34,129015,136829,125559
43069336,1.4700,-0.1925,43.5575,-0.0744,0.0017,1.0253,0.36,-0.12,0.33,129056,136962,125627
43088868,9.0825,0.3850,40.5475,-0.0665,-0.0410,1.0221,0.37,-0.12,0.33,129090,137088,125681
43109376,14.9800,0.7525,37.3800,-0.0581,-0.0822,1.0181,0.38,-0.12,0.33,129123,137227,125746
43128904,11.5500,1.0325,33.7575,-0.0500,-0.1208,1.0099,0.38,-0.12,0.32,129139,137350,125780
43149416,4.3575,1.8900,27.0550,-0.0356,-0.1781,0.9987,0.39,-0.12,0.32,129163,137448,125806
43168944,6.4050,2.6775,22.4525,-0.0262,-0.2122,0.9953,0.39,-0.12,0.32,129175,137517,125851
43189452,9.8175,3.2725,18.1650,-0.0193,-0.2369,0.9948,0.40,-0.11,0.32,129204,137570,125896
43208984,7.3850,4.4975,14.0175,-0.0118,-0.2481,0.9975,0.40,-0.11,0.31,129208,137607,125923
43229492,0.2100,5.8800,10.0975,-0.0061,-0.2479,1.0043,0.40,-0.11,0.31,129196,137626,125921
43249024,-3.9025,6.5800,6.6325,-0.0027,-0.2399,1.0167,0.40,-0.11,0.31,129192,137626,125913
43269532,-7.6125,5.7925,1.5575,0.0005,-0.2252,1.0365,0.40,-0.11,0.32,129188,137605,125899
43289064,-15.2250,4.6900,-2.7300,0.0049,-0.2189,1.0443,0.39,-0.11,0.32,129190,137537,125882
43309568,-21.2800,3.7275,-7.6475,0.0113,-0.2152,1.0492,0.39,-0.12,0.32,129181,137469,125843
43329100,-17.5175,2.2400,-12.0925,0.0171,-0.2119,1.0547,0.39,-0.12,0.32,129160,137410,125806
43349608,-11.1825,0.4550,-15.7150,0.0209,-0.2080,1.0597,0.38,-0.12,0.32,129140,137335,125758
43369140,-12.3200,-1.2075,-19.3550,0.0243,-0.2036,1.0616,0.38,-0.12,0.33,129138,137226,125714
43389648,-19.8100,-3.0975,-25.1825,0.0289,-0.1980,1.0610,0.37,-0.12,0.33,129131,137090,125657
43409180,-12.3550,-4.2525,-28.0175,0.0281,-0.1934,1.0645,0.36,-0.12,0.33,129130,136984,125624
43429688,3.4650,-5.8625,-29.8725,0.0235,-0.1887,1.0690,0.36,-0.12,0.33,129115,136915,125585
43459960,-8.0675,-6.0200,-34.0550,0.0222,-0.1759,1.0623,0.34,-0.12,0.34,129102,136698,125520
43480468,-23.1000,-4.9175,-38.5525,0.0248,-0.1652,1.0548,0.33,-0.12,0.34,129091,136550,125430
43500000,-10.0975,-5.2675,-39.6200,0.0237,-0.1585,1.0564,0.33,-0.12,0.35,129074,136435,125380
43520508,-1.8725,-5.3200,-39.9875,0.0231,-0.1470,1.0552,0.32,-0.12,0.35,129080,136300,125357
43540040,-6.3350,-4.8125,-40.6525,0.0244,-0.1342,1.0497,0.31,-0.12,0.35,129081,136153,125312
43560544,-20.0550,-3.6050,-41.7200,0.0283,-0.1246,1.0399,0.30,-0.12,0.36,129066,135972,125237
43580080,-30.6250,-1.8900,-43.1725,0.0343,-0.1186,1.0299,0.29,-0.12,0.36,129047,135809,125167
43600584,-17.1500,-0.0700,-43.1900,0.0327,-0.1093,1.0259,0.28,-0.12,0.36,129033,135671,125113
43620116,6.0550,-0.5600,-41.1075,0.0217,-0.1009,1.0303,0.28,-0.12,0.36,129037,135581,125111
43640624,14.9450,-1.6275,-39.2700,0.0099,-0.0882,1.0297,0.27,-0.12,0.36,129047,135504,125105
43660156,0.3850,-1.5050,-38.8500,0.0054,-0.0715,1.0210,0.26,-0.12,0.37,129046,135382,125078
43680664,-25.2700,0.5775,-39.1125,0.0057,-0.0534,1.0097,0.25,-0.12,0.37,129026,135207,125031
43700196,-33.7400,1.9600,-38.5350,0.0041,-0.0394,1.0017,0.24,-0.13,0.37,129018,135055,124985
43720704,-20.1250,2.8350,-36.3825,0.0004,-0.0242,0.9980,0.24,-0.13,0.37,129019,134923,124950
43740232,-10.0100,2.8700,-35.0525,-0.0028,-0.0142,0.9937,0.23,-0.13,0.37,129016,134815,124945
43760744,-2.6075,2.7650,-33.7050,-0.0052,-0.0026,0.9902,0.22,-0.13,0.37,129017,134736,124953
43780272,2.0825,2.6250,-31.7100,-0.0092,0.0142,0.9875,0.22,-0.13,0.37,128998,134664,124945
43799804,0.8050,2.5375,-29.1550,-0.0168,0.0344,0.9866,0.22,-0.13,0.37,128990,134609,124929
43820312,-1.4525,1.7850,-26.4775,-0.0251,0.0544,0.9882,0.21,-0.13,0.38,129002,134537,124924
43839844,-11.2525,0.9800,-23.8000,-0.0290,0.0788,0.9891,0.21,-0.13,0.38,129005,134446,124911
43860352,-15.1725,1.0850,-22.4700,-0.0261,0.0910,0.9862,0.20,-0.13,0.38,129006,134354,124891
43879880,-13.5275,1.6450,-21.0700,-0.0226,0.1027,0.9821,0.20,-0.13,0.38,128996,134284,124891
43900392,-5.0575,2.1175,-19.3375,-0.0239,0.1166,0.9795,0.19,-0.13,0.38,128985,134249,124874
43919920,6.2650,1.8375,-16.5550,-0.0309,0.1309,0.9795,0.19,-0.13,0.38,128990,134217,124890
43940428,7.6825,1.7325,-13.2300,-0.0393,0.1551,0.9789,0.19,-0.13,0.38,128989,134211,124909
43959960,5.3550,1.9250,-11.1475,-0.0511,0.1695,0.9804,0.19,-0.13,0.38,128981,134186,124910
43980468,4.3575,2.0825,-9.2225,-0.0610,0.1846,0.9848,0.19,-0.13,0.38,128965,134185,124914
44000000,5.0925,2.1175,-6.7550,-0.0738,0.2006,0.9919,0.19,-0.13,0.38,128957,134190,124910
44020508,5.7925,2.0475,-4.2700,-0.0854,0.2152,1.0020,0.19,-0.13,0.37,128951,134193,124937
44040040,2.9400,1.8200,-2.3275,-0.0935,0.2270,1.0116,0.19,-0.13,0.37,128953,134169,124943
44060544,-10.1150,1.8200,-0.4725,-0.0993,0.2381,1.0196,0.19,-0.13,0.37,128946,134142,124944
44080080,-13.4050,1.9600,0.8925,-0.0997,0.2403,1.0228,0.19,-0.13,0.37,128934,134121,124933
44100584,-9.3275,1.7500,2.5550,-0.0971,0.2401,1.0261,0.19,-0.13,0.37,128918,134112,124944
44120116,1.0675,0.8225,4.4275,-0.0927,0.2386,1.0307,0.19,-0.13,0.37,128921,134135,124951
44140624,9.6775,-0.1225,6.4750,-0.0886,0.2399,1.0355,0.19,-0.13,0.37,128929,134185,124945
44160156,12.9325,-1.2075,8.8725,-0.0866,0.2433,1.0398,0.19,-0.13,0.37,128920,134238,124967
44180664,7.6825,-2.8875,12.4950,-0.0843,0.2505,1.0415,0.20,-0.13,0.37,128913,134284,124959
44200196,4.7075,-3.5525,14.8750,-0.0838,0.2560,1.0424,0.20,-0.13,0.37,128922,134331,124957
44220704,11.2875,-4.3750,17.9375,-0.0850,0.2611,1.0451,0.20,-0.13,0.37,128932,134415,124964
44240232,18.3575,-5.2850,20.9475,-0.0854,0.2669,1.0470,0.21,-0.13,0.37,128952,134510,124980
44260744,21.0350,-5.7575,23.6775,-0.0856,0.2739,1.0470,0.22,-0.13,0.37,128966,134614,124982
44280272,23.5200,-6.2650,26.3200,-0.0871,0.2828,1.0453,0.22,-0.13,0.37,128971,134739,125003
44299804,19.8100,-5.6875,30.5025,-0.0917,0.3015,1.0352,0.23,-0.13,0.37,128982,134862,125017
44320312,20.6325,-5.5300,33.8275,-0.0924,0.3129,1.0280,0.24,-0.13,0.37,128996,134986,125037
44339844,26.0575,-5.3550,36.7850,-0.0902,0.3198,1.0233,0.25,-0.13,0.37,129020,135126,125059
44360352,29.2250,-5.1100,38.2900,-0.0872,0.3226,1.0183,0.26,-0.12,0.36,129032,135296,125102
44379880,29.1550,-4.8825,39.1125,-0.0838,0.3253,1.0125,0.27,-0.12,0.36,129040,135462,125147
44400392,29.1725,-3.9900,40.7225,-0.0811,0.3294,1.0019,0.28,-0.12,0.36,129035,135641,125168
44419920,35.8750,-4.0425,42.3500,-0.0749,0.3335,0.9971,0.29,-0.12,0.36,129051,135831,125239
44440428,38.9900,-3.5525,43.9075,-0.0689,0.3388,0.9928,0.30,-0.12,0.35,129071,136024,125317
44470704,34.3000,-2.0300,45.3425,-0.0594,0.3329,0.9892,0.32,-0.12,0.35,129074,136333,125418
44490232,36.8025,-1.9075,46.0600,-0.0527,0.3143,0.9916,0.33,-0.12,0.34,129090,136512,125516
44510744,20.1075,-1.1025,45.6225,-0.0460,0.2900,0.9862,0.34,-0.12,0.34,129107,136696,125582
44530272,19.0750,0.1050,45.6750,-0.0328,0.2430,0.9916,0.35,-0.12,0.33,129106,136883,125658
44549804,28.7525,0.9975,46.0425,-0.0264,0.1974,0.9993,0.37,-0.12,0.33,129111,137089,125747
44570312,22.6450,2.4500,44.5025,-0.0210,0.1464,1.0019,0.38,-0.12,0.32,129131,137258,125817
44589844,23.3625,3.7625,42.8050,-0.0174,0.0848,1.0115,0.39,-0.12,0.31,129157,137430,125918
44610352,22.9425,5.1800,41.1425,-0.0105,0.0149,1.0233,0.40,-0.12,0.31,129171,137569,126001
44629880,6.5100,8.1025,37.7825,-0.0016,-0.0478,1.0355,0.40,-0.12,0.31,129181,137659,126045
44650392,-14.4725,11.0075,32.0250,0.0153,-0.1188,1.0509,0.41,-0.12,0.31,129185,137723,126049
44669920,-23.1000,11.4800,27.4925,0.0227,-0.1592,1.0576,0.41,-0.11,0.31,129198,137745,126057
44690428,-24.6400,11.0425,22.1375,0.0264,-0.1942,1.0597,0.41,-0.11,0.31,129208,137750,126053
44709960,-12.7575,9.4675,17.1150,0.0249,-0.2181,1.0635,0.41,-0.11,0.31,129221,137762,126058
44730468,-0.4025,7.2625,13.3000,0.0184,-0.2248,1.0671,0.41,-0.11,0.31,129211,137804,126050
44750000,1.7850,3.1675,7.9450,0.0093,-0.2135,1.0738,0.41,-0.11,0.31,129222,137822,126055
44770508,-4.5325,0.5775,3.9200,-0.0002,-0.2011,1.0791,0.41,-0.11,0.31,129241,137805,126051
44790040,-16.3100,-1.1900,-0.2975,-0.0011,-0.1875,1.0817,0.41,-0.11,0.31,129256,137739,126005
44810544,-26.4425,-2.2925,-4.3225,0.0052,-0.1763,1.0817,0.40,-0.11,0.31,129261,137648,125952
44830080,-29.1550,-2.6075,-8.3475,0.0168,-0.1686,1.0820,0.40,-0.11,0.32,129260,137568,125893
44850584,-23.2225,-3.0100,-11.7425,0.0281,-0.1627,1.0836,0.39,-0.11,0.32,129248,137490,125821
44870116,-18.9525,-4.0950,-15.8200,0.0371,-0.1508,1.0834,0.39,-0.11,0.32,129251,137391,125758
44890624,-22.4000,-4.7425,-18.0425,0.0383,-0.1425,1.0813,0.38,-0.11,0.33,129256,137265,125699
44910156,-30.7825,-5.0050,-20.2475,0.0378,-0.1366,1.0757,0.37,-0.11,0.33,129262,137113,125625
44930664,-39.0250,-5.0925,-22.2600,0.0398,-0.1346,1.0695,0.36,-0.11,0.34,129248,136973,125548
44950196,-35.5250,-5.5125,-24.4825,0.0449,-0.1366,1.0665,0.35,-0.11,0.34,129248,136835,125455
44970704,-18.9875,-6.1425,-26.3200,0.0504,-0.1399,1.0670,0.34,-0.11,0.35,129258,136695,125386
44990232,-18.0425,-6.6850,-27.0900,0.0561,-0.1386,1.0626,0.33,-0.11,0.35,129274,136558,125336
45010744,-26.6700,-6.5800,-27.7550,0.0594,-0.1341,1.0541,0.33,-0.11,0.36,129275,136400,125252
45030272,-30.6775,-5.8450,-28.3325,0.0632,-0.1304,1.0474,0.32,-0.11,0.36,129274,136255,125171
45049804,-25.4975,-5.4075,-28.4025,0.0660,-0.1271,1.0442,0.31,-0.11,0.36,129284,136126,125113
45070312,-17.6750,-5.5475,-28.1050,0.0644,-0.1235,1.0422,0.30,-0.11,0.37,129299,135987,125059
45089844,-13.8075,-5.5650,-27.8775,0.0622,-0.1193,1.0402,0.29,-0.11,0.37,129315,135865,125010
45110352,-24.1850,-3.9725,-28.2975,0.0683,-0.1072,1.0280,0.28,-0.11,0.37,129331,135703,124959
45129880,-35.9975,-1.3125,-28.9625,0.0749,-0.0931,1.0166,0.27,-0.11,0.38,129324,135534,124889
45150392,-30.4675,0.2450,-28.1925,0.0766,-0.0776,1.0097,0.26,-0.11,0.38,129320,135398,124828
45169920,-16.0825,0.8750,-26.3200,0.0730,-0.0620,1.0060,0.26,-0.11,0.38,129326,135305,124783
45190428,-5.5650,0.8575,-24.2375,0.0628,-0.0477,1.0024,0.25,-0.11,0.38,129332,135209,124781
45209960,-8.2425,1.3475,-23.1875,0.0538,-0.0284,0.9945,0.25,-0.11,0.39,129335,135112,124747
45230468,-21.3850,2.6075,-23.0475,0.0460,-0.0117,0.9880,0.24,-0.11,0.39,129323,134992,124698
45250000,-21.9975,3.5350,-21.7350,0.0393,0.0054,0.9878,0.23,-0.11,0.39,129309,134891,124685
45270508,-14.3675,3.5525,-19.7575,0.0318,0.0215,0.9915,0.23,-0.11,0.39,129305,134800,124653
45290040,-10.5350,2.9925,-18.1475,0.0259,0.0353,0.9938,0.22,-0.11,0.39,129311,134729,124626
45310544,-9.3800,2.4675,-16.9225,0.0194,0.0454,0.9943,0.22,-0.11,0.39,129308,134646,124631
45330080,-6.2475,2.0475,-15.2600,0.0090,0.0572,0.9956,0.22,-0.11,0.39,129303,134598,124608
45350584,-4.1650,1.3475,-13.8600,0.0029,0.0654,0.9955,0.21,-0.11,0.40,129294,134543,124581
45370116,-5.2325,1.3825,-12.8100,0.0006,0.0753,0.9956,0.21,-0.11,0.40,129293,134502,124582
45390624,-2.6775,1.6275,-11.5325,-0.0027,0.0852,0.9977,0.21,-0.11,0.40,129292,134460,124583
45410156,4.8825,1.7325,-9.4150,-0.0094,0.0948,1.0019,0.21,-0.11,0.40,129288,134449,124584
45430664,4.5500,1.9075,-6.2475,-0.0174,0.1069,1.0042,0.21,-0.11,0.40,129282,134453,124566
45450196,0.7000,1.6450,-3.9725,-0.0305,0.1237,1.0063,0.21,-0.11,0.40,129270,134434,124562
45480468,-8.6100,1.5750,-0.7350,-0.0417,0.1366,1.0069,0.20,-0.11,0.40,129275,134385,124564
45500000,-7.6650,1.5750,0.9975,-0.0466,0.1398,1.0083,0.20,-0.11,0.40,129268,134375,124548
45520508,-5.2325,1.7500,2.3275,-0.0501,0.1405,1.0094,0.20,-0.11,0.40,129262,134360,124558
45540040,-2.9575,2.1175,3.5175,-0.0540,0.1399,1.0097,0.20,-0.11,0.40,129271,134359,124564
45560544,-0.9800,2.2750,5.4950,-0.0580,0.1391,1.0098,0.20,-0.11,0.40,129263,134355,124567
45580080,1.6100,2.1525,6.8775,-0.0594,0.1379,1.0104,0.20,-0.11,0.40,129252,134384,124570
45600584,4.2350,1.9600,8.1025,-0.0621,0.1377,1.0125,0.20,-0.11,0.40,129237,134423,124566
45620116,7.2800,1.8375,9.5375,-0.0644,0.1392,1.0161,0.21,-0.11,0.40,129237,134453,124571
45640624,7.5250,1.7150,10.8325,-0.0654,0.1427,1.0202,0.21,-0.11,0.40,129244,134488,124598
45660156,2.9225,1.6625,11.9175,-0.0654,0.1479,1.0227,0.21,-0.11,0.39,129239,134506,124608
45680664,-3.6400,1.5050,13.7375,-0.0681,0.1565,1.0253,0.21,-0.11,0.39,129222,134533,124636
45700196,-3.0975,1.1375,15.3125,-0.0717,0.1630,1.0277,0.21,-0.11,0.39,129220,134576,124610
45720704,1.6450,0.6825,17.1150,-0.0765,0.1703,1.0314,0.22,-0.11,0.39,129225,134621,124622
45740232,7.5075,0.0525,18.9875,-0.0815,0.1793,1.0365,0.22,-0.11,0.39,129229,134689,124650
45760744,8.2600,-0.6300,20.5450,-0.0860,0.1909,1.0399,0.22,-0.11,0.39,129234,134758,124656
45780272,6.6850,-1.6275,23.3275,-0.0919,0.2047,1.0441,0.23,-0.11,0.39,129233,134844,124668
45799804,11.7775,-2.4325,25.6900,-0.1039,0.2311,1.0482,0.24,-0.11,0.39,129239,134942,124693
45820312,18.0600,-3.3075,28.8225,-0.1141,0.2519,1.0520,0.24,-0.11,0.39,129258,135081,124735
45839844,20.8425,-3.8500,31.9375,-0.1218,0.2740,1.0558,0.25,-0.11,0.38,129276,135223,124771
45860352,24.5875,-4.3575,34.7375,-0.1263,0.2960,1.0610,0.26,-0.11,0.38,129297,135374,124828
45879880,28.0000,-4.6200,37.9050,-0.1298,0.3182,1.0676,0.27,-0.11,0.38,129314,135561,124864
45900392,30.5025,-4.5675,42.6650,-0.1421,0.3475,1.0770,0.29,-0.11,0.37,129336,135772,124932
45919920,31.0975,-4.9350,46.1300,-0.1497,0.3617,1.0782,0.30,-0.10,0.37,129372,135981,125022
45940428,17.3250,-3.9375,48.2825,-0.1481,0.3678,1.0702,0.31,-0.10,0.37,129411,136151,125089
45959960,7.9800,-3.4475,49.2450,-0.1373,0.3581,1.0568,0.32,-0.10,0.36,129459,136318,125172
45980468,7.4375,-2.9575,49.5600,-0.1179,0.3318,1.0393,0.33,-0.10,0.36,129480,136533,125255
46000000,16.1525,-1.9775,48.9300,-0.0954,0.2919,1.0214,0.35,-0.10,0.35,129499,136774,125374
46020508,41.9825,-1.4525,48.2125,-0.0595,0.2031,0.9952,0.36,-0.09,0.34,129536,137046,125515
46040040,31.5875,0.0000,45.8850,-0.0386,0.1279,0.9669,0.38,-0.09,0.33,129579,137254,125651
46060544,24.1150,3.1675,42.8750,-0.0149,0.0283,0.9437,0.39,-0.09,0.32,129599,137484,125782
46080080,32.7075,4.9350,35.1750,0.0183,-0.0898,0.9217,0.40,-0.09,0.31,129605,137705,125927
46100584,57.5750,6.0900,27.4225,0.0482,-0.2111,0.9160,0.42,-0.09,0.30,129589,137980,126095
46120116,82.3550,7.9975,20.9300,0.0745,-0.3072,0.9240,0.43,-0.09,0.29,129583,138198,126302
46140624,73.9550,9.3800,14.6300,0.0969,-0.3778,0.9512,0.45,-0.09,0.28,129582,138383,126463
46160156,45.6925,9.5725,11.3925,0.0952,-0.3884,0.9784,0.45,-0.09,0.28,129568,138489,126543
46180664,27.5275,8.8375,9.3625,0.0797,-0.3858,1.0163,0.46,-0.09,0.27,129557,138569,126586
46200196,16.2050,6.6500,7.8400,0.0576,-0.3682,1.0544,0.46,-0.09,0.27,129552,138592,126593
46220704,-6.5450,4.9875,6.3525,0.0378,-0.3365,1.0838,0.46,-0.09,0.28,129556,138554,126541
46240232,-32.8125,2.3800,3.8500,0.0248,-0.3024,1.1146,0.45,-0.09,0.28,129580,138483,126483
46260744,-39.6375,1.5400,1.0325,0.0237,-0.2652,1.1242,0.45,-0.09,0.29,129588,138383,126393
46280272,-40.8450,1.1200,-2.3975,0.0309,-0.2474,1.1278,0.44,-0.09,0.29,129580,138276,126293
46299804,-35.2100,-0.1050,-5.3375,0.0375,-0.2325,1.1285,0.43,-0.09,0.30,129582,138175,126194
46320312,-35.0875,-1.6800,-7.8400,0.0420,-0.2148,1.1235,0.43,-0.09,0.30,129575,138061,126093
46339844,-38.3250,-3.0275,-9.7300,0.0460,-0.1978,1.1143,0.42,-0.09,0.31,129587,137918,125989
46360352,-35.8050,-3.9550,-13.3700,0.0529,-0.1874,1.0964,0.41,-0.09,0.32,129585,137775,125906
46379880,-25.1125,-4.4275,-16.1000,0.0558,-0.1889,1.0856,0.40,-0.09,0.32,129568,137649,125813
46400392,-12.4775,-4.7950,-18.2700,0.0553,-0.1879,1.0788,0.40,-0.09,0.32,129557,137560,125766
46419920,-3.0975,-5.3200,-19.3550,0.0497,-0.1806,1.0785,0.39,-0.09,0.33,129565,137459,125718
46440428,-9.8175,-6.3175,-19.8625,0.0426,-0.1657,1.0752,0.38,-0.09,0.33,129570,137312,125627
46459960,-31.1500,-6.5800,-20.3525,0.0379,-0.1479,1.0674,0.37,-0.09,0.34,129569,137152,125503
46490232,-31.5350,-6.6850,-20.9125,0.0397,-0.1364,1.0598,0.36,-0.09,0.35,129579,136915,125371
46510744,-15.4875,-6.5100,-21.7525,0.0426,-0.1305,1.0593,0.35,-0.09,0.35,129586,136805,125307
46530272,-2.0300,-6.1775,-20.8950,0.0388,-0.1203,1.0594,0.34,-0.09,0.35,129588,136714,125270
46549804,-2.9750,-6.0200,-20.3350,0.0337,-0.1049,1.0549,0.34,-0.09,0.36,129590,136611,125189
46570312,-21.0525,-4.9525,-20.3000,0.0300,-0.0871,1.0453,0.33,-0.09,0.36,129596,136451,125112
46589844,-31.2375,-3.4300,-19.7050,0.0273,-0.0703,1.0338,0.32,-0.09,0.37,129621,136312,125052
46610352,-12.4250,-2.9400,-17.9200,0.0179,-0.0493,1.0327,0.31,-0.09,0.37,129629,136211,125018
46629880,6.9125,-2.6425,-15.9775,0.0118,-0.0351,1.0311,0.31,-0.09,0.37,129638,136175,124992
46650392,2.8525,-1.6625,-15.1025,0.0088,-0.0206,1.0228,0.31,-0.09,0.37,129630,136106,124950
46669920,-19.2850,-0.6825,-15.4875,0.0094,-0.0082,1.0088,0.30,-0.09,0.38,129632,135973,124890
46690428,-32.5675,0.5250,-15.8550,0.0120,0.0022,0.9980,0.29,-0.09,0.38,129642,135849,124852
46709960,1.5925,0.7000,-13.1600,0.0107,0.0149,0.9980,0.29,-0.09,0.38,129655,135816,124853
46730468,18.8475,0.6475,-11.2700,0.0082,0.0229,0.9953,0.29,-0.09,0.38,129643,135805,124836
46750000,10.2375,0.9100,-11.1650,0.0068,0.0301,0.9859,0.29,-0.09,0.38,129637,135790,124807
46770508,-6.4050,1.5575,-11.7950,0.0074,0.0350,0.9767,0.28,-0.09,0.38,129631,135721,124793
46790040,-11.2525,2.1350,-11.5850,0.0090,0.0393,0.9722,0.28,-0.09,0.38,129636,135642,124782
46810544,4.4625,3.1850,-10.5000,0.0115,0.0483,0.9717,0.28,-0.09,0.38,129631,135624,124774
46830080,21.3675,3.5700,-8.7150,0.0120,0.0715,0.9750,0.28,-0.09,0.38,129617,135652,124792
46850584,28.6125,4.4450,-6.5450,0.0068,0.0937,0.9778,0.28,-0.09,0.38,129595,135701,124806
46870116,25.6900,5.1975,-4.5850,-0.0029,0.1196,0.9819,0.28,-0.09,0.38,129578,135713,124842
46890624,14.8400,5.7400,-3.1150,-0.0143,0.1459,0.9875,0.28,-0.09,0.38,129573,135718,124851
46910156,0.9975,5.9500,-1.6800,-0.0242,0.1685,0.9941,0.28,-0.09,0.38,129565,135686,124854
46930664,-18.2175,6.7550,-0.2975,-0.0343,0.1898,1.0039,0.28,-0.09,0.38,129541,135623,124838
46950196,-20.1250,6.5800,-0.0175,-0.0375,0.1922,1.0117,0.28,-0.09,0.38,129521,135589,124802
46970704,-14.1050,5.9500,0.2100,-0.0390,0.1879,1.0207,0.27,-0.10,0.38,129512,135558,124811
46990232,-1.9600,4.7600,0.8400,-0.0412,0.1804,1.0285,0.27,-0.10,0.38,129512,135552,124816
47010744,0.9975,4.3050,0.4550,-0.0425,0.1762,1.0314,0.27,-0.10,0.38,129513,135542,124827
47030272,-5.6525,4.5675,0.2975,-0.0420,0.1718,1.0324,0.27,-0.10,0.38,129496,135520,124811
47049804,-8.2600,3.9550,0.2625,-0.0414,0.1669,1.0379,0.27,-0.10,0.38,129484,135512,124814
47070312,-7.7000,3.0800,0.6300,-0.0407,0.1627,1.0410,0.27,-0.10,0.38,129473,135496,124804
47089844,-7.9800,1.8375,0.8050,-0.0378,0.1630,1.0429,0.27,-0.10,0.38,129478,135475,124823
47110352,-8.6275,0.8750,1.2950,-0.0370,0.1642,1.0455,0.27,-0.10,0.38,129491,135449,124818
47129880,-10.9900,-0.1575,1.3125,-0.0373,0.1662,1.0469,0.27,-0.10,0.38,129489,135427,124813
47150392,-11.7250,-1.5575,1.5400,-0.0386,0.1686,1.0493,0.26,-0.10,0.38,129492,135413,124772
47169920,-10.8675,-4.6200,2.6950,-0.0439,0.1785,1.0544,0.26,-0.10,0.39,129505,135408,124755
47190428,-14.3675,-6.0900,3.7275,-0.0481,0.1889,1.0563,0.26,-0.09,0.39,129535,135379,124751
47209960,-16.5550,-7.5775,4.9525,-0.0520,0.2003,1.0563,0.26,-0.09,0.39,129557,135358,124734
47230468,-11.2000,-8.9250,6.2125,-0.0529,0.2095,1.0569,0.26,-0.09,0.39,129579,135373,124730
47250000,-3.1150,-10.0450,7.2100,-0.0538,0.2178,1.0570,0.26,-0.09,0.39,129605,135397,124717
47270508,5.0050,-11.4100,8.3300,-0.0564,0.2246,1.0535,0.27,-0.09,0.39,129637,135454,124718
47290040,10.3600,-11.8300,8.4700,-0.0608,0.2300,1.0431,0.27,-0.09,0.39,129668,135499,124735
47310544,19.1275,-11.9525,8.5400,-0.0615,0.2323,1.0391,0.28,-0.08,0.39,129705,135594,124759
47330080,23.6600,-12.1450,8.6625,-0.0632,0.2399,1.0346,0.28,-0.08,0.38,129728,135692,124784
47350584,24.7450,-12.3900,9.4150,-0.0683,0.2533,1.0307,0.29,-0.08,0.38,129746,135804,124801
47370116,20.6850,-12.4425,9.9050,-0.0741,0.2660,1.0225,0.29,-0.08,0.38,129764,135886,124850
47390624,-4.3575,-11.1125,9.1000,-0.0752,0.2677,0.9971,0.30,-0.08,0.38,129786,135916,124863
47410156,-2.6075,-10.4300,7.0350,-0.0661,0.2555,0.9895,0.30,-0.08,0.38,129808,135977,124897
47430664,19.8450,-10.4650,6.2650,-0.0598,0.2486,0.9893,0.31,-0.08,0.37,129807,136119,124941
47450196,38.4650,-10.5700,6.6325,-0.0564,0.2503,0.9880,0.32,-0.08,0.37,129799,136278,125019
47470704,39.3925,-10.4825,7.0700,-0.0516,0.2527,0.9821,0.33,-0.08,0.36,129805,136436,125116
47500976,25.9350,-7.9800,6.1950,-0.0323,0.2362,0.9773,0.34,-0.08,0.36,129788,136634,125234
47521484,35.9800,-6.2825,7.1225,-0.0250,0.2125,0.9843,0.35,-0.08,0.35,129780,136822,125355
47541016,44.2050,-5.5125,7.6125,-0.0150,0.1784,0.9914,0.36,-0.08,0.34,129779,136988,125474
47561524,42.2450,-4.8825,7.5425,0.0009,0.1327,0.9988,0.37,-0.08,0.33,129761,137155,125614
47581056,37.7300,-4.8825,7.5425,0.0216,0.0737,1.0094,0.38,-0.08,0.33,129747,137306,125718
47601560,22.7850,-5.4075,7.4025,0.0407,0.0021,1.0148,0.39,-0.08,0.32,129739,137405,125766
47621092,-4.1300,-4.5675,6.3000,0.0680,-0.1279,1.0158,0.39,-0.08,0.32,129742,137459,125809
47641600,-2.7825,-3.1500,4.4100,0.0892,-0.2209,1.0189,0.39,-0.08,0.32,129740,137491,125848
47661132,5.2500,-1.5400,1.4875,0.1137,-0.3065,1.0207,0.39,-0.08,0.32,129742,137525,125879
47681640,17.4125,-0.0700,-0.7175,0.1347,-0.3687,1.0296,0.40,-0.08,0.32,129736,137595,125907
47701172,37.3975,-1.2075,-0.1575,0.1401,-0.3994,1.0471,0.40,-0.08,0.31,129740,137658,125973
47721680,35.0525,-4.7250,2.9575,0.1248,-0.3875,1.0698,0.41,-0.08,0.31,129771,137708,125988
47741208,13.6150,-5.4775,4.8300,0.1103,-0.3587,1.0806,0.40,-0.08,0.31,129819,137703,125979
47761720,-11.9350,-5.2675,5.6175,0.1009,-0.3268,1.0853,0.40,-0.07,0.31,129866,137627,125925
47781248,-35.3850,-4.7425,5.1625,0.0977,-0.2998,1.0829,0.39,-0.07,0.32,129893,137531,125817
47801756,-40.0750,-4.3400,4.1475,0.0989,-0.2776,1.0819,0.39,-0.07,0.33,129921,137448,125735
47821288,-22.8900,-4.3225,4.0600,0.1011,-0.2547,1.0871,0.39,-0.07,0.33,129967,137394,125684
47840820,-9.5025,-4.3750,4.0600,0.1017,-0.2264,1.0899,0.38,-0.06,0.33,130014,137322,125645
47861328,-26.5475,-3.7100,3.4125,0.1037,-0.1769,1.0799,0.37,-0.06,0.34,130057,137207,125559
47880860,-53.4625,-2.9400,1.4175,0.1081,-0.1479,1.0613,0.37,-0.06,0.34,130078,137053,125443
47901368,-62.3350,-1.7500,-0.4550,0.1144,-0.1276,1.0449,0.36,-0.06,0.35,130093,136896,125326
47920896,-36.6625,-0.9275,-1.2425,0.1202,-0.1170,1.0403,0.35,-0.06,0.35,130111,136833,125268
47941408,-1.0850,-0.9450,-1.7500,0.1180,-0.1102,1.0422,0.35,-0.06,0.36,130147,136795,125253
47960936,-10.8150,-0.1575,-4.5150,0.1144,-0.0856,1.0247,0.34,-0.06,0.36,130156,136707,125206
47981444,-46.1300,2.5550,-7.0875,0.1168,-0.0595,1.0065,0.33,-0.06,0.36,130151,136543,125106
48000976,-38.2725,3.3250,-6.7200,0.1138,-0.0442,1.0002,0.33,-0.06,0.37,130145,136456,125061
48021484,-14.0700,3.2025,-7.1400,0.1129,-0.0404,0.9980,0.32,-0.06,0.37,130136,136392,125020
48041016,-5.4425,3.4475,-9.2750,0.1135,-0.0398,0.9926,0.32,-0.06,0.37,130132,136322,124995
48061524,-10.4125,4.0075,-12.0750,0.1125,-0.0351,0.9836,0.32,-0.06,0.37,130124,136233,124963
48081056,-15.0500,5.6000,-12.5300,0.1069,-0.0248,0.9693,0.31,-0.06,0.38,130099,136154,124921
48101560,-8.1375,6.9300,-12.4950,0.1020,-0.0220,0.9629,0.31,-0.06,0.38,130068,136115,124902
48121092,8.6625,7.1400,-12.7400,0.0963,-0.0224,0.9625,0.31,-0.06,0.38,130042,136101,124904
48141600,23.1175,6.4925,-12.7575,0.0898,-0.0216,0.9653,0.31,-0.06,0.38,130028,136100,124924
48161132,20.2125,5.8975,-13.4400,0.0859,-0.0154,0.9660,0.31,-0.07,0.38,130004,136086,124921
48181640,2.4850,5.6875,-14.9100,0.0809,-0.0134,0.9670,0.30,-0.07,0.38,129971,136047,124912
48201172,-9.8350,6.1075,-17.2550,0.0813,-0.0168,0.9688,0.30,-0.07,0.38,129938,135978,124867
48221680,-8.3300,6.2125,-18.6375,0.0805,-0.0188,0.9740,0.30,-0.07,0.38,129904,135920,124855
48241208,4.7950,5.4775,-18.8300,0.0772,-0.0168,0.9797,0.29,-0.07,0.38,129888,135885,124862
48261720,20.8075,4.7075,-18.5325,0.0721,-0.0110,0.9877,0.30,-0.07,0.38,129870,135907,124877
48281248,34.1600,3.5350,-18.1825,0.0650,-0.0052,0.9964,0.30,-0.08,0.38,129837,135920,124886
48301756,16.0475,2.6950,-20.0200,0.0617,0.0051,1.0015,0.29,-0.08,0.38,129808,135892,124897
48321288,-6.8950,3.0275,-21.8050,0.0628,0.0117,1.0030,0.29,-0.08,0.38,129785,135822,124863
48340820,-18.7075,3.2725,-23.1000,0.0644,0.0171,1.0055,0.28,-0.08,0.38,129757,135722,124836
48361328,-16.0475,3.2375,-23.5725,0.0645,0.0227,1.0085,0.28,-0.08,0.38,129734,135652,124823
48380860,0.6300,2.8350,-23.2225,0.0620,0.0288,1.0135,0.28,-0.08,0.38,129698,135616,124816
48401368,17.8325,2.2925,-22.2425,0.0576,0.0375,1.0174,0.28,-0.09,0.38,129672,135626,124808
48420896,18.9000,2.7125,-20.9300,0.0456,0.0588,1.0185,0.28,-0.09,0.38,129646,135614,124829
48441408,8.8375,3.0625,-19.7925,0.0348,0.0764,1.0194,0.28,-0.09,0.38,129623,135580,124819
48460936,-4.2700,3.1675,-18.3400,0.0224,0.0959,1.0213,0.27,-0.09,0.38,129608,135511,124815
48481444,-11.0775,2.9925,-16.2400,0.0090,0.1137,1.0253,0.27,-0.09,0.38,129579,135457,124792
48511720,-0.6125,1.7150,-12.4075,-0.0107,0.1293,1.0355,0.26,-0.09,0.38,129570,135413,124787
48531248,3.2375,-0.0525,-9.2575,-0.0259,0.1394,1.0392,0.26,-0.09,0.38,129558,135407,124782
48551756,-4.2000,-0.8400,-7.2625,-0.0333,0.1454,1.0360,0.26,-0.09,0.38,129551,135372,124776
48571288,-8.9075,-1.0325,-5.1625,-0.0400,0.1479,1.0344,0.26,-0.09,0.39,129556,135344,124761
48590820,-3.5175,-1.5575,-3.1500,-0.0465,0.1459,1.0350,0.26,-0.09,0.39,129572,135330,124758
48611328,0.1400,-1.7850,-1.4525,-0.0515,0.1454,1.0346,0.26,-0.09,0.39,129580,135329,124752
48630860,0.4025,-1.8200,0.0175,-0.0544,0.1473,1.0338,0.26,-0.09,0.39,129583,135321,124757
48651368,-3.1325,-2.1525,2.3450,-0.0593,0.1515,1.0313,0.26,-0.09,0.39,129596,135332,124737
48670896,-4.6900,-2.5375,3.2025,-0.0610,0.1524,1.0294,0.26,-0.09,0.39,129596,135318,124735
48691408,-3.9550,-3.0450,3.5700,-0.0615,0.1518,1.0289,0.26,-0.09,0.39,129629,135306,124722
48710936,-4.8825,-3.1675,3.8325,-0.0617,0.1515,1.0275,0.26,-0.09,0.39,129649,135306,124732
48731444,-4.9700,-3.2900,3.9725,-0.0612,0.1523,1.0260,0.26,-0.09,0.39,129656,135308,124719
48750976,-1.6800,-3.4300,4.2175,-0.0605,0.1565,1.0263,0.26,-0.09,0.39,129665,135334,124732
48771484,5.8275,-3.6925,6.1775,-0.0620,0.1759,1.0292,0.26,-0.08,0.39,129688,135363,124749
48791016,5.6350,-3.6750,8.1725,-0.0630,0.1935,1.0280,0.26,-0.08,0.39,129714,135386,124758
48811524,-0.1750,-2.8700,9.2925,-0.0622,0.2081,1.0226,0.26,-0.08,0.39,129727,135408,124760
48831056,-1.1725,-1.8375,10.0450,-0.0545,0.2184,1.0192,0.27,-0.08,0.38,129732,135440,124768
48851560,5.0400,-1.4175,11.2175,-0.0444,0.2297,1.0165,0.27,-0.08,0.38,129736,135492,124775
48871092,7.8050,-0.8575,13.8950,-0.0334,0.2449,1.0115,0.27,-0.08,0.38,129748,135561,124807
48891600,13.0025,-0.2275,15.8025,-0.0212,0.2672,1.0041,0.28,-0.08,0.38,129766,135613,124856
48911132,16.0825,0.4025,17.5700,-0.0150,0.2821,1.0005,0.28,-0.08,0.38,129773,135709,124873
48931640,11.3050,1.5400,18.9175,-0.0090,0.2929,0.9964,0.29,-0.08,0.38,129771,135772,124895
48951172,0.6825,2.5550,18.7075,-0.0027,0.2948,0.9923,0.29,-0.08,0.38,129751,135808,124903
48971680,-9.5200,3.4125,17.3425,0.0046,0.2874,0.9895,0.29,-0.08,0.37,129748,135845,124935
48991208,0.4725,3.0450,15.9775,0.0124,0.2723,0.9894,0.29,-0.08,0.37,129737,135902,124970
49011720,13.8425,2.7650,16.2050,0.0156,0.2729,0.9887,0.30,-0.08,0.37,129727,135994,125016
49031248,22.1550,2.7825,16.8175,0.0198,0.2791,0.9872,0.31,-0.08,0.37,129715,136104,125069
49051756,17.8850,3.2725,16.5725,0.0224,0.2819,0.9816,0.31,-0.08,0.36,129687,136201,125125
49071288,9.7650,3.6925,14.8575,0.0253,0.2771,0.9784,0.32,-0.09,0.36,129665,136289,125176
49090820,19.7575,2.7475,13.1950,0.0253,0.2669,0.9838,0.33,-0.09,0.36,129643,136408,125249
49111328,28.0175,1.4525,11.3750,0.0168,0.2580,0.9870,0.33,-0.09,0.35,129630,136533,125341
49130860,26.1275,0.8925,10.9900,0.0123,0.2525,0.9852,0.34,-0.09,0.35,129595,136657,125407
49151368,22.8200,0.6300,10.7450,0.0110,0.2425,0.9825,0.35,-0.09,0.34,129564,136784,125491
49170896,28.7525,0.1400,11.1300,0.0090,0.2240,0.9828,0.36,-0.09,0.33,129537,136938,125594
49191408,35.6125,-0.3325,12.2500,0.0084,0.1930,0.9854,0.37,-0.09,0.33,129525,137087,125713
49210936,35.6300,-1.0325,11.7425,0.0122,0.1523,0.9855,0.38,-0.10,0.32,129506,137217,125806
49231444,29.3300,-0.7175,9.8350,0.0266,0.0860,0.9926,0.38,-0.10,0.32,129481,137363,125896
49250976,35.0175,-0.0175,9.6950,0.0351,0.0465,1.0109,0.39,-0.10,0.31,129462,137496,126008
49271484,34.7375,0.2800,9.8175,0.0406,0.0139,1.0360,0.40,-0.10,0.30,129446,137629,126105
49291016,15.1375,0.2975,9.9925,0.0444,-0.0176,1.0614,0.40,-0.10,0.30,129445,137680,126145
49311524,-22.2950,-0.2450,9.0825,0.0501,-0.0572,1.0738,0.40,-0.10,0.30,129446,137633,126099
49331056,-56.9625,-0.1400,5.5300,0.0587,-0.1074,1.0768,0.40,-0.10,0.31,129436,137564,126047
49351560,-32.1475,0.0000,5.1800,0.0695,-0.1881,1.0958,0.40,-0.10,0.31,129424,137558,126026
49371092,-1.7500,-0.8050,5.3375,0.0695,-0.2258,1.1101,0.40,-0.10,0.31,129442,137564,126013
49391600,-0.2450,-1.6100,4.7950,0.0653,-0.2452,1.1141,0.39,-0.10,0.31,129464,137537,126014
49411132,-14.3500,-2.8000,4.0775,0.0594,-0.2524,1.1075,0.39,-0.10,0.31,129500,137491,125983
49431640,-20.2300,-3.3600,4.4100,0.0525,-0.2545,1.0970,0.39,-0.09,0.31,129528,137447,125932
49451172,-13.6325,-3.8150,4.3400,0.0443,-0.2597,1.0749,0.39,-0.09,0.32,129541,137416,125897
49471680,-4.3400,-4.4275,3.2725,0.0415,-0.2625,1.0632,0.39,-0.09,0.32,129568,137389,125841
49491208,5.1975,-5.1975,2.2050,0.0428,-0.2586,1.0559,0.38,-0.09,0.32,129615,137368,125835
49521484,-0.5425,-4.1125,-0.0175,0.0581,-0.2325,1.0458,0.38,-0.09,0.33,129636,137290,125747
49541016,-19.7575,-1.0675,-1.5575,0.0694,-0.2051,1.0357,0.37,-0.09,0.33,129665,137190,125691
49561524,-27.8425,1.8375,-2.3275,0.0750,-0.1713,1.0239,0.37,-0.09,0.33,129678,137088,125616
49581056,-16.7125,1.9075,-2.2575,0.0708,-0.1595,1.0222,0.36,-0.08,0.34,129691,137026,125567
49601560,-10.5525,1.2950,-3.0625,0.0622,-0.1527,1.0204,0.36,-0.08,0.34,129686,136964,125518
49621092,-12.3025,1.0325,-4.9000,0.0600,-0.1442,1.0163,0.36,-0.08,0.34,129693,136892,125464
49641600,-10.1850,1.8550,-6.2125,0.0656,-0.1326,1.0153,0.35,-0.08,0.34,129708,136818,125431
49661132,-4.6725,3.8850,-7.0525,0.0711,-0.1191,1.0185,0.35,-0.08,0.35,129707,136769,125409
49681640,-1.7850,4.7950,-7.1225,0.0666,-0.0885,1.0249,0.34,-0.08,0.35,129706,136706,125364
49701172,-9.8175,3.9725,-5.9675,0.0570,-0.0673,1.0250,0.34,-0.08,0.35,129702,136624,125312
49721680,-28.0875,3.4650,-6.0025,0.0493,-0.0547,1.0189,0.33,-0.08,0.36,129700,136509,125242
49741208,-36.9250,3.2900,-7.4375,0.0456,-0.0505,1.0142,0.32,-0.08,0.36,129712,136378,125182
49761720,-26.3025,2.9225,-8.4175,0.0470,-0.0437,1.0141,0.32,-0.08,0.36,129718,136298,125136
49781248,-6.1950,2.3625,-7.2450,0.0459,-0.0281,1.0164,0.32,-0.08,0.36,129721,136269,125137
49801756,16.1000,0.3675,-4.3400,0.0317,-0.0039,1.0194,0.32,-0.08,0.36,129719,136268,125105
49821288,3.5875,-0.4725,-4.7950,0.0253,0.0071,1.0138,0.31,-0.08,0.37,129725,136224,125068
49840820,-24.5175,0.0175,-6.7200,0.0217,0.0135,1.0045,0.31,-0.08,0.37,129742,136118,125015
49861328,-32.3575,0.0700,-8.1200,0.0201,0.0184,0.9988,0.30,-0.08,0.37,129758,136008,124969
49880860,-8.2775,-0.4900,-7.2450,0.0161,0.0288,1.0024,0.30,-0.08,0.37,129764,136024,124971
49901368,33.2500,-1.9075,-4.5150,0.0068,0.0447,1.0108,0.31,-0.08,0.37,129768,136113,125000
49920896,45.7800,-3.2900,-2.8350,-0.0074,0.0738,1.0146,0.31,-0.08,0.37,129780,136174,125032
49941408,15.7500,-3.0275,-2.9575,-0.0154,0.0908,1.0104,0.31,-0.08,0.37,129805,136152,125014
49960936,-16.8525,-2.7475,-3.7800,-0.0188,0.1000,1.0033,0.30,-0.08,0.37,129829,136065,124967
49981444,-30.9750,-2.0475,-5.0050,-0.0176,0.1036,0.9974,0.30,-0.08,0.38,129828,135985,124926
50000976,-21.2975,-1.2250,-5.2500,-0.0149,0.1061,0.9958,0.30,-0.08,0.38,129828,135959,124913
50021484,16.3450,-0.7175,-3.1675,-0.0112,0.1174,0.9976,0.30,-0.08,0.38,129833,135990,124914
50041016,26.7400,-0.4900,-1.7150,-0.0083,0.1303,0.9954,0.30,-0.07,0.37,129845,136024,124948
50061524,16.2400,-0.0175,-0.9450,-0.0065,0.1457,0.9904,0.30,-0.07,0.37,129863,136024,124971
50081056,-2.0650,0.5950,-0.8750,-0.0050,0.1581,0.9862,0.30,-0.07,0.37,129858,136003,124934
50101560,-12.1800,1.0325,-0.8050,-0.0024,0.1623,0.9856,0.30,-0.07,0.37,129845,135976,124940
50121092,-9.2575,1.0675,-0.8050,0.0001,0.1614,0.9898,0.30,-0.08,0.38,129842,135958,124912
50141600,-3.4125,1.3475,-1.0325,0.0060,0.1620,0.9953,0.30,-0.08,0.38,129842,135947,124918
50161132,0.2100,2.1525,-0.6125,0.0068,0.1635,0.9981,0.30,-0.08,0.37,129842,135926,124936
50181640,4.1475,3.0275,-0.2975,0.0093,0.1680,0.9994,0.30,-0.08,0.37,129832,135948,124935
50201172,3.7625,3.7275,-0.0875,0.0112,0.1715,0.9988,0.30,-0.08,0.37,129810,135966,124933
50221680,3.3250,4.3750,0.1050,0.0110,0.1737,0.9987,0.30,-0.08,0.37,129803,135969,124931
50241208,6.5275,4.5150,0.3500,0.0095,0.1748,0.9994,0.30,-0.08,0.37,129793,135976,124969
50261720,8.2075,4.7075,0.7700,0.0083,0.1784,1.0019,0.30,-0.08,0.37,129781,136005,124993
50281248,4.2000,5.1975,1.2250,0.0059,0.1837,1.0032,0.30,-0.08,0.37,129766,136008,124987
50301756,0.4550,5.1625,1.6975,0.0024,0.1903,1.0042,0.30,-0.08,0.37,129743,136015,124996
50321288,-1.6100,4.5675,2.2575,-0.0012,0.1956,1.0042,0.30,-0.08,0.37,129726,136032,125015
50340820,-0.9625,3.8150,2.4500,-0.0046,0.1996,1.0041,0.30,-0.08,0.37,129722,136031,125027
50361328,1.4525,2.9925,2.8700,-0.0073,0.2035,1.0027,0.30,-0.08,0.37,129718,136043,125037
50380860,-1.7500,2.8525,3.1150,-0.0088,0.2141,0.9976,0.30,-0.08,0.37,129702,136065,125037
50401368,0.9100,2.8700,3.3600,-0.0110,0.2213,0.9958,0.31,-0.09,0.37,129672,136086,125038
50420896,7.0525,2.8875,3.7100,-0.0138,0.2262,0.9950,0.31,-0.09,0.37,129664,136129,125073
50441408,11.9000,2.3800,3.6050,-0.0167,0.2312,0.9943,0.31,-0.09,0.36,129655,136186,125105
50460936,12.9500,1.8025,3.7100,-0.0212,0.2386,0.9939,0.31,-0.09,0.36,129648,136223,125135
50481444,6.7025,1.4700,4.2350,-0.0303,0.2562,0.9921,0.32,-0.09,0.36,129630,136264,125164
