34114256,0.1225,-0.6300,-0.2625,0.7215,0.0005,0.7081,0.38,0.28,0.38,135718,137221,124906
34144532,1.2775,-0.7000,-0.2450,0.7215,0.0002,0.7085,0.38,0.28,0.38,135716,137242,124891
34164064,0.5600,-0.7700,-0.2800,0.7214,0.0005,0.7086,0.38,0.28,0.38,135718,137219,124927
34184568,-0.2275,-0.7175,-0.2800,0.7214,0.0002,0.7089,0.37,0.28,0.38,135718,137210,124902
34204100,-0.5250,-0.7875,-0.3150,0.7214,-0.0002,0.7093,0.38,0.28,0.38,135723,137222,124897
34224608,-0.6125,-0.8050,-0.4550,0.7215,-0.0009,0.7092,0.38,0.28,0.38,135734,137228,124902
34244140,-0.5250,-0.7350,-0.5075,0.7215,-0.0011,0.7087,0.38,0.28,0.38,135722,137218,124902
34264648,0.3500,-0.6650,-0.4550,0.7215,-0.0010,0.7078,0.38,0.28,0.38,135715,137229,124916
34284180,0.9800,-0.5950,-0.4375,0.7216,-0.0005,0.7076,0.37,0.28,0.38,135720,137215,124911
34304688,1.3825,-0.6475,-0.2800,0.7216,0.0000,0.7077,0.38,0.28,0.38,135724,137231,124901
34324216,1.2075,-0.5250,-0.1925,0.7215,0.0006,0.7078,0.38,0.28,0.38,135719,137234,124897
34344728,0.3150,-0.6475,-0.2625,0.7211,0.0013,0.7082,0.38,0.28,0.38,135720,137233,124898
34364256,0.4375,-0.6825,-0.2275,0.7213,0.0015,0.7089,0.38,0.28,0.38,135724,137228,124923
34383788,0.6475,-0.7000,-0.1750,0.7213,0.0016,0.7092,0.38,0.28,0.38,135719,137218,124910
34404296,0.0875,-0.7700,-0.2625,0.7215,0.0018,0.7088,0.38,0.28,0.38,135718,137231,124893
34423828,-0.4025,-0.6650,-0.2275,0.7216,0.0016,0.7083,0.38,0.28,0.38,135725,137235,124885
34444336,0.0000,-0.6650,-0.2625,0.7216,0.0010,0.7081,0.38,0.28,0.38,135725,137223,124908
34463868,0.9450,-0.6300,-0.2450,0.7216,0.0000,0.7080,0.38,0.28,0.38,135712,137234,124915
34484376,0.9800,-0.5950,-0.3500,0.7218,-0.0005,0.7078,0.38,0.28,0.38,135720,137234,124915
34503904,0.2975,-0.6125,-0.4025,0.7218,-0.0002,0.7081,0.38,0.28,0.38,135723,137232,124912
34524416,0.1225,-0.6825,-0.4200,0.7216,-0.0001,0.7086,0.38,0.28,0.38,135728,137232,124897
34543944,0.2975,-0.6650,-0.3675,0.7215,0.0002,0.7091,0.38,0.28,0.38,135720,137236,124907
34564452,0.3500,-0.7000,-0.3325,0.7214,0.0007,0.7091,0.38,0.28,0.38,135723,137222,124923
34583984,-0.0350,-0.7700,-0.2975,0.7214,0.0011,0.7088,0.38,0.28,0.38,135719,137220,124912
34604492,-0.1575,-0.6650,-0.2450,0.7213,0.0010,0.7086,0.38,0.28,0.38,135719,137226,124899
34624024,-0.2100,-0.6300,-0.3150,0.7213,0.0006,0.7083,0.38,0.28,0.38,135724,137233,124898
34644532,-0.1400,-0.6825,-0.4025,0.7213,0.0000,0.7083,0.38,0.28,0.38,135718,137228,124910
34664064,-0.0525,-0.6650,-0.4725,0.7214,-0.0005,0.7083,0.38,0.28,0.38,135714,137224,124897
34684568,-0.0350,-0.6300,-0.4900,0.7213,-0.0010,0.7083,0.38,0.28,0.38,135713,137219,124916
34704100,0.5600,-0.6825,-0.5250,0.7213,-0.0013,0.7086,0.38,0.28,0.38,135721,137225,124906
34724608,0.5250,-0.6650,-0.4900,0.7214,-0.0006,0.7088,0.38,0.28,0.38,135722,137232,124897
34744140,0.2275,-0.6650,-0.4550,0.7215,0.0002,0.7089,0.38,0.28,0.38,135722,137233,124903
34764648,0.5600,-0.7700,-0.3500,0.7214,0.0009,0.7093,0.38,0.28,0.38,135713,137221,124908
34784180,0.7525,-0.6475,-0.3150,0.7211,0.0017,0.7096,0.38,0.28,0.38,135715,137227,124914
34804688,0.1575,-0.6650,-0.2800,0.7210,0.0028,0.7096,0.38,0.28,0.38,135718,137220,124889
34824216,0.1225,-0.7525,-0.1750,0.7214,0.0033,0.7100,0.38,0.28,0.38,135724,137228,124884
34844728,0.4200,-0.8050,-0.1400,0.7215,0.0029,0.7100,0.38,0.28,0.38,135716,137226,124907
34864256,0.0175,-0.8225,-0.2100,0.7215,0.0024,0.7097,0.38,0.28,0.38,135719,137219,124911
34883788,-0.0875,-0.9100,-0.1575,0.7215,0.0020,0.7091,0.38,0.28,0.38,135722,137223,124919
34904296,-0.2100,-0.7350,-0.2625,0.7215,0.0015,0.7083,0.38,0.28,0.38,135725,137228,124899
34923828,0.6300,-0.7175,-0.2975,0.7215,0.0005,0.7078,0.38,0.28,0.38,135724,137228,124894
34944336,2.1875,-0.5775,-0.1925,0.7216,0.0000,0.7081,0.38,0.28,0.38,135724,137232,124910
34963868,1.9425,-0.7175,-0.2100,0.7215,0.0005,0.7083,0.38,0.28,0.38,135722,137227,124924
34984376,0.6125,-0.7175,-0.2450,0.7215,0.0013,0.7087,0.38,0.28,0.38,135716,137225,124921
35003904,0.0875,-0.8050,-0.2275,0.7213,0.0015,0.7093,0.38,0.28,0.38,135729,137237,124906
35024416,0.1575,-0.8400,-0.2975,0.7213,0.0012,0.7103,0.38,0.28,0.38,135729,137237,124901
35043944,-0.5250,-0.9450,-0.2800,0.7213,0.0012,0.7105,0.38,0.28,0.38,135728,137232,124907
35064452,-1.3125,-1.0150,-0.3150,0.7215,0.0012,0.7100,0.38,0.28,0.38,135724,137220,124920
35083984,-1.3300,-1.0325,-0.3500,0.7215,0.0012,0.7092,0.38,0.28,0.38,135721,137218,124905
35104492,-0.2100,-0.8225,-0.2975,0.7218,0.0005,0.7082,0.38,0.28,0.38,135737,137232,124907
35124024,0.5250,-0.6650,-0.2800,0.7218,-0.0002,0.7071,0.38,0.28,0.38,135734,137232,124897
35154296,1.1900,-0.5250,-0.3325,0.7219,-0.0010,0.7059,0.38,0.28,0.38,135729,137243,124906
35173828,1.5400,-0.5950,-0.4025,0.7219,-0.0009,0.7058,0.38,0.28,0.38,135731,137242,124899
35194336,0.7350,-0.4375,-0.3150,0.7219,-0.0002,0.7064,0.38,0.28,0.38,135731,137239,124916
35213868,0.7875,-0.7350,-0.3500,0.7218,0.0001,0.7071,0.38,0.28,0.38,135723,137228,124912
35234376,0.2450,-0.5775,-0.2975,0.7216,0.0010,0.7076,0.38,0.28,0.38,135717,137238,124915
35253904,-0.2625,-0.6475,-0.2625,0.7216,0.0017,0.7074,0.38,0.28,0.38,135724,137234,124910
35274416,0.2450,-0.5950,-0.2100,0.7216,0.0020,0.7074,0.38,0.28,0.38,135728,137243,124898
35293944,1.2775,-0.4900,-0.2275,0.7215,0.0012,0.7077,0.38,0.28,0.38,135718,137243,124901
35314452,0.9800,-0.5600,-0.2800,0.7215,0.0011,0.7081,0.38,0.28,0.38,135717,137239,124919
35333984,0.1925,-0.7175,-0.2625,0.7214,0.0010,0.7085,0.38,0.28,0.38,135723,137229,124919
35354492,-0.3850,-0.6125,-0.3675,0.7213,0.0007,0.7088,0.38,0.28,0.38,135728,137241,124901
35374024,-0.4725,-0.7700,-0.4025,0.7213,0.0001,0.7093,0.38,0.28,0.38,135722,137245,124908
35394532,-0.1400,-0.7875,-0.4375,0.7214,-0.0001,0.7096,0.38,0.28,0.38,135723,137230,124894
35414064,0.0700,-0.8400,-0.5075,0.7213,0.0000,0.7093,0.38,0.28,0.38,135713,137232,124923
35434568,0.0875,-0.7700,-0.4200,0.7214,0.0005,0.7083,0.38,0.28,0.38,135715,137228,124910
35454100,0.0000,-0.6125,-0.3675,0.7215,0.0013,0.7078,0.38,0.28,0.38,135723,137224,124910
35474608,1.1725,-0.6475,-0.2800,0.7215,0.0017,0.7081,0.38,0.28,0.38,135726,137237,124903
35494140,0.6475,-0.6475,-0.1400,0.7214,0.0024,0.7081,0.38,0.28,0.38,135726,137242,124902
35514648,0.1925,-0.7350,-0.2625,0.7215,0.0023,0.7086,0.38,0.28,0.37,135719,137236,124933
35534180,-0.0175,-0.7350,-0.2625,0.7216,0.0021,0.7088,0.38,0.28,0.38,135716,137221,124906
35554688,-0.8400,-0.7175,-0.2800,0.7215,0.0023,0.7081,0.38,0.28,0.38,135724,137233,124903
35574216,-0.8050,-0.6475,-0.2800,0.7215,0.0021,0.7075,0.38,0.28,0.38,135734,137235,124901
35594728,0.7525,-0.5425,-0.2450,0.7218,0.0012,0.7076,0.38,0.28,0.38,135719,137229,124911
35614256,2.7125,-0.5600,-0.2975,0.7219,0.0007,0.7078,0.38,0.28,0.38,135718,137240,124925
35633788,1.4700,-0.5950,-0.2975,0.7220,0.0018,0.7082,0.38,0.28,0.38,135713,137231,124927
35654296,-0.0875,-0.7700,-0.2975,0.7218,0.0024,0.7089,0.38,0.28,0.38,135725,137242,124915
35673828,-1.1200,-0.8050,-0.2275,0.7211,0.0027,0.7098,0.38,0.28,0.38,135728,137236,124899
35694336,-1.1025,-0.8925,-0.1925,0.7211,0.0027,0.7100,0.38,0.28,0.38,135723,137227,124919
35713868,-1.1200,-0.8575,-0.1575,0.7213,0.0026,0.7100,0.38,0.28,0.38,135721,137230,124899
35734376,-0.5250,-0.8050,-0.1225,0.7213,0.0018,0.7093,0.38,0.28,0.38,135724,137225,124911
35753904,0.0700,-0.6825,-0.2975,0.7214,0.0005,0.7078,0.38,0.28,0.38,135718,137227,124906
35774416,0.9800,-0.5775,-0.2450,0.7215,-0.0005,0.7074,0.38,0.28,0.38,135727,137237,124903
35793944,1.5225,-0.5775,-0.4200,0.7215,-0.0012,0.7074,0.38,0.28,0.38,135726,137235,124911
35814452,1.2075,-0.6475,-0.5075,0.7215,-0.0013,0.7074,0.38,0.28,0.38,135722,137231,124914
35833984,0.1575,-0.5425,-0.4375,0.7215,-0.0010,0.7076,0.38,0.28,0.38,135715,137235,124906
35854492,-0.0175,-0.7175,-0.4375,0.7214,-0.0005,0.7085,0.38,0.28,0.38,135722,137235,124906
35874024,0.6300,-0.7700,-0.4025,0.7215,-0.0002,0.7088,0.38,0.28,0.38,135728,137239,124901
35894532,0.7175,-0.7175,-0.3850,0.7215,0.0006,0.7091,0.38,0.28,0.38,135725,137234,124917
35914064,0.3850,-0.7525,-0.2975,0.7215,0.0017,0.7088,0.38,0.28,0.38,135722,137233,124919
35934568,-0.1575,-0.7350,-0.2625,0.7215,0.0027,0.7086,0.38,0.28,0.38,135716,137230,124915
35954100,-0.1750,-0.7350,-0.1750,0.7214,0.0029,0.7086,0.38,0.28,0.38,135721,137240,124899
35974608,0.7175,-0.7175,-0.1575,0.7214,0.0031,0.7088,0.38,0.28,0.38,135726,137231,124906
35994140,0.2625,-0.7350,-0.1050,0.7214,0.0033,0.7086,0.38,0.28,0.38,135720,137237,124919
36014648,-0.3325,-0.7525,-0.1225,0.7214,0.0031,0.7085,0.38,0.28,0.38,135718,137225,124921
36034180,-0.1050,-0.7350,-0.1400,0.7214,0.0023,0.7085,0.38,0.28,0.38,135717,137227,124924
36054688,0.4725,-0.7175,-0.1925,0.7215,0.0013,0.7083,0.38,0.28,0.38,135734,137230,124899
36074216,0.6125,-0.6125,-0.2800,0.7215,0.0005,0.7081,0.38,0.28,0.38,135730,137241,124903
36094728,0.7175,-0.5250,-0.3150,0.7215,-0.0001,0.7076,0.38,0.28,0.38,135717,137231,124921
36114256,0.7700,-0.5425,-0.3325,0.7215,-0.0005,0.7077,0.38,0.28,0.38,135716,137232,124918
36133788,0.8575,-0.6475,-0.3850,0.7215,-0.0005,0.7080,0.38,0.28,0.38,135723,137229,124901
36164064,0.4900,-0.7175,-0.4200,0.7215,-0.0005,0.7086,0.38,0.28,0.37,135711,137223,124929
36184568,0.4025,-0.6825,-0.4550,0.7215,-0.0007,0.7091,0.38,0.28,0.38,135717,137222,124920
36204100,-0.3325,-0.7700,-0.5600,0.7215,-0.0006,0.7093,0.38,0.28,0.38,135717,137236,124904
36224608,-0.6475,-0.7875,-0.5250,0.7214,-0.0004,0.7091,0.38,0.28,0.38,135718,137227,124901
36244140,-0.4200,-0.6650,-0.5250,0.7215,0.0000,0.7086,0.38,0.28,0.38,135721,137242,124907
36264648,0.0000,-0.5950,-0.5250,0.7215,0.0005,0.7083,0.37,0.28,0.38,135717,137213,124903
36284180,0.6650,-0.6475,-0.4200,0.7215,0.0011,0.7081,0.38,0.28,0.38,135715,137222,124905
36304688,1.1550,-0.6300,-0.2975,0.7215,0.0017,0.7081,0.38,0.28,0.38,135722,137235,124893
36324216,0.6300,-0.6300,-0.2275,0.7215,0.0028,0.7083,0.38,0.28,0.38,135727,137234,124912
36344728,0.3850,-0.7000,-0.1575,0.7214,0.0029,0.7088,0.38,0.28,0.38,135714,137238,124917
36364256,0.3675,-0.7525,-0.1225,0.7214,0.0031,0.7093,0.38,0.28,0.38,135715,137241,124924
36383788,-0.1050,-0.7350,-0.1225,0.7214,0.0034,0.7093,0.38,0.28,0.38,135715,137229,124921
36404296,-0.8050,-0.8225,-0.1750,0.7215,0.0037,0.7092,0.38,0.28,0.38,135723,137237,124906
36423828,-0.5250,-0.8225,-0.0525,0.7215,0.0032,0.7091,0.38,0.28,0.38,135720,137245,124900
36444336,0.9275,-0.7350,-0.1050,0.7214,0.0016,0.7087,0.38,0.28,0.38,135715,137235,124914
36463868,0.9625,-0.6650,-0.1925,0.7214,0.0007,0.7082,0.38,0.28,0.38,135713,137233,124916
36484376,0.7000,-0.6475,-0.2450,0.7215,-0.0001,0.7081,0.38,0.28,0.38,135717,137241,124911
36503904,0.6475,-0.6825,-0.3850,0.7215,-0.0007,0.7083,0.38,0.28,0.38,135720,137237,124906
36524416,0.5075,-0.6650,-0.4375,0.7215,-0.0007,0.7086,0.38,0.28,0.38,135723,137239,124903
36543944,0.4900,-0.7525,-0.3850,0.7215,-0.0005,0.7091,0.38,0.28,0.38,135725,137237,124903
36564452,-0.0175,-0.7700,-0.4375,0.7214,0.0002,0.7091,0.38,0.28,0.38,135712,137231,124919
36583984,-0.3150,-0.7350,-0.3500,0.7215,0.0007,0.7088,0.38,0.28,0.38,135713,137228,124923
36604492,0.0000,-0.7000,-0.3850,0.7215,0.0009,0.7086,0.38,0.28,0.38,135723,137239,124914
36624024,0.5075,-0.6300,-0.2625,0.7215,0.0009,0.7086,0.38,0.28,0.38,135725,137239,124921
36644532,0.6475,-0.7000,-0.3325,0.7215,0.0010,0.7083,0.38,0.28,0.38,135722,137235,124916
36664064,0.1225,-0.7000,-0.2800,0.7215,0.0015,0.7080,0.38,0.28,0.38,135722,137238,124925
36684568,0.2100,-0.6300,-0.2625,0.7215,0.0016,0.7080,0.38,0.28,0.38,135725,137233,124924
36704100,0.5250,-0.6650,-0.2450,0.7215,0.0016,0.7078,0.38,0.28,0.38,135723,137234,124920
36724608,0.4375,-0.5950,-0.2275,0.7215,0.0017,0.7078,0.38,0.28,0.38,135724,137247,124906
36744140,0.9275,-0.5775,-0.1575,0.7216,0.0017,0.7081,0.38,0.28,0.38,135718,137241,124914
36764648,1.0325,-0.5950,-0.1750,0.7215,0.0017,0.7082,0.38,0.28,0.38,135716,137232,124920
36784180,0.2800,-0.6825,-0.2275,0.7215,0.0020,0.7083,0.38,0.28,0.38,135725,137242,124917
36804688,-0.0700,-0.6475,-0.1925,0.7215,0.0020,0.7087,0.38,0.28,0.38,135724,137252,124917
36824216,0.2975,-0.6650,-0.2800,0.7214,0.0015,0.7092,0.38,0.28,0.38,135722,137243,124924
36844728,0.4025,-0.7875,-0.2100,0.7214,0.0012,0.7094,0.38,0.28,0.38,135721,137239,124914
36864256,-0.3675,-0.7700,-0.3325,0.7213,0.0010,0.7093,0.38,0.28,0.38,135714,137239,124916
36883788,-0.9625,-0.8050,-0.4200,0.7214,0.0007,0.7088,0.38,0.28,0.38,135711,137242,124915
36904296,0.0700,-0.7875,-0.4375,0.7215,-0.0006,0.7085,0.38,0.28,0.38,135728,137243,124901
36923828,0.9625,-0.6125,-0.4200,0.7215,-0.0009,0.7081,0.38,0.28,0.38,135723,137235,124914
36944336,1.1025,-0.6475,-0.4200,0.7215,-0.0002,0.7078,0.38,0.28,0.38,135732,137243,124916
36963868,0.9975,-0.6300,-0.3675,0.7215,0.0007,0.7081,0.38,0.28,0.38,135718,137241,124921
36984376,0.5075,-0.7350,-0.3325,0.7214,0.0017,0.7086,0.38,0.28,0.38,135720,137247,124911
37003904,-0.1225,-0.7000,-0.3150,0.7213,0.0022,0.7089,0.38,0.28,0.38,135722,137234,124920
37024416,-0.6125,-0.7525,-0.2625,0.7213,0.0026,0.7091,0.38,0.28,0.38,135729,137250,124902
37043944,-0.6825,-0.8400,-0.2625,0.7214,0.0026,0.7089,0.38,0.28,0.38,135720,137243,124906
37064452,0.0700,-0.7175,-0.1925,0.7214,0.0024,0.7087,0.38,0.28,0.38,135716,137232,124923
37083984,0.4375,-0.7000,-0.1400,0.7213,0.0022,0.7082,0.38,0.28,0.38,135714,137226,124928
37104492,0.8225,-0.7175,-0.1225,0.7213,0.0017,0.7077,0.38,0.28,0.38,135716,137235,124903
37124024,1.2075,-0.5775,-0.2275,0.7214,0.0010,0.7074,0.38,0.28,0.38,135726,137251,124911
37144532,1.4875,-0.6125,-0.1925,0.7214,0.0004,0.7078,0.38,0.28,0.38,135721,137242,124917
37174804,0.1575,-0.7175,-0.3500,0.7215,0.0005,0.7083,0.38,0.28,0.38,135725,137239,124924
37195312,-0.3850,-0.7350,-0.4375,0.7213,0.0005,0.7086,0.38,0.28,0.38,135722,137241,124898
37214844,-0.1225,-0.6825,-0.3850,0.7214,0.0004,0.7091,0.38,0.28,0.38,135715,137231,124921
37235352,0.3150,-0.7700,-0.2975,0.7214,0.0006,0.7093,0.38,0.28,0.38,135726,137234,124917
37254880,0.1750,-0.7700,-0.3150,0.7214,0.0010,0.7089,0.38,0.28,0.38,135723,137245,124903
37275392,-0.1050,-0.7350,-0.2800,0.7213,0.0012,0.7088,0.38,0.28,0.38,135733,137246,124897
37294920,0.2975,-0.7000,-0.2800,0.7213,0.0012,0.7086,0.38,0.28,0.38,135715,137237,124916
37315428,0.5075,-0.6825,-0.2800,0.7211,0.0012,0.7085,0.38,0.28,0.37,135719,137228,124933
37334960,0.4200,-0.6825,-0.2975,0.7210,0.0013,0.7083,0.38,0.28,0.38,135718,137234,124920
37355468,0.2100,-0.5950,-0.3150,0.7213,0.0015,0.7082,0.38,0.28,0.38,135731,137239,124906
37375000,0.4375,-0.7000,-0.2975,0.7215,0.0015,0.7081,0.38,0.28,0.38,135731,137237,124901
37395508,0.4375,-0.6300,-0.2625,0.7215,0.0016,0.7081,0.38,0.28,0.38,135718,137237,124919
37415040,0.3675,-0.6475,-0.3150,0.7215,0.0016,0.7081,0.38,0.28,0.38,135718,137237,124924
37435544,0.2800,-0.6825,-0.2625,0.7215,0.0016,0.7082,0.38,0.28,0.38,135721,137237,124914
37455080,0.2800,-0.6475,-0.2975,0.7215,0.0016,0.7083,0.38,0.28,0.38,135727,137238,124910
37475584,0.4025,-0.7350,-0.2450,0.7215,0.0017,0.7085,0.38,0.28,0.38,135731,137256,124923
37495116,0.3150,-0.7000,-0.2275,0.7215,0.0018,0.7086,0.38,0.28,0.38,135724,137243,124924
37515624,0.2275,-0.7000,-0.2275,0.7215,0.0016,0.7086,0.38,0.28,0.38,135715,137238,124923
37535156,0.1750,-0.7000,-0.2450,0.7214,0.0010,0.7086,0.38,0.28,0.38,135727,137244,124915
37555664,0.1050,-0.7175,-0.3150,0.7215,0.0004,0.7086,0.38,0.28,0.38,135729,137241,124903
37575196,0.5250,-0.6825,-0.3150,0.7214,0.0001,0.7085,0.38,0.28,0.38,135728,137252,124894
37595704,0.2275,-0.6475,-0.3675,0.7214,0.0006,0.7085,0.38,0.28,0.38,135721,137231,124924
37615232,0.3150,-0.7700,-0.3675,0.7213,0.0011,0.7086,0.38,0.28,0.38,135716,137235,124919
37635744,-0.0350,-0.7350,-0.3850,0.7214,0.0015,0.7088,0.38,0.28,0.38,135721,137241,124924
37655272,-0.4200,-0.7350,-0.2975,0.7214,0.0018,0.7089,0.38,0.28,0.38,135731,137242,124910
37674804,-0.5250,-0.7875,-0.2975,0.7213,0.0020,0.7091,0.38,0.28,0.38,135726,137251,124903
37695312,-0.8575,-0.6300,-0.3675,0.7215,0.0018,0.7081,0.38,0.28,0.38,135724,137236,124910
37714844,-0.1225,-0.6300,-0.2625,0.7216,0.0012,0.7075,0.38,0.28,0.38,135721,137231,124914
37735352,1.0150,-0.5600,-0.3325,0.7215,0.0002,0.7072,0.38,0.28,0.38,135719,137235,124906
37754880,1.8025,-0.5950,-0.2800,0.7216,-0.0005,0.7074,0.38,0.28,0.38,135729,137239,124916
37775392,1.3125,-0.5250,-0.4025,0.7215,-0.0002,0.7075,0.38,0.28,0.38,135730,137263,124911
37794920,0.7175,-0.5950,-0.4025,0.7215,-0.0001,0.7078,0.38,0.28,0.38,135721,137242,124923
37815428,0.5075,-0.6300,-0.4725,0.7215,0.0004,0.7088,0.38,0.28,0.37,135721,137240,124933
37834960,0.2450,-0.7700,-0.4200,0.7214,0.0010,0.7092,0.38,0.28,0.38,135717,137249,124911
37855468,-0.1400,-0.7350,-0.4025,0.7214,0.0016,0.7093,0.38,0.28,0.38,135731,137247,124903
37875000,-0.1225,-0.7525,-0.3150,0.7214,0.0022,0.7094,0.38,0.28,0.38,135726,137260,124902
37895508,0.3500,-0.7525,-0.2975,0.7214,0.0026,0.7093,0.38,0.28,0.38,135721,137241,124916
37915040,0.5075,-0.7175,-0.0700,0.7214,0.0032,0.7089,0.38,0.28,0.38,135718,137236,124915
37935544,0.5950,-0.6475,-0.1225,0.7215,0.0035,0.7088,0.38,0.28,0.38,135729,137244,124917
37955080,0.5600,-0.7350,-0.0875,0.7215,0.0034,0.7087,0.38,0.28,0.38,135728,137250,124899
37975584,0.8225,-0.7350,-0.0875,0.7214,0.0032,0.7086,0.38,0.28,0.38,135726,137250,124917
37995116,0.6125,-0.7350,-0.0700,0.7214,0.0027,0.7087,0.38,0.28,0.38,135725,137243,124919
38015624,1.1025,-0.7175,-0.0875,0.7215,0.0021,0.7087,0.38,0.28,0.38,135718,137242,124915
38035156,0.8225,-0.7700,-0.1750,0.7215,0.0013,0.7088,0.38,0.28,0.38,135722,137241,124919
38055664,0.2100,-0.6825,-0.3150,0.7215,0.0010,0.7087,0.38,0.28,0.38,135727,137255,124911
38075196,0.2275,-0.7525,-0.4025,0.7215,0.0005,0.7087,0.38,0.28,0.38,135724,137257,124921
38095704,0.2100,-0.7175,-0.3675,0.7215,0.0005,0.7086,0.38,0.28,0.37,135720,137244,124930
38115232,0.3150,-0.7525,-0.3850,0.7215,0.0007,0.7083,0.38,0.28,0.37,135721,137244,124930
38135744,1.0500,-0.7175,-0.3500,0.7215,0.0007,0.7083,0.38,0.28,0.38,135730,137253,124924
38155272,1.0675,-0.6650,-0.3150,0.7215,0.0012,0.7085,0.38,0.28,0.38,135732,137255,124921
38185544,-0.0875,-0.7525,-0.4200,0.7215,0.0015,0.7081,0.38,0.28,0.37,135717,137243,124934
38205080,-0.1400,-0.7525,-0.3850,0.7215,0.0012,0.7081,0.38,0.28,0.38,135726,137250,124915
38225584,-0.0175,-0.7350,-0.4900,0.7215,0.0010,0.7081,0.38,0.28,0.38,135733,137253,124919
38245116,0.0875,-0.7350,-0.4550,0.7215,0.0012,0.7078,0.38,0.28,0.38,135722,137248,124912
38265624,0.6825,-0.7175,-0.3675,0.7215,0.0018,0.7077,0.38,0.28,0.37,135721,137245,124934
38285156,0.9625,-0.5950,-0.3675,0.7216,0.0022,0.7077,0.38,0.28,0.37,135719,137248,124938
38305664,0.7875,-0.5950,-0.3325,0.7215,0.0026,0.7078,0.38,0.28,0.38,135729,137258,124904
38325196,0.4725,-0.6650,-0.2975,0.7215,0.0028,0.7081,0.38,0.28,0.38,135729,137258,124928
38345704,0.1750,-0.7875,-0.3325,0.7214,0.0029,0.7083,0.38,0.28,0.37,135723,137245,124932
38365232,0.0350,-0.6475,-0.2975,0.7210,0.0031,0.7087,0.38,0.28,0.37,135720,137252,124943
38385744,-0.3150,-0.6300,-0.3500,0.7204,0.0032,0.7088,0.38,0.28,0.38,135725,137245,124927
38405272,0.0700,-0.6300,-0.3150,0.7203,0.0028,0.7089,0.38,0.28,0.38,135733,137247,124916
38424804,-0.2100,-0.4375,-0.4025,0.7199,0.0023,0.7088,0.38,0.28,0.38,135726,137268,124915
38445312,0.8925,-0.5075,-0.5950,0.7204,0.0015,0.7087,0.38,0.28,0.37,135718,137262,124935
38464844,0.5425,-0.5425,-0.7350,0.7215,0.0010,0.7085,0.38,0.28,0.37,135715,137243,124945
38485352,0.3325,-0.6825,-0.9625,0.7225,0.0009,0.7083,0.38,0.28,0.38,135722,137252,124915
38504880,0.5425,-0.9100,-1.0850,0.7229,0.0012,0.7082,0.38,0.28,0.38,135724,137264,124928
38525392,-1.2950,-0.6475,-0.8575,0.7226,0.0023,0.7085,0.38,0.28,0.38,135719,137262,124920
38544920,0.1400,-0.8575,-0.8575,0.7222,0.0023,0.7085,0.38,0.28,0.38,135717,137250,124928
38565428,0.0175,-0.7175,-0.6475,0.7218,0.0028,0.7083,0.38,0.28,0.37,135713,137242,124933
38584960,0.4025,-0.6825,-0.4375,0.7218,0.0034,0.7082,0.38,0.28,0.38,135711,137248,124915
38605468,1.1375,-0.6825,-0.2450,0.7215,0.0039,0.7081,0.38,0.28,0.38,135724,137253,124916
38625000,0.3675,-0.6125,-0.2800,0.7215,0.0039,0.7081,0.38,0.28,0.38,135728,137254,124925
38645508,0.7175,-0.6650,-0.2100,0.7215,0.0039,0.7083,0.38,0.28,0.38,135716,137253,124921
38665040,0.4900,-0.6650,-0.2450,0.7214,0.0039,0.7086,0.38,0.28,0.37,135713,137254,124930
38685544,0.2625,-0.7525,-0.2275,0.7214,0.0041,0.7087,0.38,0.28,0.38,135720,137254,124920
38705080,-0.4550,-0.7000,-0.2625,0.7215,0.0044,0.7086,0.38,0.28,0.38,135725,137253,124919
38725584,-0.4025,-0.7175,-0.2450,0.7215,0.0043,0.7086,0.38,0.28,0.38,135722,137249,124926
38745116,0.4550,-0.7175,-0.2275,0.7215,0.0038,0.7086,0.38,0.28,0.38,135713,137253,124921
38765624,0.5600,-0.7000,-0.1925,0.7215,0.0037,0.7085,0.38,0.28,0.37,135709,137250,124930
38785156,0.8050,-0.5600,-0.2100,0.7216,0.0035,0.7086,0.38,0.28,0.38,135717,137248,124915
38805664,0.7875,-0.7525,-0.3150,0.7220,0.0034,0.7088,0.38,0.28,0.38,135720,137263,124911
38825196,0.3325,-0.8925,-0.2975,0.7222,0.0033,0.7091,0.38,0.28,0.38,135721,137264,124907
38845704,-0.5600,-0.8225,-0.3500,0.7218,0.0029,0.7091,0.38,0.28,0.37,135724,137257,124934
38865232,-0.7175,-0.7700,-0.3675,0.7211,0.0024,0.7088,0.38,0.28,0.38,135717,137240,124915
38885744,-0.0525,-0.7000,-0.4200,0.7210,0.0020,0.7087,0.38,0.28,0.38,135718,137245,124924
38905272,0.8225,-0.7350,-0.3325,0.7211,0.0020,0.7087,0.38,0.28,0.38,135725,137266,124915
38924804,0.4025,-0.7000,-0.2975,0.7213,0.0024,0.7085,0.38,0.28,0.38,135718,137248,124917
38945312,0.4900,-0.6475,-0.2975,0.7213,0.0027,0.7087,0.38,0.28,0.38,135714,137250,124923
38964844,0.7000,-0.7875,-0.2975,0.7213,0.0027,0.7092,0.38,0.28,0.37,135708,137247,124934
38985352,-0.1050,-0.7700,-0.3325,0.7213,0.0033,0.7091,0.38,0.28,0.38,135721,137246,124917
39004880,-0.4550,-0.8400,-0.2450,0.7213,0.0039,0.7088,0.38,0.28,0.38,135723,137256,124912
39025392,-0.4375,-0.7875,-0.1400,0.7213,0.0043,0.7088,0.38,0.28,0.38,135719,137249,124924
39044920,0.0350,-0.7350,-0.1225,0.7213,0.0044,0.7086,0.38,0.28,0.38,135718,137250,124925
39065428,0.4725,-0.6650,-0.1575,0.7214,0.0037,0.7078,0.38,0.28,0.38,135723,137247,124926
39084960,0.8400,-0.6125,-0.1925,0.7214,0.0029,0.7075,0.38,0.28,0.38,135717,137256,124915
39105468,0.9450,-0.6475,-0.2450,0.7214,0.0022,0.7074,0.38,0.28,0.38,135726,137261,124895
39125000,0.4900,-0.6475,-0.2975,0.7214,0.0020,0.7072,0.38,0.28,0.38,135722,137254,124910
39145508,0.2100,-0.6475,-0.3675,0.7215,0.0018,0.7075,0.38,0.28,0.38,135720,137251,124921
39165040,0.1400,-0.6650,-0.3500,0.7218,0.0017,0.7077,0.38,0.28,0.38,135712,137256,124925
39195312,0.5075,-0.7000,-0.4375,0.7216,0.0017,0.7083,0.38,0.28,0.38,135716,137251,124911
39214844,0.1575,-0.6825,-0.4200,0.7213,0.0020,0.7083,0.38,0.28,0.38,135717,137243,124921
39235352,0.1925,-0.6825,-0.4025,0.7213,0.0021,0.7083,0.38,0.28,0.38,135718,137248,124925
39254880,0.5075,-0.6475,-0.4025,0.7214,0.0022,0.7086,0.38,0.28,0.38,135722,137257,124903
39275392,0.3850,-0.7700,-0.3500,0.7214,0.0027,0.7087,0.38,0.28,0.38,135725,137266,124899
39294920,-0.3325,-0.7700,-0.2975,0.7214,0.0032,0.7086,0.38,0.28,0.38,135720,137250,124925
39315428,-0.3150,-0.7175,-0.2275,0.7215,0.0034,0.7082,0.38,0.28,0.38,135715,137253,124911
39334960,0.1750,-0.7000,-0.2625,0.7215,0.0033,0.7082,0.38,0.28,0.38,135716,137248,124923
39355468,0.4025,-0.8050,-0.2100,0.7215,0.0032,0.7081,0.38,0.28,0.38,135721,137254,124912
39375000,-0.1400,-0.7350,-0.2450,0.7215,0.0031,0.7080,0.38,0.28,0.38,135721,137255,124903
39395508,0.2450,-0.6650,-0.2625,0.7215,0.0027,0.7080,0.38,0.28,0.38,135718,137248,124912
39415040,0.7350,-0.6650,-0.3500,0.7215,0.0024,0.7080,0.38,0.28,0.38,135715,137247,124911
39435544,0.8400,-0.5600,-0.2450,0.7215,0.0027,0.7080,0.38,0.28,0.38,135717,137250,124904
39455080,0.6125,-0.7350,-0.3500,0.7214,0.0029,0.7081,0.38,0.28,0.38,135722,137252,124917
39475584,0.0875,-0.6475,-0.2625,0.7214,0.0031,0.7085,0.38,0.28,0.38,135719,137261,124911
39495116,-0.0350,-0.7175,-0.2625,0.7214,0.0028,0.7089,0.38,0.28,0.38,135718,137256,124904
39515624,-0.0175,-0.8050,-0.3850,0.7214,0.0022,0.7091,0.38,0.28,0.38,135719,137242,124923
39535156,-0.4725,-0.8050,-0.4200,0.7214,0.0016,0.7086,0.38,0.28,0.38,135720,137239,124916
39555664,-0.1225,-0.7350,-0.4550,0.7214,0.0012,0.7081,0.38,0.28,0.38,135724,137257,124911
39575196,0.6825,-0.6650,-0.4200,0.7214,0.0013,0.7078,0.38,0.28,0.38,135724,137258,124920
39595704,1.5050,-0.6475,-0.3850,0.7215,0.0017,0.7077,0.38,0.28,0.38,135718,137254,124917
39615232,1.6625,-0.5775,-0.3150,0.7214,0.0024,0.7078,0.38,0.28,0.38,135711,137257,124919
39635744,0.0525,-0.6475,-0.2975,0.7214,0.0037,0.7082,0.38,0.28,0.38,135721,137254,124920
39655272,-0.1750,-0.7350,-0.3150,0.7214,0.0039,0.7086,0.38,0.28,0.38,135729,137257,124926
39674804,0.1400,-0.8050,-0.2800,0.7213,0.0040,0.7091,0.38,0.28,0.38,135721,137259,124921
39695312,0.4200,-0.7875,-0.2625,0.7213,0.0044,0.7089,0.38,0.28,0.38,135718,137257,124924
39714844,0.0175,-0.7350,-0.1750,0.7213,0.0049,0.7085,0.38,0.28,0.38,135711,137258,124928
39735352,-0.1400,-0.7175,-0.1575,0.7214,0.0048,0.7080,0.38,0.28,0.38,135715,137263,124919
39754880,1.0675,-0.6125,-0.1050,0.7214,0.0040,0.7077,0.38,0.28,0.38,135722,137258,124917
39775392,1.2950,-0.6825,-0.1750,0.7214,0.0029,0.7078,0.38,0.28,0.38,135720,137262,124909
39794920,1.0675,-0.6650,-0.2275,0.7214,0.0024,0.7078,0.38,0.28,0.38,135718,137257,124921
39815428,0.5950,-0.6475,-0.3150,0.7214,0.0022,0.7081,0.38,0.28,0.37,135719,137259,124929
39834960,0.0000,-0.7000,-0.4025,0.7214,0.0022,0.7083,0.38,0.28,0.37,135720,137259,124932
39855468,-0.1575,-0.7350,-0.3325,0.7214,0.0024,0.7088,0.38,0.28,0.38,135726,137255,124911
39875000,-0.5775,-0.7700,-0.3500,0.7214,0.0031,0.7089,0.38,0.28,0.38,135725,137257,124916
39895508,-0.2800,-0.7700,-0.3325,0.7213,0.0029,0.7088,0.38,0.28,0.38,135723,137244,124925
39915040,0.2450,-0.7525,-0.2975,0.7213,0.0027,0.7086,0.38,0.28,0.38,135716,137246,124928
39935544,0.8225,-0.6650,-0.2975,0.7214,0.0026,0.7082,0.38,0.28,0.38,135723,137245,124916
39955080,0.7175,-0.7000,-0.3325,0.7213,0.0027,0.7078,0.38,0.28,0.38,135721,137258,124920
39975584,0.3850,-0.5950,-0.3325,0.7214,0.0028,0.7076,0.38,0.28,0.38,135725,137268,124925
39995116,0.7000,-0.6650,-0.2800,0.7213,0.0028,0.7081,0.38,0.28,0.38,135717,137267,124919
40015624,0.4900,-0.6650,-0.2800,0.7214,0.0031,0.7081,0.38,0.28,0.38,135707,137253,124924
40035156,0.0000,-0.6300,-0.2800,0.7215,0.0034,0.7080,0.38,0.28,0.38,135716,137253,124916
40055664,0.2975,-0.6825,-0.2800,0.7215,0.0033,0.7078,0.38,0.28,0.38,135724,137262,124917
40075196,0.6825,-0.6125,-0.1925,0.7215,0.0032,0.7078,0.38,0.28,0.38,135727,137265,124908
40095704,0.8750,-0.7000,-0.2625,0.7214,0.0034,0.7080,0.38,0.28,0.38,135715,137258,124928
40115232,0.3325,-0.6825,-0.2100,0.7213,0.0038,0.7081,0.38,0.28,0.37,135715,137260,124933
40135744,0.0525,-0.6825,-0.1925,0.7213,0.0038,0.7083,0.38,0.28,0.38,135720,137260,124915
40155272,0.3500,-0.8400,-0.2625,0.7211,0.0034,0.7086,0.38,0.28,0.38,135726,137266,124912
40174804,0.2450,-0.7350,-0.3325,0.7213,0.0028,0.7087,0.38,0.28,0.38,135727,137279,124905
40205080,-0.1050,-0.7175,-0.3850,0.7213,0.0021,0.7085,0.38,0.28,0.38,135724,137262,124896
40225584,0.5075,-0.7350,-0.3500,0.7214,0.0017,0.7085,0.38,0.28,0.38,135732,137267,124908
40245116,0.3150,-0.6475,-0.4025,0.7215,0.0020,0.7082,0.38,0.28,0.38,135719,137256,124928
40265624,0.2625,-0.6825,-0.3500,0.7215,0.0024,0.7080,0.38,0.28,0.38,135716,137246,124925
40285156,0.4900,-0.5950,-0.3150,0.7215,0.0028,0.7080,0.38,0.28,0.38,135718,137258,124925
40305664,1.0325,-0.6825,-0.2975,0.7215,0.0029,0.7083,0.38,0.28,0.38,135725,137264,124915
40325196,0.6825,-0.7350,-0.3500,0.7214,0.0032,0.7085,0.38,0.28,0.38,135725,137256,124899
40345704,0.0000,-0.7000,-0.2275,0.7213,0.0040,0.7086,0.38,0.28,0.38,135717,137259,124926
40365232,-0.3150,-0.7000,-0.1925,0.7214,0.0044,0.7086,0.38,0.28,0.38,135714,137256,124917
40385744,0.0700,-0.7350,-0.2275,0.7213,0.0045,0.7086,0.38,0.28,0.38,135727,137255,124919
40405272,0.6300,-0.6475,-0.1400,0.7213,0.0045,0.7085,0.38,0.28,0.38,135719,137264,124912
40424804,0.6300,-0.6650,-0.1575,0.7213,0.0043,0.7082,0.38,0.28,0.38,135726,137268,124907
40445312,0.2975,-0.6825,-0.2625,0.7213,0.0035,0.7081,0.38,0.28,0.38,135721,137255,124919
40464844,0.4375,-0.7175,-0.2975,0.7213,0.0028,0.7081,0.38,0.28,0.37,135718,137246,124933
40485352,0.6475,-0.6825,-0.3500,0.7213,0.0024,0.7081,0.38,0.28,0.37,135719,137255,124937
40504880,0.6650,-0.7175,-0.3325,0.7213,0.0022,0.7081,0.38,0.28,0.38,135723,137266,124922
40525392,0.6125,-0.6825,-0.3500,0.7213,0.0024,0.7082,0.38,0.28,0.38,135721,137262,124917
40544920,0.1925,-0.7175,-0.3325,0.7213,0.0027,0.7083,0.38,0.28,0.37,135724,137249,124929
40565428,0.5425,-0.7700,-0.3325,0.7213,0.0031,0.7086,0.38,0.28,0.37,135718,137261,124929
40584960,0.4375,-0.7175,-0.3150,0.7213,0.0034,0.7086,0.38,0.28,0.37,135717,137266,124933
40605468,0.1225,-0.7525,-0.2450,0.7213,0.0038,0.7085,0.38,0.28,0.38,135724,137264,124915
40625000,-0.1400,-0.7525,-0.2975,0.7213,0.0037,0.7085,0.38,0.28,0.38,135724,137263,124919
40645508,0.3150,-0.7875,-0.3500,0.7213,0.0033,0.7086,0.38,0.28,0.38,135719,137269,124924
40665040,0.7000,-0.7175,-0.2975,0.7213,0.0032,0.7083,0.38,0.28,0.37,135717,137260,124946
40685544,0.6825,-0.6125,-0.2975,0.7213,0.0037,0.7080,0.38,0.28,0.38,135721,137269,124926
40705080,0.6650,-0.6475,-0.2800,0.7213,0.0039,0.7080,0.38,0.28,0.38,135725,137276,124917
40725584,0.4375,-0.6825,-0.2625,0.7213,0.0041,0.7083,0.38,0.28,0.38,135731,137267,124916
40745116,0.4025,-0.7175,-0.2975,0.7213,0.0041,0.7083,0.38,0.28,0.37,135723,137265,124942
40765624,-0.4375,-0.7000,-0.2800,0.7214,0.0043,0.7083,0.38,0.28,0.37,135720,137264,124943
40785156,0.1225,-0.7000,-0.2275,0.7214,0.0043,0.7085,0.38,0.28,0.38,135716,137254,124920
40805664,0.1225,-0.7175,-0.2450,0.7214,0.0044,0.7082,0.38,0.28,0.38,135724,137263,124919
40825196,0.3850,-0.5950,-0.2100,0.7214,0.0043,0.7081,0.38,0.28,0.38,135725,137270,124917
40845704,0.8400,-0.6475,-0.2450,0.7215,0.0038,0.7083,0.38,0.28,0.37,135716,137252,124941
40865232,0.9275,-0.7175,-0.2975,0.7214,0.0033,0.7087,0.38,0.28,0.37,135712,137257,124934
40885744,0.2450,-0.7700,-0.3500,0.7214,0.0032,0.7088,0.38,0.28,0.37,135721,137261,124934
40905272,-1.1200,-0.8050,-0.4725,0.7215,0.0029,0.7085,0.38,0.28,0.38,135726,137263,124921
40924804,-0.7350,-0.6825,-0.4725,0.7215,0.0027,0.7083,0.38,0.28,0.38,135725,137263,124908
40945312,0.5600,-0.6825,-0.4200,0.7215,0.0027,0.7082,0.38,0.28,0.38,135717,137262,124925
40964844,1.5225,-0.6475,-0.3850,0.7215,0.0031,0.7081,0.38,0.28,0.37,135716,137266,124933
40985352,0.9275,-0.6300,-0.3150,0.7215,0.0040,0.7078,0.38,0.28,0.37,135721,137263,124937
41004880,0.0000,-0.7175,-0.2275,0.7215,0.0048,0.7078,0.38,0.28,0.38,135724,137263,124919
41025392,0.0700,-0.8050,-0.1750,0.7214,0.0049,0.7085,0.38,0.28,0.38,135723,137268,124912
41044920,0.5600,-0.7875,-0.1925,0.7214,0.0050,0.7088,0.38,0.28,0.37,135719,137268,124930
41065428,0.0700,-0.7875,-0.1750,0.7214,0.0052,0.7085,0.38,0.28,0.37,135715,137265,124942
41084960,-0.7175,-0.7700,-0.1575,0.7215,0.0054,0.7080,0.38,0.28,0.38,135717,137267,124924
41105468,-0.2450,-0.6825,-0.1575,0.7215,0.0046,0.7076,0.38,0.28,0.38,135723,137271,124919
41125000,0.5950,-0.5950,-0.2275,0.7215,0.0034,0.7075,0.38,0.28,0.38,135727,137273,124918
41145508,1.3825,-0.5950,-0.2975,0.7216,0.0027,0.7074,0.38,0.28,0.38,135717,137272,124920
41165040,0.7700,-0.6300,-0.3325,0.7216,0.0027,0.7074,0.38,0.28,0.37,135717,137265,124934
41185544,0.2800,-0.6125,-0.4025,0.7215,0.0031,0.7076,0.38,0.28,0.38,135728,137268,124915
41215820,0.0700,-0.7350,-0.3850,0.7215,0.0031,0.7083,0.38,0.28,0.38,135718,137270,124922
41236328,0.5950,-0.7000,-0.3325,0.7214,0.0033,0.7088,0.38,0.28,0.37,135718,137267,124929
41255860,0.0350,-0.7000,-0.3150,0.7214,0.0037,0.7086,0.38,0.28,0.38,135731,137272,124909
41276368,-0.5600,-0.7525,-0.3325,0.7214,0.0041,0.7083,0.38,0.28,0.38,135722,137274,124928
41295896,-0.0875,-0.7000,-0.3150,0.7215,0.0039,0.7083,0.38,0.28,0.38,135716,137276,124922
41316408,0.6125,-0.8050,-0.3150,0.7215,0.0038,0.7083,0.38,0.28,0.37,135716,137261,124934
41335936,0.6650,-0.7000,-0.2975,0.7215,0.0039,0.7081,0.38,0.28,0.38,135717,137265,124919
41356444,0.1400,-0.5950,-0.2625,0.7216,0.0043,0.7078,0.38,0.28,0.38,135725,137272,124917
41375976,0.1925,-0.7000,-0.3325,0.7216,0.0044,0.7080,0.38,0.28,0.38,135725,137273,124926
41396484,0.1050,-0.6475,-0.2100,0.7215,0.0044,0.7081,0.38,0.28,0.38,135718,137254,124928
41416016,0.3675,-0.6825,-0.2450,0.7215,0.0043,0.7081,0.38,0.28,0.38,135720,137262,124925
41436524,0.2450,-0.6650,-0.2800,0.7214,0.0044,0.7078,0.38,0.28,0.38,135724,137262,124922
41456056,0.1400,-0.6825,-0.2275,0.7214,0.0044,0.7078,0.38,0.28,0.38,135733,137270,124920
41476560,0.4200,-0.6300,-0.2100,0.7214,0.0044,0.7081,0.38,0.28,0.38,135722,137269,124916
41496092,0.3675,-0.5950,-0.2450,0.7215,0.0043,0.7082,0.38,0.28,0.37,135715,137265,124929
41516600,0.4025,-0.7175,-0.2275,0.7214,0.0039,0.7083,0.38,0.28,0.38,135715,137265,124921
41536132,0.1225,-0.6825,-0.3675,0.7214,0.0033,0.7086,0.38,0.28,0.37,135728,137265,124929
41556640,0.0700,-0.7175,-0.3500,0.7214,0.0027,0.7085,0.38,0.28,0.38,135724,137276,124917
41576172,-0.4375,-0.7175,-0.4375,0.7214,0.0022,0.7083,0.38,0.28,0.38,135720,137265,124926
41596680,-0.3500,-0.7175,-0.4725,0.7214,0.0020,0.7081,0.38,0.28,0.37,135720,137261,124937
41616208,0.5425,-0.6475,-0.4900,0.7215,0.0020,0.7080,0.38,0.28,0.37,135718,137255,124934
41636720,1.0150,-0.5775,-0.4200,0.7214,0.0027,0.7081,0.38,0.28,0.38,135718,137268,124920
41656248,1.0850,-0.6650,-0.3150,0.7214,0.0035,0.7081,0.38,0.28,0.38,135723,137266,124917
41676756,0.1925,-0.7000,-0.3150,0.7214,0.0043,0.7083,0.38,0.28,0.38,135720,137260,124928
41696288,-0.4375,-0.7175,-0.2800,0.7215,0.0049,0.7087,0.38,0.28,0.38,135715,137248,124925
41715820,-0.1050,-0.7875,-0.2975,0.7215,0.0049,0.7087,0.38,0.28,0.37,135720,137252,124936
41736328,0.0700,-0.7350,-0.1750,0.7215,0.0050,0.7085,0.38,0.28,0.38,135722,137255,124921
41755860,0.3325,-0.7175,-0.2100,0.7215,0.0049,0.7081,0.38,0.28,0.38,135723,137266,124912
41776368,0.5775,-0.6475,-0.2100,0.7215,0.0044,0.7076,0.38,0.28,0.38,135716,137263,124926
41795896,0.9975,-0.5250,-0.2625,0.7216,0.0037,0.7074,0.38,0.28,0.38,135718,137257,124926
41816408,1.3300,-0.5950,-0.2450,0.7215,0.0031,0.7076,0.38,0.28,0.38,135715,137251,124926
41835936,0.8750,-0.5775,-0.3325,0.7215,0.0029,0.7076,0.38,0.28,0.38,135728,137272,124928
41856444,0.4725,-0.6125,-0.3150,0.7215,0.0029,0.7080,0.38,0.28,0.38,135725,137264,124915
41875976,0.5600,-0.7000,-0.4200,0.7215,0.0029,0.7086,0.38,0.28,0.38,135721,137267,124926
41896484,0.5250,-0.7350,-0.3500,0.7214,0.0032,0.7089,0.38,0.28,0.37,135718,137260,124930
41916016,-0.0350,-0.7525,-0.3675,0.7214,0.0038,0.7089,0.38,0.28,0.37,135714,137256,124949
41936524,-0.6125,-0.8400,-0.3675,0.7214,0.0041,0.7091,0.38,0.28,0.38,135725,137259,124921
41956056,-0.2100,-0.7875,-0.3150,0.7214,0.0040,0.7087,0.38,0.28,0.37,135728,137273,124931
41976560,0.0525,-0.7175,-0.2625,0.7215,0.0040,0.7083,0.38,0.28,0.38,135721,137266,124928
41996092,0.7700,-0.7350,-0.2800,0.7215,0.0039,0.7082,0.38,0.28,0.37,135708,137258,124933
42016600,0.8750,-0.7000,-0.2450,0.7215,0.0040,0.7081,0.38,0.28,0.37,135719,137260,124933
42036132,0.4200,-0.5950,-0.2800,0.7215,0.0041,0.7078,0.38,0.28,0.38,135719,137257,124924
42056640,0.3325,-0.5950,-0.3150,0.7214,0.0039,0.7078,0.38,0.28,0.38,135726,137268,124915
42076172,1.0150,-0.5950,-0.3150,0.7214,0.0034,0.7081,0.38,0.28,0.38,135721,137270,124920
42096680,0.9625,-0.6650,-0.3150,0.7213,0.0034,0.7080,0.38,0.28,0.37,135716,137257,124942
42116208,0.3675,-0.7000,-0.3850,0.7213,0.0040,0.7077,0.38,0.28,0.37,135715,137253,124939
42136720,0.0350,-0.6650,-0.3500,0.7211,0.0044,0.7078,0.38,0.28,0.37,135713,137261,124932
42156248,0.4025,-0.7525,-0.2975,0.7213,0.0048,0.7086,0.38,0.28,0.38,135729,137267,124924
42176756,0.4725,-0.7525,-0.2450,0.7211,0.0046,0.7089,0.38,0.28,0.38,135717,137273,124926
42196288,-0.1225,-0.7350,-0.2800,0.7213,0.0045,0.7091,0.38,0.28,0.38,135718,137266,124928
42226560,-0.4550,-0.7700,-0.3675,0.7213,0.0037,0.7086,0.38,0.28,0.38,135727,137255,124913
42246092,0.1050,-0.7700,-0.4375,0.7213,0.0029,0.7085,0.38,0.28,0.37,135716,137262,124943
42266600,0.7000,-0.6300,-0.4200,0.7213,0.0026,0.7082,0.38,0.28,0.37,135714,137256,124938
42286132,0.6300,-0.6300,-0.4200,0.7213,0.0029,0.7081,0.38,0.28,0.37,135722,137264,124933
42306640,0.6300,-0.6825,-0.4375,0.7213,0.0034,0.7086,0.38,0.28,0.38,135723,137265,124921
42326172,0.5600,-0.7000,-0.3325,0.7213,0.0041,0.7088,0.38,0.28,0.38,135719,137261,124924
42346680,-0.3325,-0.7175,-0.3500,0.7213,0.0049,0.7088,0.38,0.28,0.37,135711,137254,124933
42366208,-0.7875,-0.7525,-0.3325,0.7213,0.0051,0.7087,0.38,0.28,0.37,135713,137243,124934
42386720,-0.1225,-0.7175,-0.2450,0.7213,0.0051,0.7083,0.38,0.28,0.37,135725,137247,124929
42406248,0.5600,-0.6825,-0.2275,0.7213,0.0050,0.7078,0.38,0.28,0.38,135732,137262,124915
42426756,0.7525,-0.6125,-0.1750,0.7213,0.0049,0.7072,0.38,0.28,0.37,135716,137264,124930
42446288,0.9800,-0.5425,-0.2450,0.7214,0.0045,0.7072,0.38,0.28,0.37,135720,137262,124935
42465820,1.1200,-0.5250,-0.2800,0.7214,0.0041,0.7075,0.38,0.28,0.37,135718,137254,124943
42486328,0.8750,-0.5775,-0.2975,0.7214,0.0038,0.7081,0.38,0.28,0.38,135727,137264,124928
42505860,-0.0350,-0.7175,-0.4200,0.7214,0.0038,0.7086,0.38,0.28,0.37,135722,137278,124930
42526368,-0.1925,-0.6825,-0.4025,0.7214,0.0039,0.7087,0.38,0.28,0.37,135723,137261,124932
42545896,-0.3675,-0.7000,-0.3675,0.7213,0.0039,0.7088,0.38,0.28,0.37,135717,137256,124930
42566408,0.0350,-0.7000,-0.3675,0.7213,0.0039,0.7088,0.38,0.28,0.37,135711,137256,124946
42585936,0.4025,-0.7525,-0.3325,0.7213,0.0040,0.7087,0.38,0.28,0.37,135725,137255,124934
42606444,0.5775,-0.7700,-0.3325,0.7213,0.0041,0.7086,0.38,0.28,0.38,135727,137254,124920
42625976,0.1225,-0.7350,-0.2275,0.7213,0.0048,0.7085,0.38,0.28,0.38,135714,137266,124920
42646484,0.1400,-0.7350,-0.2625,0.7211,0.0049,0.7086,0.38,0.28,0.37,135721,137251,124937
42666016,0.1575,-0.7350,-0.2275,0.7213,0.0048,0.7088,0.38,0.28,0.37,135710,137254,124938
42686524,0.0525,-0.7525,-0.2450,0.7211,0.0046,0.7089,0.38,0.28,0.37,135727,137257,124929
42706056,-0.1575,-0.7000,-0.2625,0.7211,0.0046,0.7088,0.38,0.28,0.38,135727,137265,124906
42726560,-0.1925,-0.7525,-0.3325,0.7211,0.0041,0.7085,0.38,0.28,0.38,135725,137278,124928
42746092,0.3150,-0.7000,-0.2975,0.7213,0.0038,0.7082,0.38,0.28,0.37,135714,137251,124934
42766600,0.4200,-0.5950,-0.3150,0.7213,0.0037,0.7080,0.38,0.28,0.37,135715,137248,124936
42786132,0.5950,-0.6125,-0.2800,0.7211,0.0037,0.7077,0.38,0.28,0.38,135718,137262,124922
42806640,0.4900,-0.6300,-0.2800,0.7213,0.0039,0.7076,0.38,0.28,0.38,135722,137267,124924
42826172,0.5425,-0.6475,-0.2625,0.7211,0.0040,0.7078,0.38,0.28,0.38,135727,137267,124924
42846680,0.6300,-0.7525,-0.2450,0.7213,0.0040,0.7086,0.38,0.28,0.37,135711,137256,124949
42866208,0.2975,-0.7525,-0.3150,0.7211,0.0039,0.7088,0.38,0.28,0.37,135709,137263,124937
42886720,-0.3675,-0.7875,-0.3325,0.7211,0.0037,0.7089,0.38,0.28,0.37,135725,137260,124930
42906248,-0.5250,-0.7700,-0.4200,0.7213,0.0034,0.7088,0.38,0.28,0.38,135727,137264,124925
42926756,-0.4200,-0.7175,-0.3675,0.7213,0.0032,0.7086,0.38,0.28,0.37,135722,137251,124932
42946288,0.0875,-0.7525,-0.3500,0.7213,0.0032,0.7082,0.38,0.28,0.37,135718,137251,124937
42965820,0.4550,-0.6825,-0.2975,0.7213,0.0034,0.7081,0.38,0.28,0.37,135717,137251,124939
42986328,0.4900,-0.7700,-0.3150,0.7213,0.0039,0.7082,0.38,0.28,0.37,135721,137261,124929
43005860,0.7000,-0.7000,-0.2625,0.7213,0.0040,0.7085,0.38,0.28,0.38,135727,137263,124919
43026368,0.3500,-0.7350,-0.2275,0.7213,0.0043,0.7086,0.38,0.28,0.38,135723,137260,124925
43045896,-0.0875,-0.7700,-0.2975,0.7214,0.0044,0.7083,0.38,0.28,0.37,135718,137251,124937
43066408,-0.2625,-0.7175,-0.2275,0.7213,0.0046,0.7083,0.38,0.28,0.38,135718,137252,124928
43085936,0.4725,-0.7525,-0.1925,0.7214,0.0044,0.7082,0.38,0.28,0.37,135725,137256,124933
43106444,0.7000,-0.7525,-0.1925,0.7214,0.0041,0.7078,0.38,0.28,0.38,135730,137272,124928
43125976,0.7175,-0.6300,-0.2450,0.7214,0.0037,0.7076,0.38,0.28,0.38,135722,137254,124910
43146484,0.7000,-0.6475,-0.3150,0.7214,0.0032,0.7075,0.38,0.28,0.37,135717,137250,124938
43166016,0.3500,-0.5775,-0.3325,0.7214,0.0028,0.7076,0.38,0.28,0.37,135717,137263,124939
43186524,0.2800,-0.7000,-0.3850,0.7214,0.0029,0.7081,0.38,0.28,0.37,135722,137260,124936
43206056,0.0350,-0.6825,-0.4025,0.7214,0.0032,0.7082,0.38,0.28,0.38,135722,137260,124920
43236328,0.0000,-0.7700,-0.3500,0.7214,0.0034,0.7085,0.38,0.28,0.37,135721,137264,124930
43255860,0.4025,-0.6650,-0.3500,0.7214,0.0034,0.7085,0.38,0.28,0.38,135725,137262,124915
43276368,0.4025,-0.6475,-0.3150,0.7215,0.0035,0.7082,0.38,0.28,0.38,135725,137258,124917
43295896,0.3850,-0.6300,-0.3150,0.7215,0.0038,0.7082,0.38,0.28,0.37,135715,137259,124934
43316408,0.0700,-0.7525,-0.3500,0.7214,0.0041,0.7082,0.38,0.28,0.37,135720,137257,124937
43335936,0.0525,-0.7000,-0.2975,0.7214,0.0041,0.7083,0.38,0.28,0.38,135721,137257,124926
43356444,0.2100,-0.7000,-0.3500,0.7214,0.0041,0.7083,0.38,0.28,0.38,135724,137266,124925
43375976,0.2800,-0.6650,-0.2275,0.7214,0.0041,0.7082,0.38,0.28,0.37,135719,137262,124930
43396484,0.1575,-0.6825,-0.2275,0.7214,0.0043,0.7082,0.38,0.28,0.37,135715,137264,124935
43416016,-0.0700,-0.7000,-0.2275,0.7214,0.0043,0.7080,0.38,0.28,0.37,135713,137251,124950
43436524,0.5075,-0.5950,-0.2625,0.7214,0.0038,0.7078,0.38,0.28,0.38,135720,137254,124928
43456056,0.9450,-0.5600,-0.2975,0.7214,0.0037,0.7080,0.38,0.28,0.38,135716,137260,124909
43476560,0.8750,-0.6650,-0.2800,0.7214,0.0040,0.7081,0.38,0.28,0.38,135716,137260,124928
43496092,0.0350,-0.6825,-0.2275,0.7214,0.0046,0.7081,0.38,0.28,0.37,135720,137269,124937
43516600,-0.1925,-0.7175,-0.1750,0.7214,0.0046,0.7086,0.38,0.28,0.37,135717,137251,124942
43536132,0.1925,-0.8050,-0.2625,0.7213,0.0035,0.7091,0.38,0.28,0.38,135714,137256,124920
43556640,-0.0350,-0.7700,-0.3500,0.7213,0.0031,0.7088,0.38,0.28,0.38,135731,137267,124921
43576172,-0.2100,-0.7175,-0.4025,0.7213,0.0027,0.7085,0.38,0.28,0.38,135721,137263,124921
43596680,0.0700,-0.7175,-0.4550,0.7213,0.0024,0.7082,0.38,0.28,0.38,135712,137260,124925
43616208,0.6475,-0.7175,-0.4200,0.7213,0.0024,0.7080,0.38,0.28,0.37,135716,137258,124933
43636720,1.1900,-0.6125,-0.4375,0.7214,0.0027,0.7078,0.38,0.28,0.38,135722,137259,124921
43656248,0.9100,-0.7175,-0.2450,0.7214,0.0039,0.7081,0.38,0.28,0.38,135720,137272,124925
43676756,0.0700,-0.7175,-0.2975,0.7213,0.0046,0.7085,0.38,0.28,0.38,135719,137260,124922
43696288,-0.4375,-0.7350,-0.2450,0.7213,0.0050,0.7088,0.38,0.28,0.37,135720,137256,124946
43715820,-0.4200,-0.8050,-0.2450,0.7213,0.0048,0.7088,0.38,0.28,0.37,135712,137258,124941
43736328,-0.0700,-0.7525,-0.2450,0.7213,0.0046,0.7088,0.38,0.28,0.37,135718,137264,124935
43755860,0.3325,-0.7700,-0.2450,0.7213,0.0045,0.7083,0.38,0.28,0.38,135723,137270,124925
43776368,0.2625,-0.6825,-0.1925,0.7213,0.0043,0.7077,0.38,0.28,0.38,135718,137259,124919
43795896,0.5950,-0.6650,-0.2100,0.7214,0.0037,0.7076,0.38,0.28,0.38,135715,137258,124925
43816408,1.0150,-0.6650,-0.3150,0.7213,0.0032,0.7076,0.38,0.28,0.37,135714,137271,124934
43835936,0.8050,-0.6650,-0.2800,0.7213,0.0029,0.7076,0.38,0.28,0.38,135722,137262,124928
43856444,0.5600,-0.7350,-0.3150,0.7213,0.0028,0.7078,0.38,0.28,0.38,135722,137269,124916
43875976,0.5600,-0.6475,-0.3150,0.7213,0.0027,0.7083,0.38,0.28,0.38,135723,137280,124920
43896484,0.0175,-0.7000,-0.4025,0.7213,0.0031,0.7086,0.38,0.28,0.37,135718,137248,124938
43916016,-0.4025,-0.7350,-0.3850,0.7213,0.0033,0.7086,0.38,0.28,0.38,135714,137247,124924
43936524,0.1750,-0.7000,-0.3675,0.7213,0.0032,0.7088,0.38,0.28,0.38,135725,137261,124924
43956056,0.8225,-0.7175,-0.3150,0.7213,0.0032,0.7088,0.38,0.28,0.38,135731,137255,124921
43976560,0.7175,-0.7175,-0.3500,0.7213,0.0034,0.7083,0.38,0.28,0.37,135719,137265,124932
43996092,-0.1050,-0.6475,-0.3500,0.7210,0.0039,0.7078,0.38,0.28,0.38,135717,137262,124928
44016600,0.6825,-0.6300,-0.3850,0.7210,0.0037,0.7082,0.38,0.28,0.37,135712,137268,124930
44036132,1.0850,-0.6475,-0.3150,0.7211,0.0037,0.7083,0.38,0.28,0.38,135720,137274,124925
44056640,0.3325,-0.6475,-0.2625,0.7209,0.0041,0.7083,0.38,0.28,0.38,135721,137277,124924
44076172,-0.1400,-0.7000,-0.2975,0.7208,0.0045,0.7086,0.38,0.28,0.38,135718,137277,124924
44096680,0.0350,-0.7525,-0.2625,0.7208,0.0045,0.7088,0.38,0.28,0.37,135713,137258,124946
44116208,0.2100,-0.6300,-0.2275,0.7204,0.0043,0.7089,0.38,0.28,0.37,135716,137252,124938
44136720,0.1225,-0.6300,-0.2800,0.7207,0.0041,0.7087,0.38,0.28,0.38,135726,137274,124917
44156248,0.2450,-0.6650,-0.3325,0.7210,0.0041,0.7086,0.38,0.28,0.38,135722,137266,124922
44176756,0.7700,-0.6300,-0.2800,0.7215,0.0040,0.7085,0.38,0.28,0.37,135718,137274,124943
44196288,0.8750,-0.7000,-0.2800,0.7216,0.0041,0.7085,0.38,0.28,0.37,135719,137270,124941
44215820,0.2625,-0.6825,-0.2625,0.7215,0.0041,0.7086,0.38,0.28,0.37,135717,137254,124941
44246092,-0.6650,-0.7350,-0.3500,0.7215,0.0035,0.7087,0.38,0.28,0.38,135713,137253,124926
44266600,-0.5425,-0.7525,-0.4200,0.7215,0.0032,0.7087,0.38,0.28,0.37,135711,137252,124930
44286132,-0.0525,-0.7350,-0.4200,0.7215,0.0029,0.7085,0.38,0.28,0.38,135724,137252,124915
44306640,0.3500,-0.6300,-0.3500,0.7214,0.0033,0.7082,0.38,0.28,0.38,135718,137257,124913
44326172,0.6475,-0.7175,-0.3150,0.7214,0.0035,0.7080,0.38,0.28,0.37,135722,137264,124930
44346680,0.8400,-0.6475,-0.2625,0.7214,0.0039,0.7081,0.38,0.28,0.37,135716,137262,124943
44366208,0.7700,-0.7000,-0.2625,0.7214,0.0041,0.7081,0.38,0.28,0.37,135718,137250,124930
44386720,0.5775,-0.6475,-0.2450,0.7214,0.0045,0.7082,0.38,0.28,0.37,135724,137259,124932
44406248,0.1750,-0.6650,-0.1925,0.7213,0.0049,0.7081,0.38,0.28,0.38,135726,137267,124924
44426756,0.1575,-0.6825,-0.2275,0.7214,0.0049,0.7080,0.38,0.28,0.37,135717,137272,124930
44446288,0.2275,-0.6475,-0.2275,0.7214,0.0048,0.7081,0.38,0.28,0.37,135711,137257,124939
44465820,0.7000,-0.6300,-0.2100,0.7214,0.0043,0.7085,0.38,0.28,0.37,135715,137248,124933
44486328,0.2975,-0.7175,-0.2800,0.7214,0.0039,0.7086,0.38,0.28,0.37,135719,137263,124932
44505860,-0.0350,-0.7000,-0.3500,0.7213,0.0037,0.7085,0.38,0.28,0.37,135726,137271,124929
44526368,-0.0875,-0.8050,-0.3500,0.7213,0.0032,0.7083,0.38,0.28,0.38,135723,137264,124909
44545896,0.3675,-0.7000,-0.3850,0.7214,0.0029,0.7083,0.38,0.28,0.37,135716,137255,124929
44566408,0.4900,-0.7525,-0.4375,0.7214,0.0032,0.7083,0.38,0.28,0.38,135716,137257,124926
44585936,0.4025,-0.7700,-0.3325,0.7214,0.0034,0.7083,0.38,0.28,0.38,135723,137271,124919
44606444,0.2975,-0.6650,-0.3325,0.7215,0.0039,0.7083,0.38,0.28,0.38,135726,137263,124906
44625976,0.1050,-0.7000,-0.2275,0.7215,0.0041,0.7085,0.38,0.28,0.37,135722,137271,124929
44646484,-0.0525,-0.7525,-0.3150,0.7215,0.0044,0.7085,0.38,0.28,0.37,135709,137258,124930
44666016,-0.1925,-0.7000,-0.3325,0.7215,0.0043,0.7083,0.38,0.28,0.38,135714,137259,124926
44686524,0.3850,-0.7525,-0.3150,0.7215,0.0041,0.7085,0.38,0.28,0.38,135719,137251,124919
44706056,0.5600,-0.7000,-0.2450,0.7214,0.0044,0.7083,0.38,0.28,0.38,135716,137270,124928
44726560,0.1050,-0.6300,-0.2625,0.7215,0.0045,0.7081,0.38,0.28,0.38,135720,137261,124924
44746092,-0.0175,-0.6825,-0.2625,0.7215,0.0045,0.7080,0.38,0.28,0.37,135714,137258,124930
44766600,0.5075,-0.7000,-0.2450,0.7214,0.0041,0.7080,0.38,0.28,0.37,135719,137259,124945
44786132,1.1900,-0.6475,-0.2975,0.7213,0.0039,0.7081,0.38,0.28,0.38,135721,137275,124921
44806640,0.7350,-0.5950,-0.2800,0.7215,0.0039,0.7078,0.38,0.28,0.38,135728,137276,124907
44826172,0.0000,-0.6475,-0.2800,0.7214,0.0044,0.7078,0.38,0.28,0.37,135722,137271,124929
44846680,0.4200,-0.6475,-0.2800,0.7214,0.0044,0.7081,0.38,0.28,0.37,135714,137264,124935
44866208,0.6650,-0.7000,-0.2800,0.7214,0.0043,0.7083,0.38,0.28,0.38,135712,137273,124924
44886720,0.3850,-0.7175,-0.2800,0.7213,0.0041,0.7085,0.38,0.28,0.38,135722,137270,124915
44906248,0.1050,-0.7525,-0.3500,0.7213,0.0037,0.7086,0.38,0.28,0.38,135718,137274,124917
44926756,-0.0525,-0.7525,-0.4550,0.7214,0.0029,0.7087,0.38,0.28,0.38,135721,137267,124926
44946288,-0.0350,-0.7350,-0.4725,0.7214,0.0028,0.7086,0.38,0.28,0.38,135705,137263,124916
44965820,0.0175,-0.7175,-0.4900,0.7214,0.0031,0.7083,0.38,0.28,0.38,135713,137261,124924
44986328,0.3675,-0.6650,-0.3500,0.7215,0.0034,0.7081,0.38,0.28,0.38,135715,137264,124917
45005860,0.6650,-0.6300,-0.3675,0.7215,0.0039,0.7082,0.38,0.28,0.38,135724,137263,124926
45026368,0.7175,-0.7000,-0.2975,0.7214,0.0046,0.7085,0.38,0.28,0.37,135727,137269,124932
45045896,0.4725,-0.7700,-0.2450,0.7214,0.0052,0.7087,0.38,0.28,0.37,135715,137262,124943
45066408,0.1050,-0.7350,-0.2100,0.7213,0.0057,0.7088,0.38,0.28,0.37,135714,137256,124941
45085936,-0.1400,-0.7000,-0.2275,0.7213,0.0059,0.7087,0.38,0.28,0.38,135720,137264,124925
45106444,-0.3150,-0.7700,-0.1750,0.7211,0.0059,0.7086,0.38,0.28,0.38,135721,137275,124905
45125976,0.0175,-0.7350,-0.2450,0.7210,0.0054,0.7083,0.38,0.28,0.38,135723,137278,124917
45146484,0.6125,-0.6475,-0.1925,0.7210,0.0041,0.7078,0.38,0.28,0.37,135721,137262,124930
45166016,0.9625,-0.5600,-0.2625,0.7211,0.0035,0.7074,0.38,0.28,0.37,135717,137262,124933
45186524,1.0500,-0.4900,-0.3150,0.7214,0.0032,0.7074,0.38,0.28,0.37,135720,137270,124930
45206056,1.0150,-0.5950,-0.3500,0.7214,0.0031,0.7076,0.38,0.28,0.38,135729,137272,124922
45226560,0.8925,-0.6125,-0.4200,0.7214,0.0033,0.7081,0.38,0.28,0.37,135715,137286,124938
45256836,0.0525,-0.7525,-0.3150,0.7213,0.0041,0.7088,0.38,0.28,0.38,135727,137269,124924
45277344,-0.3675,-0.8225,-0.3325,0.7211,0.0045,0.7091,0.38,0.28,0.38,135716,137267,124924
45296876,-0.5950,-0.7175,-0.3325,0.7211,0.0046,0.7091,0.38,0.28,0.37,135712,137260,124949
45317384,-0.0700,-0.7700,-0.3675,0.7210,0.0044,0.7091,0.38,0.28,0.38,135716,137263,124926
45336912,0.0000,-0.6825,-0.2975,0.7207,0.0043,0.7089,0.38,0.28,0.38,135714,137264,124922
45357420,0.1925,-0.6825,-0.3500,0.7205,0.0043,0.7083,0.38,0.28,0.38,135723,137263,124913
45376952,0.5950,-0.6300,-0.3500,0.7208,0.0040,0.7082,0.38,0.28,0.37,135717,137268,124933
45397460,0.7350,-0.6300,-0.3150,0.7210,0.0039,0.7082,0.38,0.28,0.37,135709,137260,124943
45416992,0.6475,-0.6125,-0.4025,0.7211,0.0041,0.7082,0.38,0.28,0.37,135716,137247,124934
45437500,0.2625,-0.7000,-0.3850,0.7213,0.0045,0.7083,0.38,0.28,0.38,135717,137266,124920
45457032,0.2100,-0.7700,-0.2625,0.7215,0.0048,0.7083,0.38,0.28,0.38,135719,137269,124916
45477540,-0.4550,-0.6475,-0.3850,0.7215,0.0048,0.7078,0.38,0.28,0.38,135718,137256,124928
45497072,0.1225,-0.6300,-0.3325,0.7215,0.0045,0.7078,0.38,0.28,0.37,135710,137266,124941
45517576,0.7350,-0.6650,-0.2975,0.7215,0.0046,0.7078,0.38,0.28,0.37,135708,137268,124948
45537108,0.9625,-0.7700,-0.2450,0.7215,0.0048,0.7081,0.38,0.28,0.38,135720,137271,124919
45557616,0.5600,-0.6650,-0.2625,0.7215,0.0046,0.7083,0.38,0.28,0.38,135722,137272,124922
45577148,0.3150,-0.6825,-0.2975,0.7219,0.0043,0.7087,0.38,0.28,0.37,135717,137271,124942
45597656,-0.4725,-0.7350,-0.3850,0.7218,0.0039,0.7088,0.38,0.28,0.38,135709,137256,124928
45617188,-0.9975,-0.8225,-0.4025,0.7214,0.0037,0.7086,0.38,0.28,0.37,135715,137263,124939
45637696,-0.3500,-0.7175,-0.4725,0.7213,0.0034,0.7083,0.38,0.28,0.38,135716,137262,124915
45657224,0.8750,-0.6650,-0.3675,0.7213,0.0033,0.7082,0.38,0.28,0.38,135726,137278,124909
45677736,1.2775,-0.5600,-0.3675,0.7213,0.0037,0.7081,0.38,0.28,0.38,135722,137267,124926
45697264,0.8575,-0.5950,-0.2975,0.7213,0.0043,0.7081,0.38,0.28,0.37,135719,137257,124932
45716796,0.3675,-0.7525,-0.2975,0.7211,0.0048,0.7091,0.38,0.28,0.37,135708,137255,124939
45737304,-0.2275,-0.7875,-0.3325,0.7210,0.0051,0.7093,0.38,0.28,0.38,135725,137265,124916
45756836,-0.4375,-0.8575,-0.2450,0.7211,0.0054,0.7092,0.38,0.28,0.38,135721,137270,124917
45777344,-0.3500,-0.7525,-0.2275,0.7211,0.0055,0.7091,0.38,0.28,0.38,135716,137270,124915
45796876,-0.0525,-0.6825,-0.1575,0.7211,0.0052,0.7085,0.38,0.28,0.37,135711,137260,124930
45817384,0.7000,-0.7350,-0.2275,0.7213,0.0048,0.7077,0.38,0.28,0.37,135715,137253,124945
45836912,1.4175,-0.5775,-0.2100,0.7213,0.0035,0.7076,0.38,0.28,0.38,135721,137269,124919
45857420,1.2075,-0.6125,-0.3675,0.7213,0.0032,0.7075,0.38,0.28,0.37,135721,137271,124932
45876952,0.5775,-0.5425,-0.3500,0.7213,0.0032,0.7076,0.38,0.28,0.37,135723,137267,124934
45897460,0.4550,-0.5775,-0.4200,0.7213,0.0032,0.7081,0.38,0.28,0.37,135712,137257,124934
45916992,0.4025,-0.6300,-0.3675,0.7213,0.0034,0.7086,0.38,0.28,0.37,135715,137263,124939
45937500,0.0875,-0.7525,-0.3150,0.7214,0.0040,0.7092,0.38,0.28,0.38,135724,137264,124928
45957032,-0.1925,-0.7525,-0.3150,0.7214,0.0044,0.7093,0.38,0.28,0.38,135722,137271,124921
45977540,-0.3850,-0.7525,-0.3850,0.7215,0.0043,0.7091,0.38,0.28,0.37,135717,137257,124934
45997072,0.3325,-0.7000,-0.3150,0.7214,0.0041,0.7088,0.38,0.28,0.37,135714,137249,124945
46017576,0.8050,-0.7700,-0.3325,0.7214,0.0041,0.7087,0.38,0.28,0.37,135713,137258,124936
46037108,0.6125,-0.6475,-0.3325,0.7214,0.0045,0.7083,0.38,0.28,0.38,135728,137269,124919
46057616,0.3850,-0.6125,-0.2800,0.7214,0.0048,0.7083,0.38,0.28,0.38,135724,137265,124919
46077148,0.4725,-0.6650,-0.2625,0.7214,0.0045,0.7085,0.38,0.28,0.37,135719,137265,124939
46097656,0.4025,-0.6475,-0.2800,0.7214,0.0044,0.7085,0.38,0.28,0.37,135713,137269,124950
46117188,0.2800,-0.6650,-0.2800,0.7214,0.0044,0.7086,0.38,0.28,0.37,135716,137261,124934
46137696,0.1750,-0.7175,-0.2975,0.7214,0.0045,0.7085,0.38,0.28,0.38,135722,137265,124921
46157224,-0.0875,-0.6825,-0.3325,0.7214,0.0046,0.7083,0.38,0.28,0.38,135726,137269,124911
46177736,0.3675,-0.5775,-0.1750,0.7213,0.0050,0.7083,0.38,0.28,0.38,135710,137270,124912
46197264,1.0500,-0.6825,-0.2100,0.7213,0.0049,0.7083,0.38,0.28,0.37,135712,137268,124935
46216796,0.9450,-0.6825,-0.2100,0.7213,0.0049,0.7085,0.38,0.28,0.37,135708,137270,124930
46237304,0.4200,-0.7350,-0.2625,0.7213,0.0045,0.7086,0.38,0.28,0.37,135723,137265,124929
46267576,-0.3150,-0.7000,-0.3675,0.7213,0.0038,0.7087,0.38,0.28,0.38,135713,137258,124923
46287108,-0.2450,-0.7525,-0.4375,0.7214,0.0034,0.7087,0.38,0.28,0.38,135717,137263,124924
46307616,0.0000,-0.7525,-0.3675,0.7214,0.0034,0.7085,0.38,0.28,0.38,135723,137267,124924
46327148,0.4200,-0.7525,-0.4025,0.7213,0.0035,0.7083,0.38,0.28,0.38,135718,137274,124928
46347656,0.8225,-0.6650,-0.3675,0.7213,0.0037,0.7083,0.38,0.28,0.37,135712,137259,124942
46367188,0.8225,-0.6650,-0.3325,0.7213,0.0041,0.7086,0.38,0.28,0.37,135712,137259,124945
46387696,0.2100,-0.7175,-0.3675,0.7211,0.0045,0.7087,0.38,0.28,0.38,135721,137260,124925
46407224,-0.2975,-0.7700,-0.3325,0.7210,0.0049,0.7088,0.38,0.28,0.38,135726,137277,124926
46427736,-0.2275,-0.7700,-0.2975,0.7208,0.0049,0.7088,0.38,0.28,0.37,135713,137261,124929
46447264,0.0350,-0.7000,-0.3325,0.7204,0.0051,0.7087,0.38,0.28,0.37,135715,137257,124929
46466796,0.0875,-0.6475,-0.2975,0.7203,0.0049,0.7085,0.38,0.28,0.37,135715,137257,124952
46487304,0.1575,-0.6300,-0.3500,0.7205,0.0044,0.7083,0.38,0.28,0.38,135716,137264,124925
46506836,0.2800,-0.6650,-0.4025,0.7210,0.0039,0.7081,0.38,0.28,0.38,135721,137276,124920
46527344,0.5950,-0.7350,-0.3850,0.7216,0.0034,0.7077,0.38,0.28,0.37,135717,137257,124939
46546876,0.6475,-0.5775,-0.3850,0.7218,0.0035,0.7076,0.38,0.28,0.37,135711,137260,124933
46567384,0.4375,-0.6650,-0.4550,0.7215,0.0039,0.7077,0.38,0.28,0.37,135706,137261,124942
46586912,-0.0875,-0.6650,-0.4725,0.7215,0.0045,0.7078,0.38,0.28,0.37,135715,137273,124931
46607420,-0.1400,-0.6825,-0.4900,0.7218,0.0046,0.7082,0.38,0.28,0.38,135718,137259,124921
46626952,0.4725,-0.7700,-0.5250,0.7218,0.0049,0.7085,0.38,0.28,0.37,135715,137268,124933
46647460,0.1750,-0.6650,-0.6475,0.7211,0.0049,0.7083,0.38,0.28,0.37,135709,137259,124939
46666992,0.6125,-0.8400,-0.6825,0.7210,0.0045,0.7085,0.38,0.28,0.37,135707,137265,124939
46687500,-0.4200,-0.5250,-0.3325,0.7210,0.0055,0.7091,0.38,0.28,0.38,135720,137271,124921
46707032,0.0875,-0.8400,-0.2975,0.7211,0.0055,0.7086,0.38,0.28,0.38,135715,137257,124921
46727540,-0.7700,-0.5775,-0.2975,0.7214,0.0057,0.7086,0.38,0.28,0.37,135713,137261,124939
46747072,0.3675,-0.7350,-0.2800,0.7214,0.0052,0.7087,0.38,0.28,0.37,135709,137263,124937
46767576,0.7175,-0.6300,-0.2625,0.7213,0.0051,0.7085,0.38,0.28,0.37,135708,137255,124939
46787108,-0.3325,-0.6475,-0.2625,0.7213,0.0051,0.7083,0.38,0.28,0.38,135715,137255,124916
46807616,-0.0175,-0.6825,-0.2800,0.7213,0.0046,0.7085,0.38,0.28,0.38,135717,137252,124915
46827148,0.4025,-0.6825,-0.3325,0.7213,0.0043,0.7086,0.38,0.28,0.37,135708,137262,124930
46847656,0.7000,-0.6300,-0.2800,0.7213,0.0044,0.7086,0.38,0.28,0.37,135707,137253,124950
46867188,0.2625,-0.8225,-0.2450,0.7215,0.0051,0.7087,0.38,0.28,0.38,135710,137261,124926
46887696,0.0350,-0.8400,-0.2625,0.7219,0.0052,0.7091,0.38,0.28,0.38,135716,137258,124917
46907224,-0.4725,-0.8925,-0.3325,0.7218,0.0051,0.7093,0.38,0.28,0.38,135718,137262,124912
46927736,-0.7700,-0.8400,-0.2800,0.7215,0.0048,0.7092,0.38,0.28,0.38,135711,137263,124926
46947264,-0.5250,-0.7525,-0.3150,0.7210,0.0041,0.7091,0.38,0.28,0.38,135710,137250,124928
46966796,0.4375,-0.7350,-0.3675,0.7210,0.0037,0.7087,0.38,0.28,0.37,135705,137256,124938
46987304,0.7875,-0.6825,-0.2625,0.7211,0.0038,0.7082,0.38,0.28,0.37,135715,137262,124930
47006836,0.5425,-0.7525,-0.3325,0.7211,0.0040,0.7081,0.38,0.28,0.38,135717,137265,124916
47027344,0.6650,-0.7000,-0.3150,0.7211,0.0041,0.7085,0.38,0.28,0.38,135708,137263,124926
47046876,0.5775,-0.7175,-0.2975,0.7213,0.0045,0.7088,0.38,0.28,0.37,135704,137258,124933
47067384,0.0175,-0.8225,-0.2625,0.7213,0.0049,0.7089,0.38,0.28,0.38,135711,137257,124926
47086912,-0.2100,-0.7875,-0.2275,0.7211,0.0050,0.7091,0.38,0.28,0.38,135715,137253,124919
47107420,0.2625,-0.7875,-0.1575,0.7211,0.0051,0.7089,0.38,0.28,0.38,135716,137258,124917
47126952,0.3675,-0.7350,-0.1750,0.7213,0.0052,0.7086,0.38,0.28,0.38,135710,137256,124910
47147460,0.3500,-0.6475,-0.1750,0.7213,0.0050,0.7083,0.38,0.28,0.37,135709,137258,124938
47166992,0.3500,-0.7175,-0.2100,0.7213,0.0044,0.7081,0.38,0.28,0.38,135719,137252,124928
47187500,0.7350,-0.6825,-0.2975,0.7213,0.0034,0.7080,0.38,0.28,0.38,135717,137256,124925
47207032,0.4900,-0.7000,-0.3325,0.7213,0.0029,0.7080,0.38,0.28,0.38,135716,137259,124916
47227540,0.4200,-0.6475,-0.3325,0.7214,0.0031,0.7081,0.38,0.28,0.37,135716,137259,124932
47247072,0.4725,-0.5775,-0.3675,0.7214,0.0032,0.7082,0.38,0.28,0.38,135707,137267,124926
47277344,0.4375,-0.7875,-0.3325,0.7213,0.0035,0.7086,0.38,0.28,0.37,135710,137267,124929
47296876,0.3500,-0.7175,-0.3325,0.7213,0.0039,0.7086,0.38,0.28,0.37,135712,137243,124934
47317384,0.1400,-0.7175,-0.2800,0.7211,0.0041,0.7087,0.38,0.28,0.38,135710,137255,124926
47336912,0.6825,-0.7175,-0.3675,0.7211,0.0039,0.7087,0.38,0.28,0.37,135714,137265,124937
47357420,0.4725,-0.6300,-0.3675,0.7210,0.0040,0.7086,0.38,0.28,0.38,135723,137268,124917
47376952,0.0000,-0.6125,-0.2975,0.7210,0.0044,0.7085,0.38,0.28,0.37,135710,137262,124935
47397460,0.1050,-0.6825,-0.3150,0.7211,0.0045,0.7085,0.38,0.28,0.37,135707,137261,124942
47416992,0.4550,-0.7000,-0.2625,0.7211,0.0045,0.7087,0.38,0.28,0.37,135702,137257,124929
47437500,0.3500,-0.8225,-0.2275,0.7213,0.0050,0.7087,0.38,0.28,0.38,135718,137264,124922
47457032,-0.5250,-0.6650,-0.2975,0.7213,0.0051,0.7083,0.38,0.28,0.38,135722,137269,124916
47477540,0.1400,-0.7000,-0.2450,0.7214,0.0046,0.7086,0.38,0.28,0.37,135709,137261,124929
47497072,0.8225,-0.7350,-0.2100,0.7214,0.0043,0.7087,0.38,0.28,0.37,135705,137252,124938
47517576,0.5425,-0.6650,-0.2450,0.7215,0.0046,0.7083,0.38,0.28,0.37,135716,137246,124938
47537108,0.0350,-0.6650,-0.2975,0.7215,0.0050,0.7083,0.38,0.28,0.38,135715,137261,124926
47557616,0.4725,-0.6650,-0.1750,0.7215,0.0049,0.7087,0.38,0.28,0.38,135719,137255,124926
47577148,0.5775,-0.6825,-0.2450,0.7215,0.0046,0.7088,0.38,0.28,0.38,135720,137257,124921
47597656,0.2450,-0.7700,-0.2100,0.7215,0.0044,0.7087,0.38,0.28,0.37,135709,137256,124954
47617188,0.0525,-0.7525,-0.3500,0.7214,0.0038,0.7088,0.38,0.28,0.37,135710,137251,124929
47637696,-0.2100,-0.7700,-0.4550,0.7215,0.0033,0.7087,0.38,0.28,0.38,135716,137254,124920
47657224,0.2275,-0.7000,-0.4200,0.7214,0.0029,0.7086,0.38,0.28,0.38,135721,137265,124921
47677736,0.5950,-0.7525,-0.4375,0.7215,0.0031,0.7086,0.38,0.28,0.37,135712,137260,124938
47697264,0.3325,-0.7525,-0.4025,0.7215,0.0037,0.7083,0.38,0.28,0.37,135709,137256,124946
47716796,0.2800,-0.6475,-0.3150,0.7215,0.0041,0.7083,0.38,0.28,0.37,135711,137250,124946
47737304,0.6475,-0.7175,-0.2975,0.7214,0.0044,0.7086,0.38,0.28,0.38,135719,137263,124921
47756836,1.0325,-0.7000,-0.2275,0.7213,0.0046,0.7088,0.38,0.28,0.38,135727,137266,124917
47777344,0.0525,-0.7000,-0.2625,0.7213,0.0054,0.7086,0.38,0.28,0.38,135715,137251,124924
47796876,-0.4725,-0.6825,-0.2100,0.7213,0.0059,0.7085,0.38,0.28,0.37,135723,137261,124929
47817384,0.1225,-0.7525,-0.1750,0.7213,0.0056,0.7083,0.38,0.28,0.38,135715,137259,124919
47836912,0.5950,-0.6650,-0.2275,0.7214,0.0051,0.7082,0.38,0.28,0.38,135726,137262,124909
47857420,0.8575,-0.6825,-0.1750,0.7214,0.0046,0.7080,0.38,0.28,0.38,135732,137272,124922
47876952,0.3150,-0.6125,-0.2800,0.7215,0.0043,0.7076,0.38,0.28,0.38,135723,137270,124922
47897460,0.4375,-0.6475,-0.3500,0.7214,0.0034,0.7078,0.38,0.28,0.37,135713,137261,124937
47916992,0.8400,-0.7000,-0.3675,0.7215,0.0032,0.7080,0.38,0.28,0.37,135716,137263,124939
47937500,0.8050,-0.7175,-0.3150,0.7215,0.0032,0.7081,0.38,0.28,0.38,135722,137271,124924
47957032,0.9625,-0.6825,-0.3675,0.7215,0.0034,0.7083,0.38,0.28,0.38,135724,137275,124918
47977540,0.7350,-0.7000,-0.3325,0.7214,0.0037,0.7085,0.38,0.28,0.37,135717,137268,124930
47997072,0.1925,-0.7175,-0.3325,0.7214,0.0039,0.7086,0.38,0.28,0.37,135715,137259,124950
48017576,0.3325,-0.7175,-0.3675,0.7214,0.0040,0.7087,0.38,0.28,0.37,135720,137265,124929
48037108,0.3150,-0.7175,-0.4025,0.7214,0.0041,0.7086,0.38,0.28,0.37,135724,137269,124939
48057616,0.1575,-0.7000,-0.3850,0.7214,0.0041,0.7083,0.38,0.28,0.37,135721,137277,124931
48077148,0.3850,-0.5775,-0.3150,0.7214,0.0043,0.7082,0.38,0.28,0.37,135724,137265,124939
48097656,0.5425,-0.6125,-0.3675,0.7214,0.0043,0.7081,0.38,0.28,0.37,135717,137259,124942
48117188,0.7175,-0.6475,-0.2800,0.7214,0.0043,0.7081,0.38,0.28,0.37,135712,137260,124936
48137696,0.6650,-0.6825,-0.3150,0.7214,0.0043,0.7080,0.38,0.28,0.38,135727,137276,124928
48157224,0.8750,-0.6300,-0.2800,0.7214,0.0044,0.7081,0.38,0.28,0.38,135724,137275,124926
48177736,0.5950,-0.6300,-0.3325,0.7213,0.0046,0.7083,0.38,0.28,0.37,135714,137273,124939
48197264,0.4725,-0.6825,-0.2800,0.7213,0.0049,0.7085,0.38,0.28,0.37,135710,137269,124942
48216796,0.2800,-0.6825,-0.3325,0.7214,0.0051,0.7086,0.38,0.28,0.37,135711,137271,124934
48237304,-0.0350,-0.7525,-0.2975,0.7214,0.0056,0.7086,0.38,0.28,0.37,135715,137271,124939
48256836,-0.1050,-0.6825,-0.2625,0.7214,0.0056,0.7088,0.38,0.28,0.38,135722,137280,124922
48287108,0.6125,-0.7700,-0.2800,0.7214,0.0051,0.7091,0.38,0.28,0.38,135722,137268,124917
48307616,0.0875,-0.7350,-0.3150,0.7215,0.0048,0.7087,0.38,0.28,0.38,135721,137273,124916
48327148,-0.5250,-0.7875,-0.3500,0.7215,0.0043,0.7085,0.38,0.28,0.38,135715,137275,124921
48347656,0.2625,-0.6475,-0.4025,0.7214,0.0034,0.7085,0.38,0.28,0.37,135711,137255,124945
48367188,1.0325,-0.6125,-0.4200,0.7214,0.0034,0.7083,0.38,0.28,0.37,135713,137259,124942
48387696,1.2950,-0.5775,-0.3675,0.7214,0.0040,0.7082,0.38,0.28,0.37,135718,137273,124934
48407224,0.9275,-0.6825,-0.2625,0.7214,0.0049,0.7081,0.38,0.28,0.38,135720,137281,124924
48427736,0.5775,-0.6825,-0.3325,0.7213,0.0054,0.7082,0.38,0.28,0.38,135714,137266,124922
48447264,0.4725,-0.7350,-0.2800,0.7211,0.0056,0.7087,0.38,0.28,0.38,135710,137260,124922
48466796,-0.1225,-0.7000,-0.2450,0.7209,0.0061,0.7091,0.38,0.28,0.37,135715,137254,124943
48487304,0.1575,-0.8050,-0.1925,0.7213,0.0065,0.7091,0.38,0.28,0.38,135714,137266,124922
48506836,-0.0700,-0.7000,-0.1925,0.7215,0.0065,0.7087,0.38,0.28,0.38,135728,137274,124917
48527344,0.1750,-0.7525,-0.2275,0.7215,0.0063,0.7083,0.38,0.28,0.37,135720,137274,124930
48546876,0.7350,-0.6125,-0.1925,0.7214,0.0056,0.7081,0.38,0.28,0.37,135714,137258,124941
48567384,0.9100,-0.6125,-0.3325,0.7215,0.0049,0.7080,0.38,0.28,0.37,135718,137269,124942
48586912,0.5775,-0.6300,-0.3675,0.7215,0.0049,0.7078,0.38,0.28,0.38,135725,137272,124922
48607420,0.2625,-0.7700,-0.4025,0.7215,0.0050,0.7080,0.38,0.28,0.38,135723,137280,124920
48626952,0.3150,-0.6825,-0.2800,0.7215,0.0050,0.7083,0.38,0.28,0.37,135715,137287,124931
48647460,0.6475,-0.6825,-0.3325,0.7215,0.0051,0.7086,0.38,0.28,0.37,135711,137265,124939
48666992,0.3850,-0.7175,-0.3150,0.7215,0.0054,0.7088,0.38,0.28,0.37,135719,137270,124935
48687500,-0.1225,-0.7700,-0.4200,0.7215,0.0057,0.7087,0.38,0.28,0.37,135720,137280,124943
48707032,0.3150,-0.7175,-0.2800,0.7214,0.0056,0.7089,0.38,0.28,0.38,135729,137285,124926
48727540,0.2100,-0.7000,-0.3150,0.7214,0.0056,0.7088,0.38,0.28,0.37,135719,137282,124933
48747072,-0.1400,-0.6300,-0.3850,0.7214,0.0056,0.7083,0.38,0.28,0.37,135715,137261,124937
48767576,-0.0525,-0.7000,-0.3325,0.7215,0.0056,0.7083,0.38,0.28,0.37,135714,137270,124941
48787108,0.6825,-0.7525,-0.2625,0.7215,0.0055,0.7083,0.38,0.28,0.37,135717,137275,124931
48807616,0.5075,-0.6650,-0.3150,0.7215,0.0056,0.7082,0.38,0.28,0.38,135728,137278,124925
48827148,-0.1575,-0.6475,-0.2800,0.7214,0.0059,0.7082,0.38,0.28,0.37,135723,137272,124933
48847656,0.3675,-0.6650,-0.2975,0.7214,0.0057,0.7083,0.38,0.28,0.37,135709,137271,124950
48867188,0.5950,-0.6825,-0.2275,0.7215,0.0056,0.7083,0.38,0.28,0.37,135718,137276,124935
48887696,0.5775,-0.6650,-0.2625,0.7215,0.0057,0.7081,0.38,0.28,0.37,135722,137274,124933
48907224,0.2100,-0.6300,-0.2275,0.7215,0.0059,0.7082,0.38,0.28,0.37,135725,137290,124930
48927736,0.0350,-0.7875,-0.2100,0.7215,0.0061,0.7085,0.38,0.28,0.37,135716,137272,124938
48947264,0.0350,-0.7350,-0.2625,0.7215,0.0061,0.7088,0.38,0.28,0.37,135712,137267,124960
48966796,0.0000,-0.8225,-0.2450,0.7215,0.0059,0.7091,0.38,0.28,0.37,135719,137258,124954
48987304,-0.2275,-0.7875,-0.2625,0.7215,0.0052,0.7091,0.38,0.28,0.38,135721,137264,124928
49006836,-0.2275,-0.7175,-0.3675,0.7215,0.0046,0.7088,0.38,0.28,0.38,135721,137268,124915
49027344,-0.0875,-0.7525,-0.4550,0.7215,0.0040,0.7085,0.38,0.28,0.37,135722,137273,124942
49046876,0.5425,-0.6650,-0.4375,0.7215,0.0037,0.7080,0.38,0.28,0.37,135712,137270,124956
49067384,0.8225,-0.6475,-0.3850,0.7216,0.0041,0.7080,0.38,0.28,0.37,135709,137265,124945
49086912,1.1200,-0.6475,-0.2800,0.7215,0.0048,0.7081,0.38,0.28,0.38,135721,137264,124928
49107420,0.8225,-0.6825,-0.3150,0.7214,0.0055,0.7083,0.38,0.28,0.38,135721,137279,124926
49126952,0.3150,-0.7700,-0.2100,0.7214,0.0062,0.7088,0.38,0.28,0.37,135715,137282,124933
49147460,-0.2800,-0.8750,-0.2450,0.7213,0.0066,0.7091,0.38,0.28,0.37,135713,137272,124946
49166992,-0.3500,-0.8400,-0.1750,0.7213,0.0070,0.7092,0.38,0.28,0.37,135714,137272,124933
49187500,-0.1225,-0.7700,-0.1750,0.7213,0.0066,0.7088,0.38,0.28,0.38,135720,137273,124926
49207032,0.2800,-0.7350,-0.1925,0.7213,0.0062,0.7082,0.38,0.28,0.37,135719,137277,124929
49227540,0.4900,-0.7000,-0.1575,0.7214,0.0055,0.7076,0.38,0.28,0.37,135718,137267,124932
49247072,1.0850,-0.5775,-0.2450,0.7215,0.0048,0.7076,0.38,0.28,0.37,135708,137268,124943
49287108,0.7525,-0.6475,-0.2975,0.7215,0.0043,0.7081,0.38,0.28,0.38,135721,137276,124915
49306640,0.3325,-0.6650,-0.3850,0.7214,0.0044,0.7085,0.38,0.28,0.38,135720,137279,124918
49326172,0.2800,-0.7700,-0.4200,0.7214,0.0046,0.7088,0.38,0.28,0.38,135720,137272,124928
49346680,0.0350,-0.6825,-0.4200,0.7215,0.0050,0.7089,0.38,0.28,0.37,135712,137273,124945
49366208,-0.1400,-0.7350,-0.4375,0.7215,0.0051,0.7088,0.38,0.28,0.37,135717,137265,124945
49386720,0.2275,-0.7175,-0.4200,0.7215,0.0051,0.7086,0.38,0.28,0.38,135714,137276,124928
49406248,0.6475,-0.6825,-0.2975,0.7215,0.0051,0.7083,0.38,0.28,0.38,135721,137276,124917
49426756,0.8750,-0.6300,-0.3150,0.7213,0.0054,0.7082,0.38,0.28,0.38,135719,137274,124928
49446288,0.5775,-0.5600,-0.3325,0.7208,0.0059,0.7081,0.38,0.28,0.37,135715,137272,124938
49465820,0.4550,-0.5600,-0.3325,0.7209,0.0061,0.7082,0.38,0.28,0.37,135714,137272,124948
49486328,0.4375,-0.6300,-0.2800,0.7211,0.0061,0.7083,0.38,0.28,0.37,135717,137278,124941
49505860,0.3325,-0.6125,-0.2800,0.7214,0.0062,0.7083,0.38,0.28,0.38,135723,137275,124926
49526368,0.0175,-0.7175,-0.2625,0.7214,0.0065,0.7083,0.38,0.28,0.38,135720,137285,124921
49545896,0.0525,-0.7000,-0.3150,0.7213,0.0065,0.7082,0.38,0.28,0.37,135712,137272,124941
49566408,0.4900,-0.6825,-0.3150,0.7213,0.0063,0.7082,0.38,0.28,0.37,135710,137268,124930
49585936,0.7700,-0.6650,-0.2800,0.7213,0.0061,0.7082,0.38,0.28,0.37,135718,137273,124947
49606444,0.6300,-0.6300,-0.2625,0.7213,0.0061,0.7081,0.38,0.28,0.38,135728,137275,124913
49625976,0.3325,-0.6300,-0.2625,0.7211,0.0063,0.7083,0.38,0.28,0.37,135720,137286,124941
49646484,0.6300,-0.7000,-0.2625,0.7211,0.0062,0.7086,0.38,0.28,0.37,135714,137279,124934
49666016,0.6125,-0.6300,-0.2800,0.7210,0.0060,0.7088,0.38,0.28,0.37,135713,137276,124948
49686524,0.1225,-0.7350,-0.3500,0.7211,0.0056,0.7089,0.38,0.28,0.37,135716,137277,124939
49706056,-0.4375,-0.7350,-0.4550,0.7210,0.0051,0.7091,0.38,0.28,0.38,135716,137282,124928
49726560,-0.2625,-0.7000,-0.4725,0.7211,0.0046,0.7088,0.38,0.28,0.37,135721,137284,124933
49746092,0.4025,-0.6825,-0.5075,0.7213,0.0046,0.7085,0.38,0.28,0.37,135709,137264,124935
49766600,0.3675,-0.6475,-0.4725,0.7213,0.0054,0.7082,0.38,0.28,0.37,135709,137269,124945
49786132,0.7175,-0.5775,-0.3150,0.7213,0.0059,0.7082,0.38,0.28,0.37,135713,137275,124937
49806640,0.7875,-0.6475,-0.3325,0.7213,0.0065,0.7085,0.38,0.28,0.37,135722,137283,124931
49826172,0.9275,-0.6300,-0.2450,0.7213,0.0068,0.7088,0.38,0.28,0.38,135714,137283,124926
49846680,-0.3325,-0.7000,-0.2450,0.7213,0.0074,0.7088,0.38,0.28,0.37,135710,137278,124943
49866208,-0.5600,-0.7525,-0.2100,0.7213,0.0078,0.7089,0.38,0.28,0.37,135710,137268,124946
49886720,0.0700,-0.7350,-0.2275,0.7213,0.0078,0.7089,0.38,0.28,0.38,135719,137277,124926
49906248,0.5425,-0.7350,-0.2100,0.7213,0.0074,0.7086,0.38,0.28,0.38,135718,137282,124922
49926756,0.8050,-0.7175,-0.1925,0.7213,0.0070,0.7082,0.38,0.28,0.37,135722,137275,124934
49946288,0.6825,-0.6650,-0.1925,0.7213,0.0065,0.7080,0.38,0.28,0.37,135715,137278,124938
49965820,0.5250,-0.5600,-0.2625,0.7213,0.0059,0.7078,0.38,0.28,0.37,135712,137263,124950
49986328,0.4025,-0.6300,-0.3150,0.7213,0.0054,0.7081,0.38,0.28,0.37,135710,137274,124933
50005860,0.4550,-0.6825,-0.3850,0.7214,0.0051,0.7083,0.38,0.28,0.38,135714,137278,124917
50026368,0.6650,-0.7000,-0.3675,0.7213,0.0051,0.7085,0.38,0.28,0.37,135715,137279,124950
50045896,0.6300,-0.6650,-0.3675,0.7213,0.0056,0.7086,0.38,0.28,0.37,135705,137282,124938
50066408,0.6825,-0.6300,-0.3150,0.7213,0.0059,0.7086,0.38,0.28,0.37,135714,137259,124937
50085936,0.4375,-0.6825,-0.3325,0.7213,0.0061,0.7091,0.38,0.28,0.37,135717,137278,124933
50106444,-0.0875,-0.7000,-0.3150,0.7213,0.0066,0.7091,0.38,0.28,0.37,135719,137285,124931
50125976,-0.2975,-0.7525,-0.2975,0.7213,0.0068,0.7092,0.38,0.28,0.38,135716,137283,124926
50146484,-0.4550,-0.7700,-0.3150,0.7214,0.0068,0.7092,0.38,0.28,0.37,135716,137266,124941
50166016,-0.2800,-0.7875,-0.3325,0.7214,0.0068,0.7089,0.38,0.28,0.37,135709,137265,124939
50186524,0.1925,-0.7350,-0.2800,0.7214,0.0066,0.7086,0.38,0.28,0.37,135716,137277,124931
50206056,0.7875,-0.5950,-0.2100,0.7214,0.0062,0.7081,0.38,0.28,0.37,135715,137278,124930
50226560,0.9450,-0.5775,-0.3325,0.7214,0.0062,0.7081,0.38,0.28,0.37,135720,137270,124935
50246092,1.1200,-0.6475,-0.2975,0.7214,0.0063,0.7080,0.38,0.28,0.37,135713,137271,124945
50266600,0.6300,-0.7175,-0.2800,0.7214,0.0066,0.7081,0.38,0.28,0.37,135712,137273,124945
50296876,0.3150,-0.6475,-0.2275,0.7213,0.0072,0.7083,0.38,0.28,0.37,135712,137273,124952
50317384,0.4725,-0.6825,-0.1750,0.7213,0.0076,0.7086,0.38,0.28,0.37,135709,137265,124942
50336912,0.2800,-0.7175,-0.2275,0.7211,0.0074,0.7088,0.38,0.28,0.37,135718,137279,124947
50357420,0.0175,-0.6300,-0.1925,0.7213,0.0071,0.7091,0.38,0.28,0.38,135719,137281,124926
50376952,-0.0700,-0.7000,-0.3150,0.7211,0.0065,0.7091,0.38,0.28,0.37,135720,137277,124937
50397460,-0.3675,-0.7000,-0.4725,0.7211,0.0056,0.7088,0.38,0.28,0.37,135709,137257,124942
50416992,0.2625,-0.7525,-0.4025,0.7211,0.0050,0.7087,0.38,0.28,0.37,135710,137264,124946
50437500,0.3325,-0.6125,-0.5600,0.7211,0.0050,0.7083,0.38,0.28,0.37,135714,137277,124931
50457032,0.6125,-0.6300,-0.4375,0.7211,0.0056,0.7083,0.38,0.28,0.38,135720,137278,124920
50477540,0.6825,-0.6650,-0.4025,0.7211,0.0063,0.7087,0.38,0.28,0.37,135712,137272,124943
50497072,0.6125,-0.7525,-0.2800,0.7210,0.0068,0.7091,0.38,0.28,0.37,135711,137273,124942
50517576,0.4025,-0.8225,-0.2800,0.7211,0.0073,0.7096,0.38,0.28,0.37,135714,137272,124935
50537108,-0.4725,-0.8400,-0.3150,0.7211,0.0079,0.7094,0.38,0.28,0.37,135716,137272,124938
50557616,-0.5950,-0.8225,-0.2100,0.7211,0.0083,0.7091,0.38,0.28,0.37,135723,137268,124933
50577148,-0.2625,-0.7175,-0.1400,0.7211,0.0083,0.7086,0.38,0.28,0.38,135719,137277,124924
50597656,0.2800,-0.7000,-0.1750,0.7211,0.0079,0.7081,0.38,0.28,0.37,135711,137262,124941
50617188,0.4900,-0.6300,-0.1575,0.7213,0.0074,0.7076,0.38,0.28,0.37,135712,137272,124943
50637696,0.5075,-0.6475,-0.1575,0.7213,0.0067,0.7074,0.38,0.28,0.37,135717,137275,124931
50657224,1.2250,-0.6650,-0.2625,0.7213,0.0055,0.7077,0.38,0.28,0.38,135720,137286,124927
50677736,0.9625,-0.6125,-0.3500,0.7213,0.0054,0.7081,0.38,0.28,0.37,135721,137270,124943
50697264,0.1575,-0.6475,-0.3850,0.7211,0.0057,0.7083,0.38,0.28,0.37,135704,137268,124946
50716796,-0.1400,-0.6825,-0.4025,0.7210,0.0059,0.7086,0.38,0.28,0.37,135711,137272,124948
50737304,0.1750,-0.7350,-0.3850,0.7210,0.0057,0.7089,0.38,0.28,0.37,135719,137277,124929
50756836,0.2275,-0.7175,-0.2800,0.7211,0.0056,0.7091,0.38,0.28,0.38,135727,137276,124925
50777344,0.2450,-0.6650,-0.3150,0.7211,0.0060,0.7089,0.38,0.28,0.37,135719,137276,124946
50796876,0.3500,-0.7175,-0.3150,0.7211,0.0060,0.7089,0.38,0.28,0.37,135716,137267,124950
50817384,0.3500,-0.6650,-0.2975,0.7211,0.0061,0.7089,0.38,0.28,0.37,135709,137286,124935
50836912,0.0350,-0.7525,-0.3500,0.7211,0.0066,0.7087,0.38,0.28,0.37,135728,137278,124951
50857420,-0.3675,-0.6475,-0.3675,0.7213,0.0068,0.7085,0.38,0.28,0.38,135720,137282,124922
50876952,0.4200,-0.7700,-0.2800,0.7213,0.0068,0.7083,0.38,0.28,0.38,135716,137274,124925
50897460,0.7175,-0.6650,-0.2975,0.7211,0.0071,0.7083,0.38,0.28,0.37,135710,137280,124946
50916992,0.2800,-0.6125,-0.2100,0.7213,0.0073,0.7082,0.38,0.28,0.37,135716,137279,124950
50937500,0.2100,-0.7875,-0.2275,0.7213,0.0074,0.7083,0.38,0.28,0.37,135714,137279,124947
50957032,0.3850,-0.7000,-0.1925,0.7213,0.0074,0.7085,0.38,0.28,0.37,135720,137283,124934
50977540,0.2275,-0.7525,-0.2450,0.7211,0.0073,0.7083,0.38,0.28,0.37,135712,137286,124943
50997072,0.3850,-0.6125,-0.2275,0.7210,0.0072,0.7081,0.38,0.28,0.37,135714,137267,124934
51017576,0.8750,-0.6300,-0.1400,0.7210,0.0070,0.7085,0.38,0.28,0.37,135709,137279,124942
51037108,0.9100,-0.7175,-0.2275,0.7211,0.0068,0.7087,0.38,0.28,0.37,135718,137274,124948
51057616,0.3675,-0.6650,-0.2450,0.7210,0.0066,0.7089,0.38,0.28,0.37,135717,137279,124929
51077148,-0.5600,-0.7350,-0.3325,0.7210,0.0061,0.7088,0.38,0.28,0.37,135712,137272,124941
51097656,-0.7525,-0.7525,-0.4550,0.7210,0.0055,0.7088,0.38,0.28,0.37,135708,137270,124946
51117188,0.1400,-0.7175,-0.4375,0.7210,0.0049,0.7086,0.38,0.28,0.37,135717,137261,124950
51137696,0.5950,-0.7350,-0.4025,0.7210,0.0050,0.7083,0.38,0.28,0.37,135717,137280,124938
51157224,0.8050,-0.7700,-0.3500,0.7211,0.0054,0.7083,0.38,0.28,0.37,135716,137267,124929
51177736,0.8050,-0.7000,-0.3500,0.7211,0.0059,0.7083,0.38,0.28,0.37,135711,137281,124934
51197264,0.4550,-0.6825,-0.3500,0.7211,0.0063,0.7083,0.38,0.28,0.37,135710,137267,124950
51216796,0.2800,-0.7000,-0.3500,0.7213,0.0067,0.7086,0.38,0.28,0.37,135713,137273,124950
51237304,0.4200,-0.7525,-0.1750,0.7211,0.0073,0.7088,0.38,0.28,0.37,135723,137283,124942
51256836,0.2975,-0.6825,-0.1750,0.7211,0.0079,0.7086,0.38,0.28,0.37,135720,137285,124934
51277344,-0.0525,-0.7700,-0.1750,0.7211,0.0083,0.7085,0.38,0.28,0.37,135720,137273,124934
51307616,0.2800,-0.6650,-0.1400,0.7213,0.0081,0.7081,0.38,0.28,0.37,135722,137283,124939
51327148,0.8050,-0.7525,-0.1750,0.7213,0.0074,0.7080,0.38,0.28,0.37,135718,137279,124947
51347656,0.4725,-0.6125,-0.2975,0.7214,0.0062,0.7076,0.38,0.28,0.37,135707,137273,124947
51367188,0.9100,-0.6125,-0.2975,0.7214,0.0056,0.7078,0.38,0.28,0.37,135709,137273,124942
51387696,0.9625,-0.6125,-0.3500,0.7214,0.0056,0.7081,0.38,0.28,0.37,135715,137282,124930
51407224,0.5250,-0.7175,-0.2975,0.7214,0.0061,0.7085,0.38,0.28,0.37,135713,137294,124938
51427736,0.0000,-0.7700,-0.2975,0.7213,0.0066,0.7087,0.38,0.28,0.37,135710,137285,124947
51447264,-0.0700,-0.7350,-0.3150,0.7213,0.0066,0.7089,0.38,0.28,0.37,135712,137273,124947
51466796,-0.1750,-0.7175,-0.3675,0.7215,0.0065,0.7088,0.38,0.28,0.37,135704,137271,124939
51487304,0.0700,-0.6825,-0.3325,0.7214,0.0063,0.7087,0.38,0.28,0.37,135715,137276,124930
51506836,0.2275,-0.7350,-0.3500,0.7214,0.0062,0.7085,0.38,0.28,0.37,135720,137285,124931
51527344,0.4025,-0.7175,-0.3150,0.7215,0.0061,0.7081,0.38,0.28,0.37,135715,137276,124933
51546876,0.8925,-0.6300,-0.3325,0.7215,0.0061,0.7081,0.38,0.28,0.37,135716,137278,124951
51567384,0.8400,-0.5950,-0.3150,0.7214,0.0066,0.7081,0.38,0.28,0.37,135712,137270,124951
51586912,0.2275,-0.7875,-0.2625,0.7214,0.0072,0.7081,0.38,0.28,0.37,135712,137279,124937
51607420,-0.2100,-0.6475,-0.2625,0.7213,0.0076,0.7083,0.38,0.28,0.38,135713,137284,124925
51626952,-0.0525,-0.6650,-0.2975,0.7213,0.0077,0.7085,0.38,0.28,0.38,135710,137279,124924
51647460,0.2450,-0.7350,-0.2800,0.7213,0.0076,0.7085,0.38,0.28,0.37,135708,137273,124934
51666992,0.5250,-0.7000,-0.2975,0.7213,0.0073,0.7083,0.38,0.28,0.37,135708,137270,124943
51687500,0.3150,-0.6650,-0.2275,0.7213,0.0073,0.7081,0.38,0.28,0.37,135718,137279,124937
51707032,0.4900,-0.6650,-0.2800,0.7213,0.0074,0.7080,0.38,0.28,0.38,135723,137287,124924
51727540,0.7700,-0.6475,-0.2100,0.7213,0.0074,0.7085,0.38,0.28,0.37,135713,137278,124938
51747072,0.9450,-0.7000,-0.2625,0.7214,0.0073,0.7088,0.38,0.28,0.37,135704,137291,124944
51767576,0.3850,-0.7175,-0.2800,0.7213,0.0071,0.7091,0.38,0.28,0.37,135715,137279,124947
51787108,-0.4900,-0.7000,-0.3500,0.7213,0.0066,0.7091,0.38,0.28,0.38,135716,137282,124925
51807616,-0.5425,-0.7350,-0.4725,0.7215,0.0059,0.7088,0.38,0.28,0.38,135718,137288,124914
51827148,0.0000,-0.6825,-0.4900,0.7215,0.0056,0.7086,0.38,0.28,0.38,135712,137276,124925
51847656,0.5425,-0.6475,-0.4375,0.7214,0.0057,0.7082,0.38,0.28,0.37,135710,137278,124948
51867188,0.8225,-0.6825,-0.3150,0.7214,0.0062,0.7081,0.38,0.28,0.37,135708,137275,124952
51887696,0.9800,-0.7000,-0.3150,0.7214,0.0070,0.7082,0.38,0.28,0.37,135719,137290,124940
51907224,0.0525,-0.6300,-0.2450,0.7214,0.0076,0.7082,0.38,0.28,0.38,135716,137277,124926
51927736,-0.1925,-0.7875,-0.1925,0.7213,0.0079,0.7086,0.38,0.28,0.37,135712,137286,124933
51947264,-0.1400,-0.7525,-0.2100,0.7213,0.0082,0.7088,0.38,0.28,0.37,135710,137280,124951
51966796,0.0175,-0.7875,-0.1750,0.7213,0.0082,0.7086,0.38,0.28,0.37,135713,137279,124939
51987304,0.2625,-0.7175,-0.1750,0.7214,0.0081,0.7085,0.38,0.28,0.38,135720,137289,124926
52006836,0.5425,-0.7525,-0.1925,0.7213,0.0077,0.7082,0.38,0.28,0.38,135720,137289,124916
52027344,0.9975,-0.6300,-0.2100,0.7213,0.0067,0.7080,0.38,0.28,0.37,135715,137288,124935
52046876,0.6650,-0.6300,-0.2450,0.7213,0.0062,0.7078,0.38,0.28,0.37,135717,137279,124937
52067384,0.8050,-0.6475,-0.2975,0.7213,0.0059,0.7081,0.38,0.28,0.37,135712,137283,124947
52086912,0.7000,-0.6825,-0.3325,0.7213,0.0060,0.7083,0.38,0.28,0.37,135718,137294,124938
52107420,0.2800,-0.7525,-0.3150,0.7214,0.0063,0.7083,0.38,0.28,0.38,135721,137296,124920
52126952,0.1225,-0.7000,-0.3150,0.7213,0.0065,0.7086,0.38,0.28,0.37,135717,137283,124939
52147460,0.0700,-0.6825,-0.3325,0.7213,0.0068,0.7088,0.38,0.28,0.37,135706,137279,124944
52166992,0.0000,-0.7875,-0.3150,0.7213,0.0066,0.7087,0.38,0.28,0.37,135711,137277,124950
52187500,0.0700,-0.7000,-0.4025,0.7211,0.0065,0.7086,0.38,0.28,0.37,135714,137294,124933
52207032,0.4200,-0.7175,-0.3150,0.7213,0.0063,0.7083,0.38,0.28,0.38,135724,137296,124925
52227540,0.6475,-0.6300,-0.3850,0.7213,0.0065,0.7082,0.38,0.28,0.37,135718,137301,124934
52247072,0.5950,-0.6650,-0.3325,0.7213,0.0068,0.7081,0.38,0.28,0.37,135712,137285,124957
52267576,0.5775,-0.7175,-0.2800,0.7214,0.0074,0.7083,0.38,0.28,0.37,135708,137285,124952
52287108,0.2100,-0.5950,-0.2625,0.7213,0.0077,0.7083,0.38,0.28,0.37,135714,137284,124948
52317384,0.2450,-0.6650,-0.3150,0.7213,0.0076,0.7085,0.38,0.28,0.37,135712,137278,124954
52336912,0.5775,-0.7000,-0.2625,0.7213,0.0076,0.7085,0.38,0.28,0.37,135719,137282,124935
52357420,0.2975,-0.7350,-0.2100,0.7214,0.0076,0.7085,0.38,0.28,0.37,135721,137289,124942
52376952,0.3675,-0.7000,-0.2450,0.7214,0.0072,0.7083,0.38,0.28,0.37,135715,137283,124939
52397460,0.4725,-0.6475,-0.2450,0.7213,0.0072,0.7083,0.38,0.28,0.37,135706,137288,124956
52416992,0.5950,-0.6825,-0.2975,0.7213,0.0074,0.7085,0.38,0.28,0.37,135709,137284,124954
52437500,0.3500,-0.7525,-0.2450,0.7213,0.0077,0.7086,0.38,0.28,0.37,135711,137290,124953
52457032,0.1050,-0.7175,-0.2450,0.7213,0.0076,0.7087,0.38,0.28,0.37,135721,137293,124934
52477540,0.0000,-0.7875,-0.3150,0.7213,0.0072,0.7088,0.38,0.28,0.37,135710,137297,124929
52497072,0.3150,-0.7175,-0.3500,0.7213,0.0063,0.7088,0.38,0.28,0.37,135711,137285,124950
52517576,-0.1225,-0.7175,-0.3675,0.7213,0.0062,0.7086,0.38,0.28,0.37,135711,137281,124950
52537108,-0.5775,-0.7350,-0.4550,0.7214,0.0062,0.7083,0.38,0.28,0.37,135717,137290,124946
52557616,0.0175,-0.7000,-0.4550,0.7214,0.0062,0.7083,0.38,0.28,0.37,135718,137300,124935
52577148,0.8400,-0.6650,-0.4375,0.7215,0.0065,0.7085,0.38,0.28,0.37,135718,137285,124944
52597656,0.4025,-0.7000,-0.3325,0.7215,0.0076,0.7082,0.38,0.28,0.37,135714,137280,124948
52617188,0.1575,-0.7175,-0.2975,0.7214,0.0081,0.7083,0.38,0.28,0.37,135707,137289,124957
52637696,0.3500,-0.7350,-0.2275,0.7214,0.0082,0.7087,0.38,0.28,0.37,135719,137285,124939
52657224,0.6650,-0.7875,-0.2100,0.7214,0.0084,0.7089,0.38,0.28,0.38,135725,137292,124925
52677736,-0.0175,-0.7175,-0.2275,0.7213,0.0088,0.7087,0.38,0.28,0.37,135714,137294,124938
52697264,-0.5950,-0.8050,-0.1575,0.7213,0.0088,0.7083,0.38,0.28,0.37,135710,137271,124958
52716796,0.5425,-0.6300,-0.2100,0.7213,0.0082,0.7081,0.38,0.28,0.37,135716,137281,124952
52737304,1.3650,-0.6300,-0.2100,0.7213,0.0070,0.7081,0.38,0.28,0.37,135714,137288,124948
52756836,0.7700,-0.6475,-0.2800,0.7214,0.0066,0.7078,0.38,0.28,0.37,135718,137286,124938
52777344,0.1225,-0.6300,-0.3675,0.7213,0.0065,0.7078,0.38,0.28,0.37,135716,137288,124959
52796876,0.2625,-0.6300,-0.2975,0.7213,0.0061,0.7081,0.38,0.28,0.37,135713,137291,124931
52817384,0.5075,-0.7000,-0.3850,0.7213,0.0061,0.7083,0.38,0.28,0.37,135711,137276,124951
52836912,0.5600,-0.7000,-0.3850,0.7213,0.0063,0.7086,0.38,0.28,0.37,135716,137291,124937
52857420,0.2625,-0.7525,-0.3325,0.7213,0.0067,0.7087,0.38,0.28,0.37,135727,137298,124940
52876952,-0.0525,-0.7350,-0.3500,0.7213,0.0071,0.7088,0.38,0.28,0.37,135723,137290,124951
52897460,-0.1400,-0.7525,-0.2975,0.7213,0.0072,0.7088,0.38,0.28,0.37,135711,137279,124952
52916992,-0.0525,-0.6650,-0.3500,0.7213,0.0072,0.7087,0.38,0.28,0.37,135711,137283,124955
52937500,0.2275,-0.7700,-0.2625,0.7213,0.0072,0.7086,0.38,0.28,0.37,135721,137289,124937
52957032,0.3325,-0.6475,-0.3325,0.7208,0.0073,0.7082,0.38,0.28,0.37,135719,137294,124930
52977540,0.4200,-0.5775,-0.2975,0.7205,0.0073,0.7082,0.38,0.28,0.37,135722,137290,124940
52997072,0.4375,-0.5250,-0.3325,0.7203,0.0074,0.7085,0.38,0.28,0.37,135717,137286,124951
53017576,0.4375,-0.6125,-0.3325,0.7205,0.0073,0.7086,0.38,0.28,0.37,135711,137288,124953
53037108,0.2275,-0.6650,-0.3500,0.7214,0.0073,0.7086,0.38,0.28,0.37,135716,137287,124937
53057616,-0.0175,-0.7525,-0.2450,0.7216,0.0074,0.7086,0.38,0.28,0.37,135723,137306,124930
53077148,0.0350,-0.7175,-0.2800,0.7215,0.0074,0.7085,0.38,0.28,0.37,135717,137291,124937
53097656,-0.1225,-0.7000,-0.2975,0.7215,0.0074,0.7083,0.38,0.28,0.37,135715,137279,124937
53117188,0.1050,-0.6825,-0.2800,0.7214,0.0073,0.7081,0.38,0.28,0.37,135716,137282,124946
53137696,0.4900,-0.6650,-0.2275,0.7214,0.0073,0.7081,0.38,0.28,0.38,135721,137304,124922
53157224,0.8050,-0.7000,-0.2450,0.7215,0.0071,0.7082,0.38,0.28,0.37,135722,137288,124930
53177736,0.5950,-0.6475,-0.3150,0.7214,0.0068,0.7086,0.38,0.28,0.37,135717,137284,124938
53197264,0.0525,-0.7175,-0.3850,0.7214,0.0065,0.7087,0.38,0.28,0.37,135715,137283,124942
53216796,-0.3150,-0.6825,-0.3675,0.7214,0.0062,0.7087,0.38,0.28,0.37,135714,137273,124955
53237304,-0.2100,-0.7175,-0.4550,0.7215,0.0061,0.7086,0.38,0.28,0.37,135716,137283,124937
53256836,0.1225,-0.7350,-0.4550,0.7214,0.0063,0.7082,0.38,0.28,0.37,135716,137290,124938
53277344,0.5600,-0.6300,-0.3325,0.7214,0.0067,0.7081,0.38,0.28,0.37,135727,137279,124944
53296876,1.0850,-0.7175,-0.2975,0.7214,0.0074,0.7083,0.38,0.28,0.37,135708,137290,124938
53327148,0.3675,-0.6650,-0.2275,0.7214,0.0083,0.7086,0.38,0.28,0.37,135717,137288,124933
53347656,0.2275,-0.7175,-0.2450,0.7213,0.0084,0.7088,0.38,0.28,0.37,135708,137277,124944
53367188,0.1400,-0.7700,-0.2625,0.7213,0.0084,0.7088,0.38,0.28,0.37,135708,137284,124938
53387696,0.0875,-0.7350,-0.3150,0.7213,0.0083,0.7087,0.38,0.28,0.37,135717,137286,124946
53407224,0.6300,-0.6825,-0.2625,0.7211,0.0079,0.7086,0.38,0.28,0.38,135727,137290,124927
53427736,0.8575,-0.5950,-0.2100,0.7213,0.0077,0.7085,0.38,0.28,0.37,135720,137294,124943
53447264,0.8400,-0.7700,-0.2800,0.7213,0.0074,0.7085,0.38,0.28,0.37,135712,137292,124956
53466796,0.1575,-0.6650,-0.2975,0.7213,0.0072,0.7083,0.38,0.28,0.37,135711,137289,124942
53487304,0.2275,-0.5250,-0.3150,0.7211,0.0067,0.7085,0.38,0.28,0.37,135718,137285,124934
53506836,0.2800,-0.6825,-0.3675,0.7211,0.0065,0.7086,0.38,0.28,0.37,135725,137291,124934
53527344,0.2275,-0.6825,-0.4025,0.7211,0.0066,0.7086,0.38,0.28,0.37,135719,137288,124938
53546876,0.2625,-0.6650,-0.4025,0.7211,0.0066,0.7086,0.38,0.28,0.37,135711,137292,124943
53567384,0.5775,-0.7000,-0.3500,0.7211,0.0066,0.7086,0.38,0.28,0.37,135710,137291,124947
53586912,0.9800,-0.5950,-0.3325,0.7211,0.0066,0.7088,0.38,0.28,0.37,135710,137282,124948
53607420,0.9275,-0.6825,-0.3325,0.7210,0.0070,0.7088,0.38,0.28,0.37,135718,137298,124935
53626952,0.2975,-0.6825,-0.3325,0.7210,0.0074,0.7088,0.38,0.28,0.37,135716,137297,124942
53647460,-0.1750,-0.7700,-0.3675,0.7210,0.0078,0.7088,0.38,0.28,0.37,135711,137290,124953
53666992,-0.1225,-0.7700,-0.3150,0.7211,0.0078,0.7087,0.38,0.28,0.37,135707,137277,124955
53687500,0.1225,-0.7350,-0.3325,0.7211,0.0078,0.7086,0.38,0.28,0.37,135713,137283,124950
53707032,0.4900,-0.6825,-0.2975,0.7210,0.0078,0.7083,0.38,0.28,0.37,135720,137303,124942
53727540,0.7525,-0.6650,-0.2800,0.7210,0.0078,0.7081,0.38,0.28,0.37,135716,137291,124944
53747072,0.8575,-0.5950,-0.2625,0.7210,0.0076,0.7080,0.38,0.28,0.37,135710,137293,124957
53767576,1.2425,-0.6475,-0.2800,0.7209,0.0076,0.7083,0.38,0.28,0.37,135709,137289,124947
53787108,0.5250,-0.5950,-0.2800,0.7210,0.0079,0.7085,0.38,0.28,0.37,135713,137301,124947
53807616,-0.1225,-0.6475,-0.3850,0.7210,0.0085,0.7087,0.38,0.28,0.37,135721,137301,124944
53827148,-0.1050,-0.6475,-0.2625,0.7210,0.0088,0.7091,0.38,0.28,0.37,135720,137294,124943
53847656,0.2100,-0.7175,-0.2625,0.7210,0.0087,0.7093,0.38,0.28,0.37,135707,137297,124963
53867188,0.0350,-0.7525,-0.2975,0.7210,0.0081,0.7093,0.38,0.28,0.37,135708,137289,124952
53887696,-0.1225,-0.7350,-0.2975,0.7210,0.0076,0.7091,0.38,0.28,0.37,135716,137287,124944
53907224,-0.1050,-0.6650,-0.3850,0.7210,0.0071,0.7086,0.38,0.28,0.37,135717,137299,124939
53927736,0.0525,-0.6475,-0.3675,0.7210,0.0068,0.7083,0.38,0.28,0.37,135709,137293,124944
53947264,0.4550,-0.7000,-0.4375,0.7210,0.0067,0.7080,0.38,0.28,0.37,135703,137299,124965
53966796,1.1375,-0.5600,-0.4025,0.7210,0.0068,0.7081,0.38,0.28,0.37,135709,137297,124944
53987304,1.1025,-0.5950,-0.3150,0.7209,0.0081,0.7083,0.38,0.28,0.37,135714,137293,124952
54006836,0.1750,-0.6825,-0.3150,0.7209,0.0088,0.7086,0.38,0.28,0.37,135721,137301,124942
54027344,-0.0175,-0.7875,-0.2800,0.7210,0.0093,0.7092,0.38,0.28,0.37,135718,137304,124935
54046876,-0.3150,-0.8050,-0.2625,0.7210,0.0096,0.7093,0.38,0.28,0.37,135708,137293,124957
54067384,-0.2625,-0.8050,-0.2450,0.7210,0.0099,0.7092,0.38,0.28,0.37,135713,137287,124950
54086912,-0.4725,-0.7525,-0.1750,0.7211,0.0101,0.7088,0.38,0.28,0.37,135714,137290,124946
54107420,0.3850,-0.6650,-0.0700,0.7213,0.0093,0.7082,0.38,0.28,0.37,135721,137301,124934
54126952,1.0325,-0.6475,-0.2275,0.7213,0.0084,0.7080,0.38,0.28,0.37,135717,137303,124939
54147460,1.2775,-0.5775,-0.2275,0.7213,0.0076,0.7078,0.38,0.28,0.37,135714,137283,124950
54166992,1.1025,-0.6125,-0.3500,0.7213,0.0072,0.7077,0.38,0.28,0.37,135707,137302,124953
54187500,0.9450,-0.5950,-0.3325,0.7213,0.0071,0.7081,0.38,0.28,0.37,135713,137293,124942
54207032,0.6475,-0.7700,-0.4200,0.7211,0.0073,0.7086,0.38,0.28,0.37,135717,137315,124939
54227540,-0.3675,-0.7875,-0.4025,0.7213,0.0082,0.7088,0.38,0.28,0.38,135716,137309,124926
54247072,-0.6300,-0.7000,-0.3325,0.7213,0.0085,0.7091,0.38,0.28,0.37,135706,137300,124959
54267576,-0.2100,-0.7700,-0.2975,0.7210,0.0084,0.7093,0.38,0.28,0.37,135710,137291,124955
54287108,0.2450,-0.7350,-0.3500,0.7210,0.0083,0.7091,0.38,0.28,0.37,135712,137294,124938
54307616,0.5775,-0.6650,-0.3325,0.7210,0.0081,0.7088,0.38,0.28,0.37,135714,137305,124934
