33570312,15.5225,165.1300,-6.0375,-0.1349,-0.0852,0.8374,0.27,0.30,0.41,135961,135544,124338
33589844,19.2675,167.3875,-7.4200,-0.1904,-0.0756,0.8400,0.28,0.27,0.42,135542,135644,124233
33610352,18.9700,168.7700,-8.2425,-0.2460,-0.0633,0.8419,0.28,0.24,0.42,135080,135723,124155
33629880,11.1125,169.8025,-8.3650,-0.3023,-0.0478,0.8400,0.29,0.22,0.43,134622,135772,124081
33650392,-2.8700,170.6425,-7.9450,-0.3540,-0.0340,0.8353,0.29,0.19,0.43,134138,135769,124041
33669920,-22.0150,170.5550,-7.0875,-0.4363,-0.0265,0.8250,0.28,0.16,0.43,133671,135726,123998
33690428,-31.1325,169.4350,-6.9825,-0.4900,-0.0259,0.8161,0.28,0.13,0.43,133168,135689,123984
33709960,-30.8700,166.9675,-6.3700,-0.5442,-0.0296,0.8072,0.28,0.10,0.43,132697,135627,123997
33730468,-34.9825,164.5175,-3.6925,-0.5983,-0.0317,0.7923,0.27,0.07,0.43,132217,135525,124037
33750000,-48.3175,161.9800,-2.0125,-0.6507,-0.0310,0.7723,0.26,0.04,0.43,131769,135387,124096
33770508,-68.6000,158.8650,2.3975,-0.6980,-0.0311,0.7510,0.25,0.02,0.42,131324,135211,124172
33790040,-78.8200,151.8475,6.2125,-0.7688,-0.0444,0.7154,0.24,-0.01,0.42,130907,135035,124244
33810544,-57.1725,145.9150,9.5550,-0.8150,-0.0655,0.6963,0.24,-0.03,0.41,130501,134943,124388
33830080,-31.4125,138.8800,11.6025,-0.8590,-0.0860,0.6739,0.23,-0.06,0.40,130145,134916,124545
33850584,-3.0275,131.1625,12.1450,-0.8999,-0.1049,0.6514,0.24,-0.08,0.39,129811,134945,124757
33870116,12.0575,122.9375,11.8650,-0.9316,-0.1181,0.6246,0.24,-0.09,0.37,129529,135011,124986
33890624,49.3500,108.9725,10.2375,-0.9660,-0.1322,0.5985,0.25,-0.11,0.36,129254,135161,125203
33910156,74.2000,97.6850,8.5575,-0.9794,-0.1373,0.5828,0.26,-0.12,0.35,129028,135352,125416
33930664,100.1875,86.2925,6.7375,-0.9841,-0.1441,0.5706,0.27,-0.14,0.33,128833,135569,125702
33950196,115.1325,77.1050,4.1825,-0.9895,-0.1443,0.5579,0.29,-0.15,0.31,128686,135795,125976
33970704,104.9125,68.8625,0.9450,-0.9938,-0.1369,0.5412,0.30,-0.15,0.30,128549,135946,126218
33990232,65.9050,60.4100,-1.7150,-1.0027,-0.1215,0.5167,0.30,-0.16,0.29,128431,136014,126381
34010744,16.5025,48.6150,-1.9250,-1.0122,-0.0964,0.4928,0.30,-0.17,0.28,128334,136034,126480
34030272,5.7575,39.0600,-1.2775,-1.0189,-0.0891,0.4804,0.30,-0.17,0.27,128272,136042,126574
34049804,7.4900,28.6125,-0.4725,-1.0255,-0.0881,0.4708,0.30,-0.17,0.27,128232,136051,126635
34070312,13.9475,17.7100,0.6650,-1.0314,-0.0866,0.4634,0.30,-0.17,0.27,128211,136067,126681
34089844,12.4600,6.8775,2.0300,-1.0358,-0.0813,0.4565,0.31,-0.17,0.27,128209,136088,126701
34110352,7.9100,-4.1650,3.9200,-1.0396,-0.0754,0.4521,0.31,-0.17,0.27,128234,136113,126665
34129880,3.6050,-21.4025,7.3325,-1.0451,-0.0699,0.4486,0.31,-0.17,0.27,128286,136139,126629
34150392,4.8300,-33.1100,10.1150,-1.0492,-0.0681,0.4481,0.31,-0.16,0.28,128387,136156,126554
34169920,7.0525,-44.9400,13.1075,-1.0566,-0.0656,0.4479,0.31,-0.16,0.28,128502,136200,126463
34190428,4.7950,-56.2100,16.0475,-1.0665,-0.0622,0.4471,0.32,-0.15,0.29,128631,136253,126331
34209960,0.3325,-67.1300,18.7250,-1.0767,-0.0573,0.4459,0.32,-0.14,0.30,128795,136289,126172
34230468,-3.4300,-77.7350,20.9300,-1.0851,-0.0529,0.4452,0.32,-0.13,0.31,129017,136319,126000
34250000,-2.3625,-93.0650,23.8875,-1.0930,-0.0481,0.4455,0.32,-0.11,0.32,129259,136351,125847
34270508,1.5050,-102.5325,25.7600,-1.0970,-0.0450,0.4460,0.32,-0.09,0.33,129544,136391,125664
34290040,3.3950,-111.0725,27.4050,-1.1014,-0.0417,0.4470,0.33,-0.08,0.34,129842,136450,125478
34310544,0.5600,-118.8075,28.5250,-1.1072,-0.0366,0.4492,0.33,-0.06,0.35,130168,136479,125279
34330080,-7.8750,-125.5275,29.2075,-1.1112,-0.0288,0.4526,0.33,-0.03,0.37,130530,136477,125086
34350584,-8.2250,-134.9075,29.5050,-1.1126,-0.0181,0.4652,0.33,-0.01,0.38,130935,136475,124912
34370116,-3.8675,-140.1750,29.6100,-1.1097,-0.0129,0.4741,0.33,0.02,0.38,131345,136481,124776
34390624,-0.9450,-144.6375,29.1550,-1.1051,-0.0106,0.4815,0.33,0.04,0.39,131774,136488,124619
34410156,-2.3625,-148.0325,28.0525,-1.0975,-0.0099,0.4900,0.33,0.07,0.40,132201,136478,124523
34430664,-4.9175,-150.7100,26.1975,-1.0882,-0.0085,0.5020,0.33,0.10,0.41,132671,136452,124427
34450196,-6.0025,-152.6000,23.9575,-1.0753,-0.0056,0.5162,0.33,0.12,0.41,133103,136414,124385
34470704,-6.3525,-153.5450,20.5450,-1.0494,-0.0048,0.5409,0.32,0.15,0.41,133559,136374,124362
34490232,-10.8675,-153.3000,17.6225,-1.0304,-0.0015,0.5606,0.32,0.18,0.41,133978,136306,124316
34510744,-26.0050,-151.9175,14.5775,-1.0086,0.0063,0.5790,0.31,0.20,0.41,134415,136201,124287
34549804,-61.5475,-147.5075,8.7675,-0.9543,0.0196,0.6101,0.29,0.25,0.41,135183,135832,124283
34569336,-57.7325,-146.0200,5.6525,-0.9250,0.0189,0.6314,0.28,0.27,0.41,135549,135662,124321
34588868,-47.6350,-144.6375,3.0800,-0.8938,0.0183,0.6522,0.27,0.29,0.41,135894,135542,124387
34609376,-32.7950,-142.1000,1.7325,-0.8396,0.0181,0.6773,0.27,0.32,0.40,136253,135441,124446
34628904,-18.3575,-140.5250,2.0125,-0.8025,0.0127,0.6942,0.26,0.34,0.40,136567,135372,124568
34649416,-9.8000,-138.6175,2.5025,-0.7671,0.0107,0.7088,0.26,0.35,0.39,136874,135303,124705
34668944,-20.2300,-135.6600,2.4675,-0.7276,0.0165,0.7170,0.25,0.37,0.38,137153,135200,124819
34689452,-28.4900,-132.6500,2.2925,-0.6842,0.0200,0.7238,0.25,0.39,0.37,137441,135116,124931
34708984,-14.3500,-128.9050,3.0625,-0.6417,0.0167,0.7357,0.24,0.40,0.37,137706,135062,125059
34729492,-2.3800,-126.4550,4.2525,-0.5846,0.0133,0.7608,0.24,0.42,0.36,137959,135015,125196
34749024,-2.2225,-123.4625,5.8975,-0.5435,0.0153,0.7718,0.24,0.43,0.35,138178,134976,125372
34769532,-2.0650,-120.3300,7.4725,-0.4984,0.0182,0.7793,0.23,0.45,0.34,138395,134908,125513
34789064,-5.2850,-116.4450,8.8375,-0.4491,0.0226,0.7879,0.23,0.46,0.33,138606,134870,125657
34809568,-3.1325,-113.0325,10.0625,-0.4008,0.0231,0.8019,0.23,0.47,0.32,138820,134809,125801
34829100,-17.1500,-107.3975,11.5150,-0.3298,0.0246,0.8135,0.22,0.48,0.31,139000,134726,125939
34849608,-30.0125,-103.4950,11.7250,-0.2835,0.0224,0.8194,0.22,0.49,0.31,139166,134595,126063
34869140,-37.5375,-99.5750,11.8650,-0.2381,0.0165,0.8276,0.21,0.50,0.30,139323,134478,126196
34889648,-38.7800,-95.9525,11.9875,-0.1954,0.0046,0.8334,0.20,0.51,0.29,139496,134363,126294
34909180,-39.7600,-92.3825,11.5850,-0.1536,-0.0102,0.8344,0.19,0.52,0.28,139650,134255,126404
34929688,-41.4750,-87.2025,9.2750,-0.1086,-0.0275,0.8331,0.19,0.53,0.28,139790,134130,126529
34949216,-38.5875,-83.8600,7.0350,-0.0404,-0.0610,0.8328,0.18,0.54,0.27,139898,134033,126635
34969728,-39.5325,-79.4500,4.5500,0.0004,-0.0831,0.8323,0.18,0.55,0.26,140012,133945,126750
34989256,-29.7675,-74.8475,2.1875,0.0421,-0.1066,0.8306,0.17,0.55,0.26,140122,133889,126862
35008788,-6.2825,-69.8600,1.1550,0.0803,-0.1327,0.8258,0.17,0.56,0.25,140236,133896,126975
35029296,26.1625,-65.2750,0.9800,0.1163,-0.1608,0.8191,0.18,0.56,0.24,140320,133952,127105
35048828,49.8050,-59.7450,0.2800,0.1490,-0.1834,0.8101,0.18,0.57,0.23,140379,134014,127237
35069336,61.5300,-49.1400,-1.8550,0.1975,-0.2061,0.7928,0.18,0.57,0.23,140436,134099,127365
35088868,51.5550,-40.2325,-3.6050,0.2318,-0.2150,0.7808,0.19,0.58,0.22,140493,134159,127451
35109376,36.5050,-30.8525,-5.6350,0.2638,-0.2213,0.7717,0.19,0.58,0.22,140534,134232,127522
35128904,13.6675,-20.7725,-8.1725,0.2913,-0.2206,0.7602,0.19,0.58,0.22,140556,134244,127535
35149416,-3.4300,-10.7800,-10.5350,0.3143,-0.2185,0.7482,0.20,0.58,0.22,140541,134267,127541
35168944,-6.3000,3.7625,-13.3700,0.3335,-0.2192,0.7383,0.20,0.58,0.22,140520,134289,127541
35189452,-1.5050,13.0900,-15.0850,0.3550,-0.2203,0.7255,0.20,0.58,0.22,140502,134343,127504
35208984,4.1825,22.3300,-16.9750,0.3651,-0.2180,0.7181,0.20,0.57,0.22,140475,134405,127470
35229492,12.7400,31.2200,-18.4625,0.3721,-0.2147,0.7139,0.21,0.57,0.22,140422,134491,127417
35249024,20.7725,39.7775,-19.7225,0.3762,-0.2076,0.7114,0.21,0.57,0.23,140348,134572,127371
35269532,23.9400,48.3350,-20.9125,0.3772,-0.1974,0.7083,0.22,0.56,0.23,140250,134664,127295
35289064,18.0600,61.2500,-23.2050,0.3730,-0.1825,0.7000,0.23,0.55,0.24,140165,134762,127203
35309568,13.8075,69.7900,-24.8850,0.3689,-0.1739,0.6955,0.23,0.55,0.24,140075,134870,127098
35329100,15.9250,77.9625,-26.7050,0.3611,-0.1642,0.6969,0.24,0.54,0.25,139952,134983,126968
35349608,23.0475,85.7150,-28.2800,0.3477,-0.1545,0.7026,0.25,0.53,0.26,139797,135103,126850
35369140,27.6675,93.1700,-29.7850,0.3293,-0.1449,0.7083,0.25,0.52,0.27,139633,135234,126728
35389648,28.7875,100.3800,-32.1825,0.3117,-0.1338,0.7124,0.26,0.51,0.27,139464,135385,126577
35409180,34.2475,110.3025,-33.7575,0.2834,-0.1131,0.7196,0.27,0.50,0.28,139286,135555,126454
35429688,44.5900,116.0425,-35.1225,0.2574,-0.1004,0.7287,0.29,0.49,0.29,139075,135760,126334
35449216,57.1200,121.2750,-36.9425,0.2289,-0.0869,0.7397,0.30,0.47,0.30,138842,135941,126211
35469728,62.5450,126.3500,-39.2350,0.1969,-0.0709,0.7486,0.31,0.46,0.30,138573,136175,126100
35489256,61.2500,131.4425,-41.5800,0.1640,-0.0528,0.7559,0.33,0.44,0.31,138315,136402,125988
35508788,59.3950,136.2200,-43.6100,0.1280,-0.0329,0.7645,0.34,0.43,0.32,138036,136632,125890
35529296,54.8800,143.0100,-46.5850,0.0671,0.0007,0.7749,0.35,0.41,0.32,137713,136858,125771
35559568,45.9725,149.5025,-49.5250,0.0020,0.0326,0.7813,0.37,0.37,0.33,137173,137166,125607
35579100,35.9975,153.3525,-51.3975,-0.0436,0.0539,0.7835,0.38,0.35,0.34,136792,137329,125483
35599608,22.2425,157.3600,-52.8325,-0.0932,0.0753,0.7854,0.39,0.32,0.35,136360,137461,125380
35619140,4.6375,161.7525,-53.4100,-0.1459,0.0993,0.7878,0.39,0.30,0.36,135926,137516,125238
35639648,-36.2075,169.2600,-52.1150,-0.2252,0.1330,0.7842,0.39,0.27,0.37,135426,137513,125041
35659180,-54.1450,173.8975,-49.0000,-0.2735,0.1452,0.7852,0.39,0.24,0.38,134938,137463,124847
35679688,-71.1025,177.8875,-45.7800,-0.3316,0.1557,0.7857,0.38,0.20,0.39,134399,137324,124664
35699216,-98.3150,181.3875,-41.6500,-0.3958,0.1636,0.7832,0.37,0.17,0.40,133871,137102,124492
35719728,-121.9400,184.1875,-35.6825,-0.4582,0.1652,0.7843,0.35,0.14,0.41,133306,136785,124327
35739256,-136.7275,185.5700,-24.7975,-0.5198,0.1606,0.7807,0.33,0.10,0.42,132768,136444,124195
35758788,-156.8700,185.0100,-17.2025,-0.6004,0.1298,0.7615,0.30,0.07,0.43,132234,136067,124090
35779296,-156.3100,182.8225,-10.6400,-0.6434,0.0917,0.7413,0.28,0.04,0.43,131685,135674,124048
35798828,-148.9075,179.4625,-5.0225,-0.6849,0.0501,0.7177,0.26,0.01,0.43,131190,135322,124077
35819336,-130.9525,174.5450,-0.1925,-0.7287,0.0122,0.6960,0.24,-0.02,0.42,130683,135016,124183
35838868,-108.7975,168.5600,3.7450,-0.7737,-0.0244,0.6776,0.23,-0.05,0.41,130223,134817,124326
35859376,-61.8100,157.1850,6.3700,-0.8383,-0.0841,0.6490,0.22,-0.08,0.40,129775,134707,124517
35878904,-16.0475,147.7700,5.8100,-0.8833,-0.1186,0.6334,0.22,-0.10,0.39,129402,134728,124739
35899416,33.7925,137.6375,4.7600,-0.9201,-0.1458,0.6257,0.23,-0.12,0.37,129053,134858,125035
35918944,72.9925,124.9675,1.3825,-0.9581,-0.1554,0.6171,0.24,-0.14,0.35,128772,135052,125343
35939452,88.7600,110.9325,-2.4325,-0.9923,-0.1623,0.6066,0.25,-0.16,0.33,128509,135228,125623
35958984,94.2375,96.2150,-5.6875,-1.0280,-0.1635,0.5960,0.26,-0.17,0.32,128301,135407,125896
35979492,83.4575,75.3550,-7.7875,-1.0681,-0.1634,0.5795,0.27,-0.18,0.30,128140,135533,126139
35999024,70.9975,60.2175,-7.2100,-1.0906,-0.1636,0.5653,0.28,-0.19,0.29,128029,135620,126338
36019532,42.9450,46.6200,-5.6175,-1.1078,-0.1547,0.5551,0.28,-0.19,0.28,127958,135644,126467
36039064,12.1975,31.1850,-2.7650,-1.1209,-0.1474,0.5463,0.28,-0.19,0.28,127910,135636,126517
36059568,-2.8175,15.5400,1.1200,-1.1285,-0.1452,0.5463,0.28,-0.19,0.28,127891,135640,126525
36079100,-2.9050,-0.8925,5.1975,-1.1278,-0.1484,0.5470,0.28,-0.19,0.28,127921,135626,126507
36099608,8.6275,-25.8125,10.5525,-1.1183,-0.1570,0.5477,0.28,-0.19,0.28,128009,135678,126449
36119140,18.6025,-41.3175,13.7375,-1.1090,-0.1610,0.5475,0.29,-0.18,0.29,128116,135742,126378
36139648,26.0225,-55.6675,16.5375,-1.1009,-0.1617,0.5453,0.29,-0.17,0.29,128248,135836,126292
36159180,30.5550,-68.8275,19.3025,-1.0982,-0.1581,0.5424,0.30,-0.16,0.30,128406,135943,126149
36179688,32.4975,-81.0950,21.8050,-1.0996,-0.1515,0.5373,0.30,-0.15,0.31,128628,136040,126006
36199216,34.8075,-92.2075,25.1475,-1.1026,-0.1458,0.5316,0.31,-0.13,0.32,128874,136169,125869
36219728,55.5100,-108.0100,27.5625,-1.1092,-0.1430,0.5264,0.32,-0.12,0.33,129159,136339,125737
36239256,71.8550,-117.6350,30.3975,-1.1140,-0.1379,0.5231,0.33,-0.10,0.33,129462,136536,125625
36258788,77.0875,-125.5100,33.7750,-1.1152,-0.1274,0.5200,0.35,-0.08,0.34,129797,136729,125511
36279296,69.7550,-131.9500,37.1525,-1.1141,-0.1122,0.5176,0.36,-0.05,0.35,130183,136908,125401
36298828,46.8125,-136.9200,39.7425,-1.1113,-0.0947,0.5139,0.36,-0.03,0.36,130579,136998,125255
36319336,14.2100,-142.6075,41.1950,-1.1007,-0.0733,0.5145,0.36,-0.00,0.36,131014,137045,125105
36338868,7.4200,-146.2825,41.1250,-1.0917,-0.0648,0.5208,0.37,0.02,0.37,131446,137092,124952
36359376,5.6175,-149.6075,40.6175,-1.0825,-0.0581,0.5283,0.37,0.05,0.38,131910,137122,124827
36378904,1.2600,-152.0925,39.7600,-1.0719,-0.0519,0.5369,0.37,0.08,0.39,132360,137119,124717
36399416,-4.4625,-153.7375,38.6050,-1.0592,-0.0440,0.5488,0.37,0.11,0.39,132838,137075,124636
36418944,-11.9700,-154.6125,36.8725,-1.0425,-0.0342,0.5635,0.36,0.14,0.40,133297,137011,124590
36439452,-22.6275,-154.7175,33.8100,-1.0094,-0.0184,0.5877,0.36,0.16,0.40,133767,136923,124534
36458984,-32.4625,-153.8250,31.4300,-0.9830,-0.0107,0.6032,0.35,0.19,0.40,134214,136828,124478
36479492,-36.9075,-152.8800,28.7700,-0.9544,-0.0051,0.6192,0.34,0.22,0.40,134669,136667,124455
36499024,-43.4000,-151.3225,25.9000,-0.9245,-0.0020,0.6329,0.33,0.24,0.40,135075,136514,124455
36519532,-37.9750,-150.0100,22.9425,-0.8965,-0.0011,0.6540,0.32,0.27,0.40,135492,136384,124510
36539064,-25.8475,-148.6450,20.6675,-0.8664,-0.0017,0.6775,0.32,0.29,0.40,135878,136294,124566
36569336,-7.9450,-143.7975,17.8850,-0.7946,0.0016,0.7193,0.31,0.33,0.39,136425,136166,124718
36588868,-3.8675,-140.2800,17.2200,-0.7570,0.0022,0.7401,0.31,0.35,0.38,136752,136121,124844
36609376,-2.8525,-136.2725,17.0450,-0.7169,0.0061,0.7571,0.30,0.37,0.37,137080,136059,124962
36628904,-11.8825,-132.1425,16.9225,-0.6727,0.0156,0.7665,0.30,0.38,0.37,137371,135940,125063
36649416,-35.8750,-127.1375,16.6075,-0.6251,0.0240,0.7719,0.29,0.40,0.36,137643,135771,125180
36668944,-54.4950,-120.9600,14.9800,-0.5597,0.0261,0.7901,0.28,0.42,0.36,137878,135587,125252
36689452,-62.2825,-116.6550,13.0375,-0.5175,0.0246,0.8008,0.26,0.43,0.35,138134,135409,125341
36708984,-52.6225,-113.4350,11.1125,-0.4743,0.0133,0.8106,0.26,0.44,0.34,138351,135259,125436
36729492,-48.0725,-109.2350,9.2925,-0.4269,0.0065,0.8141,0.25,0.46,0.34,138562,135116,125530
36749024,-41.9825,-105.1050,7.1050,-0.3791,-0.0039,0.8206,0.24,0.47,0.33,138737,134995,125652
36769532,-31.4650,-101.1850,5.4950,-0.3322,-0.0200,0.8292,0.23,0.48,0.32,138906,134907,125788
36789064,-18.2350,-95.1475,4.0425,-0.2633,-0.0451,0.8350,0.23,0.49,0.32,139067,134844,125894
36809568,-7.4550,-90.6850,2.9400,-0.2176,-0.0634,0.8366,0.23,0.50,0.31,139239,134801,126028
36829100,-7.4550,-84.5600,1.2250,-0.1703,-0.0730,0.8325,0.23,0.51,0.30,139368,134763,126132
36849608,-10.4650,-77.5425,-0.4025,-0.1252,-0.0837,0.8292,0.22,0.51,0.29,139469,134709,126252
36869140,-15.8025,-70.1750,-2.0125,-0.0810,-0.0954,0.8245,0.22,0.52,0.29,139562,134666,126342
36889648,-23.9225,-58.4150,-4.0775,-0.0182,-0.1093,0.8159,0.22,0.52,0.28,139656,134616,126405
36909180,-25.6550,-50.4875,-5.3025,0.0195,-0.1191,0.8096,0.21,0.53,0.28,139733,134563,126456
36929688,-26.6700,-41.9650,-6.0900,0.0544,-0.1296,0.8018,0.21,0.53,0.28,139787,134525,126501
36949216,-26.4250,-32.7425,-6.9650,0.0872,-0.1393,0.7925,0.21,0.53,0.28,139808,134486,126529
36969728,-19.6525,-23.4500,-7.2625,0.1155,-0.1508,0.7830,0.21,0.53,0.28,139826,134469,126553
36989256,-6.6675,-14.3150,-7.3500,0.1391,-0.1615,0.7774,0.21,0.53,0.28,139828,134491,126558
37008788,3.5875,-1.0850,-7.5425,0.1581,-0.1693,0.7724,0.21,0.53,0.28,139836,134507,126540
37029296,0.9100,7.7525,-7.8925,0.1830,-0.1741,0.7591,0.21,0.53,0.28,139801,134525,126543
37048828,-5.3025,16.5900,-8.6800,0.1983,-0.1767,0.7490,0.21,0.53,0.28,139762,134538,126492
37069336,-1.8025,24.9900,-9.5025,0.2111,-0.1813,0.7430,0.21,0.53,0.28,139693,134578,126442
37088868,9.8875,32.6900,-10.3250,0.2202,-0.1876,0.7399,0.22,0.52,0.28,139635,134645,126404
37109376,21.8925,40.1100,-11.2350,0.2270,-0.1928,0.7380,0.22,0.52,0.29,139561,134745,126333
37128904,33.1975,51.5725,-12.9325,0.2339,-0.1956,0.7366,0.23,0.51,0.29,139459,134840,126273
37149416,38.7800,58.9750,-14.1400,0.2350,-0.1946,0.7386,0.24,0.50,0.30,139337,134955,126204
37168944,42.1750,66.2375,-15.5925,0.2328,-0.1906,0.7409,0.24,0.50,0.30,139202,135074,126136
37189452,40.5825,73.6575,-17.0625,0.2294,-0.1832,0.7424,0.25,0.49,0.31,139055,135214,126034
37208984,39.3050,81.1825,-18.4275,0.2242,-0.1753,0.7459,0.26,0.48,0.31,138910,135359,125951
37229492,45.6575,88.6375,-19.6875,0.2156,-0.1688,0.7552,0.27,0.47,0.32,138721,135538,125862
37249024,60.0250,98.8750,-21.7875,0.1923,-0.1574,0.7708,0.28,0.45,0.32,138508,135708,125798
37269532,52.7800,106.4525,-23.9750,0.1740,-0.1425,0.7767,0.29,0.44,0.33,138264,135871,125700
37289064,38.8850,114.7475,-25.8650,0.1552,-0.1248,0.7820,0.30,0.42,0.34,138027,136008,125577
37309568,27.9475,123.1475,-27.2825,0.1333,-0.1086,0.7901,0.31,0.41,0.34,137748,136158,125444
37329100,27.0725,130.9875,-27.9125,0.1039,-0.0964,0.8006,0.32,0.39,0.35,137456,136304,125320
37349608,27.0725,141.6450,-28.2800,0.0479,-0.0791,0.8087,0.33,0.37,0.36,137093,136420,125207
37369140,14.3325,149.1700,-28.8925,0.0060,-0.0632,0.8078,0.33,0.35,0.37,136734,136499,125078
37389648,-4.3575,156.7300,-28.9275,-0.0407,-0.0468,0.8046,0.34,0.32,0.38,136321,136566,124918
37409180,-22.1025,163.7650,-27.8950,-0.0913,-0.0295,0.8013,0.34,0.30,0.39,135921,136579,124739
37429688,-35.1050,170.2925,-25.6200,-0.1463,-0.0142,0.7991,0.33,0.27,0.40,135441,136528,124577
37449216,-44.1175,175.9275,-22.4525,-0.2035,-0.0015,0.7974,0.33,0.24,0.41,134963,136451,124423
37469728,-66.4300,183.7675,-17.5000,-0.2899,0.0149,0.7884,0.32,0.21,0.41,134442,136290,124295
37489256,-95.6550,188.5100,-13.4575,-0.3444,0.0270,0.7756,0.30,0.17,0.42,133926,136066,124141
37508788,-130.4625,192.6400,-6.6150,-0.3966,0.0351,0.7627,0.28,0.14,0.43,133393,135740,123987
37529296,-156.9925,195.1250,1.6275,-0.4518,0.0331,0.7513,0.26,0.11,0.44,132827,135327,123888
37548828,-165.1475,195.4750,10.5525,-0.5098,0.0167,0.7401,0.23,0.07,0.44,132289,134913,123849
37579100,-120.6100,188.9650,24.7625,-0.5971,-0.0312,0.7222,0.21,0.02,0.44,131463,134467,123910
37599608,-85.4350,183.1900,28.1400,-0.6771,-0.0855,0.7008,0.20,-0.01,0.43,130943,134295,124057
37619140,-56.0525,177.0475,29.8900,-0.7264,-0.1158,0.6814,0.19,-0.04,0.42,130480,134231,124240
37639648,-17.7975,170.1700,29.4000,-0.7729,-0.1413,0.6675,0.20,-0.06,0.40,130014,134291,124468
37659180,15.6975,161.9100,26.9850,-0.8187,-0.1627,0.6499,0.20,-0.09,0.39,129609,134411,124715
37679688,34.4575,153.8600,23.9400,-0.8562,-0.1773,0.6316,0.21,-0.11,0.37,129229,134525,124987
37699216,49.1400,139.9125,18.3575,-0.9072,-0.1879,0.5983,0.22,-0.13,0.35,128919,134653,125275
37719728,55.4050,129.4650,14.7700,-0.9355,-0.1942,0.5767,0.23,-0.15,0.34,128633,134815,125575
37739256,65.9225,118.5450,11.8300,-0.9587,-0.1983,0.5601,0.24,-0.16,0.32,128386,134982,125848
37758788,78.5575,107.3975,9.2400,-0.9756,-0.2002,0.5472,0.25,-0.18,0.30,128177,135143,126132
37779296,81.9350,96.7575,7.3500,-0.9905,-0.2006,0.5294,0.26,-0.19,0.28,127995,135284,126405
37798828,73.7800,87.3075,5.7925,-1.0028,-0.1972,0.5117,0.26,-0.20,0.27,127860,135390,126654
37819336,42.5075,72.9925,4.4975,-1.0216,-0.1815,0.4781,0.27,-0.20,0.26,127751,135460,126872
37838868,24.9200,63.1225,4.9000,-1.0269,-0.1714,0.4621,0.27,-0.21,0.25,127645,135486,127033
37859376,5.8275,52.4825,5.4950,-1.0375,-0.1593,0.4387,0.27,-0.21,0.24,127569,135509,127144
37878904,-1.6625,41.3700,6.6850,-1.0443,-0.1531,0.4258,0.27,-0.22,0.24,127524,135516,127218
37899416,3.2200,29.4175,8.0325,-1.0524,-0.1498,0.4143,0.27,-0.22,0.23,127510,135532,127290
37918944,9.9925,17.3950,8.9250,-1.0599,-0.1488,0.4024,0.27,-0.22,0.23,127510,135569,127328
37939452,11.0250,-0.7875,9.7475,-1.0697,-0.1447,0.3855,0.28,-0.22,0.23,127529,135603,127320
37958984,4.7775,-13.1425,10.5000,-1.0734,-0.1408,0.3762,0.28,-0.21,0.23,127551,135633,127288
37979492,3.5350,-25.8825,11.1825,-1.0742,-0.1403,0.3721,0.28,-0.21,0.24,127621,135661,127220
37999024,9.5900,-39.0250,12.1275,-1.0751,-0.1425,0.3723,0.28,-0.20,0.24,127717,135716,127138
38019532,15.3825,-52.3600,13.1775,-1.0765,-0.1437,0.3738,0.29,-0.20,0.25,127835,135769,127022
38039064,21.1750,-65.6425,14.2625,-1.0793,-0.1447,0.3762,0.29,-0.19,0.26,127971,135870,126866
38059568,37.0300,-84.9275,16.4850,-1.0871,-0.1457,0.3854,0.30,-0.18,0.27,128140,135965,126713
38079100,45.5875,-96.9850,18.3925,-1.0935,-0.1427,0.3924,0.31,-0.17,0.28,128350,136090,126563
38099608,48.6500,-107.9575,20.5975,-1.0974,-0.1369,0.3980,0.31,-0.15,0.29,128598,136229,126394
38119140,50.9250,-117.6875,22.9600,-1.0978,-0.1321,0.4026,0.32,-0.14,0.30,128858,136375,126213
38139648,57.2250,-126.3675,25.3400,-1.0980,-0.1303,0.4061,0.33,-0.12,0.31,129166,136547,126053
38159180,71.0500,-137.7950,29.6450,-1.0980,-0.1293,0.4114,0.35,-0.10,0.32,129490,136752,125907
38179688,76.8775,-144.2525,32.9875,-1.0978,-0.1224,0.4175,0.36,-0.07,0.32,129875,136971,125769
38199216,71.4525,-149.8175,36.6800,-1.0984,-0.1049,0.4238,0.37,-0.05,0.33,130268,137134,125647
38219728,49.4200,-153.7550,39.9175,-1.0975,-0.0817,0.4285,0.38,-0.02,0.34,130705,137248,125503
38239256,21.5250,-156.7650,41.4400,-1.0957,-0.0590,0.4342,0.38,0.00,0.35,131138,137316,125336
38258788,-2.7125,-159.2150,41.5975,-1.0919,-0.0392,0.4425,0.38,0.03,0.36,131585,137306,125148
38279296,-28.4550,-162.2075,39.7600,-1.0856,-0.0110,0.4621,0.38,0.06,0.37,132069,137254,124969
38298828,-40.4950,-163.5200,37.5550,-1.0771,0.0043,0.4786,0.37,0.09,0.38,132544,137161,124800
38319336,-44.5200,-164.5000,34.9125,-1.0651,0.0127,0.4970,0.36,0.12,0.39,133043,137044,124680
38338868,-38.9375,-165.5675,31.5700,-1.0490,0.0179,0.5159,0.36,0.15,0.40,133504,136952,124584
38359376,-29.7850,-165.6025,28.3150,-1.0300,0.0173,0.5394,0.35,0.18,0.40,133997,136861,124539
38378904,-27.1600,-164.3075,25.5150,-1.0063,0.0205,0.5600,0.35,0.21,0.40,134440,136771,124506
38399416,-19.1975,-161.9275,20.9650,-0.9609,0.0232,0.5943,0.34,0.23,0.40,134894,136669,124533
38418944,-20.2125,-159.3375,19.1625,-0.9265,0.0251,0.6152,0.34,0.26,0.39,135313,136574,124603
38439452,-13.9825,-157.0625,17.7625,-0.8891,0.0199,0.6393,0.33,0.28,0.39,135727,136522,124660
38458984,-1.9600,-155.0850,16.3450,-0.8479,0.0184,0.6620,0.33,0.31,0.39,136110,136472,124739
38479492,-8.9950,-151.6025,15.1025,-0.8026,0.0240,0.6780,0.32,0.33,0.38,136487,136388,124849
38499024,-16.6075,-147.9800,13.3875,-0.7577,0.0242,0.6983,0.32,0.35,0.37,136818,136279,124947
38519532,-35.2275,-141.8725,9.3100,-0.6883,0.0311,0.7277,0.31,0.37,0.37,137148,136147,125057
38539064,-52.0800,-137.1300,5.7050,-0.6346,0.0337,0.7441,0.30,0.39,0.36,137438,135989,125118
38559568,-57.4700,-132.1250,2.1700,-0.5802,0.0292,0.7620,0.29,0.41,0.36,137724,135841,125198
38589844,-49.9275,-123.8825,-1.7850,-0.5051,0.0139,0.7886,0.28,0.43,0.35,138091,135624,125370
38610352,-40.5825,-114.4150,-4.4100,-0.4359,-0.0073,0.8096,0.27,0.44,0.34,138319,135522,125456
38629880,-36.6450,-107.7825,-5.7925,-0.3915,-0.0185,0.8203,0.27,0.45,0.34,138499,135426,125577
38650392,-35.7525,-100.9575,-6.9300,-0.3444,-0.0237,0.8286,0.26,0.46,0.33,138661,135323,125688
38669920,-37.1875,-94.1850,-7.3675,-0.2955,-0.0290,0.8323,0.25,0.47,0.32,138819,135242,125784
38690428,-38.9550,-87.4825,-7.4375,-0.2457,-0.0368,0.8331,0.25,0.48,0.32,138969,135158,125860
38709960,-32.1300,-81.2875,-7.2100,-0.1998,-0.0473,0.8369,0.25,0.49,0.31,139101,135122,125938
38730468,-14.6125,-72.5375,-6.0375,-0.1381,-0.0632,0.8400,0.24,0.50,0.31,139219,135068,126056
38750000,-13.9125,-66.3775,-5.8450,-0.1003,-0.0698,0.8344,0.24,0.50,0.30,139309,135027,126133
38770508,-14.1400,-60.3225,-6.1250,-0.0641,-0.0788,0.8267,0.24,0.51,0.30,139400,135004,126212
38790040,-10.4300,-54.0050,-6.3350,-0.0298,-0.0891,0.8220,0.24,0.51,0.29,139486,135000,126285
38810544,-3.2900,-47.5300,-6.2475,0.0013,-0.0997,0.8176,0.24,0.52,0.29,139565,135001,126344
38830080,5.0575,-41.2300,-5.7050,0.0307,-0.1110,0.8101,0.24,0.52,0.28,139610,134992,126421
38850584,11.1650,-30.0825,-5.4250,0.0749,-0.1232,0.7989,0.24,0.52,0.28,139635,135018,126470
38870116,25.4975,-22.8725,-4.7950,0.1025,-0.1315,0.7964,0.24,0.52,0.28,139665,135071,126525
38890624,29.5400,-15.2600,-4.5500,0.1277,-0.1351,0.7917,0.25,0.53,0.28,139688,135136,126560
38910156,18.7075,-6.8950,-4.7075,0.1497,-0.1343,0.7837,0.25,0.53,0.28,139698,135160,126562
38930664,6.3875,1.7150,-4.7075,0.1710,-0.1335,0.7771,0.25,0.53,0.28,139678,135184,126565
38950196,2.6250,14.5425,-4.3750,0.1995,-0.1364,0.7712,0.25,0.52,0.28,139628,135195,126550
38970704,5.8275,23.0650,-4.4450,0.2150,-0.1386,0.7696,0.25,0.52,0.28,139587,135222,126492
38990232,10.8325,31.4300,-4.7600,0.2283,-0.1405,0.7685,0.26,0.52,0.28,139540,135276,126460
39010744,14.8050,39.6375,-5.0400,0.2379,-0.1416,0.7679,0.26,0.51,0.29,139465,135338,126392
39030272,18.3575,47.9150,-5.5650,0.2446,-0.1423,0.7686,0.26,0.51,0.29,139373,135393,126335
39049804,22.4000,56.0000,-6.1425,0.2468,-0.1427,0.7713,0.27,0.50,0.29,139258,135465,126265
39070312,17.9550,68.6350,-6.9825,0.2464,-0.1386,0.7715,0.27,0.49,0.30,139130,135528,126167
39089844,15.4875,77.4025,-7.2275,0.2438,-0.1337,0.7730,0.28,0.48,0.31,138994,135607,126066
39110352,18.6200,85.8200,-7.4025,0.2368,-0.1288,0.7771,0.28,0.47,0.31,138837,135691,125951
39129880,21.4725,94.0975,-7.8050,0.2245,-0.1235,0.7812,0.29,0.46,0.32,138659,135769,125833
39150392,20.3350,102.2875,-8.5050,0.2084,-0.1176,0.7847,0.29,0.45,0.33,138435,135850,125709
39169920,16.1000,110.4075,-9.3450,0.1920,-0.1102,0.7880,0.30,0.44,0.34,138216,135924,125565
39190428,13.7725,121.4850,-10.5700,0.1599,-0.0964,0.7954,0.30,0.42,0.35,137966,136015,125415
39209960,11.4450,128.5900,-11.0425,0.1310,-0.0869,0.8007,0.31,0.40,0.35,137699,136107,125263
39230468,11.0950,135.1000,-11.3050,0.0982,-0.0792,0.8065,0.31,0.39,0.36,137388,136178,125129
39250000,16.5900,140.6125,-11.5500,0.0603,-0.0739,0.8119,0.32,0.37,0.37,137068,136275,125017
39270508,28.1575,144.9175,-12.2675,0.0163,-0.0683,0.8174,0.33,0.34,0.38,136713,136415,124894
39290040,32.3925,148.8375,-13.7200,-0.0293,-0.0581,0.8180,0.33,0.32,0.38,136353,136521,124810
39310544,21.3675,154.6125,-16.4850,-0.0976,-0.0423,0.8123,0.34,0.30,0.39,135960,136643,124687
39330080,23.1000,157.4300,-17.7800,-0.1440,-0.0354,0.8112,0.35,0.27,0.39,135552,136754,124648
39350584,29.4525,159.9675,-18.8300,-0.1943,-0.0296,0.8103,0.35,0.25,0.39,135108,136881,124620
39370116,37.9750,161.9275,-20.2475,-0.2456,-0.0228,0.8081,0.36,0.22,0.39,134667,137014,124612
39390624,38.3600,163.7475,-22.4350,-0.2972,-0.0142,0.8009,0.37,0.19,0.39,134195,137151,124612
39410156,23.4850,166.2150,-25.8300,-0.3688,0.0028,0.7876,0.38,0.16,0.39,133730,137234,124613
39430664,5.0575,167.4575,-26.9675,-0.4174,0.0167,0.7773,0.38,0.13,0.39,133237,137258,124649
39450196,-18.6375,168.5600,-26.6350,-0.4663,0.0311,0.7670,0.37,0.10,0.39,132762,137191,124688
39470704,-44.9750,169.1550,-25.0425,-0.5167,0.0439,0.7558,0.37,0.07,0.39,132272,137068,124690
39490232,-68.5300,169.1725,-21.8925,-0.5682,0.0517,0.7431,0.36,0.04,0.39,131799,136898,124655
39510744,-84.8575,168.6475,-17.8500,-0.6206,0.0510,0.7315,0.34,0.02,0.39,131325,136688,124685
39530272,-98.0525,165.3575,-11.1125,-0.7064,0.0405,0.7099,0.33,-0.01,0.39,130895,136449,124743
39549804,-94.9725,161.6300,-6.2825,-0.7599,0.0283,0.6966,0.32,-0.04,0.38,130486,136238,124834
39570312,-85.9950,156.4500,-2.1525,-0.8104,0.0143,0.6820,0.30,-0.06,0.37,130084,136033,124941
39600584,-80.7800,148.1550,2.8700,-0.8745,-0.0055,0.6542,0.29,-0.09,0.36,129542,135770,125163
39620116,-70.3850,141.4000,5.3900,-0.9113,-0.0203,0.6368,0.28,-0.11,0.35,129231,135627,125319
39640624,-58.7475,130.2700,7.4900,-0.9529,-0.0433,0.6033,0.27,-0.13,0.34,128932,135526,125511
39660156,-47.4775,122.5350,7.9100,-0.9767,-0.0608,0.5812,0.27,-0.15,0.33,128676,135455,125703
39680664,-18.0425,113.1025,7.6650,-0.9956,-0.0819,0.5638,0.27,-0.16,0.31,128450,135430,125938
39700196,18.3400,102.4800,6.0200,-1.0102,-0.1049,0.5461,0.27,-0.17,0.30,128277,135491,126179
39720704,46.5675,91.2450,3.0975,-1.0207,-0.1232,0.5258,0.28,-0.18,0.28,128100,135591,126428
39740232,61.7400,80.0625,0.0700,-1.0280,-0.1359,0.5039,0.28,-0.19,0.27,127965,135684,126634
39760744,72.8875,63.6475,-3.6575,-1.0346,-0.1443,0.4773,0.29,-0.20,0.26,127838,135794,126872
39780272,66.9900,52.8675,-5.2325,-1.0372,-0.1415,0.4627,0.29,-0.20,0.24,127759,135855,127068
39799804,49.1575,42.7875,-5.9500,-1.0398,-0.1344,0.4505,0.29,-0.21,0.24,127697,135895,127190
39820312,23.2575,33.2325,-5.6700,-1.0435,-0.1259,0.4388,0.29,-0.21,0.23,127654,135888,127285
39839844,-3.5700,23.6075,-4.6725,-1.0466,-0.1176,0.4283,0.29,-0.21,0.23,127610,135863,127313
39860352,-22.4700,13.0900,-2.9050,-1.0512,-0.1114,0.4177,0.29,-0.21,0.23,127599,135813,127282
39879880,-27.3525,-5.0925,0.0175,-1.0563,-0.1089,0.4039,0.29,-0.21,0.23,127616,135784,127239
39900392,-17.6225,-18.2000,2.1525,-1.0582,-0.1115,0.3959,0.29,-0.21,0.24,127663,135757,127178
39919920,-0.5250,-31.3425,4.2875,-1.0598,-0.1166,0.3902,0.29,-0.20,0.24,127730,135797,127108
39940428,13.6150,-43.8900,6.5450,-1.0615,-0.1191,0.3853,0.29,-0.20,0.25,127812,135849,126982
39959960,20.5100,-55.4225,8.9600,-1.0643,-0.1176,0.3814,0.30,-0.19,0.26,127913,135923,126867
39980468,22.7500,-71.4350,12.7225,-1.0691,-0.1107,0.3776,0.30,-0.18,0.27,128072,135982,126728
40000000,22.1550,-81.3050,15.1025,-1.0747,-0.1070,0.3749,0.30,-0.17,0.27,128247,136055,126583
40020508,28.0350,-90.7550,17.1150,-1.0763,-0.1061,0.3741,0.31,-0.16,0.28,128448,136157,126407
40040040,43.2425,-100.2400,19.6700,-1.0776,-0.1057,0.3773,0.32,-0.15,0.29,128661,136296,126252
40060544,58.4850,-109.2700,22.9600,-1.0813,-0.1013,0.3837,0.33,-0.13,0.30,128927,136475,126106
40080080,65.6075,-117.5300,26.6700,-1.0849,-0.0927,0.3909,0.34,-0.11,0.31,129227,136639,125964
40100584,51.8175,-127.9425,31.3775,-1.0917,-0.0741,0.3996,0.35,-0.09,0.32,129566,136777,125804
40120116,32.0950,-133.2100,33.5650,-1.0954,-0.0589,0.4037,0.35,-0.07,0.33,129912,136874,125633
40140624,12.5825,-137.7075,34.6675,-1.0968,-0.0466,0.4096,0.36,-0.05,0.34,130292,136948,125422
40160156,-0.2275,-141.9425,34.7025,-1.0957,-0.0365,0.4166,0.36,-0.02,0.36,130685,136980,125211
40180664,-6.0725,-145.5475,34.2650,-1.0915,-0.0279,0.4253,0.36,0.00,0.37,131121,136984,125039
40200196,-5.5825,-148.9250,33.3725,-1.0865,-0.0194,0.4399,0.36,0.03,0.38,131559,136965,124890
40220704,-16.3275,-152.0750,30.7475,-1.0756,-0.0022,0.4640,0.36,0.06,0.39,132019,136940,124730
40240232,-24.6225,-153.1775,27.4050,-1.0619,0.0048,0.4809,0.35,0.08,0.40,132449,136874,124585
40260744,-33.6175,-153.1425,22.4350,-1.0480,0.0090,0.4990,0.35,0.11,0.40,132915,136775,124451
40280272,-37.3800,-152.2500,16.8175,-1.0309,0.0090,0.5205,0.34,0.14,0.41,133335,136661,124369
40299804,-33.0225,-150.6750,11.6375,-1.0078,0.0041,0.5429,0.33,0.16,0.41,133751,136557,124328
40320312,-24.8500,-148.4700,7.5600,-0.9806,-0.0043,0.5658,0.33,0.19,0.41,134170,136479,124311
40339844,-4.6200,-145.3550,3.5525,-0.9373,-0.0156,0.6045,0.33,0.21,0.41,134556,136441,124332
40360352,7.1050,-143.3775,2.4850,-0.9098,-0.0189,0.6322,0.33,0.24,0.41,134952,136443,124360
40379880,10.0100,-141.2250,2.2400,-0.8812,-0.0162,0.6559,0.33,0.26,0.40,135318,136427,124452
40400392,4.8825,-139.0375,1.9600,-0.8530,-0.0113,0.6753,0.32,0.28,0.40,135676,136384,124550
40419920,0.3850,-136.9200,1.1550,-0.8211,-0.0077,0.6943,0.32,0.30,0.39,135991,136346,124636
40440428,-4.2175,-134.1375,0.0525,-0.7864,-0.0057,0.7222,0.32,0.32,0.39,136331,136295,124728
40459960,-12.3550,-131.9150,-0.4375,-0.7281,-0.0049,0.7381,0.32,0.34,0.38,136634,136235,124799
40480468,-13.4050,-129.8150,-0.6650,-0.6898,-0.0098,0.7581,0.31,0.36,0.37,136921,136168,124944
40500000,-6.2475,-128.0300,-0.7700,-0.6542,-0.0123,0.7791,0.31,0.37,0.37,137178,136127,125058
40520508,-4.7425,-125.8425,-0.6475,-0.6173,-0.0083,0.7950,0.30,0.39,0.36,137442,136060,125189
40540040,-14.4375,-122.9900,-0.1050,-0.5784,-0.0021,0.8052,0.30,0.40,0.35,137690,135990,125304
40560544,-22.8900,-118.9650,0.7175,-0.5231,0.0016,0.8252,0.30,0.42,0.34,137930,135908,125420
40580080,-25.9525,-116.3225,1.7150,-0.4848,0.0056,0.8403,0.29,0.43,0.34,138139,135808,125540
40610352,-17.3425,-113.4000,4.0250,-0.4207,0.0004,0.8635,0.28,0.45,0.33,138458,135706,125726
40629880,-3.9725,-111.6850,6.0375,-0.3806,0.0002,0.8766,0.28,0.46,0.32,138650,135652,125882
40650392,-1.4875,-109.0775,7.8400,-0.3416,0.0071,0.8852,0.28,0.47,0.31,138820,135578,126033
40669920,-15.8725,-105.4025,9.3100,-0.3004,0.0182,0.8857,0.27,0.48,0.30,138995,135474,126141
40690428,-50.7850,-99.5575,9.7475,-0.2311,0.0246,0.8804,0.26,0.49,0.30,139175,135320,126225
40709960,-64.5400,-95.4625,9.1525,-0.1861,0.0220,0.8795,0.25,0.50,0.29,139334,135165,126285
40730468,-64.2425,-91.7000,8.7850,-0.1455,0.0133,0.8796,0.24,0.51,0.29,139477,134985,126383
40750000,-61.2325,-87.5350,8.3825,-0.1083,0.0004,0.8751,0.23,0.52,0.28,139599,134844,126479
40770508,-50.0675,-83.0200,8.2950,-0.0694,-0.0176,0.8691,0.22,0.53,0.27,139733,134721,126575
40790040,-34.1425,-75.1275,8.0675,-0.0292,-0.0498,0.8533,0.22,0.54,0.27,139860,134633,126661
40810544,-28.6650,-68.6875,7.5075,0.0296,-0.0689,0.8377,0.21,0.54,0.26,139971,134556,126744
40830080,-17.3075,-61.7750,6.7375,0.0716,-0.0916,0.8205,0.21,0.55,0.26,140050,134495,126824
40850584,-5.6000,-53.9875,5.7575,0.1105,-0.1137,0.8012,0.21,0.55,0.25,140110,134453,126928
40870116,13.7550,-46.0425,5.0750,0.1462,-0.1313,0.7835,0.21,0.56,0.25,140172,134480,127025
40890624,32.0775,-37.9925,4.1300,0.1812,-0.1535,0.7663,0.21,0.56,0.24,140232,134513,127066
40910156,21.1225,-22.2425,1.0150,0.2330,-0.1736,0.7355,0.21,0.56,0.24,140263,134540,127129
40930664,13.3700,-10.7625,-0.7875,0.2647,-0.1856,0.7166,0.21,0.56,0.24,140266,134546,127145
40950196,11.4100,1.8725,-2.2050,0.2951,-0.1964,0.7004,0.21,0.56,0.24,140253,134565,127154
40970704,17.3425,14.4725,-2.9050,0.3206,-0.2072,0.6853,0.22,0.56,0.24,140212,134617,127130
40990232,23.0300,27.4400,-3.4475,0.3399,-0.2144,0.6723,0.22,0.56,0.24,140177,134685,127085
41010744,25.2525,46.8475,-4.4100,0.3542,-0.2180,0.6629,0.22,0.55,0.25,140110,134747,126996
41030272,23.5550,59.6400,-4.8300,0.3650,-0.2184,0.6531,0.23,0.55,0.25,140019,134811,126920
41049804,23.2400,71.9775,-5.3900,0.3673,-0.2159,0.6494,0.23,0.54,0.26,139892,134881,126834
41070312,26.7925,83.5450,-6.1425,0.3658,-0.2118,0.6501,0.24,0.53,0.27,139755,134964,126694
41089844,31.6050,94.1325,-7.0000,0.3582,-0.2050,0.6551,0.24,0.52,0.28,139608,135069,126564
41110352,31.7100,104.2125,-8.1550,0.3454,-0.1956,0.6614,0.25,0.51,0.28,139439,135174,126416
41129880,25.3400,113.4350,-9.5025,0.3283,-0.1840,0.6673,0.26,0.50,0.29,139236,135272,126247
41150392,20.6675,125.8775,-11.2875,0.2948,-0.1649,0.6814,0.26,0.48,0.30,138999,135355,126091
41169920,29.6625,132.3525,-11.8475,0.2645,-0.1553,0.6965,0.27,0.47,0.31,138759,135483,125918
41190428,39.6375,137.7600,-12.6350,0.2289,-0.1443,0.7115,0.28,0.45,0.32,138506,135640,125757
41209960,41.9825,143.1675,-14.2100,0.1920,-0.1291,0.7225,0.29,0.44,0.33,138234,135792,125605
41230468,39.2350,148.5925,-15.7675,0.1529,-0.1135,0.7320,0.30,0.42,0.34,137917,135937,125449
41250000,46.6200,155.1550,-17.9725,0.1098,-0.0922,0.7515,0.31,0.40,0.35,137588,136111,125331
41270508,51.8875,158.7425,-19.7925,0.0386,-0.0756,0.7637,0.32,0.38,0.36,137229,136301,125215
41290040,56.1225,162.3125,-21.9275,-0.0118,-0.0619,0.7754,0.33,0.35,0.36,136858,136488,125116
41310544,63.6825,165.2700,-24.4475,-0.0626,-0.0477,0.7862,0.35,0.33,0.37,136458,136730,125033
41330080,66.2025,167.5975,-27.6150,-0.1168,-0.0296,0.7928,0.36,0.30,0.37,136035,136939,125002
41350584,66.2025,169.0850,-31.0800,-0.1735,-0.0089,0.7969,0.37,0.27,0.37,135569,137159,124987
41370116,58.2050,169.9425,-36.1550,-0.2621,0.0290,0.8029,0.38,0.25,0.37,135121,137323,124996
41390624,42.0525,169.9075,-38.5875,-0.3199,0.0594,0.8047,0.39,0.22,0.37,134634,137474,124968
41410156,11.8475,169.9950,-39.2175,-0.3762,0.0898,0.8013,0.39,0.19,0.37,134156,137504,124934
41430664,-26.4250,170.6600,-38.0275,-0.4290,0.1125,0.7942,0.39,0.16,0.38,133655,137411,124852
41450196,-64.0150,171.1150,-35.7175,-0.4768,0.1270,0.7874,0.38,0.13,0.38,133172,137264,124795
41470704,-89.1975,170.5900,-29.5575,-0.5235,0.1304,0.7878,0.36,0.10,0.39,132671,137050,124719
41490232,-99.8200,169.0500,-24.4650,-0.5988,0.1303,0.7879,0.35,0.07,0.39,132207,136817,124657
41510744,-114.0125,167.1425,-19.2850,-0.6479,0.1297,0.7845,0.33,0.04,0.39,131726,136529,124612
41530272,-122.1150,164.5875,-13.5800,-0.6909,0.1213,0.7769,0.31,0.01,0.40,131293,136223,124596
41549804,-133.7525,162.2950,-8.6100,-0.7316,0.0954,0.7576,0.30,-0.01,0.39,130880,135906,124631
41570312,-131.3025,158.2875,-5.7750,-0.7680,0.0551,0.7330,0.28,-0.04,0.39,130456,135619,124702
41589844,-104.9825,153.1075,-3.5700,-0.8032,0.0131,0.7105,0.27,-0.06,0.38,130076,135422,124817
41620116,-44.8000,139.7200,-2.1175,-0.8684,-0.0481,0.6676,0.26,-0.09,0.37,129531,135275,125085
41640624,-19.9325,131.3375,-2.5025,-0.8930,-0.0711,0.6456,0.26,-0.11,0.35,129209,135266,125307
41660156,19.8800,122.4825,-3.2725,-0.9104,-0.0971,0.6284,0.26,-0.13,0.34,128927,135364,125549
41680664,79.6950,112.7000,-5.0225,-0.9311,-0.1225,0.6122,0.27,-0.15,0.32,128680,135576,125888
41700196,126.4725,100.9575,-9.3625,-0.9507,-0.1385,0.5902,0.29,-0.16,0.30,128482,135795,126187
41720704,123.6725,84.9275,-14.3850,-0.9853,-0.1307,0.5519,0.30,-0.17,0.28,128294,135981,126518
41740232,109.6725,73.3425,-15.2950,-1.0114,-0.1171,0.5318,0.31,-0.18,0.26,128137,136113,126790
41760744,97.2475,60.9525,-14.3850,-1.0354,-0.1055,0.5170,0.31,-0.19,0.25,128013,136221,127018
41780272,80.3950,48.2300,-12.1275,-1.0541,-0.0898,0.5056,0.32,-0.19,0.24,127940,136283,127195
41799804,47.1800,34.7725,-8.9950,-1.0719,-0.0712,0.4900,0.32,-0.19,0.23,127899,136295,127301
41820312,6.8425,15.1900,-1.0675,-1.0845,-0.0566,0.4840,0.32,-0.19,0.23,127888,136290,127350
41839844,5.0925,0.6650,4.4800,-1.0969,-0.0537,0.4850,0.32,-0.19,0.23,127888,136317,127322
41860352,5.0925,-14.6300,9.8700,-1.0980,-0.0571,0.4858,0.32,-0.19,0.23,127929,136349,127280
41879880,4.2525,-29.9250,14.8925,-1.0951,-0.0600,0.4882,0.32,-0.19,0.24,128020,136391,127220
41900392,1.5750,-45.1150,19.0750,-1.0897,-0.0621,0.4904,0.33,-0.18,0.24,128141,136429,127108
41919920,-3.6925,-59.6575,22.5575,-1.0879,-0.0628,0.4906,0.33,-0.17,0.25,128287,136473,126949
41940428,-4.6900,-79.8000,26.8450,-1.0920,-0.0620,0.4914,0.33,-0.16,0.26,128459,136535,126756
41959960,-0.9100,-92.1725,29.0675,-1.0973,-0.0592,0.4914,0.34,-0.15,0.28,128665,136607,126555
41980468,-2.5550,-103.1275,30.8700,-1.1030,-0.0538,0.4889,0.34,-0.13,0.29,128923,136659,126339
42000000,-3.8150,-113.1900,31.9550,-1.1089,-0.0499,0.4858,0.34,-0.11,0.30,129211,136708,126134
42020508,-2.0650,-122.0275,32.7250,-1.1119,-0.0476,0.4836,0.35,-0.09,0.31,129536,136769,125914
42040040,3.1675,-130.3750,33.6700,-1.1146,-0.0432,0.4830,0.35,-0.07,0.33,129871,136832,125704
42060544,3.8850,-141.0500,34.8600,-1.1162,-0.0292,0.4864,0.36,-0.05,0.34,130266,136895,125463
42080080,-4.7775,-146.8425,35.5250,-1.1129,-0.0173,0.4895,0.36,-0.02,0.35,130669,136913,125270
42100584,-16.0825,-151.7775,35.4200,-1.1078,-0.0062,0.4950,0.35,0.00,0.37,131118,136881,125083
42120116,-23.3625,-156.3275,34.4575,-1.1015,0.0044,0.5034,0.35,0.03,0.38,131565,136842,124887
42140624,-25.8825,-160.0900,33.3025,-1.0932,0.0118,0.5161,0.35,0.06,0.39,132048,136796,124710
42160156,-26.7225,-162.9250,31.9725,-1.0817,0.0144,0.5294,0.35,0.09,0.40,132517,136740,124578
42180664,-18.8475,-166.1975,29.3125,-1.0649,0.0161,0.5538,0.34,0.12,0.40,133023,136674,124503
42200196,-13.2300,-167.3525,28.1575,-1.0529,0.0166,0.5705,0.34,0.15,0.40,133504,136600,124454
42220704,-22.9075,-167.1600,26.2325,-1.0358,0.0234,0.5846,0.33,0.18,0.41,133994,136494,124408
42240232,-36.6100,-166.0575,23.9750,-1.0109,0.0314,0.5982,0.32,0.21,0.41,134453,136355,124366
42260744,-47.2850,-164.2725,21.4200,-0.9814,0.0305,0.6105,0.31,0.23,0.41,134919,136191,124360
42280272,-35.9450,-161.4725,16.9750,-0.9470,0.0221,0.6276,0.30,0.26,0.41,135338,136057,124418
42299804,-17.3950,-159.8450,15.2075,-0.8963,0.0054,0.6604,0.30,0.29,0.40,135745,135983,124494
42320312,-3.9550,-157.8150,14.5075,-0.8628,-0.0015,0.6798,0.30,0.31,0.39,136146,135937,124614
42339844,4.2000,-155.7150,14.6650,-0.8313,-0.0054,0.6978,0.29,0.33,0.39,136517,135897,124742
42360352,5.8625,-152.8975,14.7175,-0.7932,-0.0078,0.7180,0.29,0.35,0.38,136882,135895,124890
42379880,9.3975,-150.0625,14.1575,-0.7488,-0.0041,0.7330,0.29,0.37,0.37,137193,135820,125035
42400392,-15.2950,-142.8000,12.7050,-0.6694,0.0143,0.7446,0.28,0.39,0.36,137503,135718,125189
42419920,-29.6450,-137.8475,12.2150,-0.6204,0.0176,0.7552,0.28,0.41,0.35,137775,135606,125297
42440428,-32.9525,-133.2275,11.8125,-0.5773,0.0095,0.7696,0.27,0.43,0.34,138054,135497,125429
42459960,-19.3200,-129.2375,11.1825,-0.5334,0.0001,0.7831,0.27,0.44,0.34,138298,135428,125561
42480468,-2.3100,-124.8975,10.3600,-0.4839,-0.0046,0.7931,0.26,0.45,0.33,138518,135400,125744
42500000,13.8075,-120.1200,10.1150,-0.4355,-0.0121,0.8007,0.26,0.47,0.31,138717,135382,125918
42520508,22.8200,-112.3850,11.1300,-0.3631,-0.0207,0.8015,0.26,0.48,0.30,138912,135375,126101
42540040,18.7950,-106.6100,11.7075,-0.3118,-0.0229,0.8003,0.26,0.49,0.29,139098,135363,126245
42560544,13.7725,-100.5200,11.8475,-0.2640,-0.0205,0.8030,0.26,0.50,0.29,139271,135350,126394
42580080,7.9450,-94.3600,11.8125,-0.2207,-0.0149,0.8069,0.26,0.51,0.28,139414,135306,126527
42600584,-4.2000,-87.9200,11.2000,-0.1776,-0.0082,0.8041,0.25,0.52,0.27,139537,135242,126640
42630860,-27.0375,-76.3875,9.9400,-0.0853,-0.0039,0.7910,0.25,0.53,0.26,139731,135116,126794
42651368,-38.7100,-70.4550,8.5050,-0.0399,-0.0050,0.7864,0.24,0.53,0.26,139833,135017,126859
42670896,-50.7675,-64.2425,6.6500,0.0007,-0.0090,0.7817,0.23,0.54,0.25,139930,134912,126902
42691408,-59.2900,-57.8200,4.2175,0.0412,-0.0167,0.7778,0.23,0.55,0.25,140028,134803,126941
42710936,-60.5675,-51.2400,1.5400,0.0821,-0.0277,0.7757,0.22,0.55,0.25,140096,134702,126985
42731444,-42.6825,-41.9475,-1.5750,0.1401,-0.0564,0.7764,0.22,0.55,0.25,140137,134638,127014
42750976,-26.2325,-35.0000,-3.1850,0.1757,-0.0765,0.7763,0.22,0.56,0.25,140167,134595,127047
42771484,-9.5550,-27.3875,-4.4625,0.2067,-0.0954,0.7726,0.22,0.56,0.24,140205,134607,127101
42791016,5.0050,-18.8650,-5.3550,0.2350,-0.1125,0.7671,0.22,0.56,0.24,140225,134634,127131
42811524,17.5350,-9.6950,-6.2300,0.2614,-0.1285,0.7623,0.22,0.56,0.24,140232,134679,127145
42831056,23.6950,0.3325,-7.1575,0.2835,-0.1397,0.7563,0.22,0.56,0.24,140208,134730,127151
42851560,25.4800,16.2050,-7.7350,0.3124,-0.1491,0.7440,0.23,0.55,0.24,140164,134798,127150
42871092,22.9775,26.8450,-8.2950,0.3276,-0.1510,0.7347,0.23,0.55,0.24,140121,134854,127106
42891600,20.3525,37.5375,-8.8550,0.3388,-0.1519,0.7270,0.24,0.55,0.25,140069,134926,127040
42911132,18.4625,47.7575,-9.7300,0.3466,-0.1516,0.7208,0.24,0.54,0.25,139994,134993,126973
42931640,19.0750,57.7325,-10.8325,0.3521,-0.1505,0.7164,0.24,0.54,0.26,139880,135051,126877
42951172,22.9600,67.1125,-12.0575,0.3539,-0.1485,0.7139,0.25,0.53,0.26,139763,135137,126803
42971680,28.7875,80.2375,-14.1225,0.3460,-0.1423,0.7127,0.26,0.52,0.27,139627,135251,126688
42991208,27.1775,88.7075,-15.7850,0.3356,-0.1358,0.7127,0.26,0.51,0.28,139497,135356,126561
43011720,20.1250,96.9850,-17.5525,0.3223,-0.1290,0.7137,0.27,0.50,0.28,139316,135437,126418
43031248,14.0350,105.1400,-19.3375,0.3060,-0.1224,0.7183,0.27,0.49,0.29,139121,135529,126288
43051756,15.9600,112.4200,-20.7725,0.2851,-0.1171,0.7283,0.28,0.48,0.30,138891,135630,126132
43071288,25.1300,122.0100,-22.7850,0.2608,-0.1118,0.7405,0.29,0.46,0.31,138673,135778,126003
43090820,38.9900,127.8025,-24.2550,0.2196,-0.1002,0.7568,0.30,0.45,0.32,138437,135937,125868
43111328,43.3650,133.5600,-26.1450,0.1871,-0.0887,0.7663,0.31,0.43,0.33,138162,136107,125742
43130860,42.5950,139.3525,-28.2800,0.1503,-0.0737,0.7737,0.32,0.41,0.33,137861,136263,125613
43151368,37.2400,145.4075,-30.3275,0.1094,-0.0565,0.7786,0.33,0.39,0.34,137521,136411,125485
43170896,27.7200,151.4275,-31.6925,0.0639,-0.0398,0.7810,0.33,0.37,0.35,137187,136546,125352
43191408,18.2700,159.1450,-33.4600,-0.0068,-0.0129,0.7881,0.34,0.35,0.36,136808,136681,125186
43210936,11.3225,163.5550,-34.3875,-0.0583,0.0060,0.7918,0.35,0.33,0.37,136412,136781,125058
43231444,3.1150,167.4575,-34.8425,-0.1116,0.0245,0.7935,0.35,0.30,0.38,135963,136848,124918
43250976,-9.9400,171.0275,-34.7375,-0.1631,0.0458,0.7908,0.35,0.27,0.38,135511,136871,124789
43271484,-35.1400,174.9825,-33.2675,-0.2128,0.0702,0.7835,0.35,0.24,0.39,135020,136812,124627
43291016,-63.4375,178.9900,-30.1175,-0.2651,0.0864,0.7773,0.34,0.21,0.40,134538,136679,124455
43311524,-86.9400,183.4175,-23.2925,-0.3497,0.0939,0.7763,0.33,0.18,0.41,134010,136498,124291
43331056,-94.3075,184.3625,-18.4625,-0.4138,0.0886,0.7759,0.32,0.15,0.42,133495,136282,124189
43351560,-94.0625,184.2400,-14.4375,-0.4773,0.0773,0.7735,0.30,0.11,0.42,132944,136062,124131
43371092,-86.4675,182.8750,-10.9900,-0.5356,0.0617,0.7687,0.29,0.08,0.42,132435,135874,124124
43391600,-77.7525,181.2300,-8.0150,-0.5902,0.0429,0.7616,0.28,0.05,0.42,131902,135710,124139
43411132,-70.9975,178.5875,-5.7925,-0.6412,0.0273,0.7530,0.27,0.02,0.42,131401,135558,124218
43431640,-56.5600,174.0725,-3.2550,-0.7176,0.0056,0.7383,0.27,-0.01,0.41,130915,135421,124335
43451172,-53.1650,169.7500,-2.1875,-0.7701,-0.0118,0.7176,0.26,-0.04,0.40,130457,135296,124506
43471680,-54.3900,165.3925,-2.2750,-0.8130,-0.0288,0.6903,0.25,-0.07,0.39,129998,135157,124667
43491208,-54.5650,159.9675,-1.8375,-0.8542,-0.0522,0.6608,0.24,-0.09,0.38,129600,135055,124853
43511720,-33.7050,153.3000,-1.6100,-0.8846,-0.0819,0.6393,0.24,-0.11,0.36,129208,135001,125100
43531248,-16.4675,142.7825,-3.1675,-0.9117,-0.1077,0.6102,0.24,-0.13,0.35,128876,134953,125348
43551756,-7.0350,134.2250,-4.4450,-0.9440,-0.1310,0.5695,0.24,-0.15,0.33,128565,134935,125629
43571288,-10.5700,125.6325,-5.0750,-0.9660,-0.1412,0.5431,0.23,-0.17,0.32,128289,134904,125862
43590820,-6.5450,115.4825,-5.1275,-0.9909,-0.1545,0.5220,0.23,-0.18,0.30,128052,134883,126084
43611328,4.6725,104.1250,-5.0225,-1.0127,-0.1671,0.5048,0.23,-0.20,0.29,127851,134880,126333
43641600,31.0450,78.6275,-3.9900,-1.0385,-0.1835,0.4831,0.24,-0.21,0.27,127615,134924,126653
43661132,49.5250,63.9625,-2.9750,-1.0620,-0.1942,0.4670,0.24,-0.22,0.26,127508,135000,126837
43681640,58.2225,49.3675,-2.2400,-1.0756,-0.1979,0.4585,0.24,-0.22,0.25,127445,135081,127017
43701172,65.8700,33.6350,-0.8050,-1.0892,-0.2001,0.4510,0.25,-0.22,0.24,127401,135172,127153
43721680,56.6300,18.0250,0.9625,-1.1034,-0.1936,0.4375,0.25,-0.23,0.24,127379,135239,127216
43741208,36.9950,2.3625,3.7100,-1.1120,-0.1857,0.4342,0.26,-0.22,0.23,127390,135305,127226
43761720,33.1975,-21.9625,8.9775,-1.1174,-0.1780,0.4397,0.26,-0.22,0.24,127446,135371,127202
43781248,36.4350,-37.6250,12.3725,-1.1148,-0.1763,0.4431,0.27,-0.22,0.24,127531,135445,127147
43801756,39.4975,-51.9225,15.7675,-1.1085,-0.1763,0.4446,0.27,-0.21,0.24,127648,135548,127061
43821288,44.4500,-65.3800,18.9350,-1.1012,-0.1762,0.4458,0.28,-0.20,0.25,127778,135674,126941
43840820,49.8050,-77.7000,22.2950,-1.0960,-0.1740,0.4469,0.29,-0.19,0.26,127938,135808,126812
43861328,51.8700,-88.7950,25.7075,-1.0934,-0.1688,0.4468,0.30,-0.18,0.27,128136,135957,126638
43880860,50.1200,-103.6875,30.7475,-1.0921,-0.1614,0.4459,0.31,-0.16,0.28,128374,136114,126482
43901368,52.8500,-112.4550,33.9325,-1.0936,-0.1493,0.4458,0.32,-0.15,0.29,128658,136282,126309
43920896,56.6300,-120.4525,37.1350,-1.0962,-0.1404,0.4475,0.33,-0.13,0.30,128956,136460,126141
43941408,56.6475,-127.5925,40.4250,-1.1004,-0.1296,0.4490,0.34,-0.11,0.31,129283,136644,125976
43960936,47.4775,-133.4375,43.3125,-1.1053,-0.1164,0.4484,0.35,-0.09,0.32,129644,136787,125789
43981444,33.9850,-138.3900,45.3075,-1.1082,-0.1030,0.4487,0.36,-0.06,0.33,130054,136906,125604
44000976,18.8475,-145.0225,46.8125,-1.1098,-0.0827,0.4560,0.36,-0.04,0.34,130469,136985,125449
44021484,14.0525,-148.9950,47.0925,-1.1081,-0.0712,0.4665,0.37,-0.01,0.35,130911,137066,125275
44041016,16.0125,-152.8275,46.8475,-1.1036,-0.0610,0.4807,0.37,0.02,0.36,131348,137148,125118
44061524,21.0875,-156.2400,46.6900,-1.0986,-0.0523,0.4968,0.38,0.05,0.37,131848,137229,125018
44081056,26.2500,-158.9350,46.3925,-1.0889,-0.0475,0.5145,0.38,0.08,0.37,132321,137315,124970
44101560,40.6175,-161.2975,46.7075,-1.0751,-0.0444,0.5368,0.39,0.11,0.37,132833,137428,124984
44121092,61.5825,-164.1850,48.8600,-1.0515,-0.0343,0.5653,0.40,0.14,0.37,133322,137562,125024
44141600,57.7150,-164.5000,50.4700,-1.0298,-0.0194,0.5789,0.40,0.17,0.36,133833,137658,125094
44161132,46.0250,-163.8875,51.7650,-1.0039,-0.0022,0.5928,0.41,0.20,0.36,134304,137716,125156
44181640,33.1625,-162.7675,52.2725,-0.9776,0.0163,0.6098,0.41,0.23,0.36,134785,137716,125247
44201172,16.7650,-161.0350,52.0100,-0.9490,0.0388,0.6256,0.40,0.25,0.35,135236,137658,125307
44221680,-31.0450,-157.3250,49.7175,-0.8957,0.0815,0.6383,0.39,0.28,0.35,135683,137508,125329
44241208,-60.1825,-155.0675,46.4975,-0.8592,0.1014,0.6523,0.38,0.31,0.35,136095,137326,125312
44261720,-75.0400,-153.4050,42.2625,-0.8253,0.1139,0.6715,0.37,0.33,0.35,136491,137075,125308
44281248,-82.2500,-151.7075,37.0125,-0.7880,0.1231,0.6910,0.35,0.35,0.35,136845,136826,125340
44301756,-80.5350,-149.7300,31.9025,-0.7491,0.1257,0.7121,0.34,0.37,0.35,137191,136564,125388
44321288,-71.8900,-147.5075,27.5800,-0.7099,0.1255,0.7353,0.32,0.39,0.34,137506,136379,125454
44340820,-60.1125,-143.7975,23.2050,-0.6699,0.1176,0.7585,0.31,0.41,0.34,137806,136232,125560
44361328,-41.5975,-139.9125,20.8425,-0.6033,0.1143,0.7846,0.31,0.43,0.33,138104,136088,125676
44380860,-48.6675,-135.2400,18.6025,-0.5568,0.1155,0.7926,0.29,0.44,0.32,138338,135900,125786
44401368,-66.2725,-129.6750,15.8725,-0.5070,0.1152,0.8000,0.28,0.46,0.32,138567,135683,125880
44420896,-80.9025,-123.8825,13.0900,-0.4563,0.1104,0.8120,0.27,0.47,0.31,138771,135478,125961
44441408,-90.2825,-118.4050,11.0600,-0.4071,0.1035,0.8215,0.25,0.48,0.31,138989,135247,126024
44460936,-95.6725,-110.9500,9.2575,-0.3334,0.0853,0.8276,0.24,0.49,0.30,139171,135026,126087
44481444,-88.2175,-106.4525,8.3475,-0.2840,0.0673,0.8309,0.23,0.50,0.30,139331,134802,126188
44500976,-75.7400,-101.5875,7.3675,-0.2349,0.0462,0.8336,0.22,0.51,0.29,139487,134625,126295
44521484,-49.9975,-96.9325,6.7725,-0.1879,0.0183,0.8396,0.21,0.52,0.28,139646,134533,126410
44541016,-20.1775,-91.7350,6.7375,-0.1435,-0.0083,0.8423,0.21,0.53,0.28,139797,134484,126534
44561524,1.4875,-85.8725,7.2625,-0.1003,-0.0307,0.8364,0.21,0.54,0.27,139926,134456,126664
44581056,17.9025,-76.1950,8.4175,-0.0322,-0.0581,0.8174,0.21,0.55,0.26,140025,134439,126790
44601560,21.9800,-69.1075,8.6450,0.0127,-0.0710,0.8015,0.20,0.55,0.25,140120,134425,126931
44621092,32.2700,-61.6175,9.2925,0.0538,-0.0795,0.7842,0.21,0.56,0.25,140211,134459,127027
44651368,43.8200,-48.8425,9.7650,0.1159,-0.0983,0.7588,0.21,0.56,0.24,140315,134482,127189
44670896,34.1775,-39.1475,8.4700,0.1593,-0.1085,0.7420,0.21,0.57,0.23,140366,134488,127262
44691408,-1.7850,-23.4150,5.0050,0.2174,-0.1203,0.7194,0.21,0.57,0.23,140415,134470,127286
44710936,-19.7750,-12.7925,2.3100,0.2507,-0.1303,0.7056,0.20,0.57,0.23,140428,134424,127273
44731444,-25.8475,-1.8375,0.1750,0.2828,-0.1408,0.6927,0.20,0.57,0.23,140407,134381,127262
44750976,-17.1850,8.9950,-1.3475,0.3121,-0.1552,0.6825,0.20,0.57,0.23,140372,134372,127234
44771484,3.6225,19.4600,-2.3275,0.3349,-0.1728,0.6750,0.20,0.57,0.24,140338,134410,127190
44791016,22.7325,30.5375,-3.6925,0.3514,-0.1875,0.6695,0.21,0.56,0.24,140293,134491,127162
44811524,32.5325,47.4250,-6.3525,0.3681,-0.2013,0.6612,0.21,0.56,0.24,140210,134550,127090
44831056,28.1225,58.5025,-8.2250,0.3761,-0.2052,0.6575,0.22,0.55,0.25,140110,134620,127001
44851560,24.2725,69.0200,-9.9925,0.3804,-0.2064,0.6575,0.22,0.54,0.25,139980,134698,126899
44871092,23.7125,79.1000,-11.5850,0.3798,-0.2046,0.6603,0.23,0.54,0.26,139856,134787,126775
44891600,24.6225,88.5500,-13.3350,0.3738,-0.2012,0.6649,0.23,0.53,0.27,139713,134887,126623
44911132,27.9300,97.2650,-15.9775,0.3630,-0.1976,0.6725,0.24,0.52,0.28,139551,135000,126493
44931640,34.9300,109.6025,-17.9725,0.3367,-0.1896,0.6875,0.25,0.50,0.29,139331,135116,126349
44951172,37.8700,117.9150,-20.3000,0.3145,-0.1810,0.6982,0.25,0.49,0.30,139124,135248,126218
44971680,43.6100,125.3875,-22.3125,0.2894,-0.1718,0.7103,0.27,0.48,0.31,138886,135426,126061
44991208,48.1775,132.6150,-24.2550,0.2585,-0.1598,0.7230,0.28,0.46,0.31,138645,135598,125919
45011720,48.6325,139.7200,-26.1625,0.2227,-0.1464,0.7337,0.29,0.44,0.32,138348,135768,125761
45031248,43.1900,150.1500,-29.5925,0.1598,-0.1204,0.7475,0.30,0.42,0.33,138027,135931,125626
45051756,41.0025,156.5025,-31.7625,0.1135,-0.1025,0.7580,0.31,0.40,0.34,137669,136096,125494
45071288,39.8300,161.9275,-33.3200,0.0632,-0.0828,0.7660,0.32,0.38,0.35,137315,136266,125352
45090820,38.3775,166.7575,-34.5275,0.0102,-0.0615,0.7731,0.33,0.36,0.36,136933,136457,125211
45111328,42.0700,170.8350,-35.1750,-0.0425,-0.0406,0.7788,0.34,0.33,0.36,136502,136635,125121
45130860,43.8900,174.6500,-36.9600,-0.0932,-0.0209,0.7791,0.35,0.30,0.37,136058,136797,125047
45151368,47.1450,179.1475,-40.1800,-0.1696,0.0000,0.7795,0.36,0.27,0.37,135561,136984,124979
45170896,56.0875,181.0725,-42.5250,-0.2197,0.0134,0.7820,0.37,0.24,0.37,135076,137180,124986
45191408,61.3550,182.3675,-45.6400,-0.2688,0.0309,0.7824,0.39,0.21,0.37,134561,137389,125011
45210936,58.7125,183.0850,-49.2275,-0.3205,0.0497,0.7793,0.40,0.18,0.37,134037,137560,125048
45231444,38.8500,183.8725,-52.8500,-0.3767,0.0717,0.7688,0.40,0.15,0.36,133477,137628,125110
45250976,2.2225,184.4500,-56.2800,-0.4382,0.0965,0.7523,0.40,0.11,0.36,132936,137573,125119
45271484,-61.2675,185.9025,-55.4050,-0.5239,0.1261,0.7313,0.39,0.08,0.37,132372,137431,125079
45291016,-95.6200,186.7250,-50.6800,-0.5790,0.1462,0.7220,0.37,0.05,0.37,131832,137195,125031
45311524,-113.3300,186.4800,-43.3825,-0.6410,0.1598,0.7185,0.36,0.01,0.37,131292,136917,125018
45331056,-118.0900,184.4150,-35.2625,-0.7091,0.1638,0.7152,0.34,-0.02,0.37,130804,136637,125077
45351560,-108.2025,179.6725,-27.6150,-0.7718,0.1545,0.7100,0.32,-0.05,0.36,130327,136396,125179
45371092,-77.8750,171.5525,-21.9275,-0.8250,0.1313,0.7042,0.32,-0.07,0.35,129918,136248,125321
45391600,-32.1125,157.3075,-15.6625,-0.8907,0.0861,0.6856,0.31,-0.09,0.34,129518,136168,125524
45411132,1.2075,146.8250,-13.7550,-0.9284,0.0544,0.6684,0.31,-0.11,0.32,129190,136187,125793
45431640,45.0625,135.1525,-13.8600,-0.9576,0.0275,0.6576,0.32,-0.13,0.30,128900,136265,126128
45451172,76.2825,122.1325,-15.6800,-0.9795,0.0051,0.6388,0.32,-0.15,0.28,128662,136375,126453
45471680,89.7750,108.9725,-18.0425,-0.9913,-0.0115,0.6167,0.33,-0.16,0.26,128432,136475,126777
45491208,90.2125,88.7075,-20.7375,-1.0026,-0.0268,0.5851,0.34,-0.17,0.24,128249,136573,127073
45511720,98.7525,74.2700,-20.7900,-1.0111,-0.0304,0.5730,0.34,-0.18,0.23,128103,136658,127354
45531248,94.5875,59.5175,-20.4050,-1.0207,-0.0255,0.5590,0.34,-0.19,0.21,127999,136711,127623
45551756,76.5275,45.7625,-18.7950,-1.0279,-0.0137,0.5485,0.35,-0.19,0.20,127922,136747,127779
45571288,40.6000,31.7450,-16.2050,-1.0375,0.0027,0.5342,0.35,-0.20,0.20,127866,136750,127869
45590820,5.5825,17.3425,-11.9000,-1.0474,0.0160,0.5241,0.34,-0.20,0.20,127839,136715,127873
45611328,-19.4425,-4.4625,-2.4150,-1.0654,0.0262,0.5185,0.34,-0.20,0.20,127853,136698,127835
45630860,-20.8425,-20.1600,4.9000,-1.0768,0.0276,0.5161,0.34,-0.19,0.20,127893,136689,127735
45661132,-20.1250,-43.4700,15.5750,-1.0908,0.0271,0.5104,0.34,-0.19,0.22,128028,136719,127540
45681640,-17.0625,-58.4500,22.0150,-1.0992,0.0254,0.5068,0.35,-0.18,0.23,128182,136736,127367
45701172,-15.5575,-72.4500,27.4225,-1.1056,0.0238,0.5020,0.35,-0.17,0.24,128357,136776,127182
45721680,-8.3650,-92.4875,33.6875,-1.1118,0.0185,0.4975,0.35,-0.15,0.25,128570,136862,126973
45741208,0.9450,-104.7900,36.9425,-1.1165,0.0139,0.4958,0.36,-0.14,0.26,128804,136945,126768
45761720,7.4025,-115.9200,39.7425,-1.1190,0.0117,0.4948,0.36,-0.12,0.28,129110,137031,126533
45781248,7.7350,-126.0525,42.0525,-1.1190,0.0148,0.4943,0.37,-0.10,0.29,129427,137123,126343
45801756,4.1650,-135.4150,43.7500,-1.1170,0.0201,0.4956,0.37,-0.08,0.30,129798,137193,126105
45821288,2.1175,-144.3925,44.6250,-1.1134,0.0242,0.5002,0.38,-0.05,0.32,130181,137260,125885
45840820,-2.5550,-156.2925,44.8875,-1.1014,0.0305,0.5101,0.38,-0.03,0.33,130602,137311,125662
45861328,-9.6075,-162.7850,44.8700,-1.0919,0.0339,0.5178,0.38,-0.00,0.34,131070,137326,125442
45880860,-24.7625,-168.3675,43.5400,-1.0835,0.0392,0.5237,0.38,0.03,0.36,131546,137288,125234
45901368,-44.2225,-173.0400,40.3725,-1.0760,0.0451,0.5296,0.37,0.06,0.37,132054,137176,125012
45920896,-55.3000,-177.3625,35.6825,-1.0648,0.0453,0.5396,0.37,0.09,0.38,132552,137061,124826
45941408,-51.9750,-181.4050,30.2400,-1.0577,0.0418,0.5535,0.36,0.12,0.39,133081,136946,124675
45960936,-41.3000,-185.6400,23.2225,-1.0346,0.0381,0.5785,0.35,0.15,0.40,133581,136845,124581
45981444,-46.0950,-186.9000,18.1125,-1.0119,0.0443,0.5944,0.34,0.19,0.40,134112,136677,124525
46000976,-59.6925,-186.9875,12.1625,-0.9865,0.0499,0.6093,0.33,0.22,0.40,134596,136467,124464
46021484,-78.9250,-185.4475,5.1450,-0.9589,0.0503,0.6268,0.31,0.25,0.41,135093,136225,124419
46041016,-88.6900,-183.7325,-2.3275,-0.9294,0.0503,0.6484,0.30,0.27,0.41,135546,135983,124400
46061524,-94.1325,-179.7600,-13.4925,-0.8779,0.0455,0.6852,0.28,0.30,0.41,135996,135713,124403
46081056,-93.0825,-175.9275,-19.1100,-0.8390,0.0315,0.7088,0.27,0.32,0.40,136391,135458,124476
46101560,-77.1225,-172.2175,-22.9950,-0.8009,0.0118,0.7364,0.26,0.35,0.40,136778,135281,124578
46121092,-49.8925,-168.7525,-24.5700,-0.7642,-0.0100,0.7632,0.25,0.37,0.39,137134,135179,124711
46141600,-21.9100,-165.4275,-23.7125,-0.7265,-0.0320,0.7831,0.25,0.39,0.38,137494,135145,124878
46161132,10.2725,-162.3650,-20.7025,-0.6867,-0.0554,0.8034,0.25,0.41,0.37,137812,135218,125079
46181640,56.6650,-158.9000,-12.7400,-0.6223,-0.0805,0.8274,0.26,0.43,0.35,138111,135305,125358
46201172,71.9600,-155.8550,-6.3700,-0.5756,-0.0852,0.8339,0.26,0.45,0.33,138391,135410,125600
46221680,76.0025,-151.6375,-0.2100,-0.5246,-0.0820,0.8341,0.27,0.46,0.32,138678,135521,125866
46241208,67.1300,-146.0900,4.9700,-0.4696,-0.0739,0.8274,0.27,0.48,0.30,138930,135575,126108
46261720,42.1575,-139.1075,8.1725,-0.4114,-0.0614,0.8153,0.27,0.49,0.29,139172,135556,126325
46281248,6.9650,-130.9000,9.2050,-0.3525,-0.0498,0.8037,0.27,0.51,0.28,139365,135478,126477
46301756,-40.5650,-118.0200,7.8575,-0.2606,-0.0416,0.7913,0.26,0.52,0.27,139553,135332,126608
46321288,-62.3875,-108.7450,5.4950,-0.1976,-0.0417,0.7847,0.25,0.53,0.27,139726,135200,126705
46340820,-70.7525,-99.1200,2.9400,-0.1336,-0.0493,0.7793,0.24,0.54,0.26,139884,135059,126793
46361328,-63.2100,-88.9525,0.9800,-0.0693,-0.0645,0.7742,0.24,0.55,0.26,140016,134944,126887
46380860,-43.7675,-78.3825,0.1400,-0.0073,-0.0833,0.7671,0.23,0.55,0.25,140114,134865,126977
46401368,-19.9325,-67.1475,0.2800,0.0504,-0.1020,0.7569,0.23,0.56,0.24,140187,134841,127073
46420896,7.2625,-49.5250,0.9975,0.1333,-0.1242,0.7372,0.23,0.56,0.24,140253,134828,127148
46441408,6.1950,-37.3100,1.2075,0.1845,-0.1320,0.7196,0.23,0.56,0.24,140319,134823,127191
46460936,-7.1050,-24.7275,0.9450,0.2290,-0.1349,0.6988,0.23,0.57,0.23,140337,134794,127223
46481444,-15.4525,-12.2150,0.7350,0.2672,-0.1397,0.6804,0.23,0.56,0.24,140326,134761,127207
46500976,-7.6825,-0.4550,1.0500,0.3012,-0.1501,0.6676,0.22,0.56,0.24,140315,134757,127212
46521484,10.3075,16.0300,1.4350,0.3398,-0.1636,0.6538,0.23,0.56,0.24,140295,134781,127191
46541016,16.3975,26.6525,1.5750,0.3589,-0.1686,0.6466,0.23,0.56,0.24,140266,134830,127129
46561524,21.2275,36.7150,1.6275,0.3738,-0.1710,0.6415,0.23,0.56,0.24,140199,134860,127080
46581056,25.5500,46.3225,1.5575,0.3837,-0.1710,0.6390,0.23,0.55,0.25,140120,134920,127017
46601560,28.3150,55.3700,1.2075,0.3894,-0.1695,0.6389,0.24,0.55,0.25,140022,134971,126942
46621092,27.3175,63.9450,0.6300,0.3910,-0.1674,0.6412,0.24,0.54,0.26,139923,135030,126844
46641600,18.1650,76.4050,-0.8925,0.3877,-0.1623,0.6507,0.25,0.53,0.27,139811,135089,126712
46671876,11.1125,87.6925,-2.3100,0.3770,-0.1541,0.6669,0.25,0.52,0.28,139587,135160,126523
46692384,9.4675,94.4300,-2.8175,0.3638,-0.1481,0.6783,0.25,0.51,0.29,139435,135220,126356
46711912,10.7800,100.3100,-3.1675,0.3476,-0.1465,0.6897,0.26,0.50,0.30,139262,135260,126221
46732420,8.1550,106.5750,-3.9900,0.3274,-0.1466,0.7010,0.26,0.49,0.31,139051,135322,126072
46751952,12.7925,115.5875,-5.9675,0.2961,-0.1502,0.7238,0.26,0.47,0.31,138838,135384,125921
46772460,25.6200,120.8200,-7.6300,0.2722,-0.1508,0.7422,0.27,0.46,0.32,138614,135513,125757
46791992,41.2650,125.2650,-9.5200,0.2475,-0.1475,0.7588,0.28,0.45,0.33,138374,135668,125643
46812500,51.8175,129.5875,-11.5325,0.2196,-0.1444,0.7697,0.29,0.43,0.34,138092,135832,125527
46832032,57.6975,134.4000,-13.8425,0.1891,-0.1381,0.7807,0.30,0.41,0.34,137807,136011,125433
46852540,60.4625,141.1550,-18.3225,0.1546,-0.1191,0.7974,0.31,0.39,0.35,137485,136202,125334
46872072,52.3425,145.4600,-21.0175,0.0969,-0.1027,0.8028,0.32,0.37,0.36,137175,136387,125235
46892576,40.6875,149.9050,-23.6425,0.0506,-0.0861,0.8059,0.33,0.35,0.36,136818,136549,125130
46912108,30.6775,154.3675,-25.9875,0.0028,-0.0697,0.8090,0.34,0.33,0.37,136440,136681,125017
46932616,28.0000,158.4275,-27.7900,-0.0442,-0.0540,0.8141,0.35,0.30,0.37,136018,136800,124942
46952148,25.0425,162.1200,-29.2950,-0.0928,-0.0370,0.8184,0.36,0.28,0.38,135601,136909,124867
46972656,7.1225,168.0700,-30.5375,-0.1684,-0.0078,0.8173,0.36,0.25,0.38,135143,136992,124782
46992188,-10.7100,172.4275,-30.3800,-0.2197,0.0102,0.8111,0.36,0.22,0.39,134676,137005,124686
47012696,-31.6925,176.6975,-29.3650,-0.2718,0.0265,0.8024,0.36,0.19,0.39,134173,136953,124601
47032224,-49.1750,180.3725,-27.4575,-0.3224,0.0404,0.7964,0.35,0.16,0.40,133672,136850,124535
47052736,-62.4925,183.4175,-24.4650,-0.3767,0.0483,0.7910,0.34,0.13,0.40,133141,136710,124456
47072264,-72.3275,186.0250,-20.9300,-0.4318,0.0562,0.7867,0.33,0.09,0.41,132624,136538,124400
47091796,-94.3250,188.5100,-14.4025,-0.5195,0.0600,0.7718,0.32,0.06,0.41,132112,136336,124383
47112304,-99.6275,189.1050,-9.9050,-0.5783,0.0472,0.7621,0.31,0.03,0.41,131577,136096,124416
47131836,-82.5825,188.0375,-5.7575,-0.6337,0.0259,0.7534,0.30,0.00,0.40,131086,135906,124501
47152344,-84.3500,186.5500,-2.8875,-0.6914,0.0142,0.7275,0.28,-0.03,0.39,130584,135693,124624
47171876,-75.2850,183.5750,0.4900,-0.7483,-0.0095,0.7091,0.27,-0.06,0.38,130120,135565,124794
47192384,-55.6325,179.7950,2.0825,-0.7995,-0.0305,0.6889,0.27,-0.09,0.37,129669,135489,125005
47211912,-22.9075,170.8875,2.4850,-0.8650,-0.0654,0.6522,0.27,-0.11,0.35,129277,135442,125278
47232420,15.9775,162.4525,1.0150,-0.9069,-0.0939,0.6292,0.27,-0.13,0.33,128899,135509,125614
47251952,64.3650,153.1250,-2.1000,-0.9412,-0.1171,0.6054,0.28,-0.15,0.31,128583,135644,125978
47272460,88.8300,143.9375,-6.6325,-0.9678,-0.1240,0.5760,0.29,-0.17,0.29,128277,135793,126374
47291992,90.0900,133.9800,-11.5500,-0.9911,-0.1197,0.5455,0.29,-0.19,0.27,128024,135896,126713
47312500,70.3325,118.4050,-16.3450,-1.0132,-0.1076,0.5013,0.30,-0.20,0.24,127809,135938,127069
47332032,53.2875,107.3275,-17.3950,-1.0470,-0.0989,0.4798,0.30,-0.21,0.23,127641,135950,127378
47352540,30.6600,95.8650,-16.3100,-1.0619,-0.0897,0.4631,0.30,-0.22,0.21,127496,135918,127626
47372072,1.2250,84.0700,-13.2300,-1.0740,-0.0827,0.4490,0.29,-0.23,0.20,127371,135856,127774
47392576,-43.5750,72.2400,-9.1175,-1.0846,-0.0756,0.4292,0.29,-0.23,0.20,127281,135754,127877
47412108,-70.0875,58.2750,-3.4650,-1.0932,-0.0791,0.4191,0.28,-0.23,0.19,127237,135665,127907
47432616,-39.2700,32.3925,4.5850,-1.1021,-0.1054,0.4172,0.28,-0.24,0.19,127216,135626,127950
47452148,-1.5400,12.6175,8.9075,-1.1042,-0.1240,0.4204,0.28,-0.24,0.19,127221,135651,127978
47472656,19.7750,-7.1575,12.5300,-1.1024,-0.1352,0.4202,0.28,-0.23,0.19,127244,135724,127963
47492188,25.0600,-25.3575,15.8375,-1.1011,-0.1394,0.4197,0.29,-0.23,0.19,127304,135800,127897
47512696,25.3750,-42.4900,18.9000,-1.1047,-0.1401,0.4193,0.29,-0.22,0.20,127407,135875,127802
47532224,21.7525,-58.7125,21.7875,-1.1103,-0.1351,0.4175,0.30,-0.22,0.21,127528,135955,127642
47552736,18.7600,-81.1825,25.8300,-1.1192,-0.1264,0.4114,0.30,-0.21,0.22,127689,136056,127468
47572264,27.1250,-95.3400,28.3850,-1.1261,-0.1247,0.4075,0.31,-0.20,0.23,127860,136185,127274
47591796,43.8900,-108.6225,30.9750,-1.1336,-0.1242,0.4050,0.32,-0.18,0.24,128070,136332,127071
47612304,58.9050,-120.6450,34.0550,-1.1412,-0.1203,0.4022,0.33,-0.17,0.26,128335,136519,126876
47631836,67.5850,-131.2850,37.5900,-1.1488,-0.1127,0.3980,0.34,-0.15,0.27,128640,136699,126705
47652344,64.8900,-140.1750,41.2650,-1.1560,-0.1016,0.3941,0.35,-0.13,0.28,128987,136881,126493
47682616,31.9375,-154.0875,47.0050,-1.1685,-0.0647,0.3933,0.37,-0.09,0.30,129577,137094,126154
47702148,12.3725,-159.9325,48.2475,-1.1736,-0.0458,0.3960,0.37,-0.07,0.31,129988,137171,125913
47722656,-4.2875,-165.1650,48.1425,-1.1766,-0.0307,0.4015,0.38,-0.04,0.33,130449,137223,125640
47742188,-13.5100,-169.4875,47.4250,-1.1736,-0.0195,0.4098,0.38,-0.01,0.35,130910,137236,125412
47762696,-17.2900,-172.9175,46.4100,-1.1684,-0.0102,0.4221,0.37,0.02,0.36,131432,137211,125187
47782224,-34.2650,-175.9800,43.8725,-1.1600,0.0085,0.4429,0.37,0.05,0.37,131933,137131,125003
47802736,-51.2050,-177.1525,41.3875,-1.1468,0.0217,0.4580,0.36,0.08,0.38,132463,137009,124803
47822264,-52.9550,-178.5000,38.5350,-1.1312,0.0268,0.4776,0.35,0.12,0.39,132983,136887,124648
47841796,-45.9900,-179.3225,36.1025,-1.1115,0.0261,0.4970,0.35,0.15,0.40,133498,136758,124544
47862304,-38.3425,-179.9700,33.4775,-1.0881,0.0210,0.5094,0.34,0.18,0.40,134025,136630,124501
47881836,-39.7950,-179.0425,30.3450,-1.0579,0.0111,0.5226,0.33,0.21,0.40,134514,136485,124488
47902344,-41.3700,-177.1350,24.3775,-1.0161,0.0085,0.5539,0.32,0.24,0.40,134998,136339,124502
47921876,-36.7500,-175.5950,21.6475,-0.9806,0.0066,0.5797,0.31,0.27,0.40,135452,136218,124533
47942384,-12.1975,-174.6850,19.7225,-0.9399,-0.0010,0.6088,0.31,0.30,0.39,135914,136173,124625
47961912,2.7825,-172.4100,18.7600,-0.8921,0.0032,0.6282,0.31,0.32,0.38,136320,136112,124765
47982420,1.7675,-169.0500,18.1825,-0.8377,0.0110,0.6404,0.30,0.34,0.38,136721,136050,124914
48001952,-5.4250,-164.6225,17.3950,-0.7835,0.0129,0.6565,0.30,0.37,0.37,137082,135962,125071
48022460,-21.3500,-157.1325,14.7175,-0.7066,0.0159,0.6827,0.29,0.39,0.36,137431,135865,125190
48041992,-30.3100,-152.1275,12.5300,-0.6549,0.0183,0.6976,0.29,0.41,0.35,137744,135762,125324
48062500,-21.5600,-147.6475,10.9025,-0.6049,0.0150,0.7174,0.28,0.43,0.34,138036,135683,125493
48082032,-4.2350,-143.5175,10.4125,-0.5561,0.0127,0.7379,0.28,0.44,0.33,138296,135621,125665
48102540,0.8575,-138.3725,10.5525,-0.5058,0.0167,0.7514,0.27,0.46,0.32,138550,135569,125861
48122072,-18.3925,-128.6250,9.9225,-0.4542,0.0288,0.7642,0.27,0.47,0.31,138777,135494,125990
48142576,-35.9625,-122.2375,9.2400,-0.3787,0.0310,0.7725,0.26,0.48,0.30,139010,135378,126121
48162108,-39.9175,-116.9350,8.4875,-0.3335,0.0220,0.7815,0.26,0.50,0.29,139191,135256,126244
48182616,-37.5900,-111.8250,7.7000,-0.2850,0.0142,0.7847,0.25,0.51,0.29,139362,135142,126393
48202148,-32.9875,-106.4000,6.5100,-0.2345,0.0070,0.7852,0.24,0.52,0.28,139522,135053,126502
48222656,-29.8025,-100.2400,5.2850,-0.1859,-0.0002,0.7874,0.24,0.53,0.27,139695,134969,126625
48242188,-39.4975,-89.6700,3.5000,-0.1177,-0.0149,0.7884,0.23,0.53,0.26,139830,134885,126737
48262696,-42.8225,-82.5125,2.1875,-0.0687,-0.0262,0.7873,0.23,0.54,0.26,139945,134777,126824
48282224,-43.6100,-74.8300,0.6125,-0.0181,-0.0364,0.7832,0.22,0.55,0.25,140043,134687,126911
48302736,-37.5375,-66.9375,-0.7700,0.0293,-0.0512,0.7781,0.22,0.55,0.25,140135,134641,126997
48322264,-21.5250,-58.7475,-1.6450,0.0777,-0.0734,0.7759,0.22,0.56,0.24,140224,134607,127070
48341796,-6.5100,-49.9975,-2.1525,0.1225,-0.0943,0.7709,0.22,0.56,0.24,140282,134611,127138
48362304,14.4550,-35.8225,-2.5025,0.1839,-0.1166,0.7581,0.22,0.56,0.24,140320,134621,127210
48381836,27.2475,-26.1975,-2.9575,0.2207,-0.1290,0.7477,0.22,0.57,0.23,140332,134659,127265
48402344,34.4400,-16.0300,-3.0100,0.2527,-0.1382,0.7374,0.22,0.57,0.23,140339,134718,127305
48421876,33.6875,-5.7575,-3.7100,0.2819,-0.1449,0.7269,0.23,0.57,0.23,140352,134769,127331
48442384,26.4075,4.5325,-4.9000,0.3065,-0.1499,0.7164,0.23,0.57,0.23,140342,134828,127332
48461912,14.1400,15.5400,-6.4575,0.3290,-0.1510,0.7055,0.23,0.56,0.23,140293,134858,127298
48482420,5.1975,31.4475,-8.5750,0.3550,-0.1541,0.6888,0.23,0.56,0.23,140227,134899,127242
48501952,9.3975,41.7025,-10.0625,0.3692,-0.1574,0.6820,0.24,0.55,0.24,140153,134944,127162
48522460,19.2325,51.2750,-11.5850,0.3791,-0.1608,0.6794,0.24,0.55,0.24,140080,135022,127102
48541992,26.6350,60.3750,-13.1600,0.3827,-0.1608,0.6782,0.25,0.54,0.25,139981,135121,127001
48562500,29.5575,69.4575,-14.8575,0.3804,-0.1571,0.6769,0.25,0.54,0.25,139858,135215,126912
48582032,28.9800,83.0725,-17.9200,0.3738,-0.1466,0.6762,0.26,0.53,0.26,139701,135321,126815
48602540,28.3675,92.0325,-19.9675,0.3620,-0.1390,0.6775,0.27,0.52,0.27,139545,135432,126677
48622072,30.2050,100.5200,-21.9625,0.3501,-0.1312,0.6825,0.27,0.51,0.28,139387,135572,126564
48642576,34.8950,108.4650,-23.7650,0.3333,-0.1230,0.6908,0.28,0.50,0.28,139188,135709,126419
48662108,35.5600,116.0250,-25.9000,0.3094,-0.1130,0.6994,0.29,0.48,0.29,138973,135855,126293
48692384,8.2600,131.2150,-29.5225,0.2529,-0.0764,0.7141,0.30,0.46,0.31,138602,136006,126015
48711912,-9.9225,138.7400,-29.6625,0.2213,-0.0566,0.7196,0.30,0.44,0.32,138331,136056,125832
48732420,-20.0200,145.8975,-28.7000,0.1839,-0.0425,0.7257,0.31,0.42,0.33,138010,136094,125637
48751952,-18.0075,152.3200,-26.9850,0.1425,-0.0361,0.7330,0.31,0.40,0.34,137697,136148,125438
48772460,-5.7925,158.0775,-25.8125,0.0976,-0.0336,0.7448,0.32,0.38,0.36,137350,136245,125239
48791992,8.0675,162.9425,-25.3925,0.0477,-0.0295,0.7564,0.32,0.36,0.37,136986,136352,125091
48812500,2.8525,170.1350,-25.9000,-0.0296,-0.0139,0.7584,0.33,0.34,0.37,136566,136434,124932
48832032,-14.2625,175.0700,-25.9700,-0.0789,-0.0055,0.7520,0.33,0.31,0.39,136137,136445,124764
48852540,-27.3000,179.7075,-25.3575,-0.1286,-0.0054,0.7479,0.33,0.28,0.40,135652,136453,124587
48872072,-28.7350,183.5750,-24.3950,-0.1823,-0.0093,0.7463,0.33,0.25,0.41,135179,136463,124436
48892576,-18.6725,186.6200,-23.1350,-0.2408,-0.0105,0.7514,0.33,0.22,0.41,134642,136505,124350
48912108,-5.3900,188.5975,-21.7525,-0.2967,-0.0017,0.7591,0.33,0.19,0.41,134128,136556,124314
48932616,-4.3400,191.0475,-19.9500,-0.3881,0.0185,0.7649,0.34,0.15,0.41,133558,136573,124307
48952148,-9.6600,191.6775,-19.0400,-0.4525,0.0310,0.7657,0.34,0.12,0.41,133020,136567,124333
48972656,-21.4900,191.9575,-17.9375,-0.5170,0.0406,0.7588,0.33,0.08,0.41,132453,136526,124361
48992188,-28.2800,191.2400,-16.4850,-0.5849,0.0415,0.7475,0.33,0.05,0.41,131923,136489,124430
49012696,-13.1075,188.7200,-15.5925,-0.6528,0.0310,0.7386,0.33,0.02,0.39,131386,136515,124610
49032224,27.0025,183.5925,-15.9250,-0.7132,0.0129,0.7335,0.34,-0.01,0.38,130906,136626,124883
49052736,75.6525,173.6175,-20.4050,-0.7892,-0.0007,0.7177,0.35,-0.04,0.36,130425,136777,125203
49072264,79.3450,165.6550,-24.4825,-0.8359,-0.0041,0.6987,0.36,-0.07,0.34,130000,136912,125539
49091796,78.9950,157.8675,-26.7400,-0.8721,-0.0102,0.6812,0.36,-0.09,0.32,129614,137037,125870
49112304,93.5550,149.8000,-27.8425,-0.9026,-0.0199,0.6683,0.37,-0.11,0.29,129266,137177,126303
49131836,112.0875,140.6825,-30.0300,-0.9301,-0.0242,0.6532,0.38,-0.13,0.27,128967,137278,126728
49152344,87.2725,124.3375,-35.3675,-0.9631,-0.0185,0.6068,0.38,-0.15,0.24,128683,137317,127114
49171876,37.4675,113.4350,-36.1025,-1.0048,-0.0024,0.5784,0.38,-0.16,0.23,128447,137265,127372
49192384,2.5025,102.7425,-33.4950,-1.0243,0.0060,0.5611,0.37,-0.17,0.21,128240,137188,127571
49211912,3.5525,91.5425,-28.7175,-1.0399,0.0076,0.5569,0.37,-0.18,0.20,128090,137124,127775
49232420,10.5700,80.3600,-23.9225,-1.0562,0.0095,0.5522,0.36,-0.19,0.19,127965,137050,127984
49251952,0.2625,69.3175,-19.4250,-1.0712,0.0127,0.5412,0.36,-0.20,0.18,127865,136996,128106
49272460,-26.5125,52.6225,-12.3375,-1.0906,0.0159,0.5224,0.36,-0.20,0.18,127779,136938,128167
49291992,-37.8175,40.1450,-7.4375,-1.0997,0.0140,0.5094,0.35,-0.20,0.18,127724,136859,128187
49312500,-33.7750,25.4625,-2.4500,-1.1059,0.0070,0.5002,0.35,-0.20,0.18,127715,136817,128192
49332032,-18.2350,10.1850,2.5550,-1.1130,-0.0024,0.4962,0.35,-0.20,0.18,127729,136801,128177
49352540,0.7350,-4.7775,7.2975,-1.1167,-0.0092,0.4962,0.35,-0.20,0.18,127774,136840,128160
49372072,6.3700,-19.4950,11.3750,-1.1145,-0.0149,0.4912,0.35,-0.20,0.18,127808,136878,128094
49392576,3.7275,-40.3375,17.0450,-1.1104,-0.0199,0.4837,0.36,-0.19,0.19,127891,136939,127996
49412108,8.0675,-53.4100,20.7025,-1.1078,-0.0239,0.4803,0.36,-0.19,0.20,127996,137007,127876
49432616,14.9100,-66.0975,24.2725,-1.1057,-0.0279,0.4767,0.37,-0.18,0.20,128157,137094,127754
49452148,23.3450,-78.2425,27.7900,-1.1068,-0.0311,0.4745,0.37,-0.17,0.21,128313,137197,127614
49472656,31.7625,-89.4950,31.4650,-1.1139,-0.0316,0.4724,0.38,-0.16,0.22,128497,137343,127452
49492188,34.3000,-99.5925,34.9825,-1.1233,-0.0293,0.4679,0.39,-0.14,0.23,128713,137475,127303
49512696,32.9875,-113.0675,39.8300,-1.1318,-0.0239,0.4590,0.40,-0.13,0.24,128985,137607,127135
49532224,36.0850,-121.0475,42.9275,-1.1347,-0.0185,0.4574,0.41,-0.11,0.25,129272,137744,126969
49552736,33.3550,-128.0475,46.0950,-1.1367,-0.0061,0.4571,0.42,-0.09,0.26,129592,137873,126795
49572264,22.4525,-134.0325,48.7725,-1.1375,0.0112,0.4581,0.42,-0.07,0.27,129925,137989,126599
49591796,6.5275,-139.3875,50.7325,-1.1386,0.0307,0.4615,0.43,-0.05,0.29,130298,138053,126369
49612304,-26.5125,-146.5450,50.8025,-1.1372,0.0484,0.4647,0.43,-0.02,0.30,130709,138039,126127
49631836,-46.0950,-151.0775,48.6325,-1.1274,0.0650,0.4730,0.42,0.00,0.32,131133,137996,125874
49652344,-60.2000,-155.2075,45.1675,-1.1191,0.0712,0.4821,0.42,0.03,0.33,131576,137901,125593
49671876,-70.0875,-158.7600,41.5450,-1.1072,0.0737,0.4925,0.41,0.06,0.35,132022,137781,125331
49702148,-71.2950,-163.0825,34.3875,-1.0795,0.0717,0.5151,0.39,0.10,0.37,132719,137529,125010
49722656,-59.5175,-165.9875,27.1425,-1.0655,0.0692,0.5327,0.39,0.13,0.38,133185,137393,124842
49742188,-41.0725,-167.8950,22.9425,-1.0385,0.0600,0.5624,0.38,0.16,0.38,133640,137292,124774
49762696,-26.6350,-168.3500,19.7575,-1.0136,0.0534,0.5823,0.37,0.19,0.39,134108,137190,124728
49782224,-15.6975,-168.0525,17.6925,-0.9898,0.0458,0.6046,0.37,0.21,0.39,134541,137125,124748
49802736,-10.2375,-167.2300,15.9075,-0.9704,0.0483,0.6289,0.36,0.24,0.38,134981,137045,124788
49822264,-16.5550,-165.3925,14.5950,-0.9420,0.0564,0.6515,0.36,0.26,0.38,135378,136963,124812
49841796,-24.2900,-163.6600,13.1950,-0.9076,0.0647,0.6730,0.35,0.29,0.38,135764,136819,124834
49862304,-60.4975,-157.5700,10.6925,-0.8491,0.0770,0.7058,0.34,0.31,0.38,136144,136600,124878
49881836,-77.1575,-153.5625,9.1525,-0.8081,0.0800,0.7297,0.32,0.33,0.38,136470,136358,124898
49902344,-90.0900,-149.8000,8.0850,-0.7616,0.0799,0.7501,0.31,0.35,0.37,136809,136084,124929
49921876,-95.1650,-147.0175,8.2250,-0.7107,0.0702,0.7640,0.29,0.37,0.37,137135,135822,124957
49942384,-87.2725,-145.1275,9.0300,-0.6600,0.0571,0.7785,0.28,0.39,0.37,137455,135584,125019
49961912,-76.7725,-140.5075,7.3675,-0.6133,0.0487,0.8011,0.26,0.41,0.36,137732,135365,125110
49982420,-49.9625,-138.3025,5.7925,-0.5505,0.0171,0.8164,0.25,0.42,0.36,138005,135189,125244
50001952,-33.5475,-134.3125,5.2150,-0.5053,0.0024,0.8211,0.25,0.44,0.35,138255,135091,125386
50022460,-4.5675,-131.0925,5.3725,-0.4602,-0.0178,0.8268,0.24,0.45,0.34,138518,135060,125564
50041992,15.5750,-126.4725,6.3175,-0.4114,-0.0346,0.8264,0.24,0.47,0.33,138739,135057,125734
50062500,30.9575,-120.9950,7.9800,-0.3589,-0.0495,0.8233,0.24,0.48,0.31,138945,135061,125927
50082032,38.9200,-111.5100,10.4475,-0.2746,-0.0666,0.8137,0.24,0.49,0.30,139125,135065,126101
50102540,27.6325,-104.2650,10.8675,-0.2216,-0.0726,0.8037,0.24,0.50,0.29,139307,135048,126280
50122072,13.4400,-96.5825,10.2900,-0.1696,-0.0767,0.7945,0.24,0.51,0.29,139471,135019,126401
50142576,3.8675,-88.7600,9.0650,-0.1181,-0.0825,0.7852,0.24,0.52,0.28,139621,134985,126526
50162108,5.9325,-81.4975,8.3300,-0.0694,-0.0914,0.7757,0.24,0.53,0.27,139737,134960,126650
50182616,4.9700,-69.9475,6.7900,-0.0183,-0.0969,0.7638,0.24,0.53,0.26,139837,134927,126758
50202148,0.7525,-61.9150,5.7050,0.0504,-0.1047,0.7427,0.23,0.54,0.26,139934,134885,126854
50222656,-4.6900,-53.3575,4.0600,0.0942,-0.1091,0.7302,0.23,0.55,0.25,140028,134862,126908
50242188,-2.7300,-44.9575,2.5375,0.1330,-0.1175,0.7181,0.23,0.55,0.25,140084,134841,126988
50262696,8.9250,-36.0850,1.8200,0.1696,-0.1266,0.7076,0.23,0.55,0.25,140123,134854,127056
50282224,20.0725,-26.7575,0.6825,0.2072,-0.1359,0.6988,0.23,0.55,0.24,140142,134870,127098
50302736,10.9025,-10.9200,-2.4850,0.2624,-0.1453,0.6865,0.23,0.55,0.24,140153,134894,127129
50322264,-1.4175,0.1750,-4.8300,0.2930,-0.1503,0.6786,0.23,0.55,0.24,140149,134898,127100
50341796,-9.9575,11.5675,-6.6675,0.3196,-0.1545,0.6703,0.23,0.55,0.24,140122,134910,127069
50362304,-10.2900,22.8375,-7.9625,0.3426,-0.1602,0.6631,0.23,0.55,0.25,140064,134911,127018
50381836,-6.3000,34.1075,-9.0475,0.3604,-0.1671,0.6581,0.24,0.54,0.25,139988,134935,126948
50402344,-3.6750,45.1150,-10.2375,0.3726,-0.1734,0.6545,0.24,0.54,0.26,139900,134967,126862
50421876,-1.1900,61.1450,-12.0925,0.3799,-0.1784,0.6532,0.24,0.53,0.26,139797,135020,126745
50442384,0.3850,71.5400,-13.1775,0.3839,-0.1830,0.6531,0.24,0.53,0.27,139682,135067,126624
50461912,3.1325,81.6550,-13.9825,0.3809,-0.1854,0.6540,0.25,0.52,0.28,139527,135131,126496
50482420,7.8400,91.1925,-14.6650,0.3739,-0.1863,0.6576,0.25,0.50,0.29,139336,135208,126351
50501952,13.7200,100.2400,-15.4350,0.3621,-0.1850,0.6631,0.26,0.49,0.30,139151,135295,126206
50522460,20.2650,108.9200,-16.3450,0.3453,-0.1821,0.6706,0.27,0.48,0.31,138941,135425,126049
50541992,28.9450,121.1350,-18.3225,0.3122,-0.1754,0.6850,0.27,0.47,0.32,138713,135551,125908
50562500,32.6900,128.5550,-20.0900,0.2877,-0.1676,0.6949,0.28,0.45,0.32,138431,135686,125780
50582032,34.9475,135.7475,-21.8925,0.2617,-0.1586,0.7049,0.29,0.43,0.33,138154,135826,125652
50602540,39.0425,142.3450,-23.8875,0.2308,-0.1496,0.7155,0.30,0.41,0.34,137839,136009,125522
50622072,47.2500,148.4000,-26.0225,0.1942,-0.1423,0.7269,0.31,0.39,0.35,137517,136216,125409
50642576,67.4975,155.6800,-30.0125,0.1553,-0.1346,0.7366,0.33,0.37,0.35,137155,136463,125315
50662108,73.1150,160.0725,-33.5125,0.0885,-0.1152,0.7451,0.34,0.35,0.35,136775,136696,125286
50682616,71.4350,164.0275,-37.3100,0.0392,-0.0956,0.7483,0.36,0.32,0.36,136353,136935,125249
50712888,56.6125,169.8725,-42.2100,-0.0395,-0.0592,0.7498,0.38,0.28,0.36,135692,137246,125178
50733400,39.8650,173.9850,-44.0125,-0.0949,-0.0321,0.7477,0.39,0.25,0.36,135215,137383,125121
50752928,11.9350,180.5125,-44.3625,-0.1532,-0.0044,0.7442,0.39,0.22,0.37,134728,137485,125068
50773436,-3.1150,184.5725,-43.4700,-0.2439,0.0372,0.7412,0.40,0.19,0.37,134213,137544,125006
50792968,-23.2925,189.0175,-40.9500,-0.3073,0.0637,0.7383,0.39,0.16,0.37,133697,137515,124950
50813476,-44.5900,194.0925,-36.6450,-0.3743,0.0881,0.7359,0.39,0.13,0.38,133141,137418,124911
50833008,-57.4875,198.5725,-30.4325,-0.4433,0.1098,0.7354,0.38,0.09,0.38,132611,137301,124882
50853516,-63.4725,201.6525,-23.2050,-0.5091,0.1263,0.7342,0.37,0.06,0.38,132063,137152,124887
50873048,-84.9450,204.1025,-13.9300,-0.6088,0.1366,0.7208,0.36,0.03,0.38,131539,136966,124917
50893552,-86.6600,202.8950,-8.5925,-0.6682,0.1248,0.7096,0.35,-0.00,0.37,131020,136777,124982
50913084,-78.2075,199.9025,-5.2850,-0.7298,0.0964,0.6893,0.34,-0.03,0.36,130542,136613,125132
50933592,-53.9175,195.0025,-4.5150,-0.7870,0.0577,0.6687,0.33,-0.06,0.35,130068,136516,125332
50953124,-33.1100,188.8600,-6.5975,-0.8352,0.0224,0.6433,0.33,-0.09,0.34,129638,136451,125575
50973632,-13.5800,181.3875,-11.4625,-0.8788,-0.0046,0.6172,0.33,-0.11,0.32,129217,136437,125877
50993164,30.2575,168.3675,-16.1175,-0.9348,-0.0468,0.5866,0.33,-0.14,0.30,128854,136469,126228
51013672,59.6400,158.5325,-22.5750,-0.9636,-0.0683,0.5661,0.33,-0.16,0.27,128525,136513,126649
51033204,76.1950,147.7875,-29.3125,-0.9845,-0.0783,0.5455,0.33,-0.17,0.25,128240,136549,127047
51053712,76.9125,136.2900,-34.5100,-1.0031,-0.0791,0.5247,0.34,-0.19,0.22,127962,136571,127458
51073240,58.1000,125.4050,-38.5875,-1.0160,-0.0725,0.5001,0.33,-0.20,0.20,127747,136517,127752
51093752,21.5075,109.3225,-40.6700,-1.0388,-0.0648,0.4656,0.33,-0.21,0.18,127550,136435,128044
51113280,-0.5775,97.6850,-39.2350,-1.0621,-0.0612,0.4446,0.32,-0.22,0.17,127396,136319,128269
51132812,-21.5250,86.3450,-35.4550,-1.0879,-0.0590,0.4275,0.31,-0.23,0.16,127279,136196,128456
51153320,-31.4475,74.1475,-29.8900,-1.1201,-0.0610,0.4142,0.31,-0.24,0.15,127163,136083,128591
51172852,-27.4575,60.5325,-23.3975,-1.1496,-0.0650,0.4049,0.30,-0.24,0.15,127085,136009,128695
51193360,-17.4125,45.2025,-16.3975,-1.1747,-0.0744,0.3943,0.30,-0.25,0.14,127036,135947,128774
51212888,-8.1550,20.6500,-5.0225,-1.1893,-0.0842,0.3864,0.30,-0.25,0.14,127030,135919,128811
51233400,-6.5450,3.6750,2.6775,-1.1879,-0.0989,0.3759,0.30,-0.25,0.14,127051,135916,128804
51252928,1.4875,-13.3700,10.4825,-1.1775,-0.1069,0.3744,0.30,-0.24,0.14,127079,135964,128757
51273436,7.4900,-29.6800,17.8325,-1.1651,-0.1099,0.3727,0.30,-0.24,0.15,127128,136032,128665
51292968,12.3200,-45.1850,24.4125,-1.1553,-0.1099,0.3704,0.31,-0.24,0.15,127206,136127,128557
51313476,16.9400,-59.8325,30.1525,-1.1490,-0.1069,0.3664,0.31,-0.23,0.16,127330,136229,128413
51333008,24.1325,-79.6775,37.6425,-1.1445,-0.0952,0.3587,0.32,-0.22,0.17,127483,136351,128245
51353516,31.2025,-91.6125,42.2625,-1.1418,-0.0847,0.3539,0.33,-0.21,0.18,127650,136508,128061
51373048,43.2600,-102.6725,46.8650,-1.1391,-0.0764,0.3509,0.34,-0.20,0.20,127837,136685,127865
51393552,55.9475,-112.8575,51.3975,-1.1368,-0.0695,0.3479,0.35,-0.18,0.21,128082,136888,127704
51413084,68.1625,-121.9925,55.7725,-1.1379,-0.0639,0.3465,0.37,-0.17,0.22,128354,137118,127536
51433592,80.3775,-130.6200,62.8775,-1.1419,-0.0566,0.3483,0.38,-0.15,0.22,128687,137363,127389
51453124,84.8400,-141.2425,67.5675,-1.1490,-0.0398,0.3522,0.40,-0.12,0.23,129024,137619,127257
51473632,77.8400,-146.6500,71.8550,-1.1539,-0.0253,0.3553,0.41,-0.10,0.24,129404,137860,127098
51493164,64.8200,-151.2525,75.1975,-1.1550,-0.0088,0.3615,0.43,-0.08,0.25,129812,138078,126958
51513672,46.6900,-155.1025,77.6475,-1.1509,0.0128,0.3703,0.44,-0.05,0.26,130275,138228,126780
51533204,23.4850,-158.0425,78.9250,-1.1444,0.0349,0.3815,0.44,-0.02,0.27,130730,138331,126599
51553712,-12.2150,-162.1025,77.6300,-1.1320,0.0615,0.4055,0.45,0.01,0.29,131214,138395,126372
51573240,-36.8725,-164.7625,74.9000,-1.1239,0.0778,0.4236,0.45,0.04,0.30,131707,138387,126114
51593752,-52.3250,-167.5800,71.1025,-1.1131,0.0893,0.4453,0.44,0.07,0.32,132229,138305,125881
51613280,-51.2750,-170.8350,67.3925,-1.0995,0.0961,0.4704,0.44,0.10,0.33,132736,138216,125698
51632812,-47.6875,-173.5825,64.0150,-1.0858,0.1030,0.4954,0.43,0.13,0.34,133244,138111,125552
51653320,-49.9450,-175.8225,60.2525,-1.0702,0.1105,0.5200,0.42,0.16,0.34,133771,137982,125422
51672852,-62.6150,-177.7300,54.0575,-1.0505,0.1203,0.5428,0.41,0.20,0.35,134271,137840,125290
51693360,-64.5925,-178.2900,49.7350,-1.0108,0.1276,0.5794,0.40,0.23,0.36,134790,137642,125216
51723632,-65.2925,-177.7650,43.6100,-0.9673,0.1337,0.6185,0.38,0.27,0.36,135515,137335,125170
51743164,-60.1125,-177.1175,39.3225,-0.9377,0.1324,0.6483,0.37,0.30,0.36,135955,137148,125184
51763672,-56.4375,-175.6650,34.7025,-0.9048,0.1413,0.6719,0.36,0.32,0.36,136386,136932,125237
51783204,-68.0225,-172.4450,28.2450,-0.8623,0.1520,0.6902,0.34,0.35,0.35,136770,136707,125287
51803712,-65.1350,-167.4750,24.0800,-0.7889,0.1447,0.7266,0.33,0.37,0.35,137158,136499,125362
51823240,-58.7125,-163.1700,20.7550,-0.7348,0.1432,0.7468,0.32,0.39,0.34,137495,136321,125449
51843752,-64.0850,-158.0600,18.3750,-0.6823,0.1426,0.7637,0.31,0.41,0.34,137820,136106,125543
51863280,-69.2125,-152.8975,16.0475,-0.6337,0.1358,0.7834,0.30,0.43,0.33,138102,135911,125647
51882812,-62.1600,-148.6975,14.0175,-0.5857,0.1261,0.7996,0.28,0.44,0.32,138362,135725,125768
51903320,-65.2575,-141.5400,12.1625,-0.5022,0.1208,0.8006,0.27,0.46,0.32,138629,135524,125880
51922852,-70.5775,-137.2350,11.3050,-0.4446,0.1121,0.7953,0.26,0.48,0.31,138882,135350,125986
51943360,-71.3475,-133.1925,10.8150,-0.3877,0.0954,0.7930,0.25,0.49,0.30,139113,135143,126114
51962888,-69.1950,-129.0100,9.8700,-0.3318,0.0766,0.7936,0.24,0.50,0.29,139317,134954,126239
51983400,-71.3125,-124.1800,7.9625,-0.2773,0.0593,0.7937,0.23,0.52,0.29,139514,134768,126373
52002928,-76.8250,-118.3875,5.9325,-0.2224,0.0425,0.7915,0.21,0.53,0.28,139705,134588,126497
52023436,-64.5225,-109.9875,3.8850,-0.1405,0.0076,0.7903,0.21,0.54,0.27,139886,134453,126624
52042968,-41.4400,-104.8250,3.7625,-0.0855,-0.0189,0.7881,0.20,0.55,0.26,140041,134361,126768
52063476,-11.3225,-99.8900,4.7775,-0.0306,-0.0397,0.7820,0.20,0.56,0.25,140186,134293,126948
52083008,12.5475,-94.3775,6.6150,0.0224,-0.0586,0.7727,0.20,0.56,0.24,140309,134276,127110
52103516,27.2300,-88.9875,8.0675,0.0699,-0.0769,0.7645,0.20,0.57,0.23,140447,134278,127292
52123048,29.7850,-82.1625,8.9950,0.1115,-0.0946,0.7559,0.20,0.58,0.22,140562,134271,127426
52143552,-5.6700,-66.6925,8.8200,0.1749,-0.1139,0.7308,0.19,0.59,0.22,140661,134201,127541
52163084,-35.6300,-54.8450,7.6650,0.2187,-0.1269,0.7080,0.18,0.59,0.21,140714,134102,127611
52183592,-34.2300,-44.4150,6.9125,0.2557,-0.1488,0.6932,0.18,0.59,0.21,140761,134025,127681
52203124,-18.7075,-34.0725,6.3350,0.2896,-0.1713,0.6794,0.18,0.59,0.21,140806,133992,127713
52223632,-8.9950,-23.1525,5.4075,0.3235,-0.1897,0.6626,0.18,0.60,0.20,140848,133980,127737
52243164,-9.8350,-11.9875,3.4650,0.3533,-0.2036,0.6442,0.18,0.60,0.20,140848,133960,127748
52263672,-15.8900,4.2525,1.6275,0.3889,-0.2239,0.6176,0.17,0.59,0.20,140813,133922,127717
52283204,-9.7475,14.4375,-0.2100,0.4109,-0.2397,0.6043,0.17,0.59,0.21,140790,133925,127689
52303712,6.5975,24.5525,-2.0825,0.4316,-0.2567,0.5956,0.18,0.59,0.21,140759,133960,127628
52323240,17.9375,34.9125,-4.0950,0.4485,-0.2697,0.5873,0.18,0.59,0.21,140707,134026,127583
52343752,21.7175,45.3075,-6.1250,0.4612,-0.2776,0.5807,0.18,0.58,0.22,140623,134086,127486
52363280,23.9750,60.5500,-8.7500,0.4743,-0.2827,0.5772,0.19,0.58,0.23,140523,134149,127383
52382812,25.0950,70.9100,-10.2900,0.4801,-0.2813,0.5743,0.19,0.57,0.23,140410,134234,127264
52403320,27.6675,81.0075,-11.6725,0.4804,-0.2791,0.5721,0.20,0.56,0.24,140291,134341,127140
52422852,33.2850,90.7375,-13.0725,0.4737,-0.2774,0.5765,0.21,0.55,0.25,140154,134449,126988
52443360,37.2225,100.1350,-14.5950,0.4634,-0.2736,0.5849,0.21,0.54,0.26,139985,134584,126832
52462888,36.6275,109.4800,-16.1175,0.4481,-0.2663,0.5934,0.22,0.53,0.27,139794,134686,126680
52483400,33.2675,123.8125,-17.9200,0.4204,-0.2516,0.6082,0.23,0.52,0.28,139564,134819,126493
52502928,35.8750,132.8600,-18.8825,0.3965,-0.2425,0.6220,0.24,0.50,0.29,139342,134971,126318
52523436,41.2125,141.2425,-19.8800,0.3667,-0.2335,0.6393,0.25,0.49,0.30,139091,135149,126160
52542968,47.6875,148.8725,-21.4725,0.3315,-0.2211,0.6579,0.26,0.47,0.31,138819,135322,125989
52563476,49.3150,155.6275,-23.5550,0.2918,-0.2039,0.6750,0.27,0.45,0.32,138486,135501,125804
52583008,40.1625,162.5575,-25.6025,0.2483,-0.1830,0.6886,0.28,0.43,0.33,138151,135633,125626
52603516,25.9350,172.4275,-27.5275,0.1784,-0.1545,0.7065,0.29,0.41,0.34,137782,135800,125428
52623048,33.8625,177.3275,-28.3325,0.1266,-0.1374,0.7220,0.30,0.39,0.35,137416,135985,125269
52643552,44.5550,180.6175,-29.9075,0.0683,-0.1169,0.7355,0.31,0.36,0.36,136988,136168,125131
52663084,39.7250,184.0125,-32.0775,0.0090,-0.0904,0.7430,0.32,0.33,0.37,136548,136326,125008
52683592,28.2450,187.2675,-33.9150,-0.0489,-0.0644,0.7488,0.33,0.30,0.38,136061,136456,124877
52703124,16.6600,190.6275,-35.2625,-0.1059,-0.0417,0.7547,0.33,0.28,0.38,135580,136553,124768
52733400,-10.6050,196.1575,-34.0900,-0.2279,0.0000,0.7579,0.34,0.23,0.39,134778,136608,124613
52752928,-25.1650,198.0475,-32.2700,-0.2874,0.0185,0.7577,0.34,0.19,0.40,134252,136585,124497
52773436,-48.8600,199.5700,-29.0150,-0.3483,0.0357,0.7538,0.33,0.16,0.41,133678,136472,124385
52792968,-78.8550,201.4075,-23.7825,-0.4071,0.0521,0.7488,0.32,0.12,0.41,133116,136290,124311
52813476,-96.5125,202.0550,-16.6950,-0.4670,0.0592,0.7458,0.30,0.09,0.42,132544,136047,124257
52833008,-98.0875,199.8675,-4.8475,-0.5561,0.0590,0.7415,0.29,0.06,0.42,132009,135814,124263
52853516,-94.1500,196.6650,2.2225,-0.6144,0.0543,0.7377,0.28,0.02,0.41,131464,135610,124308
52873048,-88.3050,191.7300,8.3300,-0.6771,0.0450,0.7305,0.27,-0.01,0.41,130965,135420,124404
52893552,-74.9350,186.4450,13.5450,-0.7393,0.0265,0.7196,0.26,-0.04,0.40,130471,135275,124546
52913084,-56.7875,180.5300,15.8725,-0.7989,0.0009,0.7026,0.25,-0.06,0.39,130046,135186,124749
52933592,-16.2750,168.6825,15.8200,-0.8622,-0.0542,0.6711,0.25,-0.09,0.37,129631,135193,125005
52953124,25.8825,160.3175,12.8975,-0.8974,-0.0889,0.6504,0.26,-0.11,0.35,129258,135290,125279
52973632,72.4325,150.7625,8.1900,-0.9313,-0.1232,0.6311,0.27,-0.13,0.33,128910,135489,125643
52993164,108.0100,139.9125,2.5200,-0.9601,-0.1440,0.6093,0.28,-0.15,0.31,128623,135691,126010
53013672,117.5825,129.5875,-3.5525,-0.9822,-0.1543,0.5841,0.29,-0.16,0.28,128369,135876,126411
53033204,120.4175,118.9650,-9.0475,-1.0005,-0.1629,0.5641,0.30,-0.18,0.26,128150,136036,126782
53053712,113.6625,100.3800,-16.1000,-1.0224,-0.1607,0.5367,0.31,-0.19,0.24,127951,136168,127145
53073240,85.0325,88.7775,-18.1650,-1.0313,-0.1455,0.5202,0.31,-0.20,0.22,127789,136230,127410
53093752,56.1225,77.4025,-18.2000,-1.0410,-0.1285,0.5092,0.32,-0.21,0.21,127664,136236,127654
53113280,31.9900,65.9925,-16.1875,-1.0552,-0.1148,0.5008,0.31,-0.21,0.20,127579,136207,127802
53132812,6.8775,54.1100,-12.9150,-1.0707,-0.1066,0.4870,0.31,-0.22,0.19,127512,136170,127941
53153320,-4.5850,40.7050,-8.6625,-1.0848,-0.1021,0.4778,0.31,-0.22,0.19,127457,136150,128006
53172852,-7.0700,18.7425,-0.9275,-1.1097,-0.0978,0.4660,0.31,-0.22,0.19,127432,136136,128025
53193360,-3.7800,3.4650,4.4975,-1.1251,-0.0952,0.4618,0.31,-0.22,0.19,127449,136142,127991
53212888,-4.0775,-11.8825,9.5375,-1.1363,-0.0944,0.4570,0.31,-0.22,0.19,127498,136164,127964
53233400,-6.5275,-27.0550,14.1750,-1.1423,-0.0953,0.4529,0.31,-0.21,0.20,127568,136191,127862
53252928,-6.0375,-41.9300,18.5675,-1.1431,-0.0969,0.4505,0.32,-0.21,0.20,127661,136241,127747
53273436,-5.8975,-56.4725,22.6275,-1.1419,-0.0989,0.4479,0.32,-0.20,0.21,127780,136303,127572
53292968,-2.2575,-77.0875,27.3875,-1.1406,-0.1041,0.4438,0.32,-0.19,0.22,127932,136372,127391
53313476,7.9450,-90.0725,30.3100,-1.1427,-0.1063,0.4437,0.33,-0.18,0.24,128139,136461,127193
53333008,14.0175,-102.2350,33.0575,-1.1451,-0.1026,0.4437,0.33,-0.17,0.25,128365,136551,126974
53353516,9.3450,-112.9275,35.4375,-1.1477,-0.0943,0.4424,0.34,-0.15,0.27,128621,136654,126730
53373048,2.2750,-122.2725,37.1175,-1.1491,-0.0871,0.4419,0.35,-0.13,0.28,128901,136733,126484
53393552,-0.8925,-134.8550,38.6400,-1.1489,-0.0789,0.4431,0.35,-0.11,0.30,129245,136800,126229
53413084,-8.1900,-141.6800,38.8850,-1.1468,-0.0736,0.4407,0.35,-0.09,0.31,129599,136844,125977
53433592,-14.5075,-147.6300,38.3950,-1.1441,-0.0697,0.4402,0.35,-0.07,0.33,129992,136864,125724
53453124,-20.8775,-152.6350,37.1350,-1.1413,-0.0648,0.4430,0.35,-0.04,0.34,130392,136873,125465
53473632,-24.8675,-157.0625,35.8400,-1.1381,-0.0556,0.4497,0.35,-0.01,0.36,130833,136863,125208
53493164,-33.2500,-160.4400,34.6850,-1.1346,-0.0423,0.4579,0.35,0.01,0.37,131291,136785,124998
53513672,-41.0550,-164.3775,32.1125,-1.1215,-0.0266,0.4746,0.34,0.04,0.38,131767,136696,124820
53533204,-33.6525,-166.5125,30.6775,-1.1108,-0.0224,0.4882,0.34,0.07,0.39,132248,136630,124685
53553712,-25.7075,-168.0000,29.3475,-1.0963,-0.0190,0.5034,0.34,0.10,0.40,132743,136568,124551
53573240,-22.9425,-168.7875,28.3150,-1.0824,-0.0111,0.5222,0.33,0.13,0.40,133220,136492,124452
53593752,-30.2050,-168.8225,26.9675,-1.0614,0.0051,0.5419,0.32,0.16,0.41,133718,136366,124401
53613280,-39.6200,-168.2800,25.4975,-1.0370,0.0159,0.5608,0.31,0.19,0.41,134182,136210,124364
53632812,-60.5325,-166.5475,22.2250,-0.9988,0.0228,0.5851,0.30,0.22,0.41,134633,136000,124342
53653320,-71.3650,-165.4800,18.7600,-0.9669,0.0249,0.6024,0.29,0.25,0.41,135095,135775,124327
53672852,-74.3225,-164.4825,14.7700,-0.9285,0.0206,0.6210,0.27,0.27,0.41,135522,135550,124324
53693360,-63.9800,-163.2225,10.8500,-0.8911,0.0116,0.6429,0.26,0.30,0.41,135941,135382,124378
53712888,-46.0950,-161.8925,7.4025,-0.8540,-0.0001,0.6677,0.25,0.32,0.40,136322,135247,124502
53743164,-18.6900,-159.1800,2.9750,-0.7798,-0.0146,0.7074,0.25,0.35,0.39,136884,135107,124675
53763672,-8.9075,-157.0275,2.1700,-0.7349,-0.0193,0.7288,0.24,0.38,0.38,137220,135047,124840
