34354492,-29.1725,-1.6975,10.2200,-0.0680,0.0703,1.0277,0.42,-0.08,0.27,129838,137879,126618
34374024,-19.7750,-2.2925,12.0750,-0.0850,0.0609,1.0285,0.42,-0.08,0.27,129831,137882,126596
34394532,-5.6350,-3.5525,13.8425,-0.1042,0.0497,1.0309,0.42,-0.08,0.27,129813,137895,126581
34414064,5.8975,-4.8300,15.5575,-0.1227,0.0373,1.0327,0.42,-0.08,0.28,129802,137931,126558
34434568,4.7775,-5.8100,16.0125,-0.1459,0.0249,1.0266,0.42,-0.08,0.28,129815,137959,126563
34454100,-1.2950,-6.4225,16.0125,-0.1579,0.0179,1.0202,0.42,-0.08,0.28,129837,137962,126538
34474608,-7.0175,-6.9125,15.6800,-0.1664,0.0127,1.0155,0.42,-0.07,0.28,129863,137963,126523
34494140,-9.5725,-7.5425,15.2775,-0.1730,0.0105,1.0150,0.42,-0.07,0.28,129875,137961,126482
34514648,-11.8650,-7.9800,14.5250,-0.1776,0.0090,1.0153,0.42,-0.07,0.28,129890,137971,126440
34534180,-12.6875,-8.3825,13.0200,-0.1776,0.0009,1.0144,0.42,-0.07,0.28,129917,137967,126414
34554688,-9.1175,-8.7850,12.0225,-0.1743,-0.0081,1.0148,0.42,-0.07,0.29,129957,137966,126392
34574216,-4.7425,-9.1700,11.0075,-0.1710,-0.0165,1.0139,0.42,-0.07,0.29,129989,137956,126377
34594728,-4.7425,-9.4325,9.8350,-0.1691,-0.0226,1.0108,0.42,-0.07,0.29,130006,137960,126353
34614256,-6.4400,-9.5200,8.5575,-0.1686,-0.0266,1.0082,0.42,-0.06,0.29,130028,137972,126322
34633788,-7.2800,-9.6075,7.2625,-0.1682,-0.0307,1.0071,0.42,-0.06,0.29,130054,137957,126295
34654296,-9.8350,-9.2400,5.1450,-0.1681,-0.0381,1.0036,0.42,-0.06,0.29,130095,137923,126279
34673828,-10.7275,-8.7500,3.4825,-0.1712,-0.0439,1.0016,0.42,-0.06,0.29,130134,137910,126260
34694336,-11.1300,-8.0325,1.5400,-0.1768,-0.0504,1.0004,0.42,-0.06,0.30,130155,137900,126231
34713868,-10.4825,-7.1925,-0.6475,-0.1843,-0.0589,0.9992,0.42,-0.06,0.30,130167,137879,126202
34734376,-7.0875,-6.5975,-2.5550,-0.1946,-0.0686,0.9976,0.41,-0.05,0.30,130196,137864,126195
34753904,-2.2925,-6.0550,-4.2350,-0.2083,-0.0773,0.9931,0.41,-0.05,0.30,130233,137859,126207
34774416,5.9675,-5.2850,-6.4225,-0.2349,-0.0902,0.9875,0.41,-0.05,0.30,130279,137847,126228
34793944,17.0275,-5.2850,-8.1375,-0.2564,-0.0967,0.9888,0.42,-0.05,0.29,130301,137881,126277
34814452,27.4750,-5.2850,-9.9750,-0.2782,-0.0986,0.9899,0.42,-0.05,0.29,130332,137928,126307
34833984,36.0150,-5.5825,-11.9000,-0.2984,-0.0960,0.9916,0.42,-0.04,0.28,130377,137972,126413
34854492,41.1775,-5.7925,-13.4400,-0.3177,-0.0872,0.9923,0.42,-0.04,0.28,130443,138016,126498
34874024,40.2325,-5.9675,-15.6450,-0.3354,-0.0745,0.9909,0.43,-0.03,0.27,130510,138038,126592
34894532,33.7225,-6.3175,-17.0100,-0.3490,-0.0587,0.9876,0.43,-0.03,0.27,130565,138085,126655
34914064,28.5075,-6.2650,-17.6400,-0.3549,-0.0445,0.9870,0.43,-0.03,0.26,130624,138123,126733
34934568,25.6375,-5.7225,-17.7450,-0.3539,-0.0270,0.9897,0.43,-0.02,0.26,130698,138151,126819
34954100,25.0075,-5.2500,-17.3950,-0.3512,-0.0115,0.9933,0.43,-0.02,0.26,130791,138161,126881
34974608,17.9900,-4.3925,-16.8525,-0.3472,0.0059,0.9945,0.43,-0.01,0.25,130888,138138,126940
34994140,-13.3700,-0.9975,-16.3625,-0.3249,0.0455,0.9964,0.43,-0.01,0.25,130965,138108,126932
35014648,-42.8575,2.4150,-16.3275,-0.2945,0.0780,1.0002,0.43,-0.00,0.26,131040,138036,126868
35034180,-73.3075,6.8950,-16.6600,-0.2562,0.1008,1.0033,0.42,0.00,0.26,131112,137915,126776
35054688,-94.6225,11.2000,-16.7300,-0.2140,0.1088,1.0080,0.41,0.01,0.27,131204,137739,126679
35074216,-86.3275,13.0025,-16.9050,-0.1715,0.0964,1.0236,0.40,0.01,0.27,131279,137602,126632
35094728,-65.2050,13.9300,-17.9550,-0.1237,0.0817,1.0383,0.39,0.02,0.27,131324,137514,126586
35114256,-49.9975,16.4675,-19.9850,-0.0400,0.0769,1.0504,0.39,0.02,0.28,131364,137426,126547
35133788,-52.3775,18.3050,-22.1725,0.0253,0.0714,1.0529,0.38,0.02,0.28,131385,137327,126518
35154296,-50.3475,19.1450,-24.5350,0.0895,0.0586,1.0551,0.38,0.02,0.28,131426,137218,126512
35173828,-40.2675,19.5125,-26.3550,0.1471,0.0425,1.0577,0.37,0.02,0.28,131432,137130,126518
35194336,-19.3375,19.6700,-27.4575,0.2034,0.0205,1.0602,0.37,0.02,0.28,131414,137106,126555
35213868,5.9500,20.0725,-28.2100,0.2639,-0.0056,1.0598,0.37,0.02,0.27,131380,137137,126618
35234376,45.0100,20.0550,-28.4025,0.3453,-0.0445,1.0570,0.37,0.02,0.26,131343,137188,126736
35253904,68.6525,18.7250,-27.1075,0.3789,-0.0678,1.0512,0.38,0.01,0.26,131307,137254,126876
35274416,86.4325,16.8000,-24.6575,0.3950,-0.0817,1.0441,0.38,0.01,0.24,131272,137353,127062
35293944,95.3400,14.7700,-21.8400,0.3986,-0.0830,1.0348,0.39,0.01,0.24,131217,137453,127219
35324216,87.9725,12.8625,-16.9750,0.3810,-0.0820,1.0203,0.40,0.00,0.22,131149,137577,127453
35344728,66.2900,12.0050,-11.6200,0.3396,-0.0766,1.0086,0.40,0.00,0.21,131103,137644,127557
35364256,48.5800,11.3575,-8.1550,0.3088,-0.0660,1.0022,0.40,-0.00,0.21,131055,137703,127618
35383788,35.5250,10.2025,-5.4250,0.2760,-0.0511,0.9999,0.41,-0.00,0.21,131027,137718,127674
35404296,23.9225,8.9075,-3.1675,0.2441,-0.0327,0.9989,0.41,-0.00,0.21,131013,137728,127705
35423828,10.6575,7.9625,-1.1375,0.2156,-0.0146,0.9978,0.41,-0.00,0.20,130998,137711,127733
35444336,0.9800,7.0350,1.0850,0.1893,-0.0010,0.9978,0.41,-0.01,0.20,130978,137718,127718
35463868,-3.8150,5.2325,4.3400,0.1556,0.0135,0.9984,0.41,-0.01,0.21,130953,137734,127705
35484376,1.6100,3.5875,6.1600,0.1357,0.0198,0.9995,0.41,-0.01,0.21,130946,137752,127697
35503904,9.7125,2.0125,7.4725,0.1182,0.0253,0.9998,0.41,-0.01,0.20,130954,137754,127718
35524416,16.0825,0.7175,8.4525,0.1054,0.0325,0.9991,0.41,-0.01,0.20,130962,137772,127762
35543944,18.7600,0.0000,9.3450,0.0972,0.0415,0.9988,0.41,-0.01,0.20,130951,137807,127771
35564452,16.3275,-0.1925,10.5525,0.0867,0.0493,1.0009,0.41,-0.01,0.20,130932,137871,127789
35583984,15.1900,-0.0875,11.5675,0.0837,0.0532,1.0028,0.42,-0.01,0.20,130925,137889,127812
35604492,14.2625,-0.0175,12.4775,0.0858,0.0581,1.0038,0.42,-0.01,0.20,130933,137899,127830
35624024,15.4175,-0.3150,12.9675,0.0906,0.0637,1.0058,0.42,-0.01,0.20,130943,137921,127856
35644532,18.3925,-0.8225,12.7750,0.0952,0.0680,1.0078,0.42,-0.01,0.20,130919,137959,127858
35664064,21.8225,-1.2775,12.6700,0.0974,0.0725,1.0086,0.42,-0.01,0.19,130894,138023,127891
35684568,24.6750,-1.6625,13.0725,0.0964,0.0798,1.0080,0.43,-0.01,0.19,130875,138065,127915
35704100,27.3350,-1.7500,13.8775,0.0921,0.0853,1.0081,0.43,-0.01,0.19,130868,138098,127960
35724608,30.9050,-1.8025,14.5250,0.0849,0.0920,1.0096,0.43,-0.01,0.19,130862,138125,128002
35744140,33.0925,-1.7500,14.8575,0.0755,0.0994,1.0104,0.43,-0.01,0.19,130841,138185,128036
35764648,31.7800,-1.7500,15.2775,0.0660,0.1078,1.0094,0.44,-0.02,0.18,130810,138236,128068
35784180,26.5650,-2.1175,15.6625,0.0590,0.1188,1.0066,0.44,-0.02,0.18,130798,138304,128091
35804688,16.2925,-2.8175,16.2400,0.0515,0.1369,1.0045,0.44,-0.02,0.18,130790,138315,128102
35824216,6.4925,-3.3775,15.8900,0.0444,0.1477,1.0038,0.44,-0.02,0.18,130790,138307,128090
35844728,-4.6375,-3.6400,15.1375,0.0357,0.1584,1.0031,0.44,-0.02,0.19,130757,138324,128039
35864256,-17.7975,-3.4825,14.3675,0.0266,0.1664,1.0021,0.44,-0.02,0.19,130724,138331,127962
35883788,-29.4000,-3.4300,14.2100,0.0176,0.1724,1.0028,0.44,-0.02,0.19,130700,138317,127879
35904296,-36.6450,-3.8150,14.3325,0.0098,0.1769,1.0039,0.44,-0.02,0.20,130696,138273,127785
35923828,-35.5425,-5.0225,14.2800,0.0002,0.1770,1.0053,0.44,-0.02,0.21,130687,138237,127700
35944336,-27.2125,-6.1600,13.7900,-0.0046,0.1757,1.0072,0.44,-0.03,0.21,130662,138229,127630
35963868,-16.2750,-7.4200,12.7050,-0.0104,0.1747,1.0122,0.44,-0.03,0.21,130637,138217,127578
35984376,-9.9925,-8.4350,11.2525,-0.0181,0.1719,1.0167,0.44,-0.03,0.22,130613,138228,127524
36003904,-7.7350,-9.0300,10.3600,-0.0253,0.1676,1.0209,0.44,-0.03,0.22,130601,138221,127481
36024416,-8.6275,-9.5200,10.1850,-0.0331,0.1602,1.0236,0.43,-0.03,0.22,130602,138184,127452
36043944,-10.4300,-9.7125,10.3775,-0.0364,0.1573,1.0241,0.43,-0.03,0.22,130589,138181,127393
36064452,-11.0950,-9.6600,10.3425,-0.0390,0.1559,1.0255,0.43,-0.03,0.23,130562,138183,127336
36083984,-11.0950,-9.5375,9.7825,-0.0422,0.1553,1.0274,0.43,-0.03,0.23,130545,138185,127268
36104492,-9.1175,-9.5900,8.9600,-0.0473,0.1519,1.0300,0.43,-0.03,0.23,130548,138147,127250
36124024,-10.1675,-9.2575,8.1725,-0.0542,0.1469,1.0298,0.43,-0.03,0.24,130549,138121,127212
36144532,-16.3275,-8.2425,7.6475,-0.0605,0.1383,1.0248,0.43,-0.03,0.24,130530,138105,127152
36164064,-20.4050,-7.4550,7.6825,-0.0567,0.1322,1.0207,0.43,-0.03,0.24,130505,138075,127072
36184568,-19.6700,-6.8250,8.0150,-0.0510,0.1290,1.0192,0.43,-0.04,0.25,130496,138050,127018
36204100,-13.0900,-6.6675,7.9625,-0.0492,0.1279,1.0191,0.42,-0.04,0.25,130490,138018,126977
36224608,-6.4750,-6.4925,7.3325,-0.0512,0.1257,1.0165,0.42,-0.04,0.25,130492,138000,126951
36244140,-4.1825,-6.0200,6.4050,-0.0545,0.1225,1.0104,0.42,-0.04,0.25,130470,137994,126925
36264648,-3.3250,-5.2500,5.0050,-0.0577,0.1154,1.0035,0.42,-0.04,0.26,130445,138003,126882
36284180,-2.0300,-4.8825,4.4800,-0.0588,0.1093,1.0019,0.42,-0.04,0.26,130423,137998,126873
36304688,-0.6650,-4.3575,4.1475,-0.0605,0.1038,1.0003,0.42,-0.04,0.26,130421,137986,126852
36334960,8.0500,-4.4100,4.4625,-0.0688,0.0971,1.0014,0.42,-0.04,0.26,130399,138019,126859
36355468,18.6025,-5.0925,4.6375,-0.0826,0.0916,1.0043,0.42,-0.04,0.26,130397,138032,126875
36375000,19.2325,-5.6175,4.5325,-0.0944,0.0886,1.0032,0.43,-0.04,0.25,130408,138041,126903
36395508,17.0625,-6.0025,4.4275,-0.1091,0.0869,1.0026,0.43,-0.04,0.25,130396,138071,126913
36415040,15.4525,-6.7725,4.3925,-0.1243,0.0866,1.0043,0.43,-0.04,0.25,130405,138097,126915
36435544,13.3875,-7.6825,4.2000,-0.1394,0.0898,1.0081,0.43,-0.04,0.25,130415,138118,126914
36455080,7.7175,-8.5575,3.6400,-0.1546,0.0964,1.0099,0.43,-0.04,0.26,130445,138108,126890
36475584,-11.7250,-9.1525,1.6450,-0.1782,0.1025,1.0041,0.43,-0.04,0.26,130479,138083,126871
36495116,-24.0450,-9.3100,0.0350,-0.1946,0.1021,0.9972,0.42,-0.04,0.26,130497,138031,126827
36515624,-29.4175,-9.3800,-1.2250,-0.2094,0.0983,0.9914,0.42,-0.03,0.26,130507,138007,126752
36535156,-27.2125,-9.6075,-2.1350,-0.2208,0.0930,0.9873,0.42,-0.03,0.27,130540,137971,126708
36555664,-18.2175,-10.2550,-2.3800,-0.2312,0.0871,0.9858,0.42,-0.03,0.27,130592,137931,126703
36575196,-7.4725,-11.0600,-2.5025,-0.2405,0.0822,0.9859,0.42,-0.03,0.27,130645,137940,126704
36595704,6.2300,-12.3725,-2.9400,-0.2522,0.0803,0.9897,0.42,-0.02,0.27,130688,137956,126725
36615232,12.3900,-13.2650,-3.4650,-0.2567,0.0825,0.9932,0.42,-0.02,0.26,130735,137989,126734
36635744,14.5250,-13.8250,-4.2000,-0.2586,0.0859,0.9967,0.42,-0.02,0.26,130805,138027,126783
36655272,12.1625,-13.5450,-5.5475,-0.2623,0.0908,1.0002,0.42,-0.01,0.26,130874,138021,126817
36674804,6.1075,-12.3725,-7.2975,-0.2667,0.0974,1.0016,0.42,-0.01,0.26,130942,138013,126840
36695312,-1.0500,-10.4650,-9.1875,-0.2693,0.1020,1.0015,0.42,-0.00,0.26,130997,138026,126862
36714844,-4.5500,-7.7525,-11.0425,-0.2728,0.1022,1.0003,0.43,-0.00,0.26,131050,138038,126881
36735352,0.8050,-6.3525,-11.3575,-0.2783,0.1026,1.0020,0.42,0.00,0.25,131118,138034,126933
36754880,9.8525,-5.0225,-11.7775,-0.2800,0.1098,1.0055,0.43,0.01,0.25,131200,138045,126996
36775392,16.6600,-3.3600,-12.5125,-0.2718,0.1225,1.0078,0.43,0.01,0.24,131276,138067,127095
36794920,18.2350,-1.5400,-13.7375,-0.2551,0.1329,1.0081,0.43,0.02,0.24,131346,138091,127157
36815428,15.3300,1.3300,-15.6275,-0.2333,0.1407,1.0067,0.43,0.02,0.23,131399,138113,127235
36834960,13.4225,2.9925,-16.3275,-0.1996,0.1410,1.0049,0.43,0.02,0.23,131461,138145,127313
36855468,8.3825,5.1625,-17.0800,-0.1754,0.1421,1.0008,0.43,0.03,0.23,131541,138119,127376
36875000,2.5200,7.4375,-17.9200,-0.1462,0.1455,0.9978,0.43,0.03,0.22,131603,138111,127428
36895508,-0.4025,9.4325,-19.6350,-0.1035,0.1440,1.0014,0.43,0.03,0.22,131637,138096,127494
36915040,1.9250,10.9550,-21.5075,-0.0467,0.1414,1.0106,0.43,0.04,0.22,131668,138098,127531
36935544,1.6625,12.5125,-25.0250,0.0398,0.1354,1.0200,0.43,0.04,0.21,131688,138078,127578
36955080,-9.1700,14.0175,-27.1950,0.0885,0.1371,1.0204,0.42,0.04,0.21,131719,138024,127607
36975584,-19.9675,15.6800,-28.9975,0.1376,0.1438,1.0225,0.42,0.04,0.21,131727,137949,127629
36995116,-16.7300,16.0825,-29.8725,0.1882,0.1459,1.0314,0.42,0.04,0.21,131708,137925,127642
37015624,-2.1175,15.6625,-29.4350,0.2383,0.1418,1.0399,0.42,0.04,0.21,131663,137918,127685
37035156,20.4575,14.8400,-27.7200,0.2804,0.1337,1.0444,0.42,0.04,0.20,131648,137927,127762
37055664,53.5675,13.4225,-23.3450,0.3295,0.1287,1.0453,0.42,0.03,0.19,131638,137952,127927
37075196,60.6025,12.1450,-20.6150,0.3517,0.1364,1.0379,0.42,0.03,0.18,131623,137977,128056
37095704,50.9075,10.6050,-18.7775,0.3631,0.1419,1.0266,0.42,0.03,0.18,131584,138007,128141
37115232,31.4300,9.3100,-17.3950,0.3655,0.1477,1.0158,0.42,0.03,0.18,131536,138027,128201
37135744,9.9225,8.5050,-15.7850,0.3592,0.1525,1.0056,0.42,0.03,0.17,131507,138011,128214
37155272,-4.7075,7.7000,-13.4225,0.3472,0.1541,0.9981,0.42,0.03,0.17,131490,137986,128210
37174804,-9.1700,5.9850,-9.0125,0.3243,0.1505,0.9906,0.42,0.02,0.17,131477,137962,128213
37195312,-2.1525,4.4100,-6.2825,0.3048,0.1452,0.9884,0.42,0.02,0.17,131443,137973,128222
37214844,5.9325,2.7475,-3.9550,0.2833,0.1408,0.9866,0.42,0.02,0.17,131406,137996,128218
37235352,6.7550,1.3475,-2.3800,0.2621,0.1392,0.9825,0.42,0.02,0.17,131389,138015,128227
37254880,3.7450,0.3325,-1.5050,0.2428,0.1388,0.9784,0.42,0.02,0.17,131380,138011,128245
37275392,2.2575,-1.3475,-0.2275,0.2269,0.1429,0.9762,0.42,0.02,0.17,131375,138009,128238
37294920,4.2175,-2.4325,1.4000,0.2081,0.1487,0.9773,0.42,0.02,0.17,131347,138017,128237
37334960,8.0675,-4.0950,5.6875,0.1919,0.1649,0.9801,0.43,0.01,0.17,131298,138077,128242
37354492,5.9150,-4.6725,7.5075,0.1852,0.1740,0.9809,0.43,0.01,0.17,131299,138077,128263
37374024,2.5200,-4.9175,8.7500,0.1801,0.1814,0.9821,0.43,0.01,0.17,131299,138072,128251
37394532,-3.9025,-4.9700,9.8350,0.1745,0.1862,0.9816,0.43,0.01,0.17,131282,138099,128226
37414064,-10.5350,-5.2500,11.7075,0.1691,0.1913,0.9809,0.43,0.01,0.18,131260,138135,128187
37434568,-9.7825,-5.5125,12.7400,0.1671,0.1937,0.9828,0.43,0.01,0.18,131229,138162,128134
37454100,-7.9625,-5.9500,13.2650,0.1658,0.1937,0.9850,0.43,0.01,0.18,131230,138168,128128
37474608,-8.2250,-6.1600,13.1950,0.1669,0.1923,0.9850,0.43,0.01,0.18,131225,138157,128104
37494140,-8.3475,-6.3175,12.9150,0.1697,0.1906,0.9844,0.43,0.01,0.18,131190,138171,128072
37514648,-0.9450,-6.9125,11.6725,0.1693,0.1875,0.9883,0.44,0.01,0.18,131155,138213,128051
37534180,4.4625,-7.1925,10.6225,0.1645,0.1847,0.9915,0.44,0.00,0.19,131111,138253,128025
37554688,7.6825,-7.5075,9.6775,0.1602,0.1862,0.9936,0.44,0.00,0.19,131087,138275,128007
37574216,7.9275,-7.7875,8.5050,0.1585,0.1907,0.9949,0.44,-0.00,0.19,131059,138281,128017
37594728,4.5675,-8.0325,7.4025,0.1570,0.1942,0.9958,0.44,-0.00,0.19,131002,138298,127997
37614256,-1.2425,-8.1200,6.5625,0.1542,0.1963,0.9982,0.44,-0.01,0.19,130939,138313,127949
37633788,-5.4950,-7.9975,6.1075,0.1504,0.1983,1.0027,0.44,-0.01,0.19,130888,138338,127898
37654296,-14.3500,-7.8400,5.9850,0.1419,0.2028,1.0065,0.44,-0.01,0.20,130843,138318,127857
37673828,-22.8550,-7.5600,5.1975,0.1359,0.2072,1.0074,0.44,-0.02,0.20,130793,138276,127781
37694336,-31.3950,-7.4200,3.7450,0.1305,0.2086,1.0099,0.44,-0.02,0.21,130723,138237,127674
37713868,-41.5100,-6.9650,2.1175,0.1264,0.2059,1.0124,0.43,-0.03,0.22,130655,138197,127536
37734376,-51.9225,-6.3525,1.1375,0.1242,0.1973,1.0136,0.43,-0.03,0.22,130574,138123,127386
37753904,-58.8175,-6.1600,1.2950,0.1230,0.1821,1.0158,0.43,-0.03,0.23,130517,138047,127264
37774416,-60.1650,-6.2475,1.8375,0.1179,0.1730,1.0167,0.42,-0.04,0.24,130455,137919,127138
37793944,-58.6250,-6.2475,1.8900,0.1091,0.1642,1.0194,0.41,-0.04,0.25,130388,137835,126990
37814452,-54.7575,-5.8100,1.4175,0.0971,0.1547,1.0210,0.41,-0.05,0.26,130306,137759,126861
37833984,-49.1750,-5.0225,0.7350,0.0845,0.1398,1.0183,0.40,-0.05,0.26,130239,137679,126736
37854492,-36.7850,-4.5500,0.5950,0.0756,0.1180,1.0165,0.40,-0.05,0.27,130178,137618,126678
37874024,-2.5375,-5.5825,2.2925,0.0660,0.0854,1.0239,0.40,-0.06,0.27,130135,137589,126659
37894532,8.9075,-5.5300,4.1475,0.0559,0.0743,1.0259,0.40,-0.06,0.27,130080,137580,126619
37914064,9.1525,-4.5850,5.8975,0.0423,0.0681,1.0265,0.40,-0.06,0.27,130023,137590,126585
37934568,4.7600,-3.3250,7.8925,0.0294,0.0634,1.0271,0.40,-0.07,0.28,129975,137584,126536
37954100,-3.2025,-1.4175,10.0100,0.0178,0.0598,1.0239,0.40,-0.07,0.28,129940,137554,126510
37974608,-7.4550,0.6125,13.1775,0.0029,0.0510,1.0192,0.39,-0.07,0.28,129914,137527,126472
37994140,0.1750,0.7525,15.2425,-0.0094,0.0415,1.0185,0.39,-0.07,0.28,129885,137523,126441
38014648,11.3925,0.3675,17.1150,-0.0256,0.0305,1.0182,0.40,-0.07,0.28,129853,137561,126430
38034180,22.1550,-0.0875,18.9875,-0.0454,0.0228,1.0163,0.40,-0.08,0.28,129838,137612,126444
38054688,28.1750,0.0000,20.6850,-0.0625,0.0198,1.0114,0.40,-0.07,0.28,129848,137665,126456
38074216,31.9375,0.3325,21.9625,-0.0730,0.0192,1.0082,0.41,-0.07,0.28,129859,137733,126497
38094728,37.8000,0.1050,22.0675,-0.0824,0.0183,1.0089,0.41,-0.07,0.28,129859,137808,126549
38114256,39.9175,-0.5250,21.4025,-0.0883,0.0185,1.0091,0.42,-0.07,0.27,129852,137882,126596
38133788,37.8700,-1.1375,20.3875,-0.0955,0.0231,1.0072,0.42,-0.07,0.27,129860,137968,126626
38154296,33.7225,-2.0300,19.1800,-0.1037,0.0305,1.0069,0.42,-0.07,0.27,129883,138021,126648
38173828,29.4525,-3.1850,17.6225,-0.1142,0.0378,1.0069,0.43,-0.07,0.27,129907,138066,126693
38194336,21.0000,-4.4450,15.9250,-0.1249,0.0447,1.0060,0.43,-0.07,0.27,129934,138094,126688
38213868,6.5100,-6.5625,13.7725,-0.1373,0.0528,1.0043,0.43,-0.07,0.27,129948,138128,126669
38234376,-0.9450,-7.9975,12.3900,-0.1420,0.0566,1.0044,0.43,-0.07,0.27,129956,138144,126627
38253904,-5.9850,-9.5900,10.9900,-0.1463,0.0601,1.0055,0.43,-0.07,0.27,130002,138136,126586
38274416,-10.6400,-10.8850,9.5900,-0.1524,0.0660,1.0067,0.43,-0.06,0.28,130043,138111,126559
38293944,-15.3300,-11.8300,7.9800,-0.1602,0.0736,1.0085,0.43,-0.06,0.28,130080,138091,126509
38314452,-22.5400,-12.2325,6.2300,-0.1667,0.0815,1.0094,0.43,-0.06,0.28,130109,138057,126439
38344728,-38.7275,-11.2875,3.7275,-0.1726,0.0917,1.0106,0.42,-0.05,0.29,130171,137964,126335
38364256,-41.4575,-9.9050,2.8700,-0.1778,0.0906,1.0114,0.42,-0.05,0.29,130196,137926,126260
38383788,-39.2350,-8.2950,2.1875,-0.1859,0.0854,1.0125,0.42,-0.05,0.30,130227,137888,126203
38404296,-29.4875,-6.7025,1.3125,-0.1947,0.0760,1.0150,0.41,-0.05,0.30,130274,137860,126164
38423828,-18.4975,-5.1100,0.2625,-0.2050,0.0655,1.0158,0.41,-0.05,0.30,130321,137844,126169
38444336,0.9275,-2.8525,-1.7850,-0.2203,0.0476,1.0172,0.41,-0.04,0.30,130364,137856,126224
38463868,16.3800,-1.5925,-3.0800,-0.2288,0.0361,1.0174,0.42,-0.04,0.29,130395,137917,126284
38484376,29.2600,-0.3850,-3.7975,-0.2347,0.0272,1.0152,0.42,-0.04,0.29,130431,137998,126353
38503904,38.8325,0.6825,-3.9550,-0.2402,0.0238,1.0127,0.43,-0.04,0.28,130481,138072,126493
38524416,47.8275,1.5925,-4.0425,-0.2477,0.0281,1.0146,0.43,-0.03,0.27,130544,138162,126645
38543944,57.8375,1.9250,-4.6375,-0.2557,0.0393,1.0209,0.44,-0.03,0.26,130609,138275,126797
38564452,66.5350,2.3625,-6.6150,-0.2608,0.0666,1.0298,0.45,-0.03,0.25,130660,138395,126968
38583984,68.5125,2.6600,-8.8900,-0.2658,0.0825,1.0350,0.45,-0.02,0.24,130716,138501,127183
38604492,70.1925,2.8350,-11.3925,-0.2769,0.0954,1.0372,0.46,-0.02,0.23,130796,138597,127377
38624024,69.1950,3.1675,-13.3525,-0.2904,0.1116,1.0365,0.46,-0.01,0.21,130875,138665,127590
38644532,62.3700,4.1650,-14.5425,-0.2994,0.1368,1.0359,0.47,-0.01,0.20,130958,138725,127782
38664064,49.5250,5.7750,-15.2075,-0.3017,0.1671,1.0344,0.47,-0.00,0.19,131030,138771,127917
38684568,22.2600,9.4850,-15.8200,-0.3029,0.2155,1.0341,0.47,0.00,0.18,131115,138802,128056
38704100,-2.8700,13.5275,-16.5900,-0.2987,0.2521,1.0315,0.47,0.01,0.18,131214,138755,128138
38724608,-27.5450,17.8150,-17.4475,-0.2874,0.2767,1.0280,0.46,0.02,0.18,131327,138685,128167
38744140,-49.1400,21.3675,-17.0275,-0.2662,0.2739,1.0227,0.46,0.02,0.18,131423,138604,128146
38764648,-73.6925,24.6400,-14.8750,-0.2318,0.2557,1.0149,0.45,0.03,0.18,131516,138511,128052
38784180,-102.6900,28.7875,-10.7975,-0.1442,0.2391,1.0083,0.45,0.03,0.19,131601,138395,127928
38804688,-108.9025,31.3075,-10.4650,-0.0490,0.2514,1.0058,0.44,0.04,0.20,131703,138238,127834
38824216,-102.1650,32.6900,-13.2825,0.0626,0.2588,1.0013,0.43,0.04,0.20,131776,138087,127745
38844728,-91.6650,31.7100,-17.0625,0.1577,0.2186,0.9916,0.42,0.05,0.21,131821,137969,127645
38864256,-77.4200,30.0125,-19.2500,0.2506,0.1667,0.9830,0.42,0.05,0.21,131829,137893,127596
38883788,-39.7075,27.0375,-19.8450,0.3428,0.1215,0.9881,0.42,0.05,0.21,131825,137896,127636
38904296,56.6125,16.5025,-20.3700,0.4531,0.0636,1.0100,0.42,0.05,0.20,131821,137951,127793
38923828,95.4975,10.0275,-20.3875,0.5033,0.0378,1.0143,0.42,0.05,0.19,131814,138034,127976
38944336,112.1925,5.7400,-19.8275,0.5311,0.0159,1.0209,0.43,0.04,0.18,131787,138122,128204
38963868,107.3625,3.5525,-17.9025,0.5358,0.0032,1.0289,0.43,0.04,0.16,131748,138198,128373
38984376,81.7075,2.9750,-15.7500,0.5205,0.0066,1.0327,0.44,0.04,0.16,131691,138261,128470
39003904,55.8075,2.0825,-14.5775,0.4915,0.0223,1.0344,0.44,0.04,0.15,131666,138262,128539
39024416,19.4425,0.6125,-13.5625,0.4372,0.0522,1.0258,0.44,0.03,0.15,131637,138231,128558
39043944,-4.6900,0.3675,-12.8450,0.4002,0.0692,1.0153,0.43,0.03,0.16,131588,138195,128525
39064452,-26.0400,0.3325,-11.9350,0.3631,0.0837,1.0041,0.43,0.03,0.16,131524,138182,128443
39083984,-37.6600,0.1225,-10.7100,0.3240,0.0949,0.9952,0.43,0.02,0.16,131478,138143,128374
39104492,-36.1550,-0.7525,-9.1700,0.2850,0.1028,0.9904,0.43,0.02,0.17,131443,138098,128303
39124024,-22.2075,-2.0125,-7.3850,0.2501,0.1069,0.9904,0.43,0.02,0.17,131418,138055,128253
39144532,1.9775,-3.6925,-4.8300,0.2109,0.1069,0.9917,0.43,0.02,0.17,131389,138060,128257
39164064,12.6000,-4.0250,-3.3425,0.1922,0.1076,0.9928,0.43,0.02,0.17,131348,138083,128266
39184568,17.8500,-3.9375,-1.7850,0.1734,0.1083,0.9941,0.43,0.01,0.17,131300,138131,128270
39204100,22.3825,-3.7975,-0.4200,0.1549,0.1097,0.9970,0.43,0.01,0.17,131282,138137,128304
39224608,28.5075,-3.7100,0.8575,0.1385,0.1118,1.0009,0.43,0.01,0.17,131272,138158,128347
39244140,36.8025,-3.7800,2.0300,0.1210,0.1213,1.0069,0.43,0.01,0.16,131256,138185,128400
39264648,35.8575,-3.9375,2.6425,0.1102,0.1301,1.0094,0.44,0.01,0.16,131203,138233,128439
39284180,24.7275,-3.8150,3.1500,0.1007,0.1418,1.0092,0.44,0.01,0.16,131166,138262,128435
39304688,10.0975,-3.3425,3.6925,0.0948,0.1575,1.0088,0.44,0.00,0.16,131149,138244,128427
39324216,-6.3350,-2.3800,3.8325,0.0885,0.1703,1.0071,0.44,0.00,0.16,131133,138233,128387
39354492,-25.1650,-1.2075,4.0425,0.0766,0.1850,1.0063,0.44,-0.00,0.17,131069,138204,128274
39374024,-27.1425,-0.9275,3.5175,0.0761,0.1876,1.0055,0.43,-0.00,0.17,131047,138165,128223
39394532,-25.0425,-1.1200,3.0800,0.0755,0.1841,1.0056,0.43,-0.00,0.18,131004,138131,128164
39414064,-17.0800,-1.5750,3.0450,0.0730,0.1791,1.0067,0.43,-0.01,0.18,130954,138135,128112
39434568,-8.2425,-1.7500,3.2550,0.0673,0.1752,1.0065,0.43,-0.01,0.18,130903,138155,128072
39454100,1.5225,-1.8725,3.0450,0.0609,0.1731,1.0042,0.43,-0.01,0.18,130861,138155,128070
39474608,14.1225,-2.7300,1.9250,0.0553,0.1710,0.9974,0.43,-0.01,0.18,130838,138149,128088
39494140,18.6725,-3.2900,1.1725,0.0537,0.1667,0.9950,0.43,-0.02,0.18,130790,138155,128096
39514648,23.5725,-3.7625,0.6650,0.0516,0.1646,0.9958,0.43,-0.02,0.18,130727,138193,128088
39534180,29.0850,-4.3575,0.5425,0.0481,0.1668,0.9956,0.44,-0.02,0.18,130668,138241,128134
39554688,29.7675,-4.7250,0.5600,0.0449,0.1717,0.9923,0.44,-0.03,0.18,130625,138252,128161
39574216,26.6000,-4.9875,0.5425,0.0432,0.1809,0.9893,0.44,-0.03,0.18,130595,138257,128186
39594728,15.5400,-5.0925,-0.1750,0.0392,0.1985,0.9861,0.44,-0.03,0.18,130536,138269,128191
39614256,4.7950,-5.1800,-1.0500,0.0359,0.2047,0.9845,0.44,-0.04,0.18,130471,138275,128160
39633788,-6.3350,-4.9700,-1.7150,0.0357,0.2089,0.9826,0.44,-0.04,0.18,130398,138270,128094
39654296,-16.5200,-4.7075,-1.9075,0.0366,0.2105,0.9827,0.44,-0.04,0.19,130343,138246,128016
39673828,-22.8550,-4.4975,-1.5575,0.0342,0.2124,0.9872,0.43,-0.05,0.19,130300,138193,127960
39694336,-23.2925,-4.5150,-0.9800,0.0278,0.2170,0.9930,0.43,-0.05,0.19,130252,138155,127885
39713868,-20.1600,-4.3225,-0.2450,0.0154,0.2198,0.9987,0.43,-0.05,0.20,130184,138141,127810
39734376,-19.0925,-4.1825,0.1750,0.0094,0.2139,0.9993,0.43,-0.06,0.20,130117,138120,127751
39753904,-20.5100,-3.7275,0.9625,0.0043,0.2042,0.9970,0.43,-0.06,0.21,130072,138078,127682
39774416,-21.8925,-2.8525,1.9950,-0.0024,0.1945,0.9953,0.42,-0.06,0.21,130040,138023,127616
39793944,-17.7975,-2.3275,3.1150,-0.0111,0.1891,0.9966,0.42,-0.07,0.21,130002,137999,127556
39814452,-4.7425,-1.9775,4.5850,-0.0217,0.1832,0.9987,0.42,-0.07,0.22,129944,138003,127525
39833984,2.7825,-1.7325,5.1625,-0.0375,0.1763,0.9981,0.42,-0.07,0.22,129896,138011,127514
39854492,11.0075,-1.3125,5.8800,-0.0460,0.1681,0.9982,0.42,-0.07,0.22,129876,138027,127501
39874024,17.1150,-0.6475,6.6500,-0.0539,0.1615,0.9981,0.42,-0.07,0.22,129851,138033,127514
39894532,20.6150,0.2625,7.5425,-0.0625,0.1586,0.9963,0.43,-0.08,0.22,129828,138048,127526
39914064,18.8300,1.0500,8.0325,-0.0704,0.1571,0.9910,0.43,-0.08,0.22,129790,138085,127524
39934568,14.8400,2.3275,8.0325,-0.0789,0.1584,0.9848,0.43,-0.08,0.22,129753,138110,127533
39954100,14.8750,2.6950,7.9975,-0.0867,0.1615,0.9856,0.43,-0.08,0.22,129731,138134,127522
39974608,14.9800,2.6950,8.2250,-0.0958,0.1670,0.9897,0.43,-0.08,0.21,129722,138139,127550
39994140,15.4875,2.4150,8.6450,-0.1032,0.1747,0.9948,0.43,-0.08,0.21,129705,138148,127561
40014648,13.2825,1.9425,8.9075,-0.1104,0.1837,0.9982,0.43,-0.08,0.21,129686,138186,127561
40034180,7.8400,1.2950,8.8725,-0.1177,0.1923,0.9998,0.43,-0.09,0.21,129667,138196,127553
40054688,-2.8525,-0.0350,8.4000,-0.1260,0.2007,0.9995,0.44,-0.09,0.22,129662,138204,127537
40074216,-7.7525,-1.2425,8.2250,-0.1307,0.2039,1.0025,0.43,-0.09,0.22,129676,138186,127504
40094728,-11.7425,-2.4500,8.4875,-0.1362,0.2059,1.0053,0.43,-0.08,0.22,129681,138178,127478
40114256,-11.7950,-4.3050,9.1350,-0.1435,0.2045,1.0080,0.43,-0.08,0.22,129686,138177,127432
40133788,-8.6275,-6.4575,9.9050,-0.1525,0.2020,1.0096,0.43,-0.08,0.22,129692,138189,127411
40154296,-7.2275,-8.3125,10.4650,-0.1613,0.1996,1.0098,0.43,-0.08,0.23,129731,138188,127384
40173828,-9.6075,-10.7275,10.6925,-0.1698,0.1964,1.0083,0.43,-0.08,0.23,129776,138173,127352
40194336,-14.6125,-11.7950,10.6225,-0.1737,0.1915,1.0052,0.43,-0.08,0.23,129822,138158,127309
40213868,-20.3000,-12.4600,10.2725,-0.1790,0.1852,1.0006,0.43,-0.07,0.23,129854,138149,127261
40234376,-25.0950,-12.8800,9.7125,-0.1861,0.1784,0.9965,0.43,-0.07,0.24,129886,138151,127185
40253904,-26.7750,-13.0725,8.9775,-0.1941,0.1709,0.9941,0.43,-0.07,0.24,129944,138110,127125
40274416,-24.6050,-12.9675,7.1925,-0.2001,0.1569,0.9923,0.43,-0.07,0.24,130007,138080,127086
40293944,-20.0200,-12.5475,6.0200,-0.2054,0.1466,0.9919,0.43,-0.06,0.25,130061,138074,127047
40314452,-13.1775,-12.1800,4.9700,-0.2089,0.1365,0.9915,0.43,-0.06,0.25,130106,138073,127030
40333984,-3.8150,-11.8650,4.0950,-0.2136,0.1276,0.9931,0.43,-0.06,0.25,130146,138094,127026
40364256,9.4500,-11.4275,3.2725,-0.2251,0.1237,0.9970,0.43,-0.05,0.24,130252,138117,127061
40383788,11.6200,-10.9900,2.5900,-0.2306,0.1253,0.9971,0.43,-0.05,0.24,130306,138163,127097
40404296,11.0600,-10.1500,1.5225,-0.2361,0.1265,0.9963,0.43,-0.04,0.24,130382,138182,127129
40423828,9.2750,-9.4150,1.1900,-0.2413,0.1263,0.9920,0.43,-0.04,0.24,130458,138191,127162
40444336,12.1275,-8.7150,1.0150,-0.2472,0.1255,0.9883,0.44,-0.03,0.23,130547,138231,127239
40463868,24.1675,-8.8025,1.2775,-0.2523,0.1257,0.9875,0.44,-0.03,0.23,130618,138275,127307
40484376,38.9725,-9.4325,1.9950,-0.2563,0.1310,0.9864,0.45,-0.02,0.22,130700,138386,127416
40503904,50.0850,-9.7825,2.3800,-0.2589,0.1409,0.9837,0.45,-0.02,0.22,130796,138464,127543
40524416,37.9050,-8.3300,1.1550,-0.2497,0.1673,0.9684,0.45,-0.01,0.21,130906,138493,127661
40543944,14.9450,-5.6525,-0.5250,-0.2296,0.1880,0.9565,0.45,-0.00,0.21,130995,138510,127712
40564452,-5.0925,-3.0100,-2.6775,-0.2042,0.1997,0.9525,0.46,-0.00,0.20,131069,138529,127739
40583984,-18.5675,-1.1550,-5.4775,-0.1817,0.2035,0.9570,0.45,0.00,0.20,131130,138525,127718
40604492,-31.3075,0.4900,-8.0325,-0.1669,0.2058,0.9621,0.45,0.01,0.21,131213,138491,127700
40624024,-48.9825,3.3075,-10.6400,-0.1601,0.2086,0.9628,0.45,0.01,0.21,131294,138400,127653
40644532,-54.4775,5.3025,-11.4100,-0.1621,0.2102,0.9626,0.44,0.02,0.21,131367,138342,127612
40664064,-49.5250,7.3675,-11.3400,-0.1642,0.2100,0.9659,0.44,0.02,0.21,131437,138295,127572
40684568,-40.8800,9.6075,-10.9725,-0.1603,0.2098,0.9706,0.44,0.03,0.21,131501,138279,127551
40704100,-26.9150,11.7600,-11.1475,-0.1491,0.2064,0.9827,0.44,0.03,0.21,131582,138260,127602
40724608,-3.0975,12.6700,-12.6875,-0.1293,0.2052,1.0052,0.44,0.04,0.21,131677,138241,127676
40744140,15.5575,12.8625,-17.9025,-0.0631,0.2106,1.0375,0.44,0.04,0.20,131743,138239,127767
40764648,2.0125,13.1075,-21.2625,0.0048,0.2054,1.0416,0.44,0.04,0.20,131782,138219,127807
40784180,-25.9000,13.8425,-23.9575,0.0822,0.1956,1.0372,0.43,0.04,0.20,131796,138170,127775
40804688,-49.5075,14.4025,-26.5650,0.1562,0.1906,1.0294,0.43,0.04,0.20,131806,138071,127717
40824216,-60.2175,14.3675,-29.8200,0.2227,0.1884,1.0208,0.42,0.05,0.21,131815,137975,127658
40844728,-28.9100,12.2850,-34.7725,0.2851,0.1779,1.0165,0.42,0.04,0.21,131786,137919,127689
40864256,14.4375,10.3775,-34.5100,0.3716,0.1286,1.0231,0.42,0.04,0.20,131746,137936,127745
40883788,55.5800,8.9600,-32.0075,0.4165,0.0974,1.0333,0.42,0.04,0.20,131690,138008,127862
40904296,73.8850,7.8750,-28.5075,0.4338,0.0842,1.0346,0.43,0.04,0.19,131647,138062,128017
40923828,75.8275,6.1425,-24.2025,0.4297,0.0822,1.0314,0.43,0.03,0.18,131620,138101,128182
40944336,74.4100,3.8150,-19.2850,0.4193,0.0871,1.0275,0.43,0.03,0.17,131592,138154,128321
40963868,64.1725,1.9075,-14.0875,0.4059,0.0964,1.0200,0.43,0.03,0.16,131555,138197,128403
40984376,29.7325,1.0150,-6.8425,0.3706,0.1055,1.0099,0.44,0.03,0.16,131513,138236,128432
41003904,7.8750,0.9450,-3.7625,0.3409,0.1107,1.0058,0.44,0.03,0.16,131499,138227,128439
41024416,-5.6700,0.3675,-1.9950,0.3109,0.1158,1.0033,0.44,0.03,0.16,131495,138200,128430
41043944,-8.8550,-0.8225,-0.8050,0.2806,0.1200,1.0017,0.43,0.03,0.16,131486,138186,128407
41064452,-4.4625,-2.5025,0.0000,0.2540,0.1224,1.0004,0.43,0.02,0.16,131464,138193,128387
41083984,5.1975,-4.4275,0.7350,0.2317,0.1246,1.0006,0.44,0.02,0.16,131438,138216,128375
41104492,4.8475,-5.0575,1.3300,0.2017,0.1285,1.0006,0.44,0.02,0.16,131428,138222,128372
41124024,3.4300,-5.2850,2.3975,0.1828,0.1362,1.0003,0.44,0.02,0.16,131428,138207,128369
41144532,2.8700,-5.2675,3.6925,0.1659,0.1455,0.9991,0.43,0.02,0.17,131431,138199,128366
41164064,2.3800,-4.9700,5.0400,0.1521,0.1543,0.9970,0.44,0.02,0.17,131410,138220,128354
41184568,3.8150,-4.7950,6.7725,0.1425,0.1610,0.9953,0.44,0.02,0.17,131396,138243,128324
41204100,8.1025,-4.7075,9.2225,0.1347,0.1680,0.9936,0.44,0.02,0.17,131395,138281,128334
41224608,11.0950,-4.6375,10.2725,0.1305,0.1703,0.9942,0.44,0.02,0.17,131406,138270,128346
41244140,11.6375,-4.1125,10.7625,0.1281,0.1753,0.9948,0.44,0.02,0.17,131409,138286,128341
41264648,8.6275,-3.2200,11.0600,0.1294,0.1839,0.9937,0.44,0.02,0.17,131382,138308,128333
41284180,2.1700,-2.4150,11.2175,0.1343,0.1909,0.9906,0.44,0.02,0.17,131358,138340,128312
41304688,-0.0525,-2.1350,11.0600,0.1401,0.1943,0.9886,0.44,0.02,0.17,131348,138356,128293
41324216,4.6375,-2.2400,10.8850,0.1440,0.1950,0.9877,0.44,0.02,0.17,131339,138352,128314
41344728,12.0750,-2.2575,10.7100,0.1444,0.1961,0.9877,0.44,0.01,0.17,131314,138362,128306
41375000,19.1275,-2.1525,10.0975,0.1473,0.1989,0.9850,0.45,0.01,0.17,131272,138414,128322
41395508,22.3650,-2.4150,9.5375,0.1475,0.2001,0.9837,0.45,0.01,0.17,131243,138450,128360
41415040,25.5500,-2.8875,8.9250,0.1469,0.2047,0.9838,0.45,0.01,0.16,131205,138505,128385
41435544,22.8025,-2.9750,8.5575,0.1449,0.2142,0.9831,0.46,0.00,0.16,131149,138551,128397
41455080,19.4425,-2.9750,8.4175,0.1403,0.2201,0.9842,0.46,0.00,0.16,131121,138559,128410
41475584,18.1650,-2.9050,8.5750,0.1335,0.2267,0.9882,0.46,0.00,0.16,131093,138567,128426
41495116,16.5375,-2.7650,8.6975,0.1263,0.2328,0.9914,0.46,-0.00,0.16,131051,138580,128429
41515624,12.8100,-2.6950,8.6625,0.1196,0.2380,0.9923,0.46,-0.00,0.16,130993,138620,128406
41535156,5.0750,-2.9225,7.8750,0.1102,0.2471,0.9921,0.46,-0.01,0.16,130951,138643,128381
41555664,-1.2250,-2.9750,6.7375,0.1037,0.2518,0.9931,0.46,-0.01,0.17,130914,138638,128351
41575196,-8.6975,-2.7125,5.7750,0.0978,0.2562,0.9930,0.46,-0.01,0.17,130873,138608,128294
41595704,-15.1725,-2.4325,5.2850,0.0915,0.2610,0.9923,0.46,-0.01,0.17,130830,138588,128224
41615232,-20.2475,-2.1700,4.9175,0.0844,0.2650,0.9906,0.46,-0.02,0.18,130772,138573,128142
41635744,-24.1150,-1.8900,4.2875,0.0767,0.2679,0.9881,0.46,-0.02,0.18,130709,138561,128054
41655272,-22.8725,-2.0300,3.6225,0.0672,0.2680,0.9873,0.45,-0.02,0.19,130664,138517,127989
41674804,-21.3675,-2.1700,3.0625,0.0600,0.2639,0.9872,0.45,-0.03,0.19,130627,138482,127926
41695312,-20.8075,-1.8725,2.7300,0.0510,0.2566,0.9853,0.45,-0.03,0.20,130575,138446,127858
41714844,-20.0200,-1.2950,2.8525,0.0431,0.2479,0.9821,0.45,-0.03,0.20,130521,138430,127788
41735352,-16.1875,-0.6825,3.3075,0.0368,0.2396,0.9798,0.45,-0.04,0.20,130464,138424,127723
41754880,-8.2425,-0.2800,4.3050,0.0322,0.2327,0.9810,0.45,-0.04,0.21,130424,138408,127695
41775392,4.6725,-0.0875,7.1750,0.0203,0.2281,0.9862,0.45,-0.04,0.21,130396,138397,127686
41794920,10.4825,-0.0175,9.2225,0.0073,0.2259,0.9892,0.45,-0.04,0.21,130374,138400,127682
41815428,15.5575,0.2275,11.1125,-0.0066,0.2230,0.9914,0.45,-0.04,0.21,130341,138439,127677
41834960,16.6600,0.8575,12.4250,-0.0165,0.2235,0.9913,0.45,-0.05,0.21,130316,138478,127684
41855468,14.9450,1.6275,13.3175,-0.0249,0.2259,0.9913,0.45,-0.05,0.21,130307,138492,127689
41875000,9.0300,2.7475,14.0525,-0.0320,0.2298,0.9910,0.45,-0.05,0.21,130310,138489,127680
41895508,6.2650,3.0625,14.4550,-0.0434,0.2372,0.9917,0.45,-0.05,0.21,130305,138510,127663
41915040,3.4125,2.9050,14.7700,-0.0534,0.2425,0.9922,0.46,-0.05,0.21,130292,138527,127659
41935544,-1.2600,2.3275,14.7350,-0.0627,0.2490,0.9913,0.46,-0.05,0.21,130273,138541,127632
41955080,-9.6950,1.9775,14.1225,-0.0683,0.2560,0.9877,0.45,-0.05,0.21,130275,138525,127591
41975584,-20.5100,1.6100,12.8975,-0.0691,0.2621,0.9836,0.45,-0.05,0.22,130287,138495,127529
41995116,-32.0250,0.9625,11.0075,-0.0659,0.2643,0.9810,0.45,-0.05,0.22,130280,138456,127476
42015624,-32.6900,0.0175,10.0625,-0.0669,0.2601,0.9817,0.45,-0.05,0.23,130266,138434,127380
42035156,-27.8250,-1.3125,9.7825,-0.0692,0.2533,0.9834,0.45,-0.05,0.23,130260,138427,127329
42055664,-20.4750,-3.0800,9.7125,-0.0698,0.2453,0.9855,0.45,-0.05,0.23,130269,138406,127286
42075196,-13.2475,-4.8825,9.6425,-0.0688,0.2377,0.9884,0.45,-0.05,0.23,130296,138395,127267
42095704,-6.7550,-6.9825,9.3625,-0.0706,0.2306,0.9917,0.45,-0.05,0.23,130310,138401,127235
42115232,-5.0050,-7.8575,9.0650,-0.0776,0.2176,0.9943,0.45,-0.05,0.24,130322,138408,127213
42135744,-3.1150,-8.7850,8.9600,-0.0827,0.2064,0.9941,0.45,-0.04,0.24,130337,138414,127198
42155272,-1.6625,-9.4500,8.8375,-0.0880,0.1954,0.9928,0.45,-0.04,0.24,130365,138421,127175
42174804,-2.5200,-9.7125,8.4700,-0.0911,0.1862,0.9906,0.45,-0.04,0.24,130393,138423,127173
42195312,-4.6025,-9.7300,7.8050,-0.0921,0.1779,0.9880,0.45,-0.04,0.24,130433,138418,127164
42214844,-5.3900,-9.6075,6.7725,-0.0938,0.1701,0.9860,0.45,-0.04,0.24,130446,138421,127144
42235352,-3.1150,-9.3450,4.8825,-0.1010,0.1596,0.9841,0.45,-0.04,0.24,130473,138439,127123
42254880,-1.1725,-9.1875,3.3250,-0.1068,0.1535,0.9833,0.45,-0.03,0.24,130509,138448,127114
42275392,-1.4175,-8.8025,1.9075,-0.1105,0.1499,0.9828,0.45,-0.03,0.24,130539,138440,127112
42294920,-2.4500,-8.3300,0.8050,-0.1127,0.1470,0.9836,0.45,-0.03,0.24,130574,138422,127120
42315428,-2.2925,-7.8750,-0.1925,-0.1169,0.1448,0.9855,0.45,-0.03,0.24,130591,138441,127121
42334960,-0.0525,-6.9825,-1.8900,-0.1238,0.1436,0.9882,0.45,-0.03,0.24,130614,138447,127118
42355468,1.1900,-6.4050,-3.2725,-0.1347,0.1443,0.9905,0.45,-0.03,0.24,130652,138455,127126
42385744,4.8300,-5.7225,-5.1625,-0.1403,0.1454,0.9919,0.45,-0.02,0.24,130692,138472,127161
42405272,7.6300,-5.5300,-6.1600,-0.1412,0.1468,0.9914,0.45,-0.02,0.24,130728,138474,127189
42424804,11.2700,-5.6175,-6.7200,-0.1398,0.1486,0.9909,0.45,-0.02,0.23,130770,138492,127236
42445312,17.9200,-6.0725,-7.4900,-0.1379,0.1516,0.9915,0.45,-0.02,0.23,130810,138508,127311
42464844,21.3850,-6.3875,-8.3475,-0.1362,0.1615,0.9931,0.46,-0.01,0.23,130849,138547,127367
42485352,21.9450,-6.3700,-9.7825,-0.1332,0.1691,0.9938,0.46,-0.01,0.22,130872,138582,127428
42504880,20.9125,-6.3350,-11.4100,-0.1290,0.1746,0.9950,0.46,-0.01,0.22,130913,138602,127485
42525392,17.4300,-6.0725,-12.8100,-0.1252,0.1778,0.9955,0.46,-0.01,0.21,130974,138599,127567
42544920,12.6875,-5.2675,-13.7375,-0.1213,0.1810,0.9952,0.46,-0.00,0.21,131013,138596,127618
42565428,4.7950,-3.1850,-14.2975,-0.1136,0.1864,0.9917,0.46,-0.00,0.21,131045,138619,127655
42584960,7.3325,-1.6450,-14.5075,-0.1091,0.1892,0.9936,0.46,0.00,0.21,131081,138629,127702
42605468,13.3350,-0.2100,-14.8750,-0.1044,0.1962,0.9981,0.46,0.00,0.20,131127,138627,127770
42625000,15.6275,1.6800,-15.6275,-0.1015,0.2057,1.0008,0.46,0.01,0.20,131178,138621,127869
42645508,17.0800,3.5875,-17.0800,-0.1004,0.2114,1.0037,0.46,0.01,0.19,131224,138612,127953
42665040,17.9200,5.4425,-18.7775,-0.0988,0.2131,1.0070,0.46,0.01,0.19,131253,138633,128032
42685544,19.8625,8.1725,-19.7400,-0.0963,0.2157,1.0099,0.46,0.01,0.18,131286,138653,128118
42705080,22.7325,9.9925,-19.2325,-0.0958,0.2247,1.0104,0.46,0.02,0.18,131332,138645,128204
42725584,18.9175,12.1450,-18.9350,-0.0986,0.2400,1.0055,0.46,0.02,0.17,131394,138616,128297
42745116,8.2250,14.5600,-19.0050,-0.1009,0.2566,0.9972,0.46,0.02,0.17,131446,138569,128363
42765624,-4.3925,16.7125,-18.9875,-0.0960,0.2696,0.9895,0.46,0.03,0.16,131491,138563,128392
42785156,-11.9700,17.9025,-18.3400,-0.0827,0.2762,0.9870,0.46,0.03,0.16,131524,138544,128414
42805664,-12.3550,18.3575,-18.0950,-0.0448,0.2868,0.9978,0.45,0.03,0.16,131582,138494,128451
42825196,-13.0550,18.3400,-19.9500,-0.0038,0.2933,1.0094,0.45,0.03,0.16,131636,138438,128485
42845704,-18.8300,18.7250,-23.7125,0.0508,0.2990,1.0172,0.44,0.04,0.16,131665,138358,128483
42865232,-26.1625,18.9525,-27.8250,0.1122,0.2972,1.0222,0.44,0.04,0.16,131658,138301,128464
42885744,-39.8475,19.5300,-30.6425,0.1635,0.2867,1.0193,0.44,0.03,0.16,131639,138234,128391
42905272,-53.7425,19.4950,-30.0825,0.2028,0.2778,1.0128,0.43,0.03,0.17,131625,138137,128343
42924804,-50.2600,18.3925,-27.8775,0.2568,0.2680,1.0066,0.43,0.03,0.17,131630,138038,128311
42945312,-34.7725,16.0125,-25.2525,0.2921,0.2556,1.0059,0.42,0.03,0.17,131617,137957,128280
42964844,-10.1850,12.9675,-22.2600,0.3228,0.2422,1.0055,0.42,0.03,0.17,131584,137947,128311
42985352,15.6100,9.6250,-18.9525,0.3448,0.2263,1.0045,0.42,0.03,0.17,131552,137985,128357
43004880,36.5750,6.4050,-15.5750,0.3584,0.2105,1.0032,0.42,0.03,0.16,131541,137992,128458
43025392,48.4400,2.3800,-10.9725,0.3639,0.1930,0.9994,0.42,0.03,0.15,131541,137988,128546
43044920,44.4675,0.6825,-8.2775,0.3579,0.1876,0.9963,0.42,0.03,0.15,131535,138019,128620
43065428,33.0925,-0.4200,-5.9500,0.3453,0.1864,0.9905,0.43,0.03,0.15,131500,138039,128667
43084960,14.4375,-0.9800,-4.1825,0.3271,0.1879,0.9821,0.43,0.02,0.15,131466,138046,128655
43105468,-1.8375,-1.2950,-2.8875,0.3045,0.1875,0.9738,0.43,0.02,0.15,131453,138050,128631
43125000,-7.6825,-1.9600,-2.0125,0.2800,0.1836,0.9677,0.42,0.02,0.15,131450,138021,128620
43145508,2.4500,-3.8500,-0.8750,0.2424,0.1762,0.9634,0.42,0.02,0.15,131436,138011,128617
43165040,17.9025,-5.8450,0.2100,0.2164,0.1728,0.9653,0.43,0.02,0.15,131407,138040,128631
43185544,30.4675,-7.8575,1.7675,0.1950,0.1757,0.9682,0.43,0.02,0.15,131372,138087,128658
43205080,34.2475,-9.4675,3.6575,0.1803,0.1859,0.9694,0.43,0.02,0.14,131372,138121,128700
43225584,30.1175,-10.5525,4.9700,0.1687,0.1996,0.9703,0.43,0.02,0.14,131380,138125,128734
43245116,23.8175,-10.9900,5.9325,0.1590,0.2131,0.9709,0.43,0.02,0.14,131376,138143,128754
43265624,12.6000,-10.9725,7.2100,0.1493,0.2350,0.9730,0.43,0.02,0.14,131356,138174,128732
43285156,0.7175,-10.2025,8.0675,0.1486,0.2491,0.9709,0.44,0.02,0.15,131331,138201,128694
43305664,-7.7350,-9.1525,8.6975,0.1504,0.2582,0.9710,0.44,0.01,0.15,131317,138202,128659
43325196,-10.2375,-8.2775,9.2050,0.1527,0.2628,0.9726,0.43,0.02,0.15,131319,138190,128633
43345704,-9.5025,-7.1925,9.4675,0.1541,0.2649,0.9739,0.43,0.01,0.15,131302,138179,128593
43365232,-5.2500,-5.7225,9.3450,0.1540,0.2664,0.9755,0.44,0.01,0.15,131265,138200,128552
43395508,-0.8750,-4.4625,9.0300,0.1519,0.2682,0.9783,0.43,0.01,0.16,131229,138196,128511
43415040,0.6475,-3.5700,8.8725,0.1515,0.2711,0.9783,0.44,0.01,0.16,131180,138234,128484
43435544,0.8400,-2.6600,8.2775,0.1495,0.2735,0.9765,0.44,0.00,0.16,131136,138250,128471
43455080,-0.0350,-1.6275,7.7000,0.1452,0.2760,0.9731,0.44,0.00,0.16,131088,138267,128438
43475584,0.3675,-0.2450,7.4200,0.1398,0.2776,0.9700,0.44,-0.00,0.16,131056,138267,128454
43495116,11.4275,0.3150,7.6300,0.1276,0.2768,0.9720,0.44,-0.00,0.16,131023,138272,128458
43515624,21.4200,1.1375,7.7700,0.1157,0.2766,0.9743,0.44,-0.01,0.16,130952,138312,128471
43535156,26.1800,2.2225,7.9800,0.1030,0.2788,0.9731,0.44,-0.01,0.16,130891,138360,128494
43555664,25.5325,3.5525,7.9975,0.0899,0.2813,0.9701,0.45,-0.01,0.16,130849,138391,128516
43575196,23.6425,4.5675,7.9625,0.0776,0.2837,0.9669,0.45,-0.02,0.15,130815,138404,128564
43595704,23.8350,5.2325,8.0850,0.0588,0.2869,0.9643,0.45,-0.02,0.15,130771,138419,128573
43615232,25.0250,5.3025,8.4175,0.0470,0.2918,0.9634,0.45,-0.02,0.15,130714,138467,128611
43635744,24.2725,5.3200,8.6975,0.0322,0.2965,0.9636,0.45,-0.02,0.15,130663,138517,128632
43655272,21.0875,5.3900,8.7150,0.0146,0.3004,0.9628,0.46,-0.03,0.15,130616,138541,128663
43674804,15.9075,5.3725,8.6975,-0.0002,0.3045,0.9606,0.46,-0.03,0.15,130596,138546,128680
43695312,11.4450,5.4775,8.6100,-0.0116,0.3089,0.9582,0.46,-0.03,0.15,130562,138548,128682
43714844,4.2525,5.5650,8.9600,-0.0212,0.3149,0.9553,0.46,-0.03,0.15,130523,138567,128670
43735352,0.6300,5.1275,9.6075,-0.0373,0.3233,0.9536,0.46,-0.04,0.15,130477,138603,128654
43754880,-2.2750,4.4800,10.2025,-0.0459,0.3285,0.9545,0.46,-0.04,0.15,130452,138607,128634
43775392,-5.5125,3.8150,10.3950,-0.0514,0.3345,0.9557,0.46,-0.04,0.15,130432,138602,128601
43794920,-8.9075,2.9400,10.2375,-0.0544,0.3375,0.9570,0.46,-0.04,0.15,130420,138604,128583
43815428,-10.9900,2.0125,10.3425,-0.0558,0.3379,0.9582,0.46,-0.04,0.16,130394,138606,128526
43834960,-14.6650,1.0150,11.2525,-0.0565,0.3398,0.9594,0.46,-0.04,0.16,130371,138621,128475
43855468,-17.3425,0.2800,11.9525,-0.0565,0.3433,0.9594,0.46,-0.04,0.16,130358,138624,128416
43875000,-20.5800,-0.5600,12.5300,-0.0549,0.3470,0.9604,0.46,-0.04,0.17,130362,138595,128366
43895508,-24.0450,-1.7325,12.8800,-0.0534,0.3488,0.9633,0.46,-0.04,0.17,130362,138578,128302
43915040,-26.4600,-2.8875,12.9325,-0.0545,0.3472,0.9671,0.46,-0.04,0.17,130352,138570,128237
43935544,-28.5950,-3.7275,13.1075,-0.0550,0.3422,0.9694,0.46,-0.04,0.18,130342,138564,128151
43955080,-27.0200,-4.8125,13.7375,-0.0534,0.3323,0.9744,0.46,-0.04,0.18,130350,138560,128094
43975584,-26.6000,-5.3900,14.5250,-0.0520,0.3279,0.9780,0.46,-0.04,0.19,130369,138528,128024
43995116,-27.8775,-6.0025,15.0675,-0.0523,0.3242,0.9786,0.45,-0.04,0.19,130388,138501,127940
44015624,-29.6625,-6.4925,15.4350,-0.0543,0.3178,0.9778,0.45,-0.04,0.19,130388,138496,127881
44035156,-29.5575,-6.9650,15.3475,-0.0573,0.3112,0.9760,0.45,-0.04,0.20,130396,138487,127794
44055664,-25.6200,-7.7000,14.4200,-0.0649,0.2956,0.9770,0.45,-0.04,0.20,130411,138471,127729
44075196,-23.4675,-8.1200,13.3875,-0.0688,0.2828,0.9776,0.45,-0.04,0.21,130447,138451,127670
44095704,-22.1550,-8.4000,12.7750,-0.0711,0.2712,0.9762,0.45,-0.04,0.21,130462,138420,127616
44115232,-20.6500,-8.4350,12.2675,-0.0743,0.2608,0.9743,0.45,-0.04,0.21,130479,138413,127576
44135744,-20.1075,-8.1550,11.8125,-0.0773,0.2535,0.9709,0.45,-0.04,0.22,130485,138422,127515
44155272,-17.8500,-8.1375,10.6575,-0.0809,0.2394,0.9701,0.45,-0.03,0.22,130504,138414,127466
44174804,-20.0025,-7.8050,8.3125,-0.0866,0.2237,0.9689,0.45,-0.03,0.22,130532,138381,127423
44195312,-23.9575,-7.1225,7.1575,-0.0974,0.2096,0.9643,0.44,-0.03,0.23,130567,138349,127363
44214844,-27.6150,-6.4925,6.2125,-0.1039,0.2028,0.9614,0.44,-0.03,0.23,130567,138330,127313
44235352,-26.5475,-6.0375,5.1100,-0.1108,0.1940,0.9604,0.44,-0.03,0.23,130577,138320,127240
44254880,-21.8225,-5.7400,3.9550,-0.1174,0.1837,0.9610,0.44,-0.03,0.24,130595,138311,127210
44275392,-14.7875,-5.3900,2.8875,-0.1240,0.1740,0.9628,0.44,-0.03,0.24,130632,138297,127202
44294920,-3.1850,-4.4975,1.0500,-0.1353,0.1623,0.9672,0.44,-0.03,0.24,130649,138288,127219
44315428,4.0950,-3.9200,-0.4550,-0.1432,0.1569,0.9708,0.44,-0.02,0.24,130665,138316,127214
44334960,7.2100,-3.0100,-2.3100,-0.1512,0.1542,0.9728,0.44,-0.02,0.23,130672,138342,127245
44355468,8.3650,-2.2225,-4.3050,-0.1591,0.1536,0.9748,0.44,-0.02,0.23,130687,138350,127255
44375000,9.6950,-1.6100,-6.4925,-0.1682,0.1524,0.9777,0.44,-0.02,0.23,130716,138362,127307
44405272,6.6325,-1.0850,-9.8350,-0.1935,0.1498,0.9822,0.45,-0.02,0.23,130743,138391,127345
44424804,1.5225,-0.6475,-10.9900,-0.2069,0.1520,0.9832,0.45,-0.02,0.22,130769,138377,127392
44445312,-3.9900,-0.1750,-12.2850,-0.2195,0.1559,0.9845,0.45,-0.02,0.22,130805,138370,127398
44464844,-10.9025,0.4725,-13.7375,-0.2300,0.1596,0.9854,0.44,-0.01,0.22,130835,138346,127409
44485352,-17.1150,0.9975,-15.6450,-0.2381,0.1579,0.9865,0.44,-0.01,0.22,130854,138328,127393
44504880,-22.5925,1.4175,-17.7800,-0.2457,0.1520,0.9865,0.44,-0.01,0.23,130878,138301,127377
44525392,-30.6075,2.5725,-20.3350,-0.2595,0.1447,0.9860,0.44,-0.01,0.23,130930,138236,127360
44544920,-32.3750,3.1325,-21.6475,-0.2696,0.1438,0.9897,0.43,-0.01,0.23,130981,138175,127360
44565428,-32.5150,3.8500,-22.7675,-0.2784,0.1495,0.9959,0.43,-0.00,0.23,131012,138139,127329
44584960,-34.4750,4.7950,-24.3425,-0.2821,0.1556,1.0016,0.43,-0.00,0.23,131056,138089,127300
44605468,-39.3400,6.0200,-26.1625,-0.2802,0.1560,1.0033,0.42,0.00,0.23,131106,138016,127289
44625000,-43.9425,7.9275,-27.6850,-0.2760,0.1523,1.0014,0.42,0.01,0.23,131167,137929,127276
44645508,-28.3325,10.6750,-27.9650,-0.2610,0.1440,1.0097,0.42,0.01,0.23,131234,137875,127294
44665040,1.5400,11.1650,-27.5450,-0.2297,0.1351,1.0331,0.42,0.01,0.23,131283,137888,127381
44685544,41.3700,10.0100,-28.1750,-0.1764,0.1327,1.0659,0.42,0.02,0.22,131328,137950,127498
44705080,60.6550,9.7825,-30.3100,-0.1054,0.1405,1.0867,0.42,0.02,0.21,131371,137978,127662
44725584,56.4900,11.0425,-32.8300,-0.0266,0.1518,1.0936,0.42,0.02,0.20,131419,137972,127799
44745116,40.4250,14.4900,-33.9150,0.0498,0.1635,1.0908,0.42,0.02,0.19,131438,137949,127915
44765624,18.1650,16.0825,-31.6225,0.1540,0.1885,1.0838,0.42,0.02,0.19,131430,137929,127981
44785156,7.2625,16.7300,-28.1925,0.2139,0.2070,1.0799,0.42,0.02,0.19,131419,137916,128021
44805664,-5.9675,16.7300,-25.3575,0.2647,0.2140,1.0758,0.42,0.02,0.19,131414,137874,128037
44825196,-19.3550,15.2425,-23.5375,0.3124,0.2096,1.0702,0.41,0.02,0.18,131416,137804,128043
44845704,-29.9075,13.1600,-22.2075,0.3540,0.2008,1.0612,0.41,0.02,0.19,131413,137721,128032
44865232,-33.3900,9.9925,-19.3025,0.3922,0.1779,1.0458,0.40,0.02,0.19,131374,137676,127994
44885744,-25.6550,7.5075,-16.2575,0.3985,0.1571,1.0379,0.40,0.02,0.19,131332,137637,127957
44905272,-20.2825,5.1450,-13.1600,0.3938,0.1386,1.0294,0.40,0.01,0.19,131315,137600,127943
44924804,-18.2525,2.9400,-10.5175,0.3828,0.1241,1.0187,0.40,0.01,0.19,131307,137551,127926
44945312,-20.1425,1.0675,-8.2775,0.3648,0.1121,1.0058,0.39,0.01,0.19,131301,137494,127910
44964844,-22.1900,-0.7700,-6.3175,0.3414,0.1013,0.9926,0.39,0.01,0.20,131268,137481,127857
44985352,-16.3800,-3.6575,-3.5350,0.3024,0.0856,0.9786,0.39,0.01,0.20,131233,137493,127805
45004880,-4.0425,-5.6525,-2.3975,0.2765,0.0736,0.9770,0.39,0.01,0.20,131215,137497,127797
45025392,13.0375,-7.9625,-1.2250,0.2518,0.0619,0.9814,0.39,0.01,0.20,131223,137498,127842
45044920,27.5450,-10.2900,0.2625,0.2309,0.0528,0.9877,0.39,0.01,0.20,131220,137513,127864
45065428,33.0225,-12.2150,2.0475,0.2137,0.0490,0.9926,0.40,0.01,0.19,131210,137567,127905
45084960,28.8400,-13.3525,3.5875,0.1991,0.0523,0.9955,0.40,0.01,0.19,131187,137609,127895
45105468,12.3375,-14.4725,5.1275,0.1808,0.0656,0.9975,0.40,0.01,0.19,131180,137623,127892
45125000,1.7325,-15.0675,5.5825,0.1714,0.0749,0.9977,0.40,0.01,0.20,131187,137615,127861
45145508,-5.6350,-15.8550,6.0200,0.1643,0.0817,0.9975,0.40,0.01,0.20,131197,137605,127827
45165040,-9.0650,-16.4675,6.5100,0.1601,0.0864,0.9986,0.40,0.01,0.20,131182,137598,127782
45185544,-9.1525,-17.1500,6.9475,0.1581,0.0895,1.0016,0.40,0.01,0.20,131161,137620,127727
45205080,-8.7325,-17.6925,7.7875,0.1584,0.0922,1.0048,0.40,0.00,0.21,131144,137610,127675
45225584,-11.5850,-17.8150,7.7875,0.1577,0.0976,1.0067,0.40,0.01,0.21,131154,137586,127626
45245116,-12.7750,-17.6225,7.6300,0.1563,0.0987,1.0065,0.40,0.00,0.21,131149,137568,127589
45265624,-11.6725,-17.7100,7.3150,0.1540,0.0947,1.0060,0.40,0.00,0.22,131123,137568,127527
45285156,-8.5050,-17.4825,7.1575,0.1509,0.0900,1.0059,0.40,0.00,0.22,131100,137569,127476
45305664,-3.2725,-16.9225,7.2275,0.1473,0.0871,1.0070,0.40,-0.00,0.22,131071,137580,127433
45325196,4.4625,-15.6625,7.7175,0.1426,0.0844,1.0058,0.40,-0.00,0.22,131068,137585,127419
45345704,8.6100,-14.7175,8.0850,0.1402,0.0827,1.0033,0.40,-0.00,0.22,131053,137592,127394
45365232,12.5650,-13.7200,8.4000,0.1386,0.0822,1.0017,0.40,-0.00,0.22,131026,137623,127387
45385744,14.7000,-12.6350,8.6800,0.1373,0.0844,1.0009,0.40,-0.01,0.23,130979,137663,127366
45416016,18.3575,-10.9200,9.3450,0.1316,0.0854,1.0021,0.40,-0.01,0.23,130949,137694,127365
45436524,23.8350,-9.5900,10.7450,0.1205,0.0839,1.0049,0.41,-0.01,0.23,130905,137748,127364
45456056,24.4825,-8.6625,12.3200,0.1155,0.0874,1.0043,0.41,-0.01,0.23,130893,137786,127366
45476560,22.4000,-7.7700,14.0350,0.1115,0.0931,1.0026,0.41,-0.01,0.23,130886,137814,127377
45496092,20.8075,-7.0875,15.2775,0.1064,0.1000,1.0020,0.41,-0.01,0.23,130872,137834,127376
45516600,21.6825,-6.5450,15.8725,0.1008,0.1046,1.0036,0.42,-0.01,0.23,130841,137889,127377
45536132,20.7900,-6.3700,16.0125,0.0941,0.1066,1.0042,0.42,-0.02,0.23,130817,137952,127368
45556640,16.8000,-6.0375,15.5925,0.0832,0.1135,1.0039,0.42,-0.02,0.23,130810,137968,127357
45576172,13.0375,-5.7925,14.8050,0.0772,0.1200,1.0041,0.42,-0.02,0.23,130794,137975,127343
45596680,6.6150,-5.4950,14.0000,0.0734,0.1266,1.0042,0.42,-0.02,0.23,130782,137987,127327
45616208,-0.6825,-5.1275,13.4750,0.0711,0.1313,1.0032,0.42,-0.02,0.23,130753,138001,127288
45636720,-6.0200,-4.8825,13.3525,0.0683,0.1327,1.0027,0.42,-0.02,0.23,130719,138022,127224
45656248,-12.8625,-4.3575,13.2125,0.0616,0.1316,1.0038,0.42,-0.02,0.24,130709,138005,127174
45676756,-19.9500,-3.5350,12.7050,0.0575,0.1330,1.0053,0.42,-0.02,0.24,130706,137960,127115
45696288,-23.9750,-3.2025,11.7600,0.0553,0.1365,1.0100,0.42,-0.02,0.25,130689,137919,127055
45715820,-22.9775,-3.3425,10.6750,0.0533,0.1405,1.0185,0.42,-0.03,0.25,130657,137909,126987
45736328,-19.5125,-3.6225,9.5725,0.0490,0.1426,1.0279,0.42,-0.03,0.25,130627,137902,126910
45755860,-18.2525,-3.6750,8.8200,0.0429,0.1414,1.0355,0.41,-0.03,0.26,130618,137861,126865
45776368,-22.1900,-3.0100,8.8025,0.0338,0.1348,1.0416,0.41,-0.03,0.26,130612,137810,126817
45795896,-25.5850,-2.4325,9.2750,0.0300,0.1269,1.0424,0.41,-0.03,0.26,130605,137764,126750
45816408,-26.4775,-2.0475,10.2200,0.0282,0.1198,1.0427,0.41,-0.03,0.27,130590,137736,126677
45835936,-23.3100,-1.9075,11.2000,0.0260,0.1122,1.0440,0.41,-0.03,0.27,130572,137717,126632
45856444,-18.3925,-1.7675,11.7950,0.0217,0.1030,1.0444,0.40,-0.03,0.27,130573,137693,126598
45875976,-12.9150,-1.7850,12.1625,0.0157,0.0930,1.0441,0.40,-0.03,0.27,130594,137659,126578
45896484,-2.5375,-1.8900,12.5650,0.0049,0.0799,1.0429,0.40,-0.03,0.27,130605,137664,126574
45916016,5.2850,-2.1700,12.7750,-0.0029,0.0722,1.0410,0.40,-0.03,0.28,130595,137682,126563
45936524,12.9675,-2.3275,12.6000,-0.0098,0.0654,1.0385,0.41,-0.03,0.27,130601,137712,126579
45956056,18.7775,-2.4850,12.0575,-0.0146,0.0588,1.0339,0.41,-0.03,0.27,130623,137743,126608
45976560,19.9850,-2.3975,11.2525,-0.0176,0.0540,1.0277,0.41,-0.03,0.27,130641,137766,126628
45996092,17.5525,-2.2050,10.2900,-0.0204,0.0508,1.0210,0.41,-0.02,0.27,130673,137790,126669
46016600,8.1900,-1.9950,8.7850,-0.0254,0.0477,1.0105,0.41,-0.02,0.27,130670,137804,126672
46036132,2.5550,-2.0825,7.9275,-0.0292,0.0461,1.0045,0.41,-0.02,0.27,130676,137821,126652
46056640,-0.9800,-2.2400,7.0700,-0.0334,0.0444,0.9994,0.41,-0.02,0.27,130709,137808,126646
46076172,-2.4325,-2.2925,6.0375,-0.0393,0.0421,0.9937,0.41,-0.02,0.27,130734,137820,126669
46096680,-0.9800,-2.1700,5.0225,-0.0471,0.0405,0.9880,0.41,-0.02,0.27,130747,137806,126656
46116208,1.5225,-1.3650,3.1150,-0.0598,0.0397,0.9798,0.41,-0.02,0.27,130762,137826,126661
46136720,7.0525,-0.9275,1.8025,-0.0671,0.0395,0.9780,0.42,-0.02,0.27,130758,137873,126670
46156248,14.4375,-0.5600,0.6825,-0.0747,0.0406,0.9784,0.42,-0.02,0.27,130782,137899,126701
46176756,21.1400,0.0350,-0.5250,-0.0834,0.0434,0.9803,0.42,-0.02,0.26,130812,137929,126773
46196288,24.3775,1.0675,-1.8900,-0.0925,0.0478,0.9812,0.42,-0.02,0.26,130822,137969,126838
46215820,24.7100,2.2575,-3.4300,-0.1000,0.0519,0.9814,0.42,-0.01,0.25,130835,138022,126896
46236328,25.5325,4.3400,-5.5650,-0.1094,0.0572,0.9836,0.43,-0.01,0.25,130843,138083,126957
46255860,28.8575,5.4775,-6.5975,-0.1169,0.0622,0.9873,0.43,-0.01,0.25,130853,138133,127032
46276368,32.3400,6.2825,-7.3675,-0.1253,0.0688,0.9916,0.43,-0.01,0.24,130889,138185,127141
46295896,33.0750,6.9300,-8.2075,-0.1332,0.0764,0.9959,0.44,-0.01,0.23,130914,138220,127256
46316408,31.6050,7.2975,-8.9775,-0.1410,0.0839,1.0008,0.44,-0.01,0.23,130939,138275,127335
46335936,30.0475,7.4025,-9.7300,-0.1515,0.0895,1.0047,0.44,-0.01,0.22,130956,138332,127412
46356444,29.0150,6.7900,-10.8325,-0.1736,0.0948,1.0099,0.45,-0.00,0.22,130994,138369,127517
46375976,27.6675,6.1075,-11.6200,-0.1923,0.0993,1.0138,0.45,-0.00,0.21,131051,138395,127605
46396484,18.1650,5.5650,-12.1625,-0.2111,0.1094,1.0131,0.45,0.00,0.21,131119,138390,127684
46426756,-8.2075,5.4950,-11.4800,-0.2375,0.1315,1.0042,0.45,0.01,0.20,131225,138368,127716
46446288,-25.4975,5.6000,-10.5350,-0.2503,0.1476,0.9970,0.44,0.01,0.21,131311,138314,127701
46465820,-56.5250,6.7025,-8.3825,-0.2516,0.1698,0.9816,0.44,0.02,0.21,131390,138264,127636
46486328,-80.4475,8.4525,-6.1950,-0.2379,0.1858,0.9739,0.43,0.02,0.22,131480,138193,127518
46505860,-80.7100,9.5550,-3.7450,-0.2085,0.2111,0.9836,0.43,0.03,0.22,131583,138113,127456
46526368,-62.6850,9.6775,-2.7125,-0.1535,0.2245,1.0027,0.43,0.04,0.22,131699,138055,127441
46545896,-21.3850,6.5975,-4.3925,-0.0750,0.2050,1.0330,0.42,0.04,0.22,131805,138035,127496
46566408,8.5225,4.0600,-8.0325,0.0142,0.1837,1.0496,0.43,0.05,0.21,131873,138048,127562
46585936,13.1950,3.3600,-14.0175,0.1359,0.1752,1.0529,0.43,0.05,0.21,131921,138057,127600
46606444,-3.4125,4.4450,-18.2525,0.2054,0.1845,1.0499,0.43,0.05,0.21,131957,138040,127630
46625976,-12.8275,5.6875,-22.6450,0.2682,0.1887,1.0526,0.42,0.06,0.21,131984,137992,127677
46646484,-0.8925,5.7925,-25.3050,0.3188,0.1735,1.0598,0.42,0.06,0.20,131996,137976,127734
46666016,21.6825,4.9000,-24.9200,0.3595,0.1485,1.0653,0.42,0.06,0.20,131979,137978,127812
46686524,22.5575,4.5850,-22.0150,0.4010,0.1279,1.0552,0.42,0.05,0.20,131951,137999,127855
46706056,1.2250,5.5125,-20.6325,0.4092,0.1259,1.0411,0.42,0.05,0.20,131932,137984,127872
46726560,-14.9450,6.8250,-19.2500,0.4067,0.1276,1.0304,0.42,0.05,0.19,131931,137914,127886
46746092,-14.1050,7.5075,-17.1500,0.3986,0.1198,1.0261,0.42,0.05,0.19,131909,137891,127903
46766600,-1.3125,7.4550,-14.4725,0.3893,0.1015,1.0236,0.42,0.05,0.19,131873,137893,127918
46786132,12.3900,6.8950,-11.6200,0.3789,0.0830,1.0192,0.42,0.05,0.19,131837,137907,127944
46806640,19.2675,5.5825,-8.7150,0.3578,0.0665,1.0102,0.42,0.05,0.19,131821,137918,127979
46826172,12.2850,4.9875,-7.7000,0.3405,0.0655,1.0014,0.42,0.04,0.19,131807,137901,128017
46846680,3.4125,4.4975,-6.6850,0.3238,0.0680,0.9928,0.41,0.04,0.19,131791,137865,128005
46866208,0.6825,3.9375,-5.4075,0.3072,0.0695,0.9866,0.42,0.04,0.19,131754,137888,128013
46886720,4.2700,3.0275,-3.9375,0.2906,0.0692,0.9836,0.42,0.04,0.19,131714,137912,128011
46906248,12.8800,1.8200,-2.2575,0.2746,0.0686,0.9833,0.42,0.04,0.19,131697,137921,128027
46926756,20.5625,0.1750,0.6300,0.2558,0.0709,0.9836,0.42,0.04,0.18,131691,137926,128070
46946288,19.3900,-0.7000,2.5900,0.2499,0.0778,0.9845,0.42,0.04,0.18,131690,137938,128099
46965820,14.9450,-0.9975,4.2000,0.2480,0.0854,0.9864,0.42,0.04,0.18,131660,137947,128100
46986328,8.8200,-1.1025,5.5300,0.2471,0.0930,0.9878,0.42,0.03,0.18,131625,138003,128076
47005860,3.0625,-0.9450,6.5800,0.2436,0.0988,0.9897,0.42,0.03,0.18,131597,138006,128044
47026368,-2.2400,-0.6125,7.0525,0.2385,0.1026,0.9914,0.42,0.03,0.18,131591,137983,128045
47045896,-10.1850,0.3675,7.8575,0.2325,0.1069,0.9916,0.42,0.03,0.19,131570,137965,127996
47066408,-10.6750,0.6125,8.7150,0.2303,0.1088,0.9908,0.42,0.03,0.19,131524,137970,127966
47085936,-5.6000,0.3150,9.7300,0.2284,0.1094,0.9904,0.42,0.03,0.19,131486,137996,127932
47106444,1.7325,0.0525,10.5700,0.2267,0.1114,0.9910,0.42,0.02,0.19,131452,138009,127902
47125976,10.0100,-0.1750,10.9025,0.2234,0.1132,0.9931,0.42,0.02,0.19,131428,138013,127925
47146484,22.1725,-0.2625,10.7100,0.2150,0.1164,0.9982,0.43,0.02,0.19,131400,138040,127937
47166016,28.1400,0.0350,10.4300,0.2083,0.1211,1.0010,0.43,0.02,0.19,131347,138081,127977
47186524,32.5850,0.1400,10.0975,0.2008,0.1258,1.0032,0.43,0.01,0.19,131292,138149,128005
47206056,36.0675,0.0525,9.9050,0.1914,0.1322,1.0055,0.43,0.01,0.19,131250,138186,128032
47226560,40.6875,-0.1050,9.8000,0.1825,0.1408,1.0081,0.44,0.01,0.18,131218,138219,128098
47246092,38.7975,-0.0700,9.5550,0.1728,0.1530,1.0083,0.44,0.01,0.18,131171,138250,128125
47266600,27.4400,0.6125,8.8725,0.1515,0.1708,1.0098,0.44,0.00,0.18,131120,138290,128127
47286132,15.7150,1.6275,8.5050,0.1352,0.1823,1.0097,0.44,-0.00,0.18,131048,138312,128132
47306640,1.1025,2.9925,8.1375,0.1210,0.1912,1.0060,0.44,-0.00,0.18,131000,138311,128082
47326172,-11.6375,4.4100,7.6475,0.1070,0.1961,1.0025,0.44,-0.01,0.18,130955,138288,128044
47346680,-16.4500,5.5650,7.1050,0.0917,0.2000,1.0033,0.44,-0.01,0.19,130913,138248,127998
47366208,-11.2350,6.1600,6.7200,0.0763,0.2034,1.0072,0.44,-0.01,0.19,130853,138258,127969
47386720,1.8200,5.8100,7.4375,0.0515,0.2039,1.0125,0.44,-0.02,0.19,130784,138261,127939
47406248,7.0350,5.2675,8.7150,0.0360,0.2034,1.0128,0.44,-0.02,0.19,130744,138273,127923
47436524,6.1775,4.6200,11.2175,0.0204,0.2062,1.0097,0.44,-0.02,0.19,130691,138262,127909
47456056,5.3900,4.2175,12.7050,0.0116,0.2098,1.0078,0.44,-0.02,0.19,130667,138286,127904
47476560,5.4950,3.3775,13.9125,0.0012,0.2141,1.0069,0.44,-0.03,0.19,130660,138270,127899
47496092,5.0925,1.8025,15.6800,-0.0151,0.2224,1.0054,0.44,-0.03,0.19,130651,138276,127912
47516600,1.1900,0.5250,16.8525,-0.0242,0.2255,1.0038,0.44,-0.03,0.20,130638,138288,127859
47536132,-7.0175,-0.5250,17.7625,-0.0307,0.2284,1.0019,0.44,-0.03,0.20,130628,138302,127815
47556640,-17.7450,-1.1375,18.4800,-0.0382,0.2323,0.9997,0.44,-0.03,0.20,130624,138285,127746
47576172,-27.0025,-1.6450,18.8475,-0.0477,0.2340,0.9978,0.44,-0.03,0.21,130640,138249,127676
47596680,-31.7450,-2.4325,18.8825,-0.0592,0.2351,0.9967,0.44,-0.02,0.21,130666,138209,127606
47616208,-28.6825,-3.8675,18.8300,-0.0770,0.2327,0.9963,0.43,-0.02,0.22,130672,138189,127534
47636720,-25.7950,-4.6725,18.6200,-0.0869,0.2269,0.9950,0.43,-0.02,0.22,130672,138185,127458
47656248,-24.3600,-5.3025,18.2700,-0.0937,0.2187,0.9932,0.43,-0.02,0.22,130696,138183,127406
47676756,-22.0850,-5.7925,17.7975,-0.1003,0.2079,0.9930,0.43,-0.02,0.23,130729,138148,127366
47696288,-19.5825,-6.0725,17.4300,-0.1078,0.1968,0.9925,0.43,-0.02,0.23,130764,138127,127344
47715820,-16.3100,-6.3000,16.9225,-0.1159,0.1864,0.9906,0.43,-0.02,0.23,130788,138115,127295
47736328,-10.2025,-6.6325,16.0825,-0.1232,0.1713,0.9866,0.43,-0.02,0.23,130811,138122,127268
47755860,-6.3525,-6.7725,15.2600,-0.1251,0.1623,0.9837,0.43,-0.01,0.23,130840,138146,127249
47776368,-4.0425,-6.8775,13.9125,-0.1254,0.1540,0.9806,0.43,-0.01,0.23,130882,138137,127235
47795896,-4.5150,-6.7725,12.0225,-0.1240,0.1463,0.9781,0.43,-0.01,0.23,130928,138132,127236
47816408,-6.8075,-6.5275,9.8175,-0.1216,0.1393,0.9761,0.43,-0.01,0.24,130937,138130,127197
47835936,-8.2425,-6.1600,7.7000,-0.1203,0.1337,0.9737,0.43,-0.01,0.24,130958,138144,127182
47856444,-6.8950,-5.4950,4.8650,-0.1205,0.1264,0.9694,0.43,-0.01,0.24,130978,138136,127169
47875976,-4.9700,-4.8650,3.1500,-0.1227,0.1214,0.9673,0.43,-0.00,0.24,131000,138142,127153
47896484,-4.8650,-4.0775,1.4700,-0.1255,0.1182,0.9659,0.43,-0.00,0.24,131033,138123,127160
47916016,-5.9500,-2.9925,-0.2100,-0.1291,0.1169,0.9650,0.43,-0.00,0.24,131047,138131,127144
47936524,-5.4775,-1.7150,-2.2225,-0.1347,0.1152,0.9649,0.43,-0.00,0.24,131045,138144,127143
47956056,1.2250,0.1575,-5.5300,-0.1485,0.1100,0.9655,0.43,-0.00,0.24,131054,138154,127148
47976560,7.1750,1.0675,-7.4025,-0.1606,0.1052,0.9672,0.43,0.00,0.24,131075,138161,127193
47996092,14.3850,1.7500,-9.0475,-0.1765,0.1017,0.9712,0.43,0.00,0.23,131102,138172,127249
48016600,22.9950,1.8900,-10.5525,-0.1953,0.0994,0.9766,0.44,0.00,0.23,131110,138211,127310
48036132,27.9650,1.7675,-11.9700,-0.2152,0.0994,0.9805,0.44,0.00,0.23,131117,138260,127381
48056640,24.3950,1.9425,-13.1950,-0.2367,0.1068,0.9798,0.44,0.00,0.22,131147,138290,127428
48076172,15.5750,2.9750,-14.7875,-0.2708,0.1259,0.9747,0.44,0.01,0.22,131195,138283,127510
48096680,15.2425,4.1475,-15.5400,-0.2896,0.1344,0.9717,0.44,0.01,0.21,131244,138295,127577
48116208,16.8525,5.4250,-15.9950,-0.3048,0.1379,0.9709,0.44,0.01,0.21,131278,138317,127647
48136720,18.9700,6.6325,-16.2400,-0.3189,0.1407,0.9740,0.44,0.02,0.20,131322,138358,127721
48156248,19.3025,7.5425,-16.3625,-0.3301,0.1486,0.9787,0.45,0.02,0.20,131380,138377,127803
48176756,19.1100,9.1875,-14.9100,-0.3326,0.1547,0.9822,0.45,0.02,0.19,131468,138374,127895
48196288,24.4650,10.8150,-12.4075,-0.3151,0.1607,0.9856,0.45,0.03,0.19,131554,138392,128020
48215820,39.4450,12.3375,-9.5550,-0.2906,0.1682,0.9926,0.45,0.03,0.18,131633,138432,128129
48236328,56.1225,13.5800,-8.5925,-0.2579,0.1802,1.0042,0.45,0.04,0.17,131717,138497,128294
48255860,74.0775,13.2300,-11.4800,-0.2080,0.2006,1.0171,0.46,0.04,0.16,131791,138550,128492
48276368,89.3550,10.7450,-18.3750,-0.1283,0.2184,1.0285,0.46,0.05,0.14,131855,138572,128713
48295896,76.7550,7.5950,-27.8250,-0.0461,0.2200,1.0330,0.46,0.05,0.14,131892,138542,128838
48316408,-0.2800,4.7425,-35.5425,0.0486,0.2721,1.0091,0.45,0.05,0.14,131898,138511,128840
48335936,-33.1800,1.2775,-37.1875,0.0903,0.2999,0.9970,0.45,0.05,0.14,131893,138470,128782
48356444,-25.3225,-3.3950,-37.5375,0.1363,0.3151,0.9916,0.45,0.05,0.14,131901,138421,128796
48375976,6.2475,-7.5425,-36.6100,0.1964,0.3220,0.9972,0.45,0.05,0.14,131910,138408,128855
48396484,39.3225,-10.5175,-33.9675,0.2608,0.3253,1.0097,0.45,0.05,0.13,131920,138377,128976
48416016,42.4025,-13.3175,-28.9100,0.3204,0.3433,1.0233,0.45,0.05,0.12,131913,138389,129067
48446288,8.0675,-13.9125,-25.4800,0.3599,0.3495,1.0355,0.44,0.05,0.12,131900,138347,129099
48465820,-26.8275,-12.2850,-23.3275,0.3823,0.3527,1.0380,0.44,0.05,0.12,131872,138300,129025
48486328,-61.4950,-10.3250,-21.3675,0.3893,0.3490,1.0358,0.44,0.05,0.13,131834,138257,128891
48505860,-85.2075,-8.7500,-19.7575,0.3834,0.3357,1.0274,0.43,0.04,0.14,131804,138162,128722
48526368,-93.2750,-7.0175,-16.5200,0.3689,0.3024,1.0071,0.43,0.04,0.15,131787,138049,128573
48545896,-73.3425,-7.0875,-13.8600,0.3360,0.2728,0.9952,0.42,0.04,0.16,131775,137960,128468
48566408,-43.4350,-7.3850,-10.9025,0.3101,0.2429,0.9860,0.42,0.04,0.16,131752,137925,128412
48585936,-13.2125,-7.8750,-7.9275,0.2867,0.2174,0.9801,0.42,0.04,0.16,131720,137945,128392
48606444,12.3200,-8.1900,-5.0050,0.2649,0.1981,0.9794,0.42,0.04,0.16,131707,137973,128417
48625976,26.6700,-8.6275,-2.5725,0.2439,0.1857,0.9819,0.42,0.04,0.16,131712,137980,128471
48646484,18.2700,-7.8225,0.2975,0.2234,0.1830,0.9858,0.42,0.04,0.16,131710,137968,128492
48666016,3.2900,-6.8075,1.2600,0.2156,0.1871,0.9902,0.42,0.04,0.16,131691,137965,128480
48686524,-12.1275,-5.6000,1.7325,0.2062,0.1915,0.9953,0.42,0.04,0.16,131661,137981,128412
48706056,-23.9575,-4.2875,1.8725,0.1972,0.1935,0.9999,0.42,0.04,0.17,131646,137954,128359
48726560,-28.4900,-2.8000,2.3800,0.1898,0.1925,1.0053,0.42,0.03,0.17,131636,137900,128307
48746092,-27.4575,-1.4875,3.2725,0.1856,0.1911,1.0106,0.41,0.03,0.17,131626,137867,128249
48766600,-19.6000,-0.3150,4.5500,0.1828,0.1881,1.0189,0.41,0.03,0.18,131594,137849,128200
48786132,-18.0075,0.5950,5.3550,0.1799,0.1857,1.0208,0.41,0.03,0.18,131551,137825,128151
48806640,-17.9025,1.8900,6.0375,0.1769,0.1839,1.0196,0.41,0.03,0.18,131521,137820,128105
48826172,-19.6525,3.6050,6.7200,0.1757,0.1818,1.0167,0.41,0.03,0.18,131501,137775,128065
48846680,-16.5375,5.0050,7.2975,0.1734,0.1773,1.0132,0.41,0.03,0.18,131485,137742,128048
48866208,-9.0125,6.0375,8.2425,0.1695,0.1715,1.0108,0.41,0.02,0.19,131447,137728,128028
48886720,3.7275,7.7700,10.1850,0.1617,0.1643,1.0121,0.41,0.02,0.19,131391,137763,128026
48906248,7.7350,9.1525,11.4625,0.1595,0.1640,1.0122,0.41,0.02,0.19,131353,137762,128022
48926756,7.5075,10.6050,12.2675,0.1554,0.1664,1.0080,0.41,0.02,0.19,131323,137755,128037
48946288,4.0075,11.8650,12.6000,0.1485,0.1691,0.9992,0.41,0.01,0.19,131291,137751,128034
48965820,-1.6625,13.0550,12.4600,0.1423,0.1706,0.9899,0.41,0.01,0.19,131242,137745,128011
48986328,-8.7675,14.3150,12.0925,0.1365,0.1674,0.9821,0.41,0.01,0.19,131170,137767,127987
49005860,-12.3200,14.8050,12.3725,0.1252,0.1651,0.9800,0.41,0.00,0.19,131109,137772,127962
49026368,-13.3700,14.7700,12.9850,0.1149,0.1651,0.9794,0.41,-0.00,0.19,131066,137745,127956
49045896,-6.7725,13.8775,13.8250,0.1022,0.1640,0.9806,0.41,-0.00,0.19,131035,137731,127941
49066408,4.5675,12.4775,14.2100,0.0906,0.1587,0.9817,0.41,-0.01,0.19,130984,137768,127962
49085936,18.4450,10.5000,14.5075,0.0820,0.1505,0.9847,0.41,-0.01,0.19,130926,137810,127988
49106444,33.4075,7.6825,14.8050,0.0699,0.1424,0.9855,0.41,-0.01,0.19,130873,137869,128017
49125976,36.2775,6.2125,14.6650,0.0593,0.1414,0.9823,0.42,-0.01,0.18,130843,137921,128087
49146484,37.4150,4.6550,14.5600,0.0486,0.1432,0.9819,0.42,-0.02,0.18,130825,137939,128131
49166016,38.2550,2.8700,14.6300,0.0395,0.1468,0.9853,0.42,-0.02,0.18,130784,137990,128174
49186524,31.8325,1.5225,14.7700,0.0325,0.1530,0.9866,0.43,-0.02,0.18,130741,138048,128202
49206056,17.9900,0.2625,15.2075,0.0259,0.1615,0.9830,0.43,-0.02,0.18,130700,138080,128158
49226560,-4.6375,-1.9950,15.5575,0.0122,0.1745,0.9765,0.43,-0.02,0.18,130679,138069,128130
49246092,-16.9925,-3.7625,15.7675,0.0022,0.1848,0.9736,0.43,-0.02,0.18,130670,138047,128071
49266600,-29.2600,-5.3025,15.8375,-0.0061,0.1937,0.9703,0.42,-0.03,0.19,130643,138033,127982
49286132,-36.8200,-6.7900,15.3650,-0.0149,0.1992,0.9700,0.42,-0.03,0.20,130614,138005,127868
49306640,-43.1200,-8.1725,14.5950,-0.0250,0.2014,0.9722,0.42,-0.03,0.20,130588,137984,127760
49326172,-46.5325,-9.3100,14.0000,-0.0388,0.2018,0.9760,0.42,-0.03,0.21,130577,137930,127636
49346680,-45.6225,-10.0975,13.3175,-0.0638,0.2003,0.9823,0.41,-0.03,0.22,130585,137863,127536
49366208,-38.7800,-9.8875,13.0375,-0.0793,0.1940,0.9902,0.41,-0.03,0.22,130574,137845,127440
49386720,-28.6125,-9.5900,12.6875,-0.0895,0.1832,0.9969,0.41,-0.03,0.23,130551,137828,127366
49406248,-15.3825,-8.9775,12.5125,-0.0961,0.1710,1.0021,0.41,-0.03,0.23,130545,137823,127323
49426756,1.0500,-8.3650,12.6000,-0.1046,0.1590,1.0076,0.41,-0.03,0.23,130563,137853,127357
49457032,36.9250,-7.1400,13.7200,-0.1186,0.1388,1.0157,0.42,-0.03,0.22,130561,137940,127402
49477540,43.1375,-6.2125,14.3325,-0.1225,0.1352,1.0136,0.42,-0.03,0.22,130580,137990,127453
49497072,38.9725,-5.0400,14.5075,-0.1252,0.1354,1.0080,0.42,-0.03,0.22,130597,138026,127508
49517576,29.2950,-3.9725,14.4550,-0.1266,0.1369,1.0013,0.43,-0.03,0.22,130599,138083,127545
49537108,18.6375,-3.4475,14.1050,-0.1266,0.1398,0.9953,0.43,-0.03,0.22,130602,138116,127543
49557616,5.9850,-3.1325,13.4575,-0.1247,0.1452,0.9867,0.43,-0.03,0.22,130613,138144,127535
49577148,1.3650,-3.2200,12.6525,-0.1214,0.1488,0.9822,0.43,-0.03,0.22,130635,138142,127530
49597656,-0.0700,-3.5525,11.6200,-0.1172,0.1509,0.9784,0.43,-0.03,0.22,130661,138148,127522
49617188,1.1900,-4.0425,10.3775,-0.1141,0.1497,0.9759,0.43,-0.03,0.22,130659,138174,127520
49637696,5.0400,-4.9350,9.1875,-0.1142,0.1476,0.9755,0.44,-0.03,0.22,130661,138209,127510
49657224,9.9400,-6.2125,7.9100,-0.1185,0.1454,0.9765,0.44,-0.02,0.22,130672,138241,127510
49677736,7.2275,-7.0350,6.1075,-0.1298,0.1454,0.9759,0.44,-0.02,0.22,130708,138235,127539
49697264,-0.6300,-6.7200,4.9525,-0.1398,0.1475,0.9742,0.44,-0.02,0.22,130727,138239,127526
49716796,-10.5525,-6.2300,3.5350,-0.1525,0.1491,0.9726,0.44,-0.02,0.22,130734,138242,127490
49737304,-19.4775,-5.7225,2.2225,-0.1671,0.1495,0.9716,0.44,-0.02,0.22,130747,138226,127441
49756836,-25.8825,-4.8475,1.0500,-0.1841,0.1497,0.9721,0.44,-0.02,0.22,130767,138206,127397
49777344,-24.8150,-3.6400,-0.5075,-0.1983,0.1501,0.9739,0.43,-0.02,0.23,130801,138164,127358
49796876,-17.6225,-3.2900,-1.5050,-0.2109,0.1455,0.9825,0.43,-0.01,0.23,130831,138150,127343
49817384,-9.0650,-2.9575,-2.4150,-0.2170,0.1404,0.9884,0.43,-0.01,0.23,130867,138147,127336
49836912,-2.4675,-2.4150,-3.3600,-0.2233,0.1380,0.9942,0.43,-0.01,0.23,130885,138172,127350
49857420,0.8750,-1.7500,-4.8300,-0.2270,0.1420,0.9983,0.43,-0.01,0.23,130905,138169,127370
49876952,0.0000,-1.2075,-7.2625,-0.2279,0.1452,1.0013,0.43,-0.01,0.23,130954,138158,127382
49897460,-8.2075,-0.5600,-11.0425,-0.2239,0.1464,1.0037,0.43,-0.00,0.22,130993,138122,127398
49916992,-14.1750,0.2625,-12.6350,-0.2196,0.1443,1.0031,0.43,-0.00,0.22,131011,138111,127399
49937500,-18.8825,1.2600,-13.6325,-0.2146,0.1423,0.9997,0.43,-0.00,0.23,131035,138091,127365
49957032,-19.0750,2.0475,-14.5950,-0.2107,0.1368,0.9950,0.43,-0.00,0.23,131062,138056,127385
49977540,-11.0250,2.1875,-15.3475,-0.2102,0.1282,0.9886,0.42,0.00,0.22,131117,138028,127404
49997072,4.3925,1.3825,-15.6450,-0.2133,0.1190,0.9806,0.43,0.01,0.22,131158,138041,127472
50017576,29.4525,-0.6825,-15.4350,-0.2309,0.1118,0.9692,0.43,0.01,0.21,131202,138090,127559
50037108,38.8325,-1.8725,-14.9100,-0.2410,0.1146,0.9598,0.43,0.01,0.21,131254,138145,127643
50057616,43.5225,-3.1325,-14.2450,-0.2407,0.1200,0.9517,0.44,0.02,0.20,131326,138203,127739
50077148,42.8400,-3.7800,-13.5450,-0.2341,0.1257,0.9489,0.44,0.02,0.20,131407,138239,127869
50097656,39.2525,-3.8675,-12.7400,-0.2267,0.1327,0.9499,0.44,0.03,0.19,131499,138265,127960
50117188,27.3175,-2.7650,-11.8825,-0.2212,0.1492,0.9511,0.44,0.03,0.19,131576,138281,128019
50137696,7.1925,0.5600,-11.2350,-0.2034,0.1893,0.9615,0.44,0.04,0.18,131651,138312,128049
50157224,2.9225,3.0450,-11.9350,-0.1723,0.2153,0.9811,0.44,0.04,0.18,131720,138317,128100
50177736,6.5100,5.3375,-13.2825,-0.1174,0.2335,1.0094,0.44,0.05,0.18,131814,138284,128156
50197264,16.0825,7.2450,-15.4175,-0.0477,0.2413,1.0424,0.44,0.05,0.17,131877,138264,128242
50216796,15.4700,8.6800,-18.1650,0.0134,0.2462,1.0649,0.44,0.05,0.17,131917,138244,128273
50237304,-17.1850,10.0975,-20.6325,0.0533,0.2628,1.0680,0.44,0.05,0.17,131936,138222,128274
50256836,-34.0900,9.9575,-21.5075,0.1089,0.2850,1.0604,0.43,0.05,0.17,131966,138149,128242
50277344,-36.4700,8.6625,-22.5750,0.1570,0.2816,1.0569,0.43,0.06,0.17,131997,138081,128227
50296876,-32.6025,7.1750,-23.5725,0.2107,0.2688,1.0504,0.42,0.06,0.17,132021,138019,128227
50317384,-17.6050,5.6175,-23.7475,0.2589,0.2513,1.0448,0.42,0.06,0.17,132008,137985,128251
50336912,9.4325,3.5700,-23.3275,0.2994,0.2311,1.0449,0.42,0.06,0.17,131986,138014,128327
50357420,47.0575,0.0000,-21.1050,0.3464,0.2033,1.0540,0.43,0.05,0.16,131971,138043,128427
50376952,40.1100,-1.3300,-20.0550,0.3623,0.1959,1.0540,0.43,0.05,0.16,131962,138036,128509
50397460,7.3500,-1.3125,-19.7225,0.3683,0.1950,1.0471,0.42,0.05,0.16,131960,137978,128512
50416992,-21.1575,-0.9450,-18.9175,0.3651,0.1903,1.0404,0.42,0.05,0.16,131921,137952,128473
50437500,-31.1675,-0.9975,-16.6950,0.3544,0.1812,1.0344,0.42,0.05,0.16,131869,137919,128410
50467772,-33.0225,-2.1000,-12.0050,0.3183,0.1574,1.0147,0.41,0.05,0.17,131839,137834,128318
50487304,-30.3975,-2.6950,-10.2725,0.2979,0.1444,1.0036,0.41,0.04,0.17,131800,137818,128282
50506836,-20.2825,-3.6750,-8.7325,0.2779,0.1312,0.9960,0.41,0.04,0.17,131776,137802,128243
50527344,-5.2150,-4.9175,-7.3325,0.2608,0.1200,0.9927,0.41,0.04,0.17,131762,137786,128248
50546876,7.3675,-6.0725,-6.0900,0.2469,0.1120,0.9915,0.41,0.04,0.17,131751,137772,128269
50567384,13.4400,-7.0875,-5.1100,0.2352,0.1080,0.9915,0.41,0.04,0.17,131712,137785,128268
50586912,11.0425,-8.1900,-4.1825,0.2247,0.1081,0.9927,0.41,0.04,0.17,131677,137805,128260
50607420,3.9375,-8.5575,-3.6400,0.2119,0.1154,0.9939,0.41,0.03,0.17,131633,137819,128231
50626952,-4.5850,-8.4875,-2.8000,0.2050,0.1210,0.9934,0.41,0.03,0.17,131621,137795,128213
50647460,-9.7825,-8.2425,-1.8550,0.1981,0.1255,0.9945,0.41,0.03,0.18,131601,137764,128171
50666992,-12.7050,-7.5600,-0.9275,0.1908,0.1292,0.9966,0.41,0.03,0.18,131565,137751,128130
50687500,-15.2950,-6.7725,0.0875,0.1823,0.1318,0.9977,0.41,0.03,0.18,131513,137766,128090
50707032,-13.5800,-5.5300,1.3475,0.1695,0.1342,0.9984,0.41,0.02,0.19,131474,137756,128030
50727540,-7.0175,-4.7950,1.9775,0.1607,0.1330,1.0014,0.41,0.02,0.19,131451,137730,128012
50747072,1.4000,-4.0075,2.3975,0.1509,0.1299,1.0063,0.41,0.02,0.19,131437,137716,128004
50767576,6.9825,-2.9925,2.8000,0.1414,0.1287,1.0097,0.41,0.02,0.19,131382,137727,127990
50787108,5.9150,-1.5225,3.2200,0.1332,0.1313,1.0080,0.41,0.02,0.19,131331,137748,127973
50807616,6.4050,0.4900,4.0425,0.1255,0.1330,1.0061,0.41,0.01,0.19,131284,137766,127962
50827148,9.7650,1.6975,4.8825,0.1141,0.1347,1.0055,0.41,0.01,0.19,131258,137770,127960
50847656,10.4300,2.9575,5.9325,0.1076,0.1375,1.0063,0.41,0.01,0.19,131223,137750,127970
50867188,8.5225,4.3575,6.7900,0.1026,0.1431,1.0058,0.41,0.01,0.19,131172,137776,127952
50887696,6.0900,5.9150,7.1400,0.0975,0.1468,1.0043,0.41,0.00,0.19,131104,137805,127950
50907224,4.4625,7.4200,7.1750,0.0921,0.1479,1.0026,0.41,-0.00,0.19,131065,137814,127936
50927736,5.6875,8.8200,7.0000,0.0871,0.1493,0.9998,0.41,-0.00,0.19,131021,137803,127943
50947264,8.7500,9.0300,6.9650,0.0845,0.1477,1.0004,0.41,-0.01,0.19,130976,137800,127965
50966796,11.2875,9.1350,7.1225,0.0793,0.1469,1.0006,0.41,-0.01,0.19,130921,137827,127968
50987304,11.2875,9.3975,7.4900,0.0715,0.1510,0.9993,0.41,-0.01,0.19,130857,137846,127954
51006836,10.3075,9.6775,7.4025,0.0637,0.1584,0.9978,0.41,-0.02,0.19,130800,137870,127946
51027344,9.9225,9.1350,7.0875,0.0576,0.1626,0.9984,0.41,-0.02,0.19,130756,137855,127966
51046876,9.3975,8.1375,6.7200,0.0517,0.1640,0.9986,0.41,-0.02,0.19,130720,137853,127971
51067384,7.0875,7.4550,6.8425,0.0392,0.1652,0.9956,0.41,-0.03,0.19,130659,137869,127968
51086912,4.0075,6.8775,7.5075,0.0294,0.1670,0.9926,0.42,-0.03,0.19,130606,137889,127952
51107420,1.3650,6.1950,8.2600,0.0205,0.1709,0.9899,0.42,-0.03,0.19,130550,137902,127925
51126952,0.4025,5.2850,8.8200,0.0115,0.1769,0.9902,0.42,-0.03,0.19,130520,137889,127913
51147460,1.4175,4.0775,9.0825,0.0005,0.1831,0.9921,0.42,-0.04,0.19,130495,137885,127921
51166992,3.6050,1.7675,9.7825,-0.0190,0.1907,0.9967,0.42,-0.04,0.19,130459,137910,127899
51187500,0.6650,0.4375,10.7100,-0.0329,0.1959,0.9977,0.42,-0.04,0.20,130421,137919,127866
51207032,-3.6225,-0.5775,12.0925,-0.0461,0.2001,0.9986,0.42,-0.04,0.20,130393,137935,127843
51227540,-5.5650,-1.1200,13.9475,-0.0589,0.2031,1.0021,0.42,-0.04,0.20,130397,137926,127836
51247072,-2.6775,-1.8200,15.7325,-0.0745,0.2041,1.0097,0.42,-0.04,0.20,130402,137928,127815
51267576,-4.9000,-2.1525,17.7975,-0.0871,0.2068,1.0127,0.42,-0.04,0.20,130395,137930,127779
51287108,-13.1950,-2.5550,18.6200,-0.0978,0.2069,1.0143,0.42,-0.04,0.20,130391,137934,127745
51307616,-17.0275,-2.6950,19.3200,-0.1039,0.2030,1.0147,0.42,-0.04,0.21,130410,137928,127685
51327148,-19.2850,-2.6775,20.0900,-0.1108,0.1979,1.0141,0.42,-0.04,0.21,130431,137917,127669
51347656,-20.0550,-2.7825,20.5100,-0.1182,0.1915,1.0116,0.42,-0.04,0.21,130461,137896,127631
51367188,-20.9475,-3.3600,20.5275,-0.1258,0.1839,1.0074,0.42,-0.04,0.21,130480,137894,127582
51387696,-23.0475,-4.3750,20.2650,-0.1366,0.1696,0.9972,0.42,-0.04,0.22,130497,137897,127520
51407224,-20.1250,-5.2850,20.0725,-0.1444,0.1591,0.9904,0.42,-0.03,0.22,130515,137900,127472
51427736,-12.8800,-6.2475,19.7400,-0.1518,0.1490,0.9847,0.42,-0.03,0.22,130566,137898,127446
51447264,-4.5150,-7.1575,18.9175,-0.1584,0.1381,0.9808,0.42,-0.03,0.22,130622,137910,127438
51477540,-0.2625,-8.0500,16.6775,-0.1681,0.1254,0.9749,0.42,-0.02,0.22,130664,137937,127419
51497072,-4.0075,-8.2775,14.9975,-0.1762,0.1205,0.9692,0.42,-0.02,0.22,130708,137926,127397
51517576,-6.5100,-8.1025,12.1100,-0.1891,0.1144,0.9631,0.42,-0.02,0.23,130744,137939,127380
51537108,-3.8150,-7.8925,9.9050,-0.1976,0.1105,0.9627,0.42,-0.02,0.23,130767,137974,127370
51557616,1.1725,-7.4200,7.7700,-0.2054,0.1083,0.9648,0.42,-0.02,0.23,130806,137994,127367
51577148,4.5325,-6.4750,5.5650,-0.2112,0.1072,0.9671,0.42,-0.01,0.23,130847,138005,127382
51597656,4.5325,-5.1975,3.3075,-0.2157,0.1065,0.9682,0.42,-0.01,0.22,130887,138010,127399
51617188,1.1550,-2.8875,-0.4550,-0.2201,0.1065,0.9682,0.42,-0.01,0.22,130916,138029,127402
51637696,1.6275,-1.6450,-3.2900,-0.2275,0.1061,0.9715,0.42,-0.01,0.22,130930,138031,127428
51657224,2.5375,-0.6825,-5.9325,-0.2323,0.1050,0.9761,0.43,-0.01,0.22,130951,138047,127423
51677736,0.3850,0.0875,-8.3825,-0.2369,0.1041,0.9801,0.42,-0.01,0.22,130988,138034,127458
51697264,-3.7275,0.5775,-10.3075,-0.2424,0.1033,0.9816,0.42,-0.00,0.22,131021,138001,127473
51716796,-7.1750,0.3850,-11.7425,-0.2501,0.1032,0.9812,0.42,-0.00,0.22,131047,137989,127465
51737304,-5.4600,-1.0325,-14.1400,-0.2650,0.1080,0.9821,0.42,-0.00,0.22,131067,137991,127473
51756836,-0.1925,-2.5900,-16.1175,-0.2733,0.1124,0.9850,0.42,0.00,0.22,131104,138001,127483
51777344,5.7575,-4.1650,-17.7800,-0.2802,0.1137,0.9877,0.42,0.01,0.22,131163,137995,127530
51796876,14.6825,-5.3725,-18.4275,-0.2861,0.1108,0.9898,0.42,0.01,0.21,131228,137980,127604
51817384,25.8300,-6.0550,-18.1475,-0.2891,0.1110,0.9913,0.42,0.01,0.21,131287,138007,127681
51836912,34.7375,-6.1775,-17.4825,-0.2915,0.1181,0.9931,0.43,0.02,0.20,131344,138057,127769
51857420,39.2700,-5.3550,-16.8000,-0.2933,0.1403,0.9967,0.43,0.02,0.20,131417,138086,127858
51876952,34.4750,-4.1650,-16.7650,-0.2840,0.1598,1.0000,0.43,0.03,0.19,131507,138104,127955
51897460,25.7775,-3.0625,-16.4675,-0.2711,0.1785,1.0055,0.43,0.03,0.19,131600,138082,128038
51916992,7.8925,-1.4000,-16.0475,-0.2579,0.1965,1.0082,0.43,0.04,0.18,131679,138061,128065
51937500,-21.8050,0.9450,-15.7675,-0.2386,0.2174,1.0070,0.42,0.04,0.19,131750,138008,128020
51957032,-54.9150,3.5525,-15.8025,-0.2039,0.2410,1.0048,0.42,0.05,0.19,131825,137927,127929
51977540,-87.3775,6.3350,-16.7825,-0.1172,0.2623,1.0037,0.41,0.05,0.20,131908,137784,127830
51997072,-79.7475,6.0200,-18.3575,-0.0479,0.2541,1.0117,0.40,0.06,0.20,131990,137668,127773
52017576,-59.5000,4.6375,-20.0375,0.0104,0.2406,1.0155,0.40,0.06,0.20,132033,137582,127730
52037108,-41.9300,3.4650,-21.3500,0.0605,0.2274,1.0159,0.40,0.06,0.21,132074,137547,127695
52057616,-34.7725,3.0450,-23.0650,0.1175,0.2139,1.0131,0.39,0.06,0.21,132104,137505,127680
52077148,-19.9850,2.8875,-26.2850,0.1821,0.1954,1.0111,0.39,0.06,0.20,132134,137453,127724
52097656,19.3725,1.6800,-26.2675,0.2819,0.1442,1.0326,0.39,0.07,0.20,132152,137461,127828
52117188,65.4850,0.1575,-24.7275,0.3368,0.1122,1.0538,0.39,0.07,0.19,132147,137518,127967
52137696,78.7500,-0.7700,-23.3450,0.3719,0.0955,1.0648,0.40,0.06,0.18,132111,137588,128081
52157224,47.1800,-0.5075,-22.2075,0.3874,0.0939,1.0610,0.40,0.06,0.18,132094,137601,128126
52177736,-2.7125,0.5600,-20.3350,0.3924,0.0947,1.0477,0.40,0.06,0.18,132080,137549,128090
52197264,-45.0800,2.1000,-15.0500,0.3887,0.0824,1.0258,0.39,0.06,0.18,132073,137460,128045
52216796,-40.4075,2.1175,-11.0950,0.3752,0.0644,1.0150,0.39,0.06,0.19,132044,137420,128015
52237304,-22.5225,1.6100,-7.2450,0.3531,0.0454,1.0045,0.39,0.06,0.19,132007,137424,127965
52256836,-1.9600,0.9450,-4.0600,0.3278,0.0288,0.9965,0.39,0.06,0.19,131985,137439,127971
52277344,13.7725,0.1225,-1.8550,0.3032,0.0162,0.9916,0.39,0.06,0.19,131982,137466,128006
52296876,21.7175,-0.9100,-0.5250,0.2789,0.0088,0.9893,0.39,0.06,0.19,131982,137458,128040
52317384,23.8525,-2.4325,0.9975,0.2473,0.0068,0.9892,0.39,0.05,0.18,131951,137489,128057
52336912,24.3250,-3.7100,2.2400,0.2319,0.0093,0.9911,0.39,0.05,0.18,131938,137543,128082
52357420,25.3050,-4.9525,3.5525,0.2213,0.0143,0.9955,0.40,0.05,0.18,131913,137578,128089
52376952,22.5050,-5.9150,4.6025,0.2128,0.0217,1.0003,0.40,0.05,0.18,131921,137608,128104
52397460,17.0100,-6.5275,5.6350,0.2045,0.0311,1.0060,0.40,0.05,0.18,131924,137594,128099
52416992,6.7900,-6.5450,6.6150,0.1972,0.0437,1.0096,0.40,0.05,0.18,131910,137592,128073
52437500,-11.9000,-5.7925,7.5600,0.1945,0.0608,1.0111,0.40,0.05,0.19,131880,137609,128014
52457032,-16.3450,-5.4600,7.7175,0.1993,0.0680,1.0128,0.40,0.05,0.19,131843,137597,127952
52487304,-10.6400,-5.3375,7.3500,0.2052,0.0694,1.0170,0.40,0.05,0.19,131813,137578,127904
52506836,-6.2650,-5.0575,6.9475,0.2059,0.0708,1.0182,0.40,0.04,0.20,131775,137582,127865
52527344,-6.3700,-4.1825,6.5975,0.2067,0.0770,1.0150,0.40,0.04,0.20,131748,137568,127826
52546876,-8.7850,-2.4150,5.5300,0.2061,0.0817,1.0071,0.40,0.04,0.20,131722,137549,127804
52567384,-3.2550,-1.4875,4.6725,0.2013,0.0764,1.0048,0.40,0.04,0.20,131658,137557,127773
52586912,7.1225,-0.7525,4.3050,0.1952,0.0728,1.0045,0.40,0.03,0.20,131594,137583,127747
52607420,15.8550,-0.1050,4.2700,0.1893,0.0744,1.0035,0.40,0.03,0.20,131527,137620,127735
52626952,18.1650,0.7875,4.0950,0.1832,0.0792,0.9994,0.40,0.02,0.20,131476,137626,127742
52647460,17.0975,1.6450,3.7100,0.1762,0.0830,0.9956,0.40,0.02,0.20,131430,137624,127750
52666992,11.6725,3.2725,3.4300,0.1596,0.0893,0.9900,0.40,0.02,0.20,131360,137638,127745
52687500,8.5400,4.6550,3.4125,0.1447,0.0938,0.9880,0.40,0.01,0.20,131270,137676,127724
52707032,9.3800,5.9850,3.8500,0.1302,0.0988,0.9872,0.40,0.01,0.21,131194,137697,127707
52727540,15.8375,7.1225,4.3575,0.1177,0.1037,0.9880,0.41,0.00,0.20,131140,137720,127729
52747072,23.9050,7.8925,4.7775,0.1068,0.1085,0.9884,0.41,0.00,0.20,131073,137742,127752
52767576,29.5225,9.0475,4.7950,0.0905,0.1171,0.9906,0.41,-0.00,0.20,130998,137782,127791
52787108,28.5775,9.9750,4.8650,0.0773,0.1240,0.9939,0.41,-0.01,0.20,130921,137828,127793
52807616,25.4275,10.7975,5.3900,0.0609,0.1312,0.9970,0.42,-0.01,0.20,130835,137873,127809
52827148,19.1450,11.5150,6.4050,0.0449,0.1421,0.9965,0.42,-0.02,0.20,130778,137885,127833
52847656,9.8525,11.9525,7.9800,0.0322,0.1548,0.9942,0.42,-0.02,0.20,130731,137876,127821
52867188,2.0300,12.1450,9.4850,0.0226,0.1670,0.9923,0.42,-0.02,0.20,130673,137893,127804
52887696,2.0825,11.1300,11.1300,0.0034,0.1802,0.9936,0.42,-0.03,0.20,130599,137920,127795
52907224,5.8450,10.1500,11.7600,-0.0137,0.1840,0.9945,0.42,-0.03,0.20,130544,137957,127801
52927736,7.1925,9.1525,12.8975,-0.0300,0.1853,0.9967,0.42,-0.03,0.20,130519,137970,127805
52947264,2.2225,8.4000,14.6650,-0.0445,0.1880,0.9988,0.42,-0.04,0.20,130496,137964,127787
52966796,-2.7475,7.2625,16.7650,-0.0571,0.1917,1.0020,0.42,-0.04,0.20,130469,137984,127766
52987304,-5.6000,5.8450,18.6375,-0.0708,0.1961,1.0035,0.42,-0.04,0.20,130431,138017,127743
53006836,-6.6850,3.4300,19.5650,-0.0903,0.2003,1.0056,0.43,-0.04,0.20,130425,138037,127720
53027344,-3.5525,1.7675,19.9675,-0.1013,0.1993,1.0109,0.43,-0.04,0.21,130422,138047,127699
53046876,-3.2025,0.2275,20.3700,-0.1124,0.1989,1.0155,0.43,-0.04,0.21,130427,138049,127688
53067384,-9.4850,-0.7350,21.2450,-0.1198,0.1996,1.0192,0.43,-0.04,0.21,130448,138055,127636
53086912,-19.0750,-1.5400,22.2950,-0.1251,0.2017,1.0213,0.43,-0.04,0.21,130445,138055,127589
53107420,-23.4325,-2.5900,23.3800,-0.1309,0.2009,1.0230,0.43,-0.04,0.22,130455,138076,127515
53126952,-22.6100,-4.9350,23.4850,-0.1385,0.1945,1.0231,0.43,-0.04,0.22,130494,138046,127481
53147460,-22.3300,-6.2650,23.1350,-0.1404,0.1885,1.0207,0.43,-0.03,0.22,130541,138038,127435
53166992,-23.0825,-7.3325,22.3825,-0.1409,0.1799,1.0182,0.43,-0.03,0.23,130568,138039,127361
53187500,-21.6825,-8.4350,21.5250,-0.1394,0.1701,1.0165,0.42,-0.03,0.23,130587,138035,127314
53207032,-17.6575,-9.4150,20.7025,-0.1371,0.1606,1.0149,0.43,-0.03,0.23,130614,138044,127255
53227540,-10.1675,-10.7625,18.4975,-0.1358,0.1484,1.0128,0.43,-0.03,0.23,130662,138047,127233
53247072,-7.1050,-11.5325,16.3450,-0.1349,0.1419,1.0106,0.42,-0.02,0.23,130710,138030,127224
53267576,-5.3900,-12.0400,14.0175,-0.1337,0.1351,1.0082,0.43,-0.02,0.24,130739,138044,127190
53287108,-5.7925,-12.2850,11.6725,-0.1348,0.1298,1.0053,0.43,-0.02,0.24,130758,138044,127149
53307616,-6.5450,-12.3725,9.4850,-0.1364,0.1249,1.0022,0.43,-0.02,0.24,130784,138060,127141
53327148,-5.9850,-12.4075,7.3150,-0.1390,0.1190,0.9995,0.43,-0.02,0.24,130817,138054,127112
53347656,-5.6525,-11.9350,4.1125,-0.1505,0.1100,0.9944,0.42,-0.01,0.24,130851,138034,127107
53367188,-5.5825,-11.1475,2.1000,-0.1618,0.1049,0.9906,0.42,-0.01,0.24,130872,138029,127082
53387696,-5.4775,-10.2025,0.2450,-0.1719,0.0992,0.9861,0.43,-0.01,0.24,130883,138041,127072
53407224,-6.1425,-8.8550,-1.5050,-0.1808,0.0937,0.9810,0.42,-0.01,0.25,130897,138028,127042
53427736,-7.7700,-7.1225,-3.1500,-0.1889,0.0898,0.9759,0.42,-0.01,0.25,130933,138016,127045
53447264,-7.5600,-5.3200,-5.0225,-0.1957,0.0856,0.9733,0.42,-0.01,0.25,130965,138000,127045
53466796,0.2450,-3.4475,-7.6825,-0.2024,0.0804,0.9765,0.42,-0.01,0.25,130970,138000,127042
53497072,9.2225,-2.2925,-10.4650,-0.2050,0.0767,0.9819,0.42,-0.00,0.24,130997,138008,127092
53517576,13.4750,-1.8725,-12.1275,-0.2085,0.0742,0.9856,0.42,-0.00,0.24,131016,138021,127124
53537108,15.6275,-1.8200,-13.5800,-0.2150,0.0753,0.9887,0.43,-0.00,0.24,131020,138056,127159
53557616,13.4400,-1.6100,-15.0500,-0.2218,0.0808,0.9911,0.43,-0.00,0.24,131032,138068,127203
53577148,6.4925,-1.1025,-17.3425,-0.2289,0.0922,0.9955,0.43,-0.00,0.23,131063,138045,127233
53597656,-0.5075,-0.5600,-19.1975,-0.2318,0.0986,0.9984,0.42,0.00,0.23,131105,138017,127275
53617188,-3.5175,-0.4900,-20.7900,-0.2340,0.1020,1.0021,0.42,0.00,0.23,131124,137990,127297
53637696,-2.9575,-1.0675,-21.2800,-0.2384,0.1035,1.0059,0.42,0.00,0.23,131150,137993,127309
53657224,-2.6250,-1.3300,-20.7200,-0.2472,0.1068,1.0082,0.42,0.01,0.23,131186,137974,127323
53677736,-5.8450,-1.0675,-19.3375,-0.2574,0.1135,1.0065,0.42,0.01,0.23,131245,137942,127339
53697264,-12.4425,-0.2450,-16.3975,-0.2651,0.1164,1.0016,0.42,0.02,0.23,131319,137901,127362
53716796,-2.9050,-0.8925,-13.5275,-0.2682,0.1116,1.0049,0.42,0.02,0.22,131401,137894,127394
53737304,8.6275,-1.5050,-9.5375,-0.2701,0.1124,1.0077,0.42,0.03,0.22,131488,137917,127450
53756836,17.1675,-1.1725,-4.9875,-0.2634,0.1222,1.0100,0.42,0.03,0.22,131579,137937,127517
53777344,31.8150,-0.3325,-0.8925,-0.2449,0.1344,1.0158,0.42,0.04,0.21,131708,137980,127638
53796876,47.1975,0.7000,2.1350,-0.2168,0.1453,1.0225,0.42,0.05,0.20,131836,138002,127784
53817384,41.0900,3.2375,4.8475,-0.1610,0.1658,1.0215,0.42,0.05,0.19,131970,138035,127886
53836912,19.7575,4.5500,5.1800,-0.1153,0.1857,1.0092,0.43,0.06,0.19,132066,138069,127935
53857420,-4.0950,5.2150,4.1650,-0.0603,0.2090,0.9958,0.43,0.07,0.19,132171,138060,127944
53876952,-12.7400,4.0600,2.5725,0.0034,0.2262,0.9915,0.43,0.07,0.19,132277,138039,127964
53897460,-10.1150,1.7675,0.6300,0.0754,0.2267,0.9948,0.42,0.08,0.19,132375,137991,128009
53916992,-10.8675,0.5250,-2.1000,0.1488,0.2172,1.0011,0.42,0.08,0.19,132438,137970,128010
53937500,-18.6200,1.4525,-4.1650,0.2494,0.2103,1.0119,0.42,0.09,0.19,132481,137969,128004
53957032,-22.5050,2.1175,-7.5775,0.3029,0.2018,1.0188,0.42,0.09,0.19,132509,137951,127999
53977540,-14.9100,1.5925,-11.0950,0.3479,0.1887,1.0293,0.42,0.09,0.19,132531,137916,128026
53997072,-0.4375,0.7350,-13.5275,0.3770,0.1662,1.0379,0.42,0.09,0.18,132545,137908,128078
54017576,2.3800,0.5600,-14.4200,0.3950,0.1379,1.0385,0.42,0.09,0.18,132541,137886,128089
54037108,-14.6475,1.0150,-14.9275,0.4080,0.1021,1.0314,0.42,0.09,0.18,132507,137880,128066
54057616,-28.3850,1.2250,-15.7500,0.4054,0.0826,1.0228,0.41,0.09,0.19,132465,137858,128019
54077148,-32.9000,1.6100,-16.1700,0.3953,0.0622,1.0130,0.41,0.08,0.19,132440,137806,127993
54097656,-21.5950,1.5050,-15.9775,0.3771,0.0411,1.0056,0.41,0.08,0.19,132412,137771,127984
54117188,-3.4475,1.1025,-15.1200,0.3527,0.0227,1.0002,0.41,0.08,0.19,132377,137769,127984
54137696,12.3200,0.5075,-13.9650,0.3279,0.0109,0.9956,0.41,0.08,0.19,132312,137807,128005
54157224,24.6750,-0.9800,-12.1975,0.2963,0.0062,0.9926,0.41,0.07,0.19,132268,137840,128035
54177736,22.9075,-2.0300,-10.9550,0.2785,0.0120,0.9930,0.41,0.07,0.18,132234,137845,128057
54197264,17.5525,-2.7825,-9.2575,0.2649,0.0222,0.9948,0.41,0.07,0.18,132209,137846,128079
54216796,14.6475,-3.4125,-7.1750,0.2540,0.0323,0.9975,0.41,0.07,0.18,132173,137854,128097
54237304,18.2525,-4.1475,-5.0050,0.2445,0.0379,1.0028,0.42,0.06,0.18,132119,137894,128107
54256836,17.5175,-4.6200,-3.1325,0.2396,0.0490,1.0052,0.42,0.06,0.18,132078,137914,128107
54277344,9.6775,-5.3900,-1.5400,0.2281,0.0617,1.0065,0.42,0.06,0.18,132045,137917,128106
54296876,3.4650,-5.4425,-0.8750,0.2201,0.0720,1.0060,0.42,0.06,0.18,132021,137903,128080
54317384,-3.1675,-4.9175,-0.4725,0.2131,0.0822,1.0065,0.42,0.06,0.18,131982,137894,128050
54336912,-9.2400,-4.2875,-0.2975,0.2073,0.0905,1.0080,0.42,0.05,0.19,131930,137893,127999
54357420,-14.6125,-3.7275,-0.0875,0.2028,0.0975,1.0087,0.42,0.05,0.19,131874,137903,127934
54376952,-15.8200,-3.5525,0.7525,0.1961,0.1000,1.0100,0.42,0.05,0.19,131833,137885,127887
54397460,-11.9875,-3.0975,1.9075,0.1840,0.1008,1.0120,0.41,0.04,0.20,131797,137853,127851
54416992,-9.2575,-2.4850,2.9400,0.1768,0.1026,1.0133,0.41,0.04,0.20,131757,137845,127823
54437500,-5.5300,-2.1175,3.6750,0.1699,0.1046,1.0150,0.41,0.04,0.20,131697,137852,127774
54457032,0.3150,-1.6450,3.7800,0.1630,0.1058,1.0157,0.42,0.04,0.20,131647,137877,127755
54477540,7.6125,-1.6450,3.6225,0.1558,0.1069,1.0153,0.42,0.03,0.20,131602,137875,127755
54507812,18.0600,-1.3650,3.8150,0.1359,0.1082,1.0170,0.42,0.03,0.20,131522,137909,127760
54528320,16.2400,-0.8050,4.3050,0.1261,0.1138,1.0164,0.42,0.03,0.20,131482,137913,127767
54547852,13.3875,0.0000,4.8300,0.1181,0.1221,1.0137,0.42,0.02,0.20,131440,137915,127767
