30530272,15.8900,19.7225,61.9500,0.0719,-0.1703,0.9492,0.27,0.44,0.32,138213,135467,125789
30560546,20.7725,20.4050,51.7475,0.0874,-0.1826,0.9710,0.26,0.44,0.32,138273,135395,125815
30580078,15.8375,20.8600,47.5300,0.0888,-0.1864,0.9777,0.26,0.44,0.32,138292,135358,125793
30600584,10.5175,21.2625,42.8750,0.0875,-0.1920,0.9858,0.26,0.44,0.32,138320,135307,125785
30620116,10.7800,21.0175,37.2750,0.0850,-0.2003,0.9963,0.26,0.44,0.32,138336,135294,125773
30640624,16.3450,20.4225,31.6400,0.0811,-0.2073,1.0072,0.26,0.44,0.32,138343,135289,125793
30660156,22.9250,19.4775,26.3550,0.0754,-0.2115,1.0153,0.26,0.44,0.32,138334,135290,125799
30680664,26.2675,18.3400,19.2500,0.0686,-0.2075,1.0207,0.26,0.44,0.32,138319,135314,125796
30700196,30.3450,17.5175,15.5225,0.0648,-0.2001,1.0236,0.26,0.44,0.32,138328,135362,125811
30720704,37.6775,16.4850,12.5650,0.0583,-0.1901,1.0276,0.27,0.44,0.32,138335,135428,125829
30740234,41.0550,15.5050,9.9400,0.0490,-0.1769,1.0304,0.27,0.44,0.32,138330,135500,125862
30760742,33.8800,14.6475,7.8750,0.0381,-0.1591,1.0303,0.27,0.44,0.32,138306,135516,125870
30780272,16.7825,13.2475,5.3375,0.0261,-0.1390,1.0297,0.27,0.44,0.32,138301,135541,125882
30799804,12.2675,11.4975,3.5175,0.0077,-0.1186,1.0391,0.27,0.44,0.32,138309,135565,125881
30820312,4.3225,9.4500,0.2450,-0.0029,-0.1150,1.0493,0.28,0.44,0.32,138301,135585,125863
30839844,-5.9850,6.9825,-4.7250,-0.0104,-0.1237,1.0638,0.27,0.44,0.32,138286,135573,125845
30860352,-8.7500,3.4650,-11.7425,-0.0144,-0.1469,1.0878,0.28,0.44,0.32,138262,135583,125842
30879882,-11.5850,-0.7350,-21.7175,-0.0129,-0.1776,1.1162,0.28,0.44,0.32,138228,135601,125824
30900390,-34.3700,-6.4050,-41.5450,-0.0007,-0.2258,1.1529,0.28,0.43,0.32,138191,135615,125780
30919920,-55.4575,-8.8200,-56.1575,0.0083,-0.2603,1.1690,0.28,0.43,0.33,138149,135614,125721
30940428,-75.1100,-10.2375,-71.5225,0.0156,-0.2967,1.1758,0.27,0.43,0.33,138066,135564,125654
30959960,-83.6675,-11.1475,-87.6400,0.0239,-0.3353,1.1755,0.27,0.42,0.33,137955,135558,125584
30980468,-67.4975,-11.8125,-103.3200,0.0331,-0.3758,1.1741,0.28,0.41,0.34,137827,135655,125545
31000000,-31.3600,-13.2650,-117.1625,0.0376,-0.4096,1.1751,0.29,0.40,0.34,137689,135824,125511
31020508,0.4550,-16.4850,-134.5225,0.0285,-0.4311,1.1622,0.30,0.39,0.34,137523,136038,125507
31040040,-8.6450,-17.2200,-144.2350,0.0154,-0.4242,1.1366,0.31,0.38,0.34,137315,136229,125476
31060546,-20.1075,-16.5025,-151.8475,-0.0032,-0.4060,1.1072,0.32,0.37,0.34,137083,136377,125454
31080078,-19.6875,-14.9100,-156.5200,-0.0256,-0.3892,1.0821,0.33,0.35,0.35,136838,136520,125389
31100584,-8.0500,-13.6325,-158.8825,-0.0539,-0.3748,1.0630,0.34,0.34,0.35,136565,136708,125346
31120116,6.2475,-12.6000,-159.9325,-0.0864,-0.3609,1.0454,0.36,0.32,0.35,136294,136896,125323
31140624,21.4725,-10.7275,-157.4300,-0.1347,-0.3340,1.0177,0.37,0.30,0.35,135996,137075,125305
31160156,30.7650,-9.8525,-152.5650,-0.1657,-0.3065,0.9980,0.38,0.28,0.35,135716,137216,125300
31180664,33.1625,-8.8900,-147.3500,-0.1937,-0.2716,0.9769,0.38,0.27,0.35,135418,137352,125294
31200196,27.7025,-7.2450,-141.4875,-0.2130,-0.2394,0.9568,0.39,0.25,0.35,135143,137474,125256
31220704,13.8775,-4.7775,-136.1500,-0.2227,-0.2090,0.9404,0.39,0.23,0.36,134852,137525,125187
31240234,-4.9000,-0.8750,-128.5900,-0.2281,-0.1815,0.9295,0.39,0.21,0.36,134586,137523,125117
31260742,-5.8625,1.4350,-123.0775,-0.2323,-0.1491,0.9233,0.39,0.20,0.37,134315,137518,125064
31280272,0.9975,3.0975,-115.9375,-0.2349,-0.1320,0.9240,0.39,0.18,0.37,134069,137500,125009
31299804,14.2800,3.6750,-107.7125,-0.2378,-0.1126,0.9283,0.39,0.17,0.37,133832,137541,124981
31320312,30.7475,3.1500,-99.1025,-0.2384,-0.0905,0.9342,0.40,0.16,0.37,133619,137612,124982
31339844,49.0175,2.0300,-90.5450,-0.2339,-0.0661,0.9418,0.41,0.14,0.37,133440,137713,125030
31360352,63.8225,1.0850,-77.2625,-0.2191,-0.0196,0.9536,0.41,0.13,0.36,133272,137809,125107
31379882,57.1025,1.3650,-67.8475,-0.2094,0.0242,0.9590,0.42,0.13,0.36,133126,137878,125144
31400390,40.4250,1.4000,-57.7325,-0.2007,0.0725,0.9638,0.42,0.12,0.36,132995,137924,125149
31419920,18.5675,1.9950,-47.7225,-0.1891,0.1211,0.9689,0.42,0.11,0.36,132903,137921,125137
31440428,1.9950,2.8350,-37.7650,-0.1775,0.1662,0.9756,0.42,0.11,0.36,132823,137882,125115
31459960,-6.0200,3.5000,-28.0350,-0.1662,0.2025,0.9847,0.41,0.10,0.37,132776,137856,125079
31480468,-7.9625,3.9550,-14.8400,-0.1518,0.2399,0.9988,0.41,0.10,0.37,132740,137812,125061
31500000,-11.9175,3.9200,-7.2275,-0.1420,0.2562,1.0039,0.41,0.10,0.37,132718,137784,125035
31520508,-18.9175,4.0075,-0.5425,-0.1308,0.2669,1.0059,0.41,0.10,0.37,132716,137741,124988
31540040,-19.5125,3.6925,5.7575,-0.1179,0.2723,1.0093,0.40,0.10,0.37,132734,137699,124946
31570312,-7.2100,2.8525,15.0500,-0.0971,0.2735,1.0158,0.40,0.10,0.37,132780,137697,124944
31589844,3.3075,2.1525,24.0100,-0.0800,0.2723,1.0175,0.40,0.11,0.37,132828,137707,124959
31610352,10.8325,1.9250,29.7675,-0.0558,0.2717,1.0205,0.41,0.11,0.37,132892,137745,124985
31629882,16.6950,2.0300,35.5075,-0.0470,0.2743,1.0244,0.41,0.12,0.37,132966,137783,125037
31650390,16.0650,2.6775,41.2825,-0.0422,0.2794,1.0282,0.41,0.12,0.37,133050,137834,125069
31669920,4.6550,3.7275,46.8475,-0.0376,0.2855,1.0286,0.41,0.13,0.37,133153,137855,125067
31690428,-12.2850,4.7950,52.2200,-0.0332,0.2891,1.0263,0.41,0.13,0.37,133262,137828,125072
31709960,-24.1325,5.1975,59.7625,-0.0267,0.2852,1.0249,0.41,0.14,0.37,133378,137786,125051
31730468,-20.5275,4.7775,64.4000,-0.0223,0.2767,1.0249,0.41,0.15,0.37,133510,137755,125045
31750000,-12.7400,4.6725,68.8450,-0.0173,0.2672,1.0253,0.41,0.16,0.37,133643,137760,125069
31770508,-5.5650,4.7425,73.2025,-0.0134,0.2596,1.0253,0.41,0.17,0.37,133800,137753,125073
31790040,-5.1275,4.9700,77.5425,-0.0113,0.2525,1.0233,0.41,0.18,0.36,133965,137742,125093
31810546,-9.9925,5.2675,83.6850,-0.0102,0.2452,1.0178,0.40,0.19,0.36,134136,137699,125110
31830078,-17.8500,5.4600,87.0275,-0.0127,0.2284,1.0063,0.40,0.20,0.36,134309,137662,125125
31850584,-12.7575,4.7950,89.8800,-0.0153,0.2080,1.0014,0.40,0.21,0.36,134496,137633,125134
31870116,0.2800,4.0250,92.1200,-0.0168,0.1820,1.0004,0.40,0.22,0.36,134686,137644,125185
31890624,10.6925,3.7100,93.7475,-0.0185,0.1569,0.9992,0.40,0.23,0.36,134881,137656,125234
31910156,14.0700,4.0600,94.9900,-0.0198,0.1410,0.9948,0.40,0.24,0.35,135080,137641,125303
31930664,14.0350,4.4100,97.0200,-0.0227,0.1288,0.9878,0.40,0.26,0.35,135289,137619,125376
31950196,10.5700,4.5150,98.6825,-0.0281,0.1174,0.9836,0.40,0.27,0.35,135487,137594,125417
31970704,6.4575,4.7075,100.2750,-0.0348,0.1057,0.9794,0.40,0.28,0.34,135708,137565,125455
31990234,8.9075,5.1800,101.7625,-0.0403,0.0930,0.9783,0.39,0.30,0.34,135917,137509,125515
32010742,16.2400,5.8450,103.0575,-0.0451,0.0793,0.9789,0.39,0.31,0.33,136125,137452,125592
32030272,21.2625,7.1225,103.9850,-0.0486,0.0680,0.9805,0.39,0.32,0.33,136319,137398,125658
32049804,14.8575,8.9250,104.0375,-0.0501,0.0604,0.9801,0.38,0.33,0.33,136515,137341,125693
32070312,2.6250,9.5550,103.1450,-0.0512,0.0594,0.9704,0.38,0.34,0.33,136720,137232,125706
32089844,-7.3325,10.1150,102.2175,-0.0553,0.0570,0.9640,0.37,0.36,0.33,136905,137100,125722
32110352,-4.3925,10.1150,101.7975,-0.0593,0.0519,0.9647,0.36,0.37,0.32,137077,136958,125770
32129882,10.1325,9.8000,101.7800,-0.0662,0.0427,0.9708,0.35,0.38,0.32,137248,136854,125797
32150390,19.8450,9.4150,101.4475,-0.0715,0.0345,0.9762,0.35,0.39,0.32,137428,136763,125841
32169920,5.1275,9.6425,99.8375,-0.0711,0.0410,0.9762,0.34,0.40,0.32,137588,136616,125843
32190428,-9.9575,9.3975,98.8225,-0.0722,0.0471,0.9755,0.33,0.41,0.32,137743,136426,125863
32209960,-16.9225,8.4000,97.8775,-0.0756,0.0417,0.9789,0.32,0.42,0.32,137872,136236,125857
32230468,-16.9750,6.8250,96.3025,-0.0783,0.0287,0.9856,0.30,0.42,0.32,138009,136043,125852
32250000,-12.9675,5.0400,93.4675,-0.0773,0.0188,0.9941,0.29,0.43,0.32,138131,135855,125864
32270508,-9.5725,3.5000,89.3900,-0.0742,0.0098,1.0014,0.28,0.44,0.32,138264,135688,125851
32290040,-20.7725,2.1525,85.9775,-0.0722,-0.0135,1.0065,0.27,0.44,0.32,138356,135476,125842
32310546,-35.7175,0.9975,80.7625,-0.0736,-0.0382,1.0067,0.25,0.45,0.32,138436,135232,125815
32330078,-44.8175,-0.6650,74.1475,-0.0721,-0.0680,1.0067,0.24,0.45,0.32,138510,135018,125801
32350584,-44.0650,-1.9950,67.3750,-0.0666,-0.0988,1.0058,0.23,0.46,0.32,138592,134823,125778
32370116,-27.0550,-3.1150,61.1800,-0.0595,-0.1344,1.0075,0.22,0.46,0.32,138660,134702,125770
32390624,15.6275,-4.1825,51.1175,-0.0437,-0.1956,1.0163,0.22,0.47,0.32,138707,134639,125816
32410156,29.7150,-4.0775,43.0850,-0.0344,-0.2291,1.0204,0.22,0.47,0.32,138745,134618,125854
32430664,28.3675,-3.5175,33.8975,-0.0278,-0.2549,1.0221,0.22,0.47,0.32,138769,134604,125885
32450196,24.3600,-2.7125,23.7125,-0.0207,-0.2779,1.0282,0.22,0.47,0.32,138805,134630,125903
32470704,30.1000,-2.4150,13.4050,-0.0098,-0.2980,1.0404,0.22,0.47,0.32,138831,134700,125910
32490234,42.0875,-2.6075,3.6750,0.0038,-0.3133,1.0546,0.23,0.47,0.31,138834,134784,125959
32510742,36.1725,-2.3275,-10.8850,0.0227,-0.3193,1.0695,0.23,0.47,0.31,138815,134884,125989
32530272,22.3475,-2.2400,-20.8600,0.0325,-0.3166,1.0792,0.24,0.47,0.31,138805,134958,126010
32549804,12.6175,-2.7650,-31.0100,0.0393,-0.3155,1.0919,0.24,0.47,0.31,138789,135055,126013
32580078,4.2000,-4.6900,-46.2525,0.0454,-0.3163,1.1095,0.25,0.47,0.31,138727,135198,126029
32600584,1.8550,-6.6150,-55.8950,0.0481,-0.3151,1.1184,0.26,0.47,0.31,138696,135342,126038
32620116,3.9200,-10.4125,-69.8775,0.0489,-0.3126,1.1263,0.27,0.46,0.31,138646,135486,126073
32640624,5.6350,-12.9500,-78.7675,0.0448,-0.3048,1.1328,0.28,0.46,0.30,138573,135657,126081
32660156,5.0575,-15.2775,-87.2725,0.0384,-0.2984,1.1324,0.29,0.45,0.30,138476,135828,126107
32680664,5.4075,-17.5000,-95.1475,0.0304,-0.2941,1.1287,0.30,0.45,0.30,138364,136023,126130
32700196,6.7375,-19.5650,-102.9000,0.0223,-0.2869,1.1226,0.31,0.44,0.30,138261,136226,126146
32720704,14.7175,-21.5950,-109.9700,0.0127,-0.2767,1.1197,0.33,0.43,0.30,138122,136490,126175
32740234,21.7350,-25.1825,-119.1575,-0.0039,-0.2625,1.1115,0.34,0.42,0.30,137966,136713,126231
32760742,12.1100,-26.3550,-124.9675,-0.0159,-0.2524,1.0993,0.36,0.41,0.29,137766,136930,126247
32780272,0.1400,-26.4075,-130.4100,-0.0295,-0.2407,1.0846,0.37,0.40,0.29,137565,137122,126245
32799804,-5.8975,-25.8475,-135.3450,-0.0412,-0.2295,1.0706,0.38,0.38,0.30,137348,137310,126218
32820312,-3.7800,-24.9025,-139.5275,-0.0510,-0.2140,1.0623,0.39,0.37,0.30,137089,137508,126185
32839844,6.9475,-24.3950,-142.5025,-0.0606,-0.1940,1.0587,0.41,0.35,0.30,136826,137710,126178
32860352,13.8425,-23.9750,-144.6550,-0.0777,-0.1690,1.0477,0.42,0.33,0.30,136521,137884,126185
32879882,6.3875,-23.3275,-144.6550,-0.0904,-0.1559,1.0355,0.42,0.31,0.30,136223,138007,126154
32900390,-8.5925,-22.1375,-143.6050,-0.1044,-0.1388,1.0194,0.43,0.30,0.31,135916,138111,126057
32919920,-28.5950,-19.7925,-141.8200,-0.1213,-0.1154,1.0002,0.43,0.28,0.31,135622,138143,125942
32940428,-45.1850,-16.9050,-139.4575,-0.1368,-0.0906,0.9805,0.43,0.26,0.32,135312,138129,125789
32959960,-54.7575,-13.8600,-136.2375,-0.1492,-0.0671,0.9638,0.43,0.24,0.33,135016,138055,125649
32980468,-56.5075,-9.3975,-129.7275,-0.1618,-0.0334,0.9433,0.42,0.22,0.34,134728,137971,125470
33000000,-46.7075,-6.8775,-123.9525,-0.1674,-0.0098,0.9326,0.42,0.21,0.35,134464,137920,125334
33020508,-29.1200,-4.6025,-115.9550,-0.1748,0.0156,0.9259,0.42,0.19,0.36,134215,137897,125228
33040040,-4.9700,-2.8700,-106.0675,-0.1848,0.0431,0.9245,0.42,0.18,0.36,133993,137905,125195
33060546,21.1400,-1.9250,-94.7625,-0.1934,0.0723,0.9272,0.42,0.17,0.36,133788,137943,125199
33080078,33.4075,-0.2625,-76.5275,-0.1963,0.1072,0.9298,0.42,0.16,0.36,133629,137995,125217
33100584,21.6125,4.5675,-63.6125,-0.1985,0.1697,0.9298,0.42,0.15,0.36,133469,138023,125204
33120116,12.1800,8.0500,-50.6975,-0.1968,0.2069,0.9340,0.42,0.14,0.36,133344,138035,125199
33140624,9.2050,10.8150,-38.5700,-0.1907,0.2379,0.9412,0.43,0.13,0.36,133239,138037,125191
33160156,3.5525,12.9675,-27.4225,-0.1832,0.2657,0.9476,0.42,0.13,0.36,133164,138017,125183
33180664,-7.1750,14.8225,-17.3250,-0.1781,0.2890,0.9538,0.42,0.12,0.36,133100,137967,125145
33200196,-22.0850,16.1700,-5.2500,-0.1637,0.3061,0.9636,0.42,0.12,0.36,133046,137933,125108
33220704,-23.1700,15.9950,1.2250,-0.1496,0.3070,0.9686,0.42,0.12,0.37,133016,137902,125058
33240234,-14.4725,15.0150,7.2625,-0.1330,0.3021,0.9738,0.42,0.12,0.37,133004,137888,125037
33260742,-2.1700,13.6850,12.6875,-0.1148,0.2935,0.9786,0.42,0.12,0.37,133009,137882,125053
33280272,7.6125,12.0925,17.2200,-0.0963,0.2833,0.9817,0.42,0.12,0.37,133021,137919,125085
33299804,14.2450,10.6575,21.2800,-0.0789,0.2743,0.9861,0.42,0.12,0.36,133049,137974,125120
33320312,24.7800,8.6450,26.6175,-0.0622,0.2678,0.9982,0.43,0.12,0.36,133087,138051,125173
33339844,25.9875,7.9800,30.5025,-0.0581,0.2724,1.0053,0.43,0.13,0.36,133138,138117,125229
33360352,22.4700,7.7000,34.9475,-0.0571,0.2812,1.0105,0.43,0.13,0.35,133209,138161,125281
33379882,16.2225,7.9975,39.9875,-0.0569,0.2911,1.0152,0.44,0.13,0.35,133280,138200,125334
33400390,6.6325,8.5750,45.1500,-0.0572,0.3021,1.0177,0.44,0.14,0.35,133384,138222,125344
33419920,-1.1725,9.2225,50.5750,-0.0576,0.3082,1.0192,0.44,0.15,0.35,133481,138243,125361
33440428,-4.4800,10.1325,58.8525,-0.0562,0.3099,1.0218,0.44,0.15,0.35,133604,138249,125377
33459960,-4.9350,10.6225,64.0500,-0.0588,0.3117,1.0214,0.44,0.16,0.35,133743,138228,125396
33480468,-11.0950,11.3225,69.1250,-0.0634,0.3124,1.0175,0.43,0.17,0.35,133885,138198,125407
33500000,-21.7875,11.9000,74.0250,-0.0661,0.3090,1.0111,0.43,0.18,0.35,134038,138154,125381
33520508,-30.1525,12.3375,78.6100,-0.0675,0.2999,1.0050,0.43,0.19,0.35,134213,138101,125349
33540040,-28.4025,11.8125,84.9450,-0.0675,0.2839,1.0026,0.43,0.20,0.35,134393,138059,125357
33560544,-12.4600,10.6575,88.7075,-0.0656,0.2564,1.0027,0.42,0.21,0.35,134582,138001,125363
33590820,-0.1225,9.8175,93.4850,-0.0662,0.2385,0.9995,0.42,0.23,0.34,134890,137970,125432
33611328,3.9200,9.4675,96.2500,-0.0664,0.2263,0.9972,0.42,0.25,0.34,135102,137928,125471
33630860,2.8700,9.3625,98.5075,-0.0653,0.2136,0.9953,0.42,0.26,0.34,135317,137902,125511
33651368,0.5600,9.3275,101.2025,-0.0655,0.1959,0.9960,0.41,0.27,0.34,135538,137843,125541
33670896,-1.1900,9.2225,102.4275,-0.0683,0.1826,0.9987,0.41,0.29,0.34,135756,137775,125578
33691408,-4.9525,8.9075,103.5125,-0.0734,0.1690,1.0003,0.40,0.30,0.33,135975,137681,125610
33710936,-11.9175,8.2425,104.3875,-0.0805,0.1551,0.9989,0.40,0.31,0.33,136194,137555,125614
33731444,-21.1050,7.5425,104.5450,-0.0861,0.1425,0.9953,0.39,0.33,0.33,136400,137384,125616
33750976,-28.0000,6.4225,104.0375,-0.0927,0.1310,0.9922,0.38,0.34,0.33,136608,137229,125595
33771484,-29.9775,5.3900,103.2325,-0.1036,0.1054,0.9925,0.36,0.35,0.34,136814,137047,125578
33791016,-28.1750,4.6725,102.6025,-0.1049,0.0821,0.9937,0.35,0.36,0.34,137010,136859,125564
33811524,-28.4900,3.6225,101.2200,-0.1008,0.0630,0.9909,0.34,0.37,0.34,137189,136658,125580
33831056,-24.7450,2.0650,99.3650,-0.0977,0.0468,0.9872,0.33,0.38,0.34,137361,136475,125567
33851560,-18.3750,0.6825,97.5975,-0.0993,0.0323,0.9841,0.32,0.39,0.34,137535,136316,125575
33871092,-13.2300,-0.1400,95.6200,-0.1008,0.0194,0.9798,0.31,0.40,0.33,137696,136160,125589
33891600,-0.8050,-0.5425,93.1875,-0.1004,-0.0011,0.9787,0.30,0.41,0.33,137847,136011,125631
33911132,5.4600,-0.5075,90.8775,-0.0983,-0.0145,0.9783,0.29,0.42,0.33,137966,135864,125667
33931640,4.0075,-0.0350,87.6750,-0.0930,-0.0248,0.9771,0.28,0.43,0.33,138106,135713,125698
33951172,0.9625,0.4725,84.0700,-0.0860,-0.0306,0.9772,0.27,0.44,0.33,138216,135577,125707
33971680,0.9800,0.9800,80.4300,-0.0805,-0.0399,0.9795,0.27,0.44,0.33,138333,135452,125735
33991208,7.4375,1.2600,73.9725,-0.0726,-0.0615,0.9905,0.26,0.45,0.32,138413,135311,125769
34011720,5.4775,1.7150,69.0025,-0.0708,-0.0756,1.0005,0.25,0.45,0.32,138482,135179,125778
34031248,-4.8300,2.1000,63.6825,-0.0730,-0.0887,1.0066,0.24,0.46,0.32,138541,135039,125789
34051756,-19.9675,2.1700,57.7325,-0.0753,-0.1060,1.0116,0.23,0.46,0.32,138617,134888,125771
34071288,-28.0875,1.5750,50.6100,-0.0769,-0.1287,1.0203,0.22,0.46,0.32,138668,134738,125759
34090820,-23.3800,0.7700,43.4700,-0.0766,-0.1529,1.0332,0.22,0.47,0.32,138691,134623,125756
34111328,-10.7450,-0.5950,33.2325,-0.0765,-0.1903,1.0509,0.21,0.47,0.32,138710,134528,125763
34130860,-16.7650,-1.0500,25.3925,-0.0795,-0.2112,1.0559,0.21,0.47,0.32,138732,134457,125778
34151368,-24.4650,-1.6975,16.6075,-0.0825,-0.2333,1.0596,0.20,0.47,0.32,138758,134375,125753
34170896,-25.9350,-2.4325,7.2975,-0.0813,-0.2578,1.0638,0.20,0.47,0.33,138778,134339,125727
34191408,-16.3450,-3.3775,-1.6800,-0.0753,-0.2829,1.0703,0.20,0.47,0.33,138770,134329,125740
34210936,1.3125,-4.5500,-9.8875,-0.0688,-0.3070,1.0776,0.20,0.47,0.32,138765,134364,125765
34231444,8.2075,-5.4950,-23.2050,-0.0600,-0.3253,1.0841,0.20,0.47,0.32,138757,134427,125781
34250976,0.5600,-5.8275,-32.2000,-0.0534,-0.3274,1.0862,0.21,0.47,0.32,138750,134497,125780
34271484,-8.5750,-5.8450,-40.6350,-0.0464,-0.3279,1.0869,0.21,0.47,0.32,138742,134570,125766
34291016,-12.5300,-6.0550,-49.0700,-0.0417,-0.3335,1.0873,0.22,0.47,0.32,138703,134635,125774
34311524,-11.6550,-6.4050,-58.0475,-0.0388,-0.3425,1.0885,0.22,0.46,0.32,138644,134736,125783
34331056,-6.3700,-7.0700,-66.9375,-0.0360,-0.3501,1.0897,0.23,0.46,0.32,138586,134874,125781
34351560,2.0650,-7.9100,-78.9950,-0.0318,-0.3514,1.0867,0.24,0.46,0.32,138537,135032,125765
34371092,7.0000,-8.3825,-86.3625,-0.0309,-0.3492,1.0814,0.25,0.45,0.32,138469,135226,125773
34391600,12.8975,-8.8900,-93.2575,-0.0332,-0.3492,1.0770,0.27,0.44,0.32,138359,135437,125791
34411132,19.3900,-9.6950,-99.9075,-0.0355,-0.3448,1.0742,0.28,0.44,0.32,138245,135651,125826
34431640,21.8575,-10.3425,-105.8925,-0.0389,-0.3301,1.0701,0.29,0.43,0.32,138102,135873,125830
34451172,8.1025,-10.6225,-112.9975,-0.0488,-0.3062,1.0531,0.31,0.42,0.32,137964,136085,125815
34471680,-6.8425,-9.7300,-117.4425,-0.0569,-0.2963,1.0405,0.32,0.41,0.32,137800,136268,125776
34491208,-16.1525,-8.2075,-122.0275,-0.0641,-0.2919,1.0314,0.33,0.40,0.33,137610,136406,125723
34511720,-19.8100,-6.5450,-126.0525,-0.0678,-0.2865,1.0219,0.33,0.38,0.33,137379,136547,125681
34531248,-17.5175,-4.9700,-129.4650,-0.0698,-0.2794,1.0128,0.34,0.37,0.33,137151,136697,125636
34551756,-6.5975,-3.9550,-132.4225,-0.0738,-0.2728,1.0072,0.35,0.36,0.33,136898,136885,125585
34571288,12.5125,-3.5000,-135.8175,-0.0850,-0.2533,1.0050,0.37,0.34,0.34,136635,137069,125550
34601560,21.3150,-3.4300,-134.6450,-0.1009,-0.2277,1.0037,0.38,0.31,0.34,136218,137313,125532
34621092,1.9075,-2.0475,-132.6850,-0.1071,-0.2084,0.9937,0.39,0.30,0.34,135937,137396,125457
34641600,-31.6050,0.6300,-131.9850,-0.1109,-0.1880,0.9770,0.38,0.28,0.35,135638,137377,125313
34661132,-53.8650,3.2025,-132.3175,-0.1153,-0.1708,0.9618,0.38,0.26,0.36,135347,137338,125182
34681640,-42.2625,6.5625,-130.2525,-0.1229,-0.1601,0.9549,0.38,0.24,0.37,135042,137297,125064
34701172,-24.9375,7.7525,-128.5725,-0.1329,-0.1510,0.9549,0.38,0.23,0.37,134760,137284,124948
34721680,-20.1775,7.9800,-128.0650,-0.1416,-0.1408,0.9516,0.38,0.21,0.38,134459,137255,124869
34741208,-31.0800,8.7325,-128.2925,-0.1414,-0.1315,0.9438,0.37,0.19,0.39,134185,137182,124754
34761720,-35.9975,9.6775,-127.1025,-0.1387,-0.1218,0.9357,0.37,0.17,0.39,133910,137072,124656
34781248,-21.4200,10.2200,-121.9925,-0.1442,-0.1108,0.9360,0.36,0.16,0.40,133659,137043,124600
34801756,26.4250,8.4175,-109.7075,-0.1699,-0.0921,0.9517,0.37,0.14,0.40,133419,137086,124586
34821288,37.3450,8.3475,-100.8175,-0.1802,-0.0700,0.9594,0.37,0.13,0.40,133206,137135,124594
34840820,27.2825,9.0300,-90.4225,-0.1834,-0.0381,0.9551,0.37,0.12,0.40,133025,137138,124590
34861328,12.4425,11.7950,-77.4725,-0.1821,0.0000,0.9543,0.37,0.11,0.40,132856,137086,124562
34880860,-16.6600,18.6900,-59.2725,-0.1909,0.0449,0.9560,0.36,0.10,0.40,132712,137014,124524
34901368,0.6475,19.0400,-43.5575,-0.1961,0.0704,0.9667,0.37,0.09,0.40,132588,137078,124541
34920896,60.2700,14.1750,-25.6550,-0.1940,0.0886,0.9944,0.38,0.09,0.39,132505,137216,124611
34941408,46.7075,14.2450,-17.9550,-0.1878,0.1137,0.9970,0.38,0.08,0.39,132436,137277,124645
34960936,8.4000,16.2750,-12.5475,-0.1734,0.1375,0.9913,0.38,0.08,0.39,132377,137231,124669
34981444,-13.1425,16.8350,-7.9800,-0.1596,0.1490,0.9894,0.37,0.08,0.39,132331,137208,124652
35000976,-2.6425,14.3325,-3.2900,-0.1488,0.1459,0.9958,0.38,0.07,0.39,132289,137243,124669
35021484,35.1925,8.5575,2.8350,-0.1342,0.1381,1.0100,0.38,0.07,0.39,132269,137347,124728
35041016,43.0850,6.0025,6.7025,-0.1271,0.1435,1.0164,0.39,0.07,0.38,132279,137440,124799
35061524,27.2475,5.6000,10.5000,-0.1188,0.1569,1.0193,0.39,0.07,0.38,132287,137481,124841
35081056,7.9800,5.3900,14.8575,-0.1064,0.1674,1.0248,0.39,0.08,0.38,132306,137505,124846
35101560,-3.1500,4.8125,19.2500,-0.0972,0.1740,1.0341,0.39,0.08,0.38,132333,137519,124846
35121092,0.1925,2.9050,24.2725,-0.0985,0.1779,1.0441,0.40,0.08,0.38,132389,137576,124868
35141600,25.1125,0.3675,34.2475,-0.1057,0.1713,1.0599,0.40,0.09,0.37,132465,137666,124935
35161132,31.8675,0.3325,40.6700,-0.1077,0.1725,1.0648,0.41,0.09,0.37,132560,137734,124994
35181640,32.8300,1.2775,46.9175,-0.1096,0.1789,1.0658,0.41,0.10,0.37,132662,137827,125083
35201172,28.5075,2.7475,52.6225,-0.1116,0.1871,1.0641,0.42,0.10,0.36,132782,137930,125149
35221680,23.5900,4.4275,57.8200,-0.1138,0.1931,1.0635,0.42,0.11,0.36,132903,138006,125187
35241208,18.3925,5.9325,62.6675,-0.1137,0.1995,1.0615,0.43,0.12,0.35,133041,138062,125260
35261720,11.7600,7.7875,69.8600,-0.1066,0.2107,1.0516,0.43,0.13,0.35,133197,138098,125311
35281248,11.5500,8.9425,74.5850,-0.1002,0.2144,1.0452,0.43,0.14,0.35,133351,138148,125381
35301756,9.1000,10.6050,78.4350,-0.0952,0.2159,1.0399,0.43,0.15,0.35,133520,138179,125408
35321288,1.6625,12.1275,81.5150,-0.0952,0.2183,1.0355,0.43,0.16,0.34,133687,138196,125438
35340820,-7.0350,12.9150,84.4025,-0.0992,0.2178,1.0321,0.43,0.17,0.34,133869,138176,125446
35361328,-13.2475,12.6700,87.1850,-0.0998,0.2136,1.0287,0.43,0.18,0.34,134066,138131,125479
35380860,-14.5950,11.3050,90.5100,-0.0993,0.2029,1.0214,0.43,0.19,0.34,134254,138090,125486
35401368,-4.4275,9.6950,92.3475,-0.0988,0.1915,1.0160,0.43,0.21,0.34,134464,138096,125517
35420896,8.0850,8.2775,94.4825,-0.0996,0.1795,1.0113,0.43,0.22,0.34,134675,138087,125568
35441408,9.5200,7.9975,96.4075,-0.1071,0.1678,1.0053,0.43,0.23,0.33,134903,138050,125624
35460936,2.5025,7.7000,97.8775,-0.1157,0.1535,0.9986,0.42,0.25,0.33,135119,137993,125662
35481444,-4.7950,7.1575,99.1900,-0.1218,0.1344,0.9904,0.42,0.26,0.33,135341,137922,125690
35500976,2.9400,6.3875,99.5925,-0.1310,0.1215,0.9882,0.42,0.27,0.33,135557,137881,125723
35521484,13.4225,5.7750,99.9250,-0.1340,0.1103,0.9860,0.41,0.29,0.32,135791,137836,125792
35541016,15.2950,5.8800,100.3100,-0.1344,0.0993,0.9831,0.41,0.30,0.32,136009,137767,125843
35561524,4.7425,6.5625,100.7125,-0.1333,0.0876,0.9776,0.40,0.31,0.32,136218,137652,125866
35581056,-10.0800,7.2275,101.4825,-0.1310,0.0763,0.9720,0.39,0.33,0.32,136421,137509,125866
35611328,-12.3200,7.1575,103.2150,-0.1242,0.0525,0.9675,0.38,0.35,0.32,136725,137301,125865
35630860,-7.5950,7.0700,103.5825,-0.1220,0.0406,0.9667,0.37,0.36,0.32,136908,137149,125874
35651368,-9.3100,7.6300,103.0400,-0.1220,0.0281,0.9645,0.36,0.37,0.32,137104,137005,125855
35670896,-15.3475,8.3125,101.7100,-0.1200,0.0171,0.9609,0.35,0.38,0.32,137284,136856,125852
35691408,-19.5475,8.3825,99.5225,-0.1153,0.0076,0.9582,0.34,0.39,0.32,137434,136655,125834
35710936,-15.2425,8.1025,96.9850,-0.1091,-0.0015,0.9606,0.33,0.40,0.32,137575,136499,125827
35731444,-1.9775,7.6300,93.5025,-0.0998,-0.0098,0.9719,0.32,0.41,0.32,137718,136343,125847
35750976,-0.4375,7.2100,90.9475,-0.0959,-0.0110,0.9786,0.31,0.41,0.32,137842,136208,125846
35771484,-9.9925,6.9125,88.0775,-0.0949,-0.0110,0.9815,0.30,0.42,0.32,137974,136033,125818
35791016,-24.6050,6.1600,84.4900,-0.0948,-0.0117,0.9823,0.29,0.43,0.32,138064,135831,125793
35811524,-26.4775,4.5850,80.2375,-0.0927,-0.0184,0.9880,0.28,0.43,0.32,138151,135644,125788
35831056,-20.5450,2.8000,73.8325,-0.0874,-0.0348,0.9988,0.27,0.44,0.32,138226,135484,125774
35851560,-20.2650,2.0475,69.2125,-0.0834,-0.0475,1.0038,0.26,0.44,0.33,138317,135311,125732
35871092,-23.5025,1.5225,64.1900,-0.0791,-0.0586,1.0071,0.25,0.45,0.33,138390,135162,125732
35891600,-23.5725,0.7350,58.6250,-0.0764,-0.0722,1.0105,0.24,0.45,0.33,138438,134999,125730
35911132,-23.3625,0.2800,53.0425,-0.0744,-0.0860,1.0138,0.23,0.45,0.33,138482,134869,125728
35931640,-13.6675,-0.5950,47.5125,-0.0725,-0.1074,1.0216,0.23,0.45,0.33,138515,134776,125725
35951172,-3.2550,-1.2950,38.2375,-0.0655,-0.1370,1.0350,0.22,0.46,0.33,138557,134699,125722
35971680,-4.8300,-1.6100,31.5000,-0.0641,-0.1557,1.0422,0.22,0.46,0.33,138610,134622,125708
35991208,-17.3600,-1.4350,24.0975,-0.0626,-0.1688,1.0464,0.21,0.46,0.33,138611,134540,125711
36011720,-26.9850,-1.4175,16.3275,-0.0598,-0.1848,1.0525,0.21,0.46,0.33,138608,134450,125699
36031248,-24.7275,-1.7325,8.3125,-0.0566,-0.2089,1.0626,0.20,0.46,0.33,138611,134405,125685
36051756,-9.6250,-2.5550,-5.4075,-0.0520,-0.2377,1.0814,0.20,0.46,0.33,138617,134417,125667
36071288,-0.9800,-2.9575,-15.7850,-0.0388,-0.2811,1.0951,0.21,0.46,0.33,138617,134453,125664
36090820,-2.3100,-3.0800,-27.0550,-0.0298,-0.3060,1.1056,0.21,0.46,0.33,138596,134502,125670
36111328,-8.5050,-3.1150,-39.0950,-0.0182,-0.3255,1.1131,0.21,0.46,0.33,138549,134558,125672
36130860,-6.1775,-3.5000,-50.3300,-0.0089,-0.3418,1.1207,0.22,0.45,0.33,138513,134654,125679
36151368,-2.0300,-3.9025,-60.7950,-0.0001,-0.3536,1.1247,0.23,0.45,0.33,138462,134783,125666
36170896,-0.8925,-4.2875,-70.8750,0.0066,-0.3617,1.1235,0.24,0.45,0.33,138412,134933,125676
36191408,5.2150,-5.4775,-84.6125,0.0098,-0.3723,1.1168,0.25,0.44,0.33,138327,135105,125669
36210936,21.7525,-7.3325,-93.1525,0.0057,-0.3793,1.1163,0.26,0.44,0.33,138227,135324,125708
36231444,43.2775,-10.3075,-101.3250,-0.0026,-0.3825,1.1178,0.28,0.43,0.32,138102,135613,125764
36250976,50.4350,-13.5625,-109.4625,-0.0121,-0.3748,1.1129,0.29,0.42,0.32,137994,135890,125794
36271484,38.5525,-16.2400,-117.2675,-0.0190,-0.3556,1.0998,0.31,0.41,0.32,137856,136166,125836
36291016,27.3700,-19.2150,-126.4375,-0.0327,-0.3233,1.0864,0.33,0.40,0.32,137689,136404,125863
36311524,29.3125,-21.2975,-131.1975,-0.0512,-0.3052,1.0838,0.34,0.39,0.31,137483,136649,125912
36331056,26.0925,-23.4500,-135.5375,-0.0748,-0.2884,1.0785,0.35,0.38,0.31,137277,136875,125934
36351560,9.8525,-24.8325,-140.0000,-0.0961,-0.2699,1.0653,0.37,0.36,0.32,137051,137070,125902
36371092,-12.1275,-24.4825,-144.3050,-0.1124,-0.2477,1.0470,0.37,0.35,0.32,136814,137204,125854
36391600,-29.0325,-22.3300,-147.6125,-0.1265,-0.2263,1.0280,0.38,0.33,0.32,136536,137295,125769
36411132,-37.9400,-17.6925,-151.3925,-0.1459,-0.2056,1.0041,0.38,0.32,0.33,136251,137341,125675
36431640,-37.0125,-14.4900,-153.1600,-0.1595,-0.1981,0.9933,0.39,0.30,0.34,135938,137392,125577
36451172,-38.5700,-11.2175,-154.1225,-0.1713,-0.1875,0.9834,0.39,0.28,0.34,135640,137419,125453
36471680,-37.8175,-8.0850,-153.0025,-0.1825,-0.1751,0.9734,0.39,0.26,0.35,135320,137435,125326
36491208,-35.4200,-4.6200,-148.8725,-0.1943,-0.1510,0.9631,0.39,0.24,0.36,135022,137414,125220
36511720,-22.8025,0.0175,-137.3400,-0.2081,-0.1193,0.9518,0.39,0.22,0.36,134730,137387,125128
36531248,-9.0300,0.9100,-129.6400,-0.2307,-0.0773,0.9370,0.39,0.21,0.37,134460,137387,125061
36551756,5.7225,0.2625,-122.5000,-0.2358,-0.0673,0.9334,0.39,0.19,0.37,134201,137409,125006
36571288,15.0325,-0.6475,-116.1475,-0.2285,-0.0593,0.9316,0.39,0.18,0.37,133972,137457,124990
36590820,28.1400,-1.4525,-109.7775,-0.2196,-0.0451,0.9337,0.39,0.16,0.37,133760,137498,124993
36621092,59.7625,-2.4325,-99.0325,-0.2124,-0.0153,0.9462,0.40,0.15,0.37,133462,137684,125083
36641600,68.6000,-2.5900,-86.8525,-0.1972,0.0281,0.9534,0.41,0.13,0.36,133279,137778,125140
36661132,46.9175,-1.4350,-77.1225,-0.1862,0.0708,0.9499,0.41,0.13,0.36,133134,137822,125189
36681640,19.2325,0.0350,-66.6050,-0.1821,0.1166,0.9444,0.41,0.12,0.36,132997,137811,125143
36701172,3.1150,1.1725,-55.1600,-0.1804,0.1542,0.9455,0.41,0.11,0.36,132892,137784,125124
36721680,6.0900,1.5575,-43.7850,-0.1752,0.1826,0.9556,0.41,0.11,0.36,132808,137813,125130
36741208,16.2750,1.6625,-33.1800,-0.1673,0.2084,0.9665,0.41,0.10,0.36,132751,137821,125135
36761720,8.3300,1.5400,-19.1975,-0.1554,0.2462,0.9736,0.41,0.10,0.36,132714,137809,125128
36781248,-1.4175,0.9625,-11.5500,-0.1470,0.2636,0.9764,0.41,0.10,0.36,132702,137792,125129
36801756,-4.1125,0.2450,-5.3025,-0.1344,0.2728,0.9797,0.41,0.10,0.37,132693,137798,125090
36821288,2.4500,-0.8925,0.1225,-0.1197,0.2757,0.9826,0.41,0.10,0.36,132705,137814,125092
36840820,10.9200,-1.9775,4.9875,-0.1032,0.2765,0.9845,0.41,0.10,0.36,132721,137839,125130
36861328,16.3975,-3.1500,11.2000,-0.0838,0.2766,0.9870,0.42,0.10,0.36,132767,137872,125170
36880860,14.4200,-3.2375,15.2775,-0.0547,0.2797,0.9882,0.42,0.11,0.36,132804,137901,125182
36901368,14.3325,-2.8525,19.2850,-0.0439,0.2835,0.9931,0.42,0.11,0.36,132849,137958,125203
36920896,12.1800,-2.3275,23.7300,-0.0386,0.2862,0.9986,0.42,0.11,0.36,132905,137995,125225
36941408,2.9050,-1.0150,28.5775,-0.0312,0.2919,1.0016,0.42,0.12,0.36,132975,137995,125238
36960936,-5.8275,0.4375,33.7750,-0.0261,0.2991,1.0026,0.42,0.12,0.36,133053,137982,125237
36981444,-9.5200,2.9750,42.7700,-0.0251,0.3088,1.0039,0.42,0.13,0.36,133143,137969,125246
37000976,-12.2675,4.6025,49.0175,-0.0244,0.3113,1.0033,0.42,0.13,0.36,133238,137970,125229
37021484,-19.6175,6.3350,54.8100,-0.0237,0.3113,1.0019,0.42,0.14,0.36,133350,137960,125214
37041016,-26.2850,7.9450,60.0950,-0.0248,0.3087,1.0006,0.42,0.15,0.36,133461,137908,125185
37061524,-28.4725,8.9425,65.0650,-0.0246,0.3020,1.0006,0.41,0.15,0.36,133593,137845,125172
37081056,-26.0225,9.5200,69.6325,-0.0255,0.2934,1.0014,0.41,0.16,0.36,133722,137811,125161
37101560,-19.9325,9.6775,75.2150,-0.0309,0.2772,1.0014,0.41,0.17,0.36,133869,137788,125168
37121092,-21.7525,9.8000,77.9800,-0.0307,0.2629,0.9984,0.41,0.18,0.36,134013,137763,125149
37141600,-23.5725,9.8350,80.0975,-0.0288,0.2461,0.9948,0.40,0.19,0.36,134171,137699,125147
37161132,-19.9850,9.6250,82.3900,-0.0276,0.2269,0.9923,0.40,0.20,0.36,134332,137657,125157
37181640,-13.6325,9.3800,85.1725,-0.0253,0.2069,0.9905,0.40,0.21,0.36,134500,137621,125173
37201172,-9.6950,9.5025,88.3925,-0.0215,0.1891,0.9875,0.40,0.22,0.36,134666,137591,125194
37221680,-8.4700,9.3800,92.9775,-0.0248,0.1635,0.9805,0.40,0.23,0.36,134855,137572,125204
37241208,-9.0475,8.9075,95.2700,-0.0310,0.1493,0.9760,0.39,0.24,0.36,135030,137519,125247
37261720,-6.5275,8.4175,97.2650,-0.0360,0.1392,0.9721,0.39,0.25,0.35,135221,137455,125268
37281248,-1.1200,7.9100,99.3650,-0.0422,0.1261,0.9695,0.39,0.27,0.35,135416,137422,125324
37301756,3.9550,7.8750,101.1500,-0.0483,0.1071,0.9701,0.38,0.28,0.35,135622,137378,125359
37321288,4.7775,7.6650,103.0750,-0.0508,0.0892,0.9714,0.38,0.29,0.35,135820,137320,125390
37340820,4.4800,7.4725,104.3175,-0.0548,0.0717,0.9701,0.38,0.30,0.34,136020,137267,125423
37361328,6.8425,6.8250,105.6650,-0.0606,0.0623,0.9677,0.37,0.31,0.34,136214,137171,125486
37380860,12.2150,6.1600,106.9075,-0.0671,0.0534,0.9662,0.37,0.33,0.34,136411,137114,125551
37401368,18.4275,5.8100,107.6075,-0.0765,0.0433,0.9660,0.37,0.34,0.33,136627,137053,125591
37420896,16.1525,6.2825,107.4150,-0.0848,0.0359,0.9664,0.36,0.35,0.33,136820,136976,125635
37441408,4.2525,6.7025,105.8225,-0.0900,0.0296,0.9660,0.35,0.36,0.33,137021,136853,125671
37460936,0.7875,6.1950,104.6500,-0.0913,0.0259,0.9675,0.34,0.37,0.33,137196,136714,125697
37481444,-2.3100,5.7400,103.3900,-0.0942,0.0185,0.9694,0.33,0.38,0.33,137368,136559,125707
37500976,-7.2275,5.6350,101.5875,-0.0949,0.0117,0.9719,0.33,0.39,0.33,137536,136419,125719
37521484,-8.1725,5.1975,99.3475,-0.0913,0.0062,0.9775,0.32,0.40,0.33,137701,136254,125721
37541016,-10.5700,4.6375,97.0025,-0.0874,0.0034,0.9832,0.31,0.41,0.33,137839,136084,125728
37561524,-21.0350,4.2525,94.1500,-0.0866,-0.0044,0.9878,0.29,0.42,0.33,137964,135864,125722
37581056,-28.0350,3.8150,91.9625,-0.0886,-0.0106,0.9887,0.28,0.43,0.33,138079,135655,125714
37601560,-34.0375,3.0450,89.1275,-0.0869,-0.0174,0.9881,0.27,0.44,0.33,138203,135420,125676
37631836,-36.6100,1.9600,84.7000,-0.0799,-0.0277,0.9870,0.24,0.44,0.33,138340,135082,125655
37652344,-27.5625,1.0500,80.1325,-0.0767,-0.0414,0.9902,0.23,0.45,0.33,138439,134902,125654
37671876,-23.4675,0.8050,76.2825,-0.0689,-0.0648,0.9959,0.22,0.46,0.33,138530,134715,125633
37692384,-19.9850,0.8400,72.3625,-0.0610,-0.0788,1.0004,0.21,0.46,0.33,138583,134536,125651
37711912,-15.4350,1.0150,68.7400,-0.0560,-0.0947,1.0061,0.20,0.46,0.33,138630,134378,125653
37732420,-15.4000,1.3825,64.8375,-0.0559,-0.1149,1.0114,0.19,0.46,0.33,138671,134212,125667
37751952,-20.7200,1.8200,59.4475,-0.0589,-0.1385,1.0163,0.18,0.47,0.33,138721,134078,125642
37772460,-19.2850,1.5575,49.4900,-0.0569,-0.1770,1.0274,0.18,0.47,0.33,138764,133954,125640
37791992,-7.0700,1.2775,42.7525,-0.0553,-0.2058,1.0372,0.17,0.47,0.33,138772,133857,125645
37812500,3.6225,1.2950,35.0350,-0.0542,-0.2373,1.0483,0.17,0.47,0.33,138777,133792,125662
37832032,3.4825,1.6625,26.2325,-0.0505,-0.2677,1.0591,0.16,0.47,0.33,138796,133753,125661
37852540,-6.0375,2.2925,16.0825,-0.0449,-0.2965,1.0685,0.16,0.47,0.33,138802,133725,125649
37872072,-11.9875,2.4850,5.1275,-0.0395,-0.3284,1.0785,0.16,0.47,0.33,138818,133703,125649
37892576,1.7850,1.1550,-11.8475,-0.0294,-0.3767,1.0962,0.16,0.47,0.33,138799,133746,125639
37912108,19.7225,-0.3325,-23.1525,-0.0220,-0.4037,1.1075,0.17,0.47,0.33,138786,133850,125680
37932616,34.0550,-1.9775,-34.1950,-0.0160,-0.4231,1.1158,0.18,0.47,0.33,138772,133995,125701
37952148,36.3825,-3.5875,-44.9225,-0.0134,-0.4309,1.1186,0.19,0.47,0.33,138769,134166,125696
37972656,23.5200,-4.8300,-55.5450,-0.0115,-0.4291,1.1146,0.20,0.47,0.33,138745,134305,125717
37992188,5.5650,-5.7925,-66.2550,-0.0083,-0.4210,1.1070,0.21,0.47,0.33,138708,134446,125733
38012696,-1.9075,-7.0875,-81.2700,-0.0040,-0.4070,1.0987,0.22,0.46,0.32,138645,134599,125759
38032224,8.2075,-8.1725,-89.7225,-0.0060,-0.4005,1.0975,0.23,0.46,0.32,138592,134806,125779
38052736,17.5350,-9.5725,-97.1950,-0.0139,-0.3953,1.0941,0.24,0.46,0.32,138529,135039,125792
38072264,18.3050,-10.8500,-104.6150,-0.0257,-0.3889,1.0868,0.26,0.45,0.32,138453,135260,125804
38091796,11.4450,-11.8300,-112.3325,-0.0381,-0.3799,1.0753,0.27,0.44,0.32,138343,135482,125831
38112304,20.2650,-13.8425,-122.7275,-0.0447,-0.3662,1.0654,0.29,0.43,0.32,138197,135743,125867
38131836,40.7400,-15.8200,-128.1875,-0.0605,-0.3407,1.0599,0.30,0.43,0.31,138049,136047,125927
38152344,56.3850,-18.6375,-131.7925,-0.0749,-0.3196,1.0582,0.33,0.42,0.31,137885,136401,125974
38171876,49.1750,-20.3875,-134.1725,-0.0897,-0.2930,1.0531,0.34,0.41,0.31,137709,136680,126022
38192384,19.5650,-20.6850,-136.4125,-0.1021,-0.2655,1.0411,0.35,0.39,0.31,137484,136863,126014
38211912,-26.6525,-17.9900,-139.4225,-0.1069,-0.2402,1.0216,0.36,0.38,0.32,137242,136949,125910
38232420,-72.5900,-10.1675,-144.0600,-0.1004,-0.2062,0.9941,0.36,0.36,0.32,136969,137014,125793
38251952,-63.5600,-4.9175,-145.1800,-0.0983,-0.1896,0.9887,0.37,0.34,0.33,136707,137074,125663
38272460,-32.6900,-1.2250,-143.8850,-0.1064,-0.1824,0.9909,0.37,0.33,0.34,136411,137191,125572
38291992,-7.5950,1.0325,-141.0850,-0.1224,-0.1786,0.9904,0.38,0.31,0.34,136119,137294,125523
38312500,-11.2875,2.6775,-138.3200,-0.1351,-0.1671,0.9809,0.38,0.29,0.34,135804,137336,125437
38332032,-39.7075,5.1450,-135.4500,-0.1430,-0.1480,0.9653,0.38,0.27,0.35,135521,137294,125281
38352540,-70.9275,9.6425,-128.0125,-0.1579,-0.1198,0.9429,0.38,0.25,0.36,135222,137217,125122
38372072,-61.2850,11.3750,-122.8325,-0.1668,-0.1137,0.9367,0.37,0.24,0.37,134948,137162,124996
38392576,-31.2025,11.4625,-117.6350,-0.1718,-0.1180,0.9384,0.37,0.22,0.38,134671,137139,124927
38412108,5.4950,10.5700,-112.1575,-0.1763,-0.1172,0.9425,0.37,0.21,0.38,134433,137194,124910
38432616,44.8175,8.5050,-105.6650,-0.1814,-0.1130,0.9495,0.38,0.19,0.37,134181,137331,124936
38452148,73.4125,6.7900,-98.1400,-0.1852,-0.1003,0.9571,0.39,0.18,0.37,133974,137524,125011
38472656,86.6775,4.6725,-84.8050,-0.1911,-0.0600,0.9678,0.40,0.17,0.36,133779,137699,125102
38492188,68.3025,4.2525,-74.1125,-0.1951,-0.0199,0.9682,0.41,0.16,0.36,133618,137791,125151
38512696,35.1925,4.8300,-62.5975,-0.1940,0.0270,0.9638,0.41,0.15,0.36,133470,137804,125165
38532224,11.7950,5.6350,-49.9450,-0.1930,0.0717,0.9628,0.41,0.14,0.36,133362,137807,125159
38552736,7.9275,6.3350,-37.0125,-0.1914,0.1091,0.9695,0.41,0.13,0.36,133270,137842,125139
38572264,16.3625,6.9300,-19.0925,-0.1867,0.1397,0.9798,0.41,0.13,0.36,133216,137866,125149
38591796,13.0550,7.2625,-8.5925,-0.1781,0.1759,0.9880,0.42,0.13,0.36,133181,137877,125171
38612304,5.6875,7.1750,0.8400,-0.1688,0.1913,0.9895,0.42,0.13,0.36,133175,137873,125148
38642576,2.3625,6.2125,13.3525,-0.1495,0.2014,0.9904,0.42,0.13,0.36,133197,137881,125156
38662108,6.2300,5.3200,20.4400,-0.1357,0.2024,0.9908,0.42,0.13,0.36,133229,137908,125183
38682616,13.9475,3.3950,28.3500,-0.1230,0.2017,0.9930,0.42,0.13,0.36,133279,137960,125211
38702148,28.0350,2.1700,32.2700,-0.1093,0.2008,1.0006,0.42,0.14,0.35,133349,138033,125264
38722656,28.0875,1.4875,35.6825,-0.1037,0.2033,1.0059,0.43,0.14,0.35,133419,138119,125302
38742188,19.3375,1.2600,38.6225,-0.0977,0.2076,1.0109,0.43,0.15,0.35,133509,138142,125324
38762696,6.4750,0.9975,41.1775,-0.0917,0.2140,1.0141,0.43,0.15,0.35,133601,138132,125363
38782224,-5.2675,0.5075,43.4175,-0.0850,0.2208,1.0159,0.43,0.16,0.35,133703,138128,125342
38802736,-9.9925,-0.3850,46.8825,-0.0739,0.2286,1.0203,0.43,0.17,0.35,133815,138115,125341
38822264,-5.0575,-0.8750,49.9100,-0.0694,0.2305,1.0249,0.43,0.17,0.35,133936,138125,125346
38841796,-0.7000,-1.2075,53.6375,-0.0656,0.2266,1.0293,0.43,0.18,0.35,134060,138109,125375
38862304,-2.5025,-1.0850,57.3650,-0.0603,0.2209,1.0315,0.43,0.19,0.35,134203,138087,125388
38881836,-8.2950,-0.7700,60.8125,-0.0556,0.2178,1.0318,0.43,0.20,0.35,134347,138051,125402
38902344,-11.0775,-1.0500,64.1200,-0.0523,0.2144,1.0311,0.42,0.21,0.35,134505,138031,125378
38921876,-15.0850,-1.4000,68.9150,-0.0490,0.2089,1.0287,0.42,0.22,0.35,134673,137985,125386
38942384,-17.0975,-1.7150,71.3650,-0.0425,0.1983,1.0238,0.42,0.23,0.35,134851,137918,125380
38961912,-18.4975,-1.8725,73.3425,-0.0404,0.1914,1.0204,0.41,0.24,0.35,135012,137841,125395
38982420,-18.0075,-1.8900,75.2850,-0.0407,0.1819,1.0160,0.41,0.25,0.35,135204,137766,125392
39001952,-15.2600,-1.9250,77.5775,-0.0416,0.1685,1.0099,0.41,0.26,0.35,135375,137713,125394
39022460,-11.3400,-1.6275,80.1500,-0.0406,0.1527,1.0021,0.40,0.27,0.35,135568,137647,125392
39041992,-5.8800,-0.8575,83.8950,-0.0356,0.1326,0.9892,0.40,0.29,0.34,135747,137584,125445
39062500,0.0700,-0.3150,86.2400,-0.0337,0.1205,0.9823,0.39,0.30,0.34,135949,137510,125469
39082032,3.3250,0.5600,88.4450,-0.0351,0.1108,0.9750,0.39,0.31,0.34,136127,137445,125513
39102540,5.3900,1.7500,90.7375,-0.0368,0.1009,0.9693,0.39,0.32,0.34,136327,137391,125550
39122072,10.5875,3.1150,93.2575,-0.0384,0.0885,0.9670,0.38,0.33,0.33,136514,137338,125596
39142576,14.0525,4.7075,95.8475,-0.0377,0.0803,0.9626,0.38,0.34,0.33,136703,137248,125638
39162108,10.7450,6.9125,96.4600,-0.0377,0.0781,0.9509,0.37,0.35,0.33,136883,137160,125696
39182616,9.1000,8.0500,97.0200,-0.0403,0.0749,0.9461,0.37,0.37,0.33,137062,137058,125738
39202148,11.7075,9.2925,97.7200,-0.0455,0.0653,0.9475,0.36,0.38,0.32,137240,136971,125764
39222656,13.4225,10.8675,98.0700,-0.0481,0.0539,0.9515,0.35,0.39,0.32,137414,136874,125802
39242188,13.0375,12.3725,97.6675,-0.0445,0.0471,0.9565,0.35,0.40,0.32,137570,136764,125827
39262696,10.4300,14.0875,96.0050,-0.0364,0.0417,0.9651,0.34,0.41,0.32,137708,136617,125863
39282224,3.3425,15.1200,94.1150,-0.0334,0.0373,0.9704,0.33,0.41,0.32,137846,136477,125861
39302736,-5.7575,15.5400,90.9650,-0.0339,0.0315,0.9762,0.32,0.42,0.32,137981,136320,125848
39322264,-14.4550,15.3650,86.6950,-0.0361,0.0223,0.9831,0.31,0.43,0.32,138097,136164,125834
39341796,-19.1800,14.8400,81.8300,-0.0379,0.0098,0.9902,0.30,0.43,0.32,138179,135978,125812
39362304,-18.3050,14.2975,77.3150,-0.0384,-0.0039,0.9959,0.29,0.44,0.32,138259,135794,125803
39381836,-11.0950,13.7375,72.1175,-0.0382,-0.0201,0.9994,0.28,0.44,0.32,138323,135656,125791
39402344,-1.0325,13.5975,69.0900,-0.0327,-0.0405,1.0050,0.27,0.45,0.32,138406,135536,125787
39421876,10.0975,13.9125,66.6575,-0.0292,-0.0468,1.0077,0.27,0.45,0.32,138472,135451,125791
39442384,15.0325,14.5250,64.4875,-0.0309,-0.0523,1.0087,0.26,0.45,0.32,138523,135341,125810
39461912,13.1250,15.4700,61.5125,-0.0354,-0.0576,1.0102,0.25,0.46,0.32,138554,135240,125815
39482420,9.5900,16.1175,57.5225,-0.0405,-0.0617,1.0136,0.25,0.46,0.32,138582,135156,125810
39501952,5.1800,16.3450,51.0825,-0.0488,-0.0678,1.0167,0.24,0.46,0.32,138627,135063,125786
39522460,4.4625,16.1700,47.2325,-0.0531,-0.0748,1.0199,0.24,0.46,0.32,138656,134987,125777
39541992,7.3325,15.7500,42.8925,-0.0566,-0.0893,1.0283,0.23,0.46,0.32,138665,134919,125793
39562500,10.2550,14.8925,37.2225,-0.0595,-0.1066,1.0397,0.23,0.46,0.32,138652,134856,125779
39582032,6.7725,13.7550,30.1700,-0.0604,-0.1231,1.0499,0.23,0.46,0.32,138653,134812,125761
39602540,1.8550,11.9000,17.9550,-0.0590,-0.1408,1.0598,0.23,0.46,0.32,138666,134784,125754
39622072,-0.1400,7.8750,9.5725,-0.0595,-0.1693,1.0764,0.23,0.46,0.33,138675,134772,125728
39652344,4.6200,3.4300,-3.8500,-0.0551,-0.1992,1.0920,0.23,0.46,0.33,138658,134795,125739
39671876,16.4500,0.1400,-12.7050,-0.0481,-0.2150,1.1045,0.23,0.46,0.32,138662,134863,125759
39692384,25.4800,-3.0800,-20.9825,-0.0442,-0.2242,1.1165,0.24,0.46,0.32,138651,134951,125798
39711912,19.1450,-5.8800,-29.5400,-0.0417,-0.2245,1.1240,0.24,0.46,0.32,138625,135051,125831
39732420,-4.6900,-5.3550,-28.7175,-0.1749,-0.1314,1.1065,0.25,0.46,0.32,138592,135103,125843
39751952,0.4725,-7.2450,-34.2125,-0.1359,-0.1181,1.1042,0.25,0.46,0.32,138572,135149,125840
39772460,-2.4850,-7.9450,-36.6800,-0.1325,-0.0985,1.0887,0.25,0.46,0.32,138555,135201,125822
39791992,-17.7450,-7.5075,-41.8950,-0.1305,-0.0963,1.0879,0.25,0.45,0.32,138506,135241,125819
39812500,-30.0650,-8.6975,-49.5075,-0.1143,-0.1017,1.0882,0.26,0.45,0.32,138445,135263,125806
39832032,-37.1175,-10.5700,-58.3100,-0.1075,-0.1131,1.0884,0.26,0.45,0.32,138399,135304,125788
39852540,-20.7900,-14.3850,-68.7575,-0.0832,-0.1401,1.0925,0.27,0.44,0.32,138355,135417,125773
39872072,-1.4525,-18.1300,-74.8125,-0.0660,-0.1519,1.0970,0.27,0.44,0.32,138311,135544,125810
39892576,-3.3075,-21.1750,-80.9900,-0.0586,-0.1564,1.0962,0.28,0.44,0.32,138236,135676,125822
39912108,-11.8825,-23.2750,-87.1500,-0.0593,-0.1606,1.0919,0.29,0.43,0.32,138157,135780,125832
39932616,-18.6900,-24.6400,-93.5025,-0.0605,-0.1706,1.0860,0.29,0.43,0.32,138064,135905,125829
39952148,-15.6800,-25.9000,-102.9175,-0.0578,-0.1840,1.0798,0.30,0.42,0.32,137977,136065,125844
39972656,15.8900,-27.1950,-108.6575,-0.0534,-0.2069,1.0784,0.32,0.41,0.32,137868,136302,125880
39992188,36.4700,-28.7175,-113.9250,-0.0542,-0.2172,1.0804,0.33,0.41,0.31,137724,136544,125951
40012696,38.2025,-29.4700,-118.6500,-0.0573,-0.2214,1.0777,0.35,0.40,0.31,137547,136770,126011
40032224,18.2175,-28.4550,-123.0075,-0.0589,-0.2203,1.0675,0.36,0.38,0.31,137368,136940,126012
40052736,-11.5150,-25.7775,-127.5750,-0.0562,-0.2156,1.0494,0.37,0.37,0.31,137160,137080,125959
40072264,-37.0125,-19.1800,-133.6475,-0.0486,-0.2114,1.0199,0.37,0.36,0.32,136935,137187,125877
40091796,-29.0500,-14.9800,-136.3950,-0.0454,-0.2150,1.0045,0.38,0.34,0.32,136687,137291,125831
40112304,-6.7200,-11.7950,-137.6550,-0.0460,-0.2234,0.9947,0.39,0.32,0.32,136396,137435,125802
40131836,20.9475,-10.0625,-137.2000,-0.0505,-0.2316,0.9873,0.40,0.31,0.32,136118,137618,125802
40152344,40.9150,-9.0825,-135.0825,-0.0622,-0.2273,0.9771,0.41,0.29,0.32,135821,137826,125826
40171876,39.4275,-8.2075,-132.9650,-0.0773,-0.2033,0.9609,0.42,0.27,0.32,135535,137980,125822
40192384,10.6400,-7.0525,-130.8825,-0.1003,-0.1542,0.9362,0.43,0.25,0.32,135218,138065,125773
40211912,-6.5100,-5.9325,-129.4125,-0.1119,-0.1272,0.9284,0.43,0.24,0.33,134925,138094,125704
40232420,-7.3675,-5.5300,-128.3800,-0.1249,-0.1064,0.9304,0.43,0.22,0.33,134609,138130,125647
40251952,10.3250,-6.7200,-126.5250,-0.1462,-0.0893,0.9405,0.44,0.20,0.33,134328,138206,125628
40272460,32.1125,-9.5025,-122.2200,-0.1786,-0.0662,0.9506,0.44,0.18,0.33,134059,138310,125643
40291992,48.8775,-12.8975,-115.8150,-0.2062,-0.0355,0.9621,0.45,0.17,0.33,133816,138400,125710
40312500,67.3225,-17.0800,-104.2125,-0.2257,0.0174,0.9782,0.45,0.15,0.32,133601,138493,125783
40332032,52.9550,-16.9750,-95.0600,-0.2290,0.0666,0.9801,0.46,0.14,0.32,133410,138536,125805
40352540,15.3650,-14.5775,-84.1575,-0.2289,0.1226,0.9715,0.45,0.13,0.32,133238,138501,125757
40372072,-20.5100,-10.7625,-72.2750,-0.2268,0.1747,0.9609,0.45,0.12,0.33,133103,138441,125653
40392576,-32.0775,-6.9300,-59.3600,-0.2212,0.2120,0.9550,0.44,0.12,0.34,132991,138350,125570
40412108,-17.2025,-4.1650,-38.4475,-0.2126,0.2357,0.9572,0.44,0.11,0.34,132912,138313,125550
40432616,4.1475,-0.7350,-24.3075,-0.1976,0.2693,0.9621,0.44,0.11,0.34,132865,138294,125536
40452148,5.3025,1.0325,-11.1300,-0.1847,0.2927,0.9601,0.44,0.11,0.34,132842,138303,125519
40472656,5.4600,2.4675,0.6650,-0.1717,0.3115,0.9601,0.44,0.11,0.34,132851,138335,125529
40492188,12.2850,2.9925,10.9200,-0.1585,0.3227,0.9636,0.45,0.11,0.34,132884,138366,125569
40512696,19.9850,2.9050,19.3375,-0.1440,0.3283,0.9675,0.45,0.11,0.33,132936,138403,125604
40532224,24.9375,2.8700,29.3475,-0.1243,0.3316,0.9743,0.45,0.12,0.33,132994,138462,125660
40552736,19.6700,3.1500,34.4050,-0.1131,0.3350,0.9777,0.45,0.12,0.33,133076,138513,125679
40572264,7.7175,3.9550,38.3250,-0.1015,0.3388,0.9800,0.46,0.13,0.33,133157,138541,125707
40591796,0.2800,4.8475,41.7375,-0.0905,0.3383,0.9847,0.46,0.13,0.33,133257,138551,125715
40612304,0.2800,5.1450,45.2900,-0.0822,0.3343,0.9925,0.46,0.14,0.32,133352,138546,125755
40631836,4.2700,5.1450,48.6675,-0.0793,0.3306,1.0015,0.46,0.15,0.32,133466,138564,125776
40662108,3.1850,4.6025,55.6850,-0.0800,0.3296,1.0106,0.46,0.16,0.32,133658,138590,125815
40682616,-9.1000,5.4425,59.2025,-0.0804,0.3337,1.0094,0.46,0.17,0.32,133801,138551,125811
40702148,-22.8725,6.5275,62.5275,-0.0780,0.3362,1.0070,0.45,0.18,0.32,133942,138512,125774
40722656,-28.1225,6.7725,65.5725,-0.0778,0.3318,1.0048,0.45,0.19,0.33,134105,138453,125747
40742188,-26.0750,6.9300,68.6700,-0.0704,0.3173,1.0043,0.45,0.19,0.33,134259,138388,125723
40762696,-24.9725,7.2100,73.3250,-0.0637,0.2948,0.9995,0.44,0.21,0.33,134431,138309,125712
40782224,-25.1125,7.4025,76.1250,-0.0604,0.2813,0.9953,0.44,0.22,0.33,134597,138236,125688
40802736,-25.9875,7.7875,78.6450,-0.0549,0.2693,0.9910,0.43,0.23,0.33,134785,138179,125671
40822264,-25.9000,8.0150,81.3050,-0.0478,0.2583,0.9884,0.43,0.24,0.33,134957,138097,125648
40841796,-23.8700,7.9275,83.8425,-0.0407,0.2457,0.9872,0.42,0.25,0.33,135131,138019,125636
40862304,-22.4525,7.9100,86.3100,-0.0372,0.2302,0.9844,0.42,0.26,0.33,135332,137904,125635
40881836,-26.9675,8.1200,89.5650,-0.0386,0.2067,0.9745,0.41,0.27,0.33,135512,137784,125621
40902344,-32.4450,7.9450,91.5425,-0.0403,0.1893,0.9675,0.40,0.28,0.33,135702,137656,125591
40921876,-37.9925,7.4900,93.3100,-0.0397,0.1693,0.9623,0.39,0.29,0.34,135902,137518,125532
40942384,-41.8600,7.0875,94.8675,-0.0397,0.1488,0.9595,0.38,0.31,0.34,136088,137344,125505
40961912,-40.2850,6.0025,96.4075,-0.0389,0.1277,0.9584,0.37,0.32,0.34,136267,137175,125484
40982420,-34.2300,4.5325,97.7900,-0.0387,0.1050,0.9601,0.36,0.33,0.34,136457,137018,125471
41001952,-25.0775,2.2225,98.9800,-0.0439,0.0709,0.9650,0.35,0.34,0.34,136643,136867,125468
41022460,-24.9375,0.7875,98.2800,-0.0488,0.0508,0.9672,0.34,0.35,0.34,136839,136717,125448
41041992,-27.7725,-1.1025,96.4075,-0.0508,0.0346,0.9675,0.33,0.36,0.34,137005,136545,125450
41062500,-25.4975,-3.0625,94.6225,-0.0522,0.0185,0.9684,0.32,0.37,0.34,137164,136350,125460
41082032,-15.7500,-4.8125,93.6250,-0.0522,0.0010,0.9712,0.31,0.38,0.34,137326,136208,125472
41102540,-2.1175,-5.8800,93.8350,-0.0512,-0.0220,0.9754,0.31,0.39,0.34,137498,136070,125494
41122072,-2.5200,-6.1425,92.9425,-0.0488,-0.0333,0.9764,0.30,0.40,0.34,137658,135938,125526
41142576,-7.9450,-6.3350,90.7550,-0.0420,-0.0398,0.9769,0.29,0.41,0.34,137797,135763,125542
41162108,-10.8500,-6.6325,88.2000,-0.0350,-0.0440,0.9781,0.28,0.42,0.34,137917,135592,125568
41182616,-12.2325,-6.8250,86.6250,-0.0317,-0.0503,0.9781,0.27,0.43,0.33,138046,135419,125586
41202148,-15.7150,-6.5975,85.6800,-0.0288,-0.0611,0.9769,0.25,0.43,0.33,138172,135249,125590
41222656,-21.4375,-6.6850,82.1800,-0.0185,-0.0820,0.9775,0.24,0.44,0.33,138289,135052,125588
41242188,-21.4025,-7.3150,78.8900,-0.0078,-0.0955,0.9825,0.23,0.45,0.33,138379,134873,125614
41262696,-21.0350,-7.9625,75.6525,-0.0013,-0.1086,0.9850,0.22,0.45,0.33,138466,134669,125636
41282224,-23.3100,-8.2600,72.8700,0.0034,-0.1215,0.9838,0.21,0.46,0.33,138545,134485,125648
41302736,-26.4075,-8.3825,70.2800,0.0068,-0.1360,0.9794,0.20,0.46,0.33,138638,134308,125658
41322264,-24.8850,-8.2250,67.5150,0.0098,-0.1535,0.9801,0.19,0.47,0.33,138713,134143,125664
41341796,-8.0500,-8.4525,62.8600,0.0133,-0.1826,0.9904,0.18,0.47,0.33,138768,134012,125689
41362304,-2.6425,-7.8575,59.9200,0.0145,-0.1986,0.9952,0.17,0.47,0.33,138815,133877,125736
41381836,-1.8550,-7.1225,56.9275,0.0150,-0.2113,0.9982,0.16,0.47,0.32,138850,133749,125750
41402344,-0.9625,-6.3700,53.7075,0.0127,-0.2279,1.0020,0.16,0.48,0.32,138907,133645,125777
41421876,-2.4150,-5.6175,49.5250,0.0087,-0.2460,1.0049,0.15,0.48,0.32,138953,133566,125789
41442384,-2.3450,-4.9000,44.2400,0.0039,-0.2652,1.0091,0.15,0.48,0.32,138978,133476,125803
41461912,-0.2625,-3.4125,35.8575,0.0022,-0.2896,1.0172,0.14,0.48,0.32,138981,133404,125832
41482420,-0.1400,-2.1700,30.3450,-0.0023,-0.3072,1.0227,0.14,0.48,0.32,138993,133331,125831
41501952,-3.5000,-0.9450,24.1675,-0.0095,-0.3273,1.0259,0.13,0.48,0.32,139014,133282,125841
41522460,-9.1175,0.4900,16.8700,-0.0138,-0.3479,1.0296,0.13,0.49,0.32,139027,133235,125827
41541992,-13.3525,1.7325,7.8400,-0.0143,-0.3675,1.0346,0.13,0.48,0.32,139015,133209,125830
41562500,-10.1850,2.3975,-8.0675,-0.0107,-0.4006,1.0462,0.13,0.48,0.32,138994,133206,125826
41582032,-1.7325,2.2575,-18.5500,-0.0066,-0.4275,1.0532,0.13,0.48,0.32,138981,133243,125824
41602540,7.5600,2.0125,-28.9450,0.0000,-0.4526,1.0597,0.14,0.48,0.32,138979,133348,125796
41622072,16.8000,1.4000,-39.5675,0.0055,-0.4702,1.0673,0.15,0.48,0.32,138965,133485,125786
41642576,22.6100,0.7875,-50.4000,0.0087,-0.4792,1.0714,0.16,0.48,0.32,138927,133637,125800
41672852,12.0925,0.3850,-72.4325,0.0163,-0.4841,1.0665,0.17,0.48,0.32,138870,133894,125805
41693360,17.8500,-0.1225,-83.0550,0.0173,-0.4897,1.0659,0.18,0.47,0.32,138810,134095,125799
41712888,26.4600,-0.8400,-93.4325,0.0182,-0.4958,1.0632,0.20,0.47,0.32,138725,134334,125817
41733400,27.0375,-1.3650,-103.7400,0.0203,-0.4963,1.0586,0.22,0.46,0.32,138638,134599,125814
41752928,29.0500,-1.6625,-113.9950,0.0242,-0.4936,1.0569,0.23,0.46,0.32,138538,134899,125811
41773436,39.4275,-2.5725,-124.0225,0.0278,-0.4917,1.0585,0.25,0.45,0.32,138411,135240,125844
41792968,52.7625,-5.2500,-138.6350,0.0239,-0.4881,1.0631,0.27,0.44,0.32,138245,135567,125871
41813476,48.6500,-7.5600,-147.7875,0.0163,-0.4801,1.0638,0.30,0.42,0.32,138035,135910,125906
41833008,41.1250,-9.8350,-155.9425,0.0038,-0.4651,1.0609,0.32,0.41,0.31,137810,136236,125940
41853516,35.1750,-11.5325,-161.9975,-0.0133,-0.4459,1.0527,0.33,0.40,0.31,137563,136558,125940
41873048,28.2275,-12.4950,-166.0050,-0.0304,-0.4202,1.0372,0.35,0.38,0.31,137282,136840,125959
41893552,30.8000,-14.3150,-169.1550,-0.0586,-0.3760,1.0158,0.37,0.36,0.31,136972,137113,125971
41913084,30.9225,-15.3300,-169.6975,-0.0821,-0.3443,1.0042,0.38,0.34,0.31,136651,137340,125983
41933592,23.3975,-15.9950,-170.2225,-0.1118,-0.3082,0.9880,0.40,0.32,0.31,136308,137553,125965
41953124,20.4750,-16.1875,-169.1200,-0.1424,-0.2757,0.9717,0.41,0.30,0.31,135985,137753,125948
41973632,29.4175,-17.3075,-164.9900,-0.1728,-0.2486,0.9570,0.42,0.28,0.31,135640,137932,125945
41993164,33.1100,-18.4450,-158.3050,-0.1958,-0.2222,0.9394,0.43,0.26,0.31,135332,138053,125937
42013672,13.1425,-17.3600,-145.2150,-0.2126,-0.1681,0.9037,0.43,0.24,0.32,135007,138123,125887
42033204,0.8225,-13.0725,-134.3475,-0.2070,-0.1221,0.8862,0.43,0.22,0.32,134722,138165,125812
42053712,-4.1825,-6.5275,-122.3950,-0.1945,-0.0689,0.8806,0.43,0.21,0.33,134447,138194,125719
42073240,-5.8800,-0.4550,-107.4150,-0.1923,-0.0115,0.8750,0.43,0.19,0.33,134201,138187,125653
42093752,-18.3050,6.0200,-91.0175,-0.1856,0.0534,0.8664,0.43,0.18,0.34,133979,138134,125548
42113280,-33.3025,11.1825,-74.3925,-0.1869,0.1188,0.8605,0.43,0.17,0.34,133797,138064,125455
42132812,-36.1200,16.5550,-51.9400,-0.1963,0.1876,0.8791,0.42,0.16,0.35,133637,137990,125351
42153320,-25.2350,18.0250,-40.0400,-0.1959,0.2139,0.9062,0.42,0.15,0.35,133499,137941,125288
42172852,-22.6275,17.6750,-29.8900,-0.1942,0.2346,0.9282,0.42,0.14,0.36,133399,137891,125218
42193360,-26.7225,15.9425,-21.8925,-0.1911,0.2545,0.9429,0.41,0.14,0.36,133321,137804,125142
42212888,-32.8650,13.6325,-16.0825,-0.1854,0.2666,0.9514,0.41,0.13,0.37,133253,137733,125089
42233400,-29.0500,10.9375,-11.7600,-0.1748,0.2667,0.9611,0.40,0.13,0.37,133200,137673,125027
42252928,-11.5850,7.5250,-6.2125,-0.1537,0.2545,0.9750,0.40,0.13,0.37,133169,137666,125008
42273436,-1.4525,5.5825,-2.4325,-0.1391,0.2453,0.9820,0.40,0.13,0.37,133158,137678,124997
42292968,6.9300,3.9550,1.2600,-0.1252,0.2384,0.9882,0.40,0.13,0.37,133149,137691,125014
42313476,13.3875,2.3625,4.7425,-0.1122,0.2340,0.9942,0.41,0.13,0.37,133162,137717,125037
42333008,19.2500,1.2950,8.2075,-0.1008,0.2308,1.0019,0.41,0.13,0.37,133178,137771,125084
42353516,17.8150,1.1550,13.5625,-0.0882,0.2312,1.0143,0.41,0.13,0.36,133202,137824,125105
42373048,6.3350,1.9075,17.1150,-0.0803,0.2344,1.0193,0.41,0.13,0.36,133232,137833,125104
42393552,-2.8000,2.3975,20.7375,-0.0721,0.2349,1.0246,0.41,0.13,0.36,133281,137834,125105
42413084,-1.7325,2.1700,24.9550,-0.0699,0.2323,1.0324,0.41,0.14,0.36,133338,137831,125140
42433592,7.6300,1.5575,29.6450,-0.0727,0.2263,1.0407,0.41,0.14,0.36,133405,137863,125156
42453124,12.1100,1.2600,34.5275,-0.0695,0.2240,1.0440,0.42,0.15,0.36,133480,137916,125198
42473632,10.2025,1.2425,41.9300,-0.0733,0.2272,1.0463,0.42,0.15,0.36,133573,137937,125220
42493164,6.3700,1.5750,47.1800,-0.0770,0.2311,1.0466,0.42,0.16,0.36,133680,137953,125246
42513672,-0.1575,2.1525,52.6925,-0.0815,0.2362,1.0446,0.42,0.17,0.35,133804,137927,125272
42533204,-8.3825,2.8700,58.2050,-0.0842,0.2401,1.0416,0.42,0.17,0.35,133934,137916,125274
42553712,-13.9125,3.0975,63.6475,-0.0831,0.2389,1.0393,0.42,0.18,0.35,134077,137886,125266
42573240,-19.7925,3.1500,68.9150,-0.0824,0.2362,1.0353,0.41,0.19,0.36,134241,137833,125242
42593752,-29.4350,2.8175,76.3175,-0.0888,0.2281,1.0246,0.41,0.20,0.36,134412,137745,125227
42613280,-36.5050,2.7650,80.3775,-0.0887,0.2186,1.0172,0.40,0.21,0.36,134580,137637,125197
42632812,-38.2025,2.1700,83.9825,-0.0866,0.2040,1.0126,0.39,0.23,0.36,134762,137538,125173
42653320,-32.7425,1.2250,87.3075,-0.0847,0.1848,1.0100,0.39,0.24,0.36,134958,137448,125171
42683592,-15.8725,-0.3150,91.9625,-0.0798,0.1541,1.0089,0.38,0.26,0.36,135259,137322,125195
42703124,-4.3400,-1.5225,96.3200,-0.0705,0.1270,1.0070,0.38,0.27,0.36,135461,137263,125218
42723632,-4.3050,-1.8900,99.1375,-0.0688,0.1133,1.0037,0.37,0.28,0.36,135672,137201,125247
42743164,-9.3275,-2.4325,101.4825,-0.0681,0.1003,0.9997,0.37,0.29,0.35,135866,137085,125256
42763672,-18.4975,-3.0975,103.3025,-0.0667,0.0886,0.9955,0.36,0.31,0.35,136089,136934,125268
42783204,-28.7875,-4.0425,104.6325,-0.0653,0.0749,0.9894,0.35,0.32,0.35,136295,136777,125258
42803712,-31.7275,-5.1625,105.9450,-0.0649,0.0583,0.9850,0.34,0.33,0.35,136510,136626,125263
42823240,-16.2050,-7.6650,107.9400,-0.0689,0.0289,0.9819,0.33,0.34,0.35,136718,136495,125281
42843752,-9.0300,-8.8200,107.9575,-0.0704,0.0142,0.9765,0.32,0.36,0.35,136920,136330,125312
42863280,-7.7000,-9.6600,107.5025,-0.0725,0.0051,0.9687,0.31,0.37,0.35,137108,136179,125343
42882812,-4.3225,-10.2200,107.2225,-0.0760,-0.0040,0.9633,0.30,0.38,0.35,137291,136034,125395
42903320,6.3875,-10.7625,107.5375,-0.0793,-0.0188,0.9622,0.30,0.39,0.34,137494,135917,125444
42922852,13.8250,-10.7800,107.5900,-0.0783,-0.0325,0.9622,0.29,0.40,0.34,137680,135787,125495
42943360,13.8950,-10.0625,106.6450,-0.0720,-0.0421,0.9623,0.28,0.41,0.34,137841,135643,125566
42962888,22.5925,-9.9925,105.7175,-0.0669,-0.0460,0.9669,0.27,0.42,0.33,137994,135524,125625
42983400,39.9525,-10.0275,105.2100,-0.0659,-0.0540,0.9727,0.27,0.43,0.33,138140,135434,125699
43002928,46.9875,-8.9775,103.9325,-0.0664,-0.0633,0.9743,0.26,0.44,0.32,138297,135347,125763
43023436,38.9725,-7.4550,101.2025,-0.0664,-0.0749,0.9734,0.25,0.45,0.32,138439,135238,125815
43042968,26.0400,-5.8625,96.7925,-0.0676,-0.0920,0.9760,0.25,0.46,0.32,138539,135088,125858
43063476,3.4825,-3.5700,87.5700,-0.0671,-0.1193,0.9830,0.24,0.46,0.32,138619,134923,125881
43083008,-3.6050,-2.8875,79.7300,-0.0588,-0.1415,0.9919,0.23,0.47,0.32,138698,134761,125895
43103516,-2.9050,-2.5900,71.4875,-0.0465,-0.1647,1.0039,0.22,0.47,0.32,138777,134635,125907
43123048,4.3750,-2.3800,63.2450,-0.0350,-0.1911,1.0197,0.21,0.47,0.31,138835,134537,125913
43143552,2.6775,-2.2225,53.8825,-0.0270,-0.2172,1.0347,0.20,0.48,0.31,138859,134420,125925
43163084,-18.3575,-2.1700,37.5725,-0.0176,-0.2510,1.0521,0.20,0.48,0.32,138879,134307,125909
43183592,-19.8275,-3.3075,26.7750,-0.0096,-0.2738,1.0651,0.19,0.48,0.31,138897,134233,125926
43203124,-9.0650,-4.5675,16.7125,-0.0023,-0.2963,1.0765,0.19,0.48,0.32,138934,134219,125910
43223632,7.0875,-6.1950,6.8950,0.0054,-0.3148,1.0863,0.19,0.48,0.31,138953,134230,125932
43243164,16.5025,-7.5425,-2.5550,0.0115,-0.3246,1.0925,0.20,0.48,0.31,138958,134272,125963
43263672,11.9875,-8.0500,-11.8125,0.0137,-0.3273,1.0929,0.20,0.48,0.31,138930,134314,125986
43283204,-4.6900,-8.1900,-26.2500,0.0142,-0.3292,1.0907,0.20,0.48,0.31,138938,134350,125988
43303712,-4.1475,-8.2250,-36.1725,0.0160,-0.3337,1.0936,0.21,0.48,0.31,138928,134432,125985
43323240,7.8575,-8.7675,-45.3425,0.0195,-0.3377,1.0993,0.21,0.48,0.31,138917,134559,125996
43343752,18.3750,-9.2225,-54.2325,0.0227,-0.3375,1.1030,0.22,0.48,0.31,138873,134713,126047
43363280,18.7775,-9.0650,-63.1575,0.0251,-0.3323,1.1039,0.23,0.47,0.31,138809,134854,126034
43382812,8.0675,-8.2775,-72.3625,0.0284,-0.3250,1.1029,0.24,0.47,0.31,138747,134989,126052
43403320,-14.1400,-6.4225,-85.8725,0.0346,-0.3179,1.0987,0.25,0.46,0.31,138671,135148,126024
43422852,-19.8800,-5.2850,-94.1675,0.0379,-0.3192,1.0963,0.26,0.46,0.31,138586,135305,125982
43443360,-10.9025,-4.9700,-102.3050,0.0429,-0.3220,1.0970,0.27,0.45,0.31,138452,135478,125985
43462888,6.4925,-5.6350,-109.8825,0.0449,-0.3254,1.1024,0.28,0.44,0.31,138305,135689,125998
43483400,17.2025,-6.8950,-116.7775,0.0456,-0.3259,1.1063,0.30,0.43,0.31,138142,135930,125992
43502928,8.2775,-7.8750,-123.1300,0.0438,-0.3232,1.1018,0.31,0.42,0.31,137975,136126,125962
43523436,-31.3250,-6.8600,-133.2450,0.0414,-0.3148,1.0782,0.32,0.41,0.32,137772,136279,125894
43542968,-42.5950,-5.1800,-139.8950,0.0389,-0.3138,1.0612,0.33,0.39,0.32,137543,136402,125819
43563476,-23.0825,-3.8850,-145.5825,0.0334,-0.3181,1.0529,0.34,0.38,0.32,137276,136592,125791
43583008,18.2700,-4.7250,-149.1700,0.0248,-0.3200,1.0535,0.35,0.36,0.32,137020,136851,125801
43603516,39.8125,-6.4050,-151.4275,0.0121,-0.3134,1.0487,0.37,0.34,0.32,136722,137104,125785
43623048,-17.7275,-5.5300,-156.8000,-0.0087,-0.2795,1.0170,0.37,0.33,0.33,136426,137196,125667
43643552,-71.1200,-1.8200,-160.4575,-0.0283,-0.2536,0.9892,0.37,0.31,0.34,136087,137179,125492
43663084,-87.2725,2.4850,-161.4200,-0.0550,-0.2356,0.9636,0.37,0.29,0.35,135762,137104,125319
43693360,-54.1275,6.3525,-157.1850,-0.1048,-0.2155,0.9328,0.37,0.26,0.36,135261,137097,125105
43712888,-23.8350,6.9125,-152.5125,-0.1375,-0.2000,0.9185,0.37,0.24,0.37,134963,137149,125047
43733400,26.1800,4.2000,-143.5350,-0.1638,-0.1847,0.9130,0.38,0.22,0.37,134654,137252,125024
43752928,47.0050,1.8200,-135.3450,-0.1851,-0.1427,0.9100,0.39,0.20,0.37,134387,137389,125032
43773436,52.6400,0.9975,-125.0025,-0.1917,-0.0994,0.9026,0.39,0.19,0.37,134123,137535,125052
43792968,47.9675,1.6800,-113.1900,-0.1979,-0.0479,0.8911,0.40,0.17,0.37,133900,137618,125089
43813476,46.0425,3.2200,-100.7825,-0.2002,0.0015,0.8841,0.41,0.16,0.36,133683,137709,125123
43833008,47.9675,6.0025,-87.7450,-0.1972,0.0500,0.8886,0.41,0.15,0.36,133490,137803,125161
43853516,49.8925,9.3800,-64.6450,-0.2105,0.1266,0.9040,0.42,0.14,0.36,133331,137915,125194
43873048,42.2450,11.8300,-49.5425,-0.2178,0.1762,0.9212,0.42,0.13,0.36,133198,137975,125238
43893552,19.7925,14.1225,-36.0500,-0.2208,0.2184,0.9350,0.42,0.12,0.36,133095,137993,125251
43913084,-4.7775,15.9600,-24.2900,-0.2186,0.2506,0.9505,0.42,0.12,0.36,133019,137935,125226
43933592,-18.3575,16.6950,-14.2800,-0.2115,0.2699,0.9658,0.42,0.12,0.36,132961,137898,125165
43953124,-22.1375,15.8025,-5.8100,-0.1978,0.2794,0.9781,0.41,0.11,0.36,132913,137862,125118
43973632,-17.9725,11.7600,4.6900,-0.1732,0.2830,0.9922,0.41,0.11,0.36,132902,137840,125092
43993164,-7.2625,8.3650,10.2375,-0.1571,0.2789,1.0004,0.41,0.11,0.36,132910,137836,125092
44013672,4.6025,5.1975,14.4025,-0.1374,0.2699,1.0082,0.41,0.11,0.36,132929,137847,125107
44033204,13.5275,2.8350,17.4650,-0.1153,0.2600,1.0146,0.42,0.12,0.36,132967,137889,125145
44053712,18.4100,0.8925,19.9850,-0.0949,0.2529,1.0187,0.42,0.12,0.36,133004,137965,125165
44073240,23.0125,-0.4725,22.2425,-0.0786,0.2491,1.0235,0.42,0.12,0.36,133058,138034,125229
44093752,29.9250,-2.0300,25.7600,-0.0638,0.2494,1.0344,0.43,0.13,0.35,133130,138105,125287
44113280,23.5200,-2.1700,28.4375,-0.0609,0.2560,1.0392,0.43,0.13,0.35,133192,138143,125320
44132812,9.0650,-1.5925,31.4300,-0.0609,0.2643,1.0396,0.43,0.13,0.35,133276,138158,125360
44153320,-1.8025,-0.7700,34.6850,-0.0594,0.2711,1.0402,0.43,0.14,0.35,133358,138161,125351
44172852,-3.6925,0.0000,38.0975,-0.0590,0.2756,1.0419,0.43,0.15,0.35,133450,138173,125349
44193360,-3.2550,1.4350,43.8900,-0.0649,0.2793,1.0415,0.43,0.15,0.35,133554,138159,125385
44212888,1.0150,2.3450,48.8600,-0.0683,0.2755,1.0407,0.43,0.16,0.35,133660,138154,125402
44233400,3.5700,3.3600,53.4625,-0.0705,0.2751,1.0366,0.43,0.17,0.34,133788,138168,125431
44252928,5.8975,4.4100,58.3450,-0.0709,0.2728,1.0296,0.43,0.17,0.34,133920,138199,125468
44273436,6.4225,5.6875,63.2625,-0.0705,0.2706,1.0207,0.44,0.18,0.34,134067,138222,125498
44292968,5.9500,7.2275,68.4250,-0.0682,0.2690,1.0115,0.44,0.19,0.34,134214,138216,125542
44313476,4.1300,10.0800,75.9500,-0.0675,0.2613,1.0005,0.44,0.20,0.33,134384,138204,125584
44333008,-1.8900,11.9700,80.3950,-0.0628,0.2530,0.9953,0.43,0.21,0.34,134547,138170,125581
44353516,-12.0575,14.1050,84.1050,-0.0560,0.2512,0.9905,0.43,0.22,0.33,134720,138134,125597
44373048,-16.4850,15.3300,88.0950,-0.0517,0.2499,0.9882,0.43,0.23,0.34,134901,138077,125581
44393552,-21.8925,15.9250,92.1025,-0.0493,0.2444,0.9861,0.42,0.25,0.33,135089,137967,125589
44413084,-32.4450,16.0300,95.3050,-0.0467,0.2351,0.9823,0.41,0.26,0.34,135274,137824,125540
44433592,-42.4025,14.6300,98.8750,-0.0477,0.2111,0.9767,0.40,0.27,0.34,135467,137684,125518
44453124,-41.7725,12.9675,100.5900,-0.0515,0.1920,0.9744,0.40,0.28,0.34,135657,137547,125478
44473632,-40.5475,11.7600,101.8150,-0.0539,0.1749,0.9728,0.39,0.29,0.34,135857,137396,125431
44493164,-35.9625,10.3075,102.7425,-0.0582,0.1574,0.9714,0.38,0.30,0.35,136051,137243,125410
44513672,-29.7500,8.6450,103.6350,-0.0656,0.1386,0.9692,0.37,0.32,0.35,136249,137069,125401
44533204,-29.7850,7.6300,104.7550,-0.0721,0.1196,0.9643,0.36,0.33,0.35,136423,136906,125383
44553712,-32.9175,6.7200,106.9250,-0.0809,0.0833,0.9565,0.35,0.34,0.35,136624,136736,125379
44573240,-29.7150,5.6175,107.7825,-0.0817,0.0614,0.9523,0.34,0.35,0.35,136813,136565,125345
44593752,-20.1600,4.1475,107.1525,-0.0789,0.0447,0.9514,0.33,0.36,0.35,136984,136397,125373
44613280,-8.9600,3.1850,106.0850,-0.0765,0.0322,0.9545,0.32,0.37,0.35,137149,136250,125409
44632812,-1.9600,2.7475,105.2450,-0.0793,0.0215,0.9575,0.31,0.38,0.35,137306,136105,125414
44653320,-17.4475,3.4125,103.5125,-0.0876,0.0123,0.9500,0.30,0.39,0.35,137473,135926,125399
44672852,-25.7250,3.1500,101.8150,-0.0942,-0.0015,0.9451,0.28,0.40,0.35,137625,135736,125397
44703124,-14.2800,2.2050,100.1525,-0.0933,-0.0207,0.9462,0.27,0.41,0.35,137814,135451,125409
44723632,3.7625,1.8025,99.3650,-0.0937,-0.0395,0.9532,0.26,0.42,0.34,137950,135310,125440
44743164,13.7375,1.8375,97.1075,-0.0933,-0.0573,0.9616,0.25,0.43,0.34,138051,135178,125475
44763672,8.4350,1.4875,90.0025,-0.0882,-0.0678,0.9692,0.24,0.43,0.34,138146,135033,125508
44783204,2.0300,0.6650,85.3125,-0.0748,-0.0828,0.9814,0.23,0.44,0.34,138228,134889,125520
44803712,2.8000,-0.3150,80.9725,-0.0730,-0.1031,0.9944,0.23,0.44,0.34,138330,134768,125525
44823240,8.6625,-1.8200,75.5475,-0.0734,-0.1310,1.0097,0.22,0.45,0.34,138408,134664,125552
44843752,15.0500,-3.5350,68.4075,-0.0703,-0.1582,1.0242,0.21,0.45,0.33,138461,134554,125589
44863280,16.0125,-4.7250,60.5675,-0.0643,-0.1850,1.0330,0.21,0.45,0.33,138513,134494,125623
44882812,18.0425,-5.5300,52.9550,-0.0542,-0.2064,1.0394,0.21,0.46,0.33,138571,134458,125675
44903320,37.3625,-6.7200,42.5950,-0.0403,-0.2386,1.0497,0.21,0.46,0.33,138630,134471,125700
44922852,42.8750,-6.9650,34.9825,-0.0373,-0.2564,1.0558,0.21,0.46,0.33,138678,134494,125730
44943360,35.2450,-6.6675,26.1625,-0.0357,-0.2680,1.0614,0.21,0.47,0.32,138713,134502,125777
44962888,20.5450,-6.2475,17.1150,-0.0353,-0.2783,1.0670,0.21,0.47,0.32,138722,134500,125808
44983400,8.2775,-5.9325,7.4025,-0.0364,-0.2884,1.0735,0.21,0.47,0.32,138747,134506,125829
45002928,7.5950,-5.7575,-7.7700,-0.0372,-0.2984,1.0863,0.21,0.47,0.32,138764,134553,125827
45023436,19.7925,-5.7925,-17.6575,-0.0311,-0.3166,1.0976,0.22,0.47,0.32,138777,134646,125838
45042968,32.8125,-6.1775,-27.2475,-0.0260,-0.3240,1.1087,0.23,0.47,0.32,138760,134766,125881
45063476,31.3600,-6.4400,-36.9250,-0.0226,-0.3218,1.1156,0.23,0.47,0.31,138722,134892,125930
45083008,14.0875,-6.4400,-46.7600,-0.0214,-0.3118,1.1165,0.24,0.47,0.31,138692,134987,125935
45103516,-2.4150,-6.6500,-56.4550,-0.0211,-0.3021,1.1170,0.25,0.46,0.31,138668,135129,125929
45123048,-2.4675,-7.9975,-69.9475,-0.0206,-0.2941,1.1215,0.26,0.46,0.31,138621,135265,125941
45143552,6.1950,-9.7475,-78.1725,-0.0223,-0.2904,1.1244,0.27,0.46,0.31,138542,135422,125957
45163084,10.9900,-11.8300,-86.4150,-0.0270,-0.2846,1.1257,0.28,0.45,0.31,138454,135605,125996
45183592,8.5400,-13.8950,-94.8850,-0.0334,-0.2745,1.1257,0.29,0.44,0.31,138358,135807,125997
45203124,2.0650,-16.0300,-103.0925,-0.0425,-0.2623,1.1242,0.30,0.44,0.31,138251,136010,126004
45223632,-2.1175,-18.8650,-114.0125,-0.0523,-0.2481,1.1225,0.31,0.43,0.31,138118,136221,126004
45243164,-3.8325,-20.3000,-120.0850,-0.0715,-0.2280,1.1167,0.32,0.42,0.31,137964,136392,126004
45263672,-11.3575,-21.0175,-125.8250,-0.0852,-0.2133,1.1111,0.33,0.41,0.31,137769,136553,125986
45283204,-26.4775,-20.9475,-131.2325,-0.0928,-0.2000,1.1007,0.34,0.40,0.31,137571,136694,125942
45303712,-39.4275,-19.6875,-135.8350,-0.0980,-0.1878,1.0878,0.35,0.38,0.32,137356,136837,125861
45323240,-31.8325,-18.4800,-138.9150,-0.1032,-0.1751,1.0780,0.36,0.37,0.32,137131,136977,125811
45343752,-15.7150,-16.5375,-141.1900,-0.1064,-0.1486,1.0621,0.37,0.35,0.32,136871,137101,125763
45363280,-22.2425,-14.1400,-141.8025,-0.1049,-0.1343,1.0470,0.37,0.34,0.33,136613,137186,125693
45382812,-42.5600,-10.6400,-143.1500,-0.1013,-0.1281,1.0272,0.38,0.32,0.34,136346,137225,125577
45403320,-61.3200,-6.1775,-144.9525,-0.0959,-0.1255,1.0064,0.38,0.30,0.35,136042,137228,125417
45422852,-64.2775,-1.3475,-145.8625,-0.0944,-0.1192,0.9908,0.38,0.29,0.35,135751,137220,125269
45443360,-51.2225,2.6950,-144.5150,-0.1037,-0.1135,0.9821,0.37,0.27,0.36,135429,137206,125157
45462888,-47.6175,7.2100,-139.3875,-0.1240,-0.1027,0.9614,0.37,0.25,0.37,135136,137135,125037
45483400,-58.6950,9.8350,-135.3975,-0.1484,-0.0816,0.9438,0.36,0.23,0.38,134834,137030,124883
45502928,-59.7975,12.5300,-130.2350,-0.1536,-0.0748,0.9298,0.36,0.21,0.39,134569,136953,124747
45523436,-36.0675,13.9650,-123.0250,-0.1627,-0.0710,0.9234,0.36,0.20,0.39,134286,136919,124658
45542968,4.1125,13.4050,-114.5725,-0.1825,-0.0633,0.9228,0.36,0.18,0.39,134049,136975,124666
45563476,38.4475,11.3575,-105.5250,-0.2015,-0.0489,0.9272,0.37,0.17,0.39,133825,137069,124704
45583008,58.9050,7.0525,-91.3675,-0.2151,-0.0190,0.9353,0.37,0.16,0.39,133639,137194,124736
45603516,51.2750,5.4775,-81.1300,-0.2115,0.0102,0.9388,0.38,0.15,0.39,133468,137290,124764
45623048,36.9425,5.0400,-70.4900,-0.2067,0.0464,0.9423,0.38,0.14,0.38,133331,137345,124767
45643552,21.4550,4.6375,-59.4825,-0.2037,0.0832,0.9464,0.38,0.13,0.38,133207,137353,124793
45663084,16.1175,4.1300,-47.6875,-0.1986,0.1135,0.9561,0.38,0.12,0.38,133117,137378,124791
45683592,25.9700,3.5350,-29.0325,-0.1886,0.1396,0.9699,0.39,0.12,0.38,133055,137420,124828
45713868,16.2400,4.0425,-10.8850,-0.1701,0.1893,0.9877,0.39,0.12,0.38,133003,137454,124840
45734376,0.2975,4.3050,-0.4200,-0.1584,0.2074,0.9906,0.39,0.12,0.38,133000,137450,124833
45753904,-1.3300,3.3600,9.0125,-0.1476,0.2153,0.9960,0.39,0.12,0.38,133023,137478,124848
45774416,15.4175,1.4350,17.8850,-0.1370,0.2146,1.0047,0.40,0.12,0.38,133061,137570,124891
45793944,39.5850,-0.8400,29.4525,-0.1242,0.2123,1.0124,0.40,0.13,0.37,133128,137663,124965
45814452,44.2050,-1.7675,36.1725,-0.1036,0.2152,1.0202,0.41,0.13,0.37,133217,137764,125051
45833984,42.6475,-2.2750,42.3150,-0.0944,0.2214,1.0243,0.42,0.14,0.36,133307,137885,125130
45854492,40.2325,-2.4150,47.8625,-0.0895,0.2284,1.0292,0.42,0.14,0.36,133422,137988,125208
45874024,38.8150,-2.3275,52.9725,-0.0861,0.2351,1.0365,0.43,0.15,0.35,133550,138081,125271
45894532,31.7450,-1.5575,57.2950,-0.0888,0.2471,1.0422,0.43,0.16,0.35,133690,138127,125344
45914064,13.9300,-0.1050,65.1000,-0.0933,0.2630,1.0441,0.43,0.17,0.35,133847,138148,125399
45934568,0.8925,1.2775,70.0700,-0.0946,0.2718,1.0402,0.43,0.18,0.35,134013,138151,125416
45954100,-5.9500,2.2925,75.0050,-0.0949,0.2756,1.0347,0.43,0.19,0.35,134182,138153,125419
45974608,-5.0050,2.9575,79.8700,-0.0971,0.2739,1.0289,0.43,0.20,0.34,134381,138139,125442
45994140,-1.6975,3.7625,84.9450,-0.0974,0.2683,1.0243,0.43,0.21,0.34,134571,138110,125491
46014648,-2.8350,5.5125,92.2250,-0.0969,0.2623,1.0189,0.43,0.23,0.34,134778,138044,125499
46034180,-18.9000,6.6150,96.4250,-0.0930,0.2552,1.0058,0.42,0.24,0.34,134984,137980,125492
46054688,-28.5600,7.2275,100.0475,-0.0852,0.2472,0.9972,0.41,0.25,0.34,135205,137871,125465
46074216,-32.8650,7.3500,103.0925,-0.0786,0.2350,0.9904,0.41,0.27,0.34,135429,137762,125452
46094728,-33.2675,7.0175,105.6650,-0.0734,0.2164,0.9859,0.40,0.28,0.34,135652,137602,125438
46114256,-35.8050,6.6150,107.3625,-0.0680,0.1920,0.9831,0.39,0.29,0.35,135861,137445,125414
46133788,-37.8175,5.7050,108.1675,-0.0597,0.1656,0.9831,0.38,0.31,0.35,136070,137297,125397
46154296,-29.3650,3.7625,107.8525,-0.0481,0.1308,0.9884,0.37,0.32,0.35,136299,137146,125366
46173828,-25.9875,2.4850,106.8200,-0.0422,0.1069,0.9909,0.36,0.33,0.35,136505,137006,125359
46194336,-25.5500,1.1200,104.8950,-0.0371,0.0827,0.9937,0.35,0.34,0.35,136696,136817,125383
46213868,-26.5475,-0.1575,102.2350,-0.0353,0.0582,0.9965,0.34,0.35,0.35,136874,136640,125380
46234376,-30.4675,-1.4525,99.4525,-0.0328,0.0356,0.9970,0.33,0.37,0.35,137054,136452,125376
46253904,-30.2925,-3.6050,95.2700,-0.0277,0.0179,0.9965,0.32,0.38,0.35,137229,136284,125359
46274416,-22.0500,-4.9000,92.9600,-0.0203,-0.0045,0.9983,0.31,0.39,0.35,137395,136110,125371
46293944,-15.2250,-5.7400,91.5425,-0.0179,-0.0134,0.9983,0.30,0.40,0.35,137546,135937,125400
46314452,-13.7200,-6.0025,90.9475,-0.0226,-0.0249,0.9958,0.29,0.40,0.34,137690,135767,125440
46333984,-15.6800,-6.0725,90.3700,-0.0303,-0.0404,0.9919,0.28,0.41,0.34,137830,135584,125445
46354492,-20.0550,-5.8975,88.7250,-0.0346,-0.0503,0.9862,0.27,0.42,0.34,137973,135416,125475
46374024,-14.2975,-5.9850,85.2075,-0.0340,-0.0605,0.9812,0.26,0.43,0.34,138091,135250,125482
46394532,-1.3650,-5.5825,83.9825,-0.0386,-0.0725,0.9816,0.25,0.44,0.34,138204,135093,125526
46414064,6.6675,-4.5675,82.6700,-0.0475,-0.0894,0.9800,0.24,0.44,0.34,138291,134968,125578
46434568,4.2700,-2.9400,80.0100,-0.0532,-0.1057,0.9751,0.23,0.45,0.33,138385,134816,125595
46454100,-2.6950,-1.3650,76.0375,-0.0537,-0.1200,0.9690,0.22,0.45,0.33,138468,134682,125598
46474608,-0.3150,0.0350,69.7375,-0.0528,-0.1410,0.9665,0.21,0.46,0.33,138541,134569,125611
46494140,19.9850,1.6800,63.9975,-0.0510,-0.1859,0.9689,0.21,0.46,0.33,138579,134494,125649
46514648,39.2700,2.6775,56.5250,-0.0448,-0.2220,0.9758,0.21,0.46,0.33,138607,134487,125690
46534180,56.3500,3.5000,48.2300,-0.0392,-0.2556,0.9860,0.21,0.46,0.33,138649,134513,125734
46554688,57.6450,4.6900,39.2525,-0.0357,-0.2815,0.9960,0.21,0.46,0.33,138688,134561,125744
46574216,39.6025,5.6700,28.9975,-0.0304,-0.3004,1.0043,0.21,0.47,0.32,138704,134561,125767
46594728,12.0750,6.6150,12.5825,-0.0179,-0.3251,1.0216,0.21,0.47,0.32,138695,134550,125771
46614256,16.3975,5.7575,1.8725,-0.0102,-0.3475,1.0408,0.22,0.46,0.32,138675,134596,125797
46633788,18.9350,4.8125,-9.5200,-0.0051,-0.3665,1.0597,0.22,0.46,0.32,138662,134670,125799
46654296,22.3825,3.4825,-20.5975,-0.0017,-0.3753,1.0758,0.23,0.46,0.32,138650,134768,125806
46673828,25.7250,1.9775,-30.5025,0.0012,-0.3767,1.0898,0.23,0.46,0.32,138626,134899,125819
46694336,23.5200,-0.0350,-39.5150,0.0049,-0.3699,1.0989,0.24,0.46,0.32,138573,135004,125845
46724608,4.8475,-3.7625,-56.1925,0.0057,-0.3409,1.1075,0.25,0.45,0.32,138523,135178,125836
46744140,-7.3500,-5.5475,-64.2775,0.0022,-0.3260,1.1061,0.26,0.45,0.32,138451,135260,125830
46764648,-18.1475,-7.0700,-72.5375,-0.0010,-0.3150,1.1014,0.26,0.45,0.32,138376,135362,125845
46784180,-16.7475,-8.2775,-80.5350,-0.0041,-0.3117,1.0996,0.27,0.44,0.32,138299,135497,125838
46804688,-0.1400,-9.9400,-87.7275,-0.0102,-0.3116,1.1002,0.28,0.44,0.32,138206,135694,125840
46824216,17.5875,-13.1950,-97.4575,-0.0203,-0.3087,1.0973,0.30,0.43,0.32,138113,135915,125863
46844728,18.4625,-14.7875,-103.7400,-0.0364,-0.2968,1.0831,0.31,0.42,0.32,137970,136110,125865
46864256,9.1000,-15.3825,-109.9700,-0.0459,-0.2863,1.0707,0.32,0.41,0.32,137821,136291,125891
46883788,5.0050,-15.3650,-115.6400,-0.0538,-0.2757,1.0624,0.33,0.40,0.32,137666,136479,125892
46904296,10.1500,-15.2250,-120.2250,-0.0622,-0.2643,1.0586,0.34,0.39,0.32,137488,136711,125883
46923828,18.2000,-15.2250,-124.1975,-0.0691,-0.2513,1.0568,0.36,0.38,0.32,137284,136934,125903
46944336,16.9925,-14.6475,-129.7450,-0.0780,-0.2352,1.0566,0.37,0.36,0.32,137043,137115,125903
46963868,-3.1500,-12.8800,-133.9975,-0.0828,-0.2220,1.0515,0.38,0.35,0.32,136791,137241,125850
46984376,-35.4375,-9.3625,-138.6525,-0.0844,-0.2078,1.0411,0.38,0.33,0.33,136503,137292,125744
47003904,-68.0750,-3.6750,-143.0625,-0.0815,-0.1940,1.0283,0.38,0.31,0.34,136212,137287,125571
47024416,-87.6750,2.6250,-147.2625,-0.0788,-0.1803,1.0157,0.38,0.29,0.35,135883,137228,125362
47043944,-86.0825,7.9275,-150.9375,-0.0817,-0.1721,1.0086,0.37,0.27,0.36,135558,137167,125218
47064452,-40.4950,11.5325,-152.9675,-0.1081,-0.1807,1.0124,0.37,0.25,0.36,135200,137160,125111
47083984,-3.8850,10.7975,-152.0750,-0.1369,-0.1906,1.0155,0.38,0.23,0.37,134866,137216,125045
47104492,7.1925,8.7675,-151.4625,-0.1702,-0.1876,1.0067,0.38,0.21,0.37,134527,137254,124990
47124024,1.8900,6.7900,-150.1675,-0.1965,-0.1799,0.9936,0.38,0.19,0.38,134219,137252,124917
47144532,0.0875,4.7075,-148.5225,-0.2144,-0.1715,0.9847,0.38,0.17,0.38,133901,137236,124878
47164064,7.1925,2.6600,-146.8075,-0.2308,-0.1649,0.9814,0.37,0.16,0.38,133618,137213,124828
47184568,22.8025,-0.5075,-142.2050,-0.2422,-0.1591,0.9810,0.37,0.14,0.38,133331,137205,124799
47204100,20.1250,-1.4000,-136.3250,-0.2417,-0.1444,0.9738,0.37,0.12,0.38,133082,137201,124781
47224608,20.1950,-0.9275,-129.8325,-0.2330,-0.1191,0.9672,0.37,0.11,0.39,132840,137178,124741
47244140,25.1125,-0.4550,-121.4325,-0.2237,-0.0930,0.9610,0.37,0.10,0.39,132629,137159,124735
47264648,31.4650,0.3150,-111.7725,-0.2137,-0.0628,0.9610,0.37,0.08,0.39,132436,137128,124760
47284180,33.0575,1.4350,-92.4525,-0.2113,-0.0254,0.9592,0.37,0.07,0.39,132276,137127,124738
47304688,10.4475,2.8525,-77.9975,-0.2236,0.0500,0.9528,0.37,0.06,0.39,132125,137092,124723
47324216,11.0075,2.5200,-63.8575,-0.2250,0.0935,0.9601,0.37,0.06,0.39,132025,137074,124708
47344728,29.9950,0.7175,-49.6125,-0.2225,0.1260,0.9727,0.37,0.05,0.39,131958,137107,124751
47364256,36.5575,-0.7875,-36.2600,-0.2162,0.1584,0.9809,0.37,0.05,0.38,131912,137136,124780
47383788,25.1125,-0.7700,-24.5525,-0.2047,0.1923,0.9831,0.37,0.05,0.38,131882,137164,124791
47404296,19.3375,-0.8575,-9.3625,-0.1823,0.2314,0.9891,0.37,0.05,0.38,131871,137214,124801
47423828,22.6975,-1.3300,0.1575,-0.1658,0.2506,0.9932,0.38,0.05,0.38,131877,137265,124835
47444336,24.2200,-1.6800,8.8550,-0.1476,0.2662,0.9955,0.38,0.05,0.38,131905,137312,124870
47463868,22.9425,-1.5750,16.5900,-0.1258,0.2796,0.9964,0.38,0.05,0.38,131950,137364,124911
47484376,17.2200,-1.1550,23.0300,-0.1049,0.2933,0.9947,0.39,0.06,0.38,132003,137431,124928
47503904,13.2475,-0.7700,28.8925,-0.0910,0.3035,0.9943,0.39,0.06,0.37,132058,137489,124969
47524416,15.1725,-0.2450,38.1150,-0.0783,0.3083,1.0004,0.40,0.06,0.37,132136,137551,124992
47543944,9.8350,0.8575,43.7325,-0.0782,0.3101,1.0048,0.40,0.07,0.37,132216,137599,125023
47564452,4.6200,1.6625,49.7000,-0.0749,0.3100,1.0109,0.40,0.08,0.37,132320,137610,125042
47583984,-1.6450,2.5025,55.5975,-0.0722,0.3144,1.0149,0.40,0.08,0.37,132433,137660,125049
47604492,-3.8850,2.9925,62.0550,-0.0684,0.3193,1.0166,0.40,0.09,0.37,132555,137704,125070
47624024,-5.7925,3.7625,68.6700,-0.0654,0.3233,1.0166,0.41,0.10,0.37,132692,137740,125067
47644532,-6.7375,5.8100,78.1200,-0.0681,0.3235,1.0198,0.41,0.11,0.36,132845,137745,125097
47664064,-10.6050,7.3675,83.9125,-0.0720,0.3196,1.0202,0.41,0.12,0.36,132999,137741,125126
47684568,-19.8975,8.8900,89.4075,-0.0731,0.3152,1.0171,0.41,0.13,0.36,133179,137726,125098
47704100,-31.5175,9.7475,94.5525,-0.0700,0.3081,1.0116,0.40,0.14,0.37,133350,137686,125073
47734376,-40.4250,9.4850,101.8675,-0.0600,0.2851,1.0011,0.40,0.16,0.37,133655,137595,125030
47753904,-32.8125,8.1025,107.9050,-0.0520,0.2545,0.9922,0.40,0.17,0.37,133845,137550,125022
47774416,-25.2350,7.2450,111.1250,-0.0498,0.2320,0.9867,0.39,0.18,0.37,134071,137522,125017
47793944,-18.7950,6.6150,113.8375,-0.0498,0.2081,0.9806,0.39,0.20,0.37,134282,137479,125034
47814452,-13.9825,6.3350,115.6750,-0.0512,0.1852,0.9761,0.39,0.21,0.37,134512,137439,125068
47833984,-10.0625,6.0375,116.6375,-0.0545,0.1625,0.9738,0.39,0.22,0.36,134732,137393,125102
47854492,-8.0850,5.6175,116.9000,-0.0572,0.1426,0.9733,0.38,0.24,0.36,134967,137366,125119
47874024,-7.1575,4.6900,117.5650,-0.0639,0.1181,0.9721,0.38,0.25,0.36,135192,137309,125150
47894532,-5.6350,3.4825,118.2300,-0.0716,0.0966,0.9723,0.38,0.27,0.36,135433,137237,125197
47914064,-8.6275,2.1525,118.4575,-0.0787,0.0759,0.9704,0.37,0.28,0.36,135661,137130,125238
47934568,-14.2100,0.7875,117.9500,-0.0828,0.0601,0.9659,0.36,0.29,0.36,135896,137035,125248
47954100,-14.2800,-0.7875,116.8125,-0.0871,0.0473,0.9643,0.36,0.31,0.35,136126,136934,125274
47974608,-2.3975,-2.9575,114.6775,-0.0993,0.0218,0.9698,0.35,0.32,0.35,136359,136840,125306
47994140,2.6425,-3.9550,112.6650,-0.1054,0.0044,0.9710,0.35,0.34,0.35,136574,136725,125357
48014648,0.7700,-4.3400,110.4425,-0.1068,-0.0081,0.9705,0.34,0.35,0.35,136786,136601,125397
48034180,-2.7300,-4.4275,108.5350,-0.1087,-0.0161,0.9690,0.33,0.36,0.35,136984,136470,125418
48054688,-6.4400,-4.1125,107.2750,-0.1113,-0.0235,0.9669,0.32,0.37,0.34,137192,136338,125447
48074216,-6.9475,-3.8325,106.2600,-0.1104,-0.0317,0.9655,0.31,0.38,0.34,137372,136185,125492
48094728,-3.2375,-3.3600,104.4225,-0.1064,-0.0460,0.9648,0.30,0.40,0.34,137544,136016,125518
48114256,-0.4200,-2.5375,103.2150,-0.1068,-0.0548,0.9632,0.29,0.40,0.34,137697,135858,125537
48133788,0.0000,-1.3650,101.5525,-0.1061,-0.0609,0.9589,0.28,0.41,0.34,137843,135714,125564
48154296,-1.1900,0.2100,99.3825,-0.1025,-0.0661,0.9551,0.27,0.42,0.33,137994,135568,125586
48173828,0.1750,1.9250,96.9325,-0.0978,-0.0766,0.9561,0.27,0.43,0.33,138117,135426,125600
48194336,6.7200,3.2550,94.1850,-0.0936,-0.0915,0.9633,0.26,0.44,0.33,138220,135286,125633
48213868,18.4275,5.3025,89.8625,-0.0905,-0.1108,0.9783,0.25,0.44,0.33,138304,135166,125672
48234376,19.5475,6.3700,85.8200,-0.0905,-0.1191,0.9845,0.24,0.45,0.33,138386,135052,125699
48253904,13.7550,7.4025,80.7975,-0.0892,-0.1274,0.9886,0.24,0.45,0.33,138469,134937,125686
48274416,7.2625,7.9450,75.1975,-0.0866,-0.1362,0.9936,0.23,0.46,0.33,138531,134817,125687
48293944,7.3675,7.8925,69.5975,-0.0856,-0.1488,1.0009,0.22,0.46,0.33,138575,134715,125709
48314452,12.7050,7.8925,63.7700,-0.0869,-0.1681,1.0111,0.22,0.46,0.33,138596,134628,125716
48333984,18.0250,7.8575,52.7800,-0.0872,-0.2020,1.0260,0.21,0.46,0.33,138629,134579,125720
48354492,9.7475,7.9800,43.8025,-0.0842,-0.2237,1.0319,0.21,0.46,0.33,138661,134516,125709
48374024,-0.3150,7.5600,33.4425,-0.0745,-0.2431,1.0392,0.21,0.46,0.33,138678,134468,125694
48394532,-3.9725,6.4225,21.9800,-0.0655,-0.2640,1.0508,0.20,0.46,0.33,138671,134426,125702
48414064,-2.5375,4.8825,9.5375,-0.0576,-0.2889,1.0643,0.20,0.46,0.33,138653,134430,125704
48434568,5.0225,2.5550,-9.4500,-0.0381,-0.3222,1.0859,0.21,0.46,0.33,138644,134453,125690
48454100,11.5150,1.0150,-21.3150,-0.0229,-0.3389,1.0995,0.21,0.46,0.33,138647,134536,125696
48474608,13.2300,-0.5425,-32.4975,-0.0094,-0.3472,1.1078,0.22,0.46,0.33,138625,134644,125695
48494140,9.0300,-2.1700,-43.3300,0.0022,-0.3479,1.1092,0.22,0.46,0.33,138592,134727,125721
48514648,6.8600,-3.8850,-52.9375,0.0083,-0.3459,1.1089,0.23,0.46,0.33,138548,134865,125726
48534180,11.7250,-6.2475,-61.0575,0.0081,-0.3404,1.1091,0.24,0.45,0.33,138507,135009,125737
48554688,14.1050,-9.5550,-71.5750,0.0020,-0.3226,1.1034,0.25,0.45,0.32,138479,135197,125770
48574216,14.0525,-11.2875,-77.8925,-0.0032,-0.3089,1.0990,0.26,0.45,0.32,138434,135370,125778
48594728,15.7850,-13.2475,-83.7550,-0.0095,-0.2956,1.0953,0.27,0.44,0.32,138360,135556,125841
48614256,11.4100,-14.7525,-89.6525,-0.0178,-0.2829,1.0897,0.28,0.44,0.32,138277,135730,125850
48633788,5.4600,-15.8025,-95.4975,-0.0285,-0.2704,1.0824,0.30,0.43,0.32,138182,135907,125861
48654296,6.4225,-16.6075,-101.3075,-0.0400,-0.2584,1.0760,0.31,0.43,0.32,138090,136142,125889
48673828,25.1300,-17.9550,-109.1475,-0.0562,-0.2444,1.0734,0.32,0.42,0.31,137964,136373,125927
48694336,42.8400,-19.3725,-112.5600,-0.0660,-0.2345,1.0758,0.34,0.41,0.31,137801,136653,125995
48713868,54.6350,-21.3325,-114.8700,-0.0771,-0.2184,1.0758,0.36,0.40,0.30,137640,136926,126078
48744140,33.2150,-23.0650,-118.7200,-0.0932,-0.1861,1.0588,0.38,0.38,0.30,137362,137252,126106
48764648,-0.8575,-21.5250,-122.2900,-0.0969,-0.1649,1.0425,0.39,0.37,0.30,137136,137390,126079
48784180,-34.6675,-17.1325,-128.3100,-0.0895,-0.1405,1.0248,0.39,0.36,0.31,136896,137490,125993
48804688,-40.4250,-13.5975,-132.2825,-0.0825,-0.1301,1.0192,0.40,0.34,0.32,136638,137592,125890
48824216,-38.2200,-9.9225,-136.8325,-0.0761,-0.1263,1.0182,0.40,0.32,0.32,136357,137672,125801
48844728,-33.9150,-7.1225,-141.8025,-0.0710,-0.1288,1.0198,0.41,0.30,0.33,136035,137732,125715
48864256,-41.6150,-4.1825,-146.3875,-0.0666,-0.1316,1.0176,0.41,0.28,0.34,135705,137725,125578
48883788,-58.9050,-0.1925,-149.7475,-0.0684,-0.1307,1.0092,0.40,0.26,0.34,135367,137686,125421
48904296,-80.0275,6.9300,-150.9725,-0.1010,-0.1163,0.9870,0.40,0.24,0.36,135001,137594,125227
48923828,-86.9750,11.0775,-151.0425,-0.1309,-0.1019,0.9730,0.39,0.22,0.37,134659,137459,125005
48944336,-88.5500,14.0875,-149.9750,-0.1541,-0.0953,0.9655,0.38,0.20,0.38,134297,137252,124816
48963868,-85.0675,15.9600,-147.7700,-0.1826,-0.0965,0.9611,0.37,0.18,0.39,133966,137058,124659
48984376,-76.0900,16.9400,-144.0425,-0.2103,-0.1036,0.9595,0.35,0.16,0.40,133644,136858,124504
49003904,-61.2325,17.5350,-138.4950,-0.2283,-0.1100,0.9592,0.34,0.14,0.41,133353,136712,124375
49024416,-28.1575,18.9175,-127.6450,-0.2424,-0.1092,0.9614,0.34,0.12,0.41,133077,136593,124302
49043944,-5.1800,19.8450,-118.5450,-0.2496,-0.0975,0.9673,0.33,0.11,0.42,132827,136525,124264
49064452,16.7650,19.0750,-107.1000,-0.2597,-0.0853,0.9753,0.33,0.09,0.42,132604,136507,124269
49083984,36.6975,16.9400,-94.2900,-0.2694,-0.0698,0.9860,0.33,0.08,0.41,132418,136555,124308
49104492,51.2050,13.5975,-80.4825,-0.2755,-0.0533,0.9941,0.34,0.07,0.41,132260,136607,124336
49124024,42.4900,12.1100,-66.7275,-0.2750,-0.0229,1.0026,0.34,0.06,0.41,132136,136629,124354
49144532,23.6075,9.0475,-45.4825,-0.2672,0.0305,1.0141,0.34,0.06,0.41,132050,136643,124369
49164064,17.5175,6.1425,-32.7600,-0.2545,0.0576,1.0211,0.34,0.06,0.41,131994,136635,124382
49184568,11.2525,3.0800,-21.5775,-0.2364,0.0759,1.0268,0.34,0.05,0.41,131962,136638,124386
49204100,13.5275,0.1225,-11.2875,-0.2211,0.0870,1.0320,0.34,0.05,0.41,131951,136678,124409
49224608,22.4525,-2.4500,-1.5750,-0.2067,0.0960,1.0365,0.35,0.06,0.41,131976,136741,124426
49244140,25.0425,-4.7425,10.9375,-0.1806,0.1104,1.0376,0.35,0.06,0.40,132003,136800,124466
49264648,23.7825,-5.1975,17.9375,-0.1620,0.1183,1.0370,0.35,0.06,0.40,132057,136869,124495
49284180,25.0075,-4.9525,24.0100,-0.1448,0.1232,1.0377,0.36,0.06,0.40,132112,136946,124524
49304688,28.5775,-4.1300,29.5050,-0.1304,0.1258,1.0402,0.36,0.07,0.40,132186,137052,124568
49324216,30.8175,-3.0975,34.7550,-0.1215,0.1286,1.0437,0.37,0.07,0.39,132255,137154,124611
49344728,34.1950,-2.3450,40.9675,-0.1186,0.1296,1.0492,0.38,0.08,0.39,132346,137255,124677
49364256,30.0300,-0.6650,50.2600,-0.1209,0.1371,1.0566,0.38,0.08,0.39,132446,137346,124755
49383788,20.7725,0.2100,56.1050,-0.1237,0.1459,1.0605,0.39,0.09,0.38,132551,137409,124774
49404296,3.2900,1.3300,61.1625,-0.1232,0.1579,1.0609,0.39,0.10,0.38,132682,137452,124778
49423828,-15.6450,1.9775,65.5200,-0.1181,0.1662,1.0585,0.39,0.11,0.38,132807,137432,124794
49444336,-27.1250,2.0475,69.4050,-0.1102,0.1667,1.0571,0.39,0.11,0.39,132956,137381,124759
49463868,-28.9100,1.5050,72.8875,-0.1047,0.1609,1.0577,0.38,0.12,0.39,133100,137341,124757
49484376,-26.6175,0.1575,78.1375,-0.0970,0.1463,1.0574,0.38,0.13,0.39,133261,137313,124733
49503904,-29.9250,-0.8050,81.2525,-0.0900,0.1368,1.0536,0.38,0.14,0.39,133432,137266,124712
49524416,-32.0075,-2.0475,84.0175,-0.0814,0.1240,1.0494,0.37,0.15,0.39,133607,137210,124681
49543944,-31.0100,-3.5000,86.3625,-0.0767,0.1083,1.0443,0.37,0.17,0.39,133790,137158,124687
49564452,-19.2675,-5.3200,88.6200,-0.0655,0.0886,1.0409,0.37,0.18,0.39,133994,137139,124717
49583984,-1.5750,-7.1750,90.7550,-0.0550,0.0671,1.0385,0.37,0.19,0.39,134182,137171,124761
49604492,20.7025,-9.2400,93.7300,-0.0445,0.0409,1.0330,0.38,0.20,0.38,134408,137217,124812
49624024,23.6250,-9.7650,95.4100,-0.0437,0.0325,1.0265,0.38,0.22,0.38,134612,137264,124883
49644532,16.1525,-10.0275,96.8800,-0.0453,0.0305,1.0170,0.38,0.23,0.38,134837,137248,124920
49664064,4.5500,-10.2550,98.1050,-0.0486,0.0290,1.0061,0.37,0.24,0.37,135054,137204,124988
49684568,-1.4350,-10.7975,98.7350,-0.0537,0.0253,0.9994,0.37,0.26,0.37,135295,137165,125016
49704100,3.4300,-11.3225,98.9975,-0.0623,0.0151,0.9972,0.37,0.27,0.37,135515,137128,125061
49724608,8.8900,-11.5500,99.0500,-0.0664,0.0065,0.9967,0.37,0.29,0.36,135749,137095,125115
49754880,11.5850,-11.5150,99.2950,-0.0697,-0.0005,0.9925,0.36,0.31,0.36,136088,137006,125205
49775392,5.9500,-11.1825,99.6800,-0.0739,-0.0029,0.9862,0.36,0.32,0.36,136310,136919,125249
49794920,-1.6100,-10.5525,100.6075,-0.0809,-0.0076,0.9805,0.35,0.33,0.35,136521,136806,125298
49815428,-8.6800,-9.8875,101.2375,-0.0869,-0.0124,0.9750,0.34,0.35,0.35,136732,136667,125329
49834960,-10.1500,-10.0275,101.0275,-0.0876,-0.0139,0.9734,0.33,0.36,0.35,136937,136534,125344
49855468,-14.4725,-10.0100,100.9575,-0.0903,-0.0184,0.9709,0.32,0.37,0.35,137143,136379,125352
49875000,-24.4125,-9.8350,100.7650,-0.0944,-0.0293,0.9675,0.31,0.38,0.35,137328,136167,125372
49895508,-36.5050,-9.9750,99.5225,-0.0978,-0.0437,0.9648,0.30,0.39,0.35,137504,135941,125369
49915040,-46.2875,-10.5700,96.8450,-0.0975,-0.0588,0.9633,0.28,0.40,0.35,137663,135694,125364
49935544,-46.1125,-12.3550,92.3475,-0.0943,-0.0777,0.9660,0.27,0.41,0.35,137820,135446,125356
49955080,-40.7400,-13.3875,89.8800,-0.0930,-0.0966,0.9677,0.25,0.42,0.35,137964,135239,125353
49975584,-37.7825,-14.2275,87.1850,-0.0902,-0.1225,0.9665,0.24,0.43,0.35,138101,135012,125346
49995116,-37.4675,-14.6300,83.7725,-0.0836,-0.1479,0.9638,0.23,0.44,0.35,138211,134793,125393
50015624,-34.6500,-15.0500,79.4850,-0.0758,-0.1714,0.9611,0.21,0.44,0.35,138314,134576,125407
50035156,-20.8425,-15.4350,71.2250,-0.0639,-0.2097,0.9632,0.21,0.45,0.34,138413,134435,125430
50055664,-8.8900,-15.2600,64.9250,-0.0540,-0.2400,0.9684,0.20,0.45,0.34,138517,134301,125452
50075196,-4.1650,-14.5250,57.4175,-0.0425,-0.2725,0.9726,0.19,0.46,0.34,138593,134190,125493
50095704,-6.9475,-13.2650,48.7200,-0.0283,-0.3040,0.9753,0.18,0.46,0.34,138643,134080,125522
50115232,-6.0375,-11.7600,39.4625,-0.0122,-0.3344,0.9797,0.18,0.46,0.34,138685,134021,125555
50135744,7.5950,-10.4475,30.4675,0.0023,-0.3648,0.9884,0.18,0.47,0.34,138729,134004,125580
50155272,29.9950,-8.4000,16.9225,0.0221,-0.4024,1.0011,0.18,0.47,0.33,138764,134046,125608
50174804,35.6300,-6.9300,7.8750,0.0345,-0.4183,1.0067,0.19,0.47,0.33,138792,134114,125634
50195312,36.8725,-5.5300,-0.6475,0.0442,-0.4281,1.0104,0.19,0.47,0.33,138793,134195,125681
50214844,37.3800,-4.3050,-8.5050,0.0512,-0.4324,1.0128,0.20,0.47,0.33,138789,134286,125708
50235352,41.1950,-3.2725,-15.8900,0.0539,-0.4336,1.0147,0.20,0.47,0.32,138791,134425,125758
50254880,48.4575,-2.4325,-22.8725,0.0531,-0.4309,1.0174,0.21,0.47,0.32,138782,134591,125777
50275392,53.2875,-1.4700,-32.5325,0.0479,-0.4176,1.0216,0.23,0.47,0.32,138775,134762,125814
50294920,44.8175,-0.7350,-38.9725,0.0427,-0.4026,1.0228,0.23,0.47,0.32,138732,134918,125851
50315428,33.7925,-0.2975,-45.5525,0.0364,-0.3864,1.0241,0.24,0.46,0.32,138664,135068,125881
50334960,24.7625,-0.2625,-52.5350,0.0298,-0.3728,1.0264,0.25,0.46,0.32,138618,135213,125887
50355468,18.6025,-0.4200,-59.5525,0.0220,-0.3628,1.0303,0.26,0.46,0.32,138560,135368,125882
50375000,9.1000,-0.3325,-66.9725,0.0127,-0.3534,1.0333,0.27,0.45,0.32,138477,135504,125868
50395508,-7.5075,0.1050,-79.3100,0.0010,-0.3414,1.0385,0.28,0.44,0.32,138357,135624,125841
50415040,-14.2450,0.2975,-87.9725,-0.0031,-0.3357,1.0416,0.28,0.44,0.32,138226,135741,125823
50435544,-11.2350,0.1050,-96.3200,-0.0049,-0.3322,1.0468,0.30,0.43,0.32,138089,135910,125794
50455080,2.2225,-1.4350,-104.3875,-0.0050,-0.3323,1.0544,0.31,0.42,0.32,137935,136106,125761
50475584,11.2700,-3.3075,-112.1925,-0.0101,-0.3326,1.0616,0.32,0.41,0.32,137754,136308,125749
50495116,6.7900,-5.6700,-123.3050,-0.0206,-0.3283,1.0641,0.33,0.40,0.33,137545,136473,125739
50515624,-3.2025,-5.8975,-130.0425,-0.0240,-0.3192,1.0618,0.34,0.38,0.33,137312,136651,125696
50535156,-2.3100,-6.0375,-136.0100,-0.0255,-0.3113,1.0626,0.35,0.37,0.33,137072,136808,125654
50555664,2.1350,-6.4575,-141.1900,-0.0318,-0.3055,1.0663,0.36,0.35,0.33,136808,136991,125608
50575196,-3.2200,-6.0900,-146.1075,-0.0433,-0.2968,1.0659,0.37,0.33,0.34,136531,137106,125530
50595704,-20.4750,-4.9700,-150.9375,-0.0508,-0.2887,1.0566,0.37,0.31,0.34,136211,137151,125442
50615232,-52.1500,-0.8400,-157.4475,-0.0573,-0.2776,1.0315,0.37,0.29,0.35,135892,137137,125297
50635744,-58.8175,3.2900,-160.4750,-0.0633,-0.2693,1.0163,0.37,0.27,0.36,135553,137122,125158
50655272,-43.2950,6.6675,-161.2275,-0.0753,-0.2632,1.0099,0.37,0.25,0.37,135229,137114,125036
50674804,-12.1625,8.1725,-159.1450,-0.0969,-0.2602,1.0103,0.37,0.23,0.37,134894,137150,124978
50695312,13.3525,7.4375,-155.5925,-0.1233,-0.2486,1.0055,0.37,0.21,0.37,134570,137204,124949
50714844,21.2800,6.2825,-151.4800,-0.1510,-0.2253,0.9921,0.38,0.19,0.38,134264,137248,124907
