31596680,-23.5375,6.8600,-4.6025,0.0527,0.0539,0.9298,0.27,0.39,0.35,137392,135556,125318
31626952,-15.7325,7.1925,-6.5975,0.0891,0.0339,0.9384,0.27,0.38,0.35,137347,135493,125271
31647460,-10.4650,6.8600,-6.4750,0.1185,0.0160,0.9457,0.27,0.38,0.36,137326,135471,125242
31666992,-9.5375,6.8425,-6.0900,0.1569,-0.0002,0.9542,0.27,0.38,0.36,137308,135442,125231
31687500,-6.2475,6.1600,-5.2675,0.2014,-0.0205,0.9633,0.27,0.38,0.36,137272,135432,125218
31707032,2.5725,5.1625,-4.3400,0.2643,-0.0516,0.9830,0.27,0.38,0.36,137255,135436,125215
31727540,12.6700,3.8500,-3.5525,0.2847,-0.0734,0.9960,0.27,0.38,0.36,137260,135489,125224
31747070,19.0575,2.6950,-3.0625,0.2944,-0.0880,1.0047,0.27,0.38,0.36,137249,135530,125225
31767578,18.2175,1.9425,-2.4675,0.2993,-0.0947,1.0088,0.27,0.38,0.35,137243,135571,125275
31787108,18.0250,1.1025,-1.0150,0.2982,-0.0969,1.0116,0.28,0.38,0.35,137236,135608,125289
31807616,18.4800,0.7000,1.2250,0.2921,-0.0937,1.0144,0.28,0.38,0.35,137245,135651,125316
31827148,14.1925,0.3325,4.6550,0.2846,-0.0847,1.0172,0.28,0.38,0.35,137259,135684,125322
31847656,13.8950,0.0175,6.1075,0.2857,-0.0776,1.0211,0.28,0.38,0.35,137282,135719,125360
31867188,22.0850,-0.7875,7.8925,0.2855,-0.0741,1.0283,0.29,0.38,0.35,137289,135760,125389
31887696,27.5975,-1.9600,8.6975,0.2882,-0.0673,1.0346,0.29,0.38,0.34,137296,135811,125448
31907226,24.7800,-3.2550,8.0150,0.2935,-0.0566,1.0388,0.29,0.38,0.34,137329,135860,125475
31927734,16.3450,-5.6700,6.8250,0.2945,-0.0368,1.0446,0.30,0.38,0.34,137370,135908,125518
31947264,9.8350,-7.4025,6.1075,0.2872,-0.0222,1.0470,0.30,0.39,0.34,137413,135930,125547
31966796,2.3625,-8.8900,5.3550,0.2847,-0.0112,1.0505,0.30,0.39,0.34,137445,135923,125582
31987304,-1.4175,-10.6400,4.2700,0.2866,-0.0041,1.0573,0.30,0.39,0.33,137480,135909,125629
32006836,-6.7900,-12.1800,2.2400,0.2933,0.0016,1.0655,0.29,0.39,0.33,137526,135903,125647
32027344,-17.6925,-12.9850,-0.8925,0.3026,0.0071,1.0742,0.29,0.40,0.33,137577,135882,125654
32046876,-30.5725,-13.1250,-3.9550,0.3073,0.0077,1.0814,0.29,0.40,0.33,137623,135824,125657
32067382,-50.2250,-11.9700,-9.6600,0.3127,0.0026,1.0851,0.28,0.40,0.33,137657,135728,125658
32086914,-54.8975,-11.3225,-13.5625,0.3154,-0.0022,1.0829,0.28,0.40,0.33,137682,135656,125663
32107420,-41.5100,-11.8825,-15.8900,0.3083,-0.0032,1.0787,0.28,0.41,0.33,137715,135618,125682
32126952,-26.9325,-12.1275,-17.2725,0.2869,0.0038,1.0682,0.28,0.41,0.33,137766,135628,125729
32147460,-9.5200,-12.5300,-17.5875,0.2573,0.0104,1.0560,0.28,0.41,0.32,137815,135658,125804
32166992,-10.2025,-10.6400,-18.1125,0.2047,0.0334,1.0281,0.28,0.41,0.32,137848,135662,125861
32187500,-19.5475,-8.1725,-17.5350,0.1574,0.0534,1.0115,0.28,0.42,0.31,137878,135645,125928
32207032,-17.7275,-6.3700,-15.0500,0.0936,0.0650,1.0008,0.28,0.42,0.31,137913,135652,125957
32227540,-6.9125,-4.7425,-12.3200,0.0287,0.0680,0.9926,0.28,0.42,0.31,137962,135679,126031
32247070,8.4350,-3.6575,-9.3625,-0.0262,0.0666,0.9850,0.28,0.42,0.30,138009,135732,126103
32267578,20.0025,-2.0300,-5.6350,-0.0766,0.0670,0.9764,0.29,0.43,0.30,138037,135782,126185
32287108,39.3225,0.2800,-0.3325,-0.1615,0.0641,0.9699,0.29,0.43,0.29,138067,135859,126290
32307616,57.6100,1.5575,2.9925,-0.2198,0.0551,0.9759,0.30,0.43,0.29,138105,135973,126383
32327148,69.1600,2.2575,6.6150,-0.2686,0.0494,0.9842,0.30,0.43,0.28,138152,136068,126506
32347656,59.2375,3.1150,9.4500,-0.2956,0.0571,0.9869,0.31,0.43,0.27,138188,136141,126569
32367188,30.4325,4.3400,11.1650,-0.3028,0.0703,0.9849,0.31,0.44,0.27,138208,136128,126583
32387696,-4.5675,5.3375,8.4000,-0.2996,0.0788,0.9847,0.31,0.44,0.27,138209,136073,126577
32407226,-40.0050,3.1500,0.6650,-0.3456,-0.0060,1.0144,0.30,0.44,0.28,138211,136016,126530
32427734,-2.8000,1.6100,5.0925,-0.2906,0.0112,1.0070,0.30,0.44,0.28,138231,136007,126518
32447264,-2.8350,3.9375,5.6000,-0.2601,0.0220,1.0126,0.30,0.44,0.28,138223,136018,126498
32466796,-6.8950,2.7125,5.0050,-0.2308,0.0254,1.0100,0.30,0.44,0.28,138216,135960,126486
32487304,-38.8150,3.4650,2.8000,-0.2045,0.0256,0.9981,0.29,0.44,0.28,138205,135851,126418
32506836,-56.2975,4.7600,1.1025,-0.1846,0.0128,0.9899,0.29,0.43,0.29,138186,135760,126365
32527344,-26.7225,5.7750,0.0525,-0.1708,-0.0256,0.9967,0.29,0.43,0.29,138194,135751,126312
32546876,9.7825,5.6350,-0.5250,-0.1702,-0.0492,1.0088,0.29,0.43,0.29,138177,135794,126315
32567382,29.6450,5.1625,-0.7350,-0.1721,-0.0551,1.0175,0.29,0.43,0.29,138150,135855,126308
32586914,27.2650,4.5500,-0.3500,-0.1748,-0.0461,1.0226,0.29,0.43,0.29,138124,135865,126314
32607420,7.9100,4.5500,0.0525,-0.1812,-0.0315,1.0264,0.29,0.43,0.29,138100,135872,126286
32637696,-21.6825,3.2900,2.0825,-0.1998,-0.0117,1.0338,0.29,0.43,0.30,138059,135814,126196
32657226,-23.1350,2.0825,3.2900,-0.2085,-0.0098,1.0374,0.29,0.43,0.30,138043,135769,126148
32677734,-20.3000,1.0675,4.0600,-0.2142,-0.0110,1.0385,0.28,0.42,0.31,138030,135734,126069
32697264,-14.6650,0.4025,4.4450,-0.2172,-0.0142,1.0385,0.28,0.42,0.31,138002,135724,126017
32716796,-6.2650,0.3325,4.6025,-0.2167,-0.0177,1.0427,0.28,0.42,0.31,137968,135699,125977
32737304,6.4225,0.6650,5.7575,-0.2128,-0.0168,1.0516,0.28,0.42,0.31,137927,135686,125949
32756836,4.6375,1.2600,6.3525,-0.2046,-0.0106,1.0502,0.28,0.42,0.32,137894,135682,125910
32777344,-8.9775,2.8525,7.4550,-0.1993,-0.0035,1.0433,0.28,0.41,0.32,137868,135649,125837
32796876,-20.1600,4.1825,8.1725,-0.1912,0.0005,1.0386,0.28,0.41,0.32,137841,135590,125765
32817382,-27.0900,5.3550,8.3125,-0.1801,0.0010,1.0360,0.27,0.41,0.33,137790,135492,125701
32836914,-29.7675,5.9150,8.2250,-0.1682,-0.0007,1.0342,0.26,0.41,0.33,137740,135412,125626
32857420,-28.0525,6.6850,8.8025,-0.1481,-0.0084,1.0346,0.26,0.40,0.34,137701,135349,125547
32876952,-21.2625,6.4225,8.8900,-0.1303,-0.0163,1.0371,0.26,0.40,0.34,137674,135282,125484
32897460,-10.7100,5.7050,8.8375,-0.1111,-0.0254,1.0399,0.26,0.40,0.34,137638,135256,125438
32916992,-1.5225,5.0400,8.6100,-0.0950,-0.0305,1.0418,0.25,0.40,0.35,137598,135226,125401
32937500,3.7975,4.3750,8.6275,-0.0827,-0.0285,1.0420,0.25,0.40,0.35,137566,135214,125383
32957032,2.5200,3.8850,8.7850,-0.0741,-0.0221,1.0405,0.25,0.39,0.35,137536,135201,125333
32977540,-2.7125,2.9400,7.4900,-0.0639,-0.0156,1.0352,0.25,0.39,0.35,137518,135175,125283
32997070,-3.3775,1.9775,6.5450,-0.0558,-0.0151,1.0307,0.25,0.39,0.35,137509,135159,125263
33017578,2.0825,0.4025,5.9150,-0.0437,-0.0165,1.0282,0.25,0.39,0.36,137479,135139,125250
33037108,7.4025,-1.3825,5.6350,-0.0311,-0.0144,1.0247,0.25,0.39,0.36,137458,135133,125242
33057616,7.3675,-2.3625,4.9875,-0.0176,-0.0100,1.0191,0.25,0.39,0.36,137458,135145,125211
33077148,5.7400,-2.9050,3.9550,-0.0041,-0.0054,1.0139,0.25,0.39,0.36,137458,135142,125210
33097656,3.8325,-3.0975,1.8900,0.0111,0.0009,1.0047,0.25,0.39,0.36,137456,135129,125182
33117188,1.8900,-3.1325,0.5950,0.0220,0.0001,0.9992,0.25,0.39,0.36,137443,135110,125176
33137696,0.6300,-3.2025,-0.5950,0.0377,-0.0029,0.9965,0.24,0.39,0.36,137433,135081,125170
33157226,-2.5900,-3.3950,-1.2775,0.0593,-0.0083,0.9947,0.24,0.39,0.36,137436,135059,125154
33177734,-6.3000,-4.3925,-1.5400,0.0844,-0.0167,0.9922,0.24,0.39,0.36,137446,135049,125134
33197264,-10.2025,-7.1400,-2.9925,0.1152,-0.0388,0.9930,0.24,0.39,0.36,137461,135008,125120
33216796,-11.1475,-8.9950,-3.5700,0.1736,-0.0595,0.9975,0.24,0.39,0.36,137465,134985,125108
33237304,-13.0375,-9.9925,-3.4475,0.2166,-0.0786,1.0019,0.24,0.39,0.36,137482,134940,125131
33256836,-10.5175,-10.1500,-3.3950,0.2602,-0.0985,1.0066,0.24,0.39,0.36,137501,134944,125125
33277344,2.8175,-9.9750,-3.3600,0.2889,-0.1196,1.0146,0.24,0.39,0.36,137529,134971,125145
33296876,19.7925,-9.5725,-2.7825,0.3021,-0.1351,1.0218,0.24,0.40,0.36,137556,135036,125171
33317382,16.4675,-8.2425,-2.0300,0.3084,-0.1394,1.0187,0.24,0.40,0.36,137560,135056,125195
33336914,1.9075,-7.2450,-1.6450,0.3076,-0.1369,1.0115,0.24,0.40,0.36,137574,135052,125200
33357420,-10.8850,-6.0375,-2.0475,0.3061,-0.1360,1.0052,0.24,0.40,0.36,137589,135035,125201
33376952,-13.5275,-4.5150,-2.6250,0.3087,-0.1387,1.0022,0.24,0.40,0.36,137613,135039,125201
33397460,2.0650,-3.8850,-2.6950,0.3143,-0.1427,1.0043,0.24,0.40,0.36,137622,135078,125223
33416992,22.4350,-3.5350,-2.9050,0.3193,-0.1408,1.0075,0.25,0.40,0.35,137628,135153,125265
33437500,29.6450,-2.9575,-4.2875,0.3196,-0.1297,1.0056,0.25,0.40,0.35,137624,135222,125321
33457032,18.8650,-2.0825,-5.9850,0.3168,-0.1183,1.0020,0.26,0.40,0.35,137633,135273,125343
33477540,3.1675,-0.9625,-6.0550,0.3068,-0.1059,0.9987,0.26,0.40,0.35,137654,135287,125353
33497070,-11.4450,0.3150,-6.1600,0.2952,-0.0914,0.9960,0.26,0.40,0.35,137668,135277,125350
33517578,-21.3325,1.7850,-6.7550,0.2830,-0.0834,0.9939,0.25,0.40,0.35,137658,135243,125371
33537108,-23.0475,3.5175,-7.8575,0.2749,-0.0844,0.9941,0.25,0.40,0.35,137651,135213,125364
33557616,-6.0200,5.2500,-8.8550,0.2683,-0.0937,0.9977,0.26,0.40,0.35,137655,135252,125386
33577148,12.3725,5.3200,-9.2750,0.2644,-0.1004,1.0055,0.26,0.40,0.34,137665,135323,125423
33597656,23.9225,4.9525,-9.5900,0.2590,-0.1039,1.0161,0.26,0.40,0.34,137669,135403,125466
33617188,20.0550,4.9350,-10.0450,0.2530,-0.1015,1.0233,0.27,0.40,0.34,137669,135442,125506
33647460,2.9400,4.7775,-12.4075,0.2538,-0.0865,1.0311,0.27,0.40,0.34,137688,135497,125552
33666992,6.5450,3.5525,-14.7000,0.2503,-0.0691,1.0444,0.27,0.40,0.33,137689,135548,125620
33687500,11.5500,3.0275,-15.5400,0.2352,-0.0561,1.0536,0.28,0.40,0.33,137693,135603,125676
33707032,1.6975,3.0275,-16.5375,0.2092,-0.0371,1.0569,0.28,0.41,0.33,137717,135612,125700
33727540,-21.0000,3.8850,-16.6950,0.1712,-0.0127,1.0526,0.28,0.41,0.33,137739,135599,125707
33747072,-39.3050,4.7600,-15.2425,0.1193,0.0111,1.0466,0.27,0.41,0.33,137759,135526,125719
33767576,-55.5975,5.3725,-11.1650,0.0554,0.0315,1.0414,0.27,0.41,0.33,137778,135429,125745
33787108,-64.9425,6.2300,-7.5775,-0.0498,0.0492,1.0304,0.26,0.41,0.33,137780,135305,125704
33807616,-61.2325,6.3875,-3.7275,-0.1191,0.0442,1.0265,0.25,0.41,0.33,137807,135205,125710
33827148,-42.8050,5.5125,0.1925,-0.1853,0.0268,1.0263,0.25,0.41,0.33,137828,135148,125691
33847656,-23.5025,4.7950,4.1650,-0.2425,0.0026,1.0252,0.25,0.41,0.33,137852,135105,125695
33867188,-7.9800,4.3050,7.5425,-0.2916,-0.0218,1.0254,0.24,0.41,0.33,137858,135063,125734
33887696,-20.7375,2.8000,10.0625,-0.3345,-0.0468,1.0103,0.24,0.41,0.33,137851,134980,125731
33907224,-37.7650,1.9775,9.7300,-0.3368,-0.0662,0.9972,0.23,0.42,0.33,137872,134891,125702
33927736,-33.8800,0.9975,8.5575,-0.3232,-0.0961,0.9906,0.23,0.42,0.33,137894,134825,125653
33947264,-16.4325,-0.0525,6.9125,-0.2972,-0.1274,0.9860,0.23,0.42,0.33,137899,134802,125665
33966796,2.8875,-1.0850,4.9700,-0.2618,-0.1542,0.9810,0.23,0.42,0.33,137898,134800,125683
33987304,16.5900,-1.2075,2.7825,-0.2230,-0.1726,0.9755,0.23,0.42,0.33,137893,134834,125712
34006836,21.7875,-0.5250,-0.2975,-0.1865,-0.1837,0.9658,0.23,0.42,0.33,137902,134891,125725
34027344,12.5300,0.6650,-2.1350,-0.1429,-0.1813,0.9583,0.24,0.42,0.33,137918,134934,125739
34046876,9.5900,1.4175,-3.4300,-0.1205,-0.1797,0.9564,0.24,0.42,0.32,137923,134951,125748
34067384,16.4675,1.9950,-4.4625,-0.1025,-0.1804,0.9601,0.24,0.42,0.32,137910,135004,125770
34086912,24.0100,2.4675,-5.7225,-0.0885,-0.1804,0.9650,0.24,0.42,0.32,137902,135052,125809
34107420,23.8175,3.3775,-6.9125,-0.0810,-0.1769,0.9673,0.25,0.42,0.32,137894,135120,125826
34126952,17.5700,4.5325,-7.3675,-0.0871,-0.1686,0.9683,0.25,0.42,0.32,137899,135175,125809
34147460,16.9925,5.1625,-7.0875,-0.0972,-0.1658,0.9703,0.25,0.42,0.32,137889,135222,125820
34166992,19.4950,5.3550,-6.5275,-0.1098,-0.1642,0.9758,0.26,0.42,0.32,137872,135260,125828
34187500,16.6425,5.4775,-5.6000,-0.1286,-0.1598,0.9828,0.26,0.41,0.32,137853,135292,125838
34207032,8.2425,5.4775,-4.1650,-0.1510,-0.1542,0.9910,0.26,0.41,0.32,137837,135310,125817
34227540,1.5750,4.7250,-2.6950,-0.1756,-0.1529,1.0016,0.26,0.41,0.32,137819,135331,125792
34247072,3.2725,4.2350,-2.2750,-0.2164,-0.1577,1.0191,0.26,0.41,0.32,137789,135326,125770
34267576,5.6175,3.8675,-2.2750,-0.2435,-0.1620,1.0269,0.26,0.41,0.32,137749,135331,125748
34287108,12.8800,3.2200,-2.4150,-0.2669,-0.1669,1.0329,0.26,0.40,0.33,137694,135357,125735
34307616,23.8700,2.4325,-2.3800,-0.2861,-0.1697,1.0380,0.27,0.40,0.33,137657,135423,125713
34327148,35.7000,1.4175,-2.1000,-0.3035,-0.1654,1.0422,0.27,0.40,0.33,137619,135531,125705
34347656,40.4775,0.1575,-0.5950,-0.3309,-0.1407,1.0424,0.28,0.40,0.33,137568,135591,125691
34367188,29.0500,0.1400,0.0700,-0.3448,-0.1182,1.0404,0.28,0.39,0.33,137508,135616,125685
34387696,17.5350,-0.1400,0.3150,-0.3495,-0.0993,1.0409,0.28,0.39,0.33,137454,135630,125664
34407224,6.1075,-0.5600,-0.1400,-0.3448,-0.0834,1.0410,0.28,0.39,0.33,137414,135613,125603
34427736,-7.3500,-0.6650,-1.4525,-0.3309,-0.0703,1.0387,0.28,0.38,0.34,137364,135580,125531
34447264,-14.6475,-0.5425,-2.3100,-0.3095,-0.0651,1.0380,0.27,0.38,0.34,137323,135550,125487
34466796,-15.3300,0.4900,-4.2350,-0.2884,-0.0626,1.0349,0.27,0.38,0.34,137261,135491,125424
34487304,-9.7475,1.1375,-5.6700,-0.2564,-0.0584,1.0314,0.27,0.37,0.35,137198,135449,125365
34506836,-5.8975,2.0475,-6.0025,-0.2347,-0.0523,1.0270,0.27,0.37,0.35,137153,135447,125313
34527344,-3.5525,2.8175,-5.7400,-0.2135,-0.0447,1.0209,0.27,0.37,0.36,137109,135421,125250
34546876,-4.2350,3.5875,-5.1800,-0.1901,-0.0401,1.0131,0.26,0.37,0.36,137073,135406,125205
34567384,-5.2675,3.9375,-5.0400,-0.1701,-0.0386,1.0033,0.26,0.36,0.36,137018,135374,125184
34586912,-3.4650,4.2175,-5.7575,-0.1410,-0.0362,0.9941,0.26,0.36,0.36,136961,135362,125143
34607420,4.6200,3.4300,-5.7750,-0.1200,-0.0320,0.9928,0.26,0.36,0.36,136932,135355,125110
34626952,6.9125,2.8525,-4.8475,-0.0987,-0.0242,0.9899,0.26,0.36,0.37,136899,135368,125067
34657224,3.8500,1.7150,-3.1325,-0.0671,-0.0185,0.9817,0.26,0.35,0.37,136859,135341,125038
34677736,3.5175,0.6825,-2.7475,-0.0425,-0.0238,0.9812,0.26,0.35,0.37,136859,135365,125027
34697264,18.0075,-1.9250,-2.8000,0.0000,-0.0327,0.9875,0.26,0.35,0.37,136843,135403,125029
34716796,27.1775,-3.3600,-2.9400,0.0275,-0.0337,0.9904,0.27,0.35,0.37,136833,135448,125056
34737304,34.4225,-4.7600,-3.5000,0.0588,-0.0368,0.9953,0.27,0.35,0.37,136829,135503,125068
34756836,32.0250,-5.5650,-4.2525,0.0975,-0.0392,0.9988,0.27,0.35,0.37,136833,135544,125089
34777344,-1.9950,-1.7150,-5.2150,0.1463,-0.0179,1.0032,0.27,0.35,0.37,136822,135445,125016
34796876,-33.3725,0.7175,-5.0925,0.1906,-0.0320,0.9984,0.26,0.35,0.37,136817,135394,124979
34817384,-38.5175,2.3975,-6.1250,0.2473,-0.0555,1.0096,0.26,0.35,0.37,136800,135311,124939
34836912,-17.5350,1.8900,-4.9700,0.2837,-0.0759,1.0197,0.26,0.35,0.37,136788,135285,124937
34857420,10.6050,0.9275,-2.0650,0.3146,-0.0953,1.0275,0.26,0.35,0.37,136783,135331,124957
34876952,22.2950,1.4000,0.2100,0.3364,-0.1047,1.0359,0.26,0.35,0.37,136793,135383,124975
34897460,16.8875,1.2600,1.6800,0.3494,-0.1087,1.0355,0.26,0.35,0.37,136785,135403,124967
34916992,-5.7575,1.5225,2.5025,0.3526,-0.1087,1.0304,0.26,0.35,0.37,136783,135366,124969
34937500,-20.0550,1.1200,4.2525,0.3501,-0.1097,1.0297,0.26,0.35,0.37,136782,135312,124953
34957032,-10.6400,0.4550,6.3875,0.3465,-0.1105,1.0329,0.26,0.35,0.37,136800,135313,124965
34977540,7.3500,-0.6825,9.0125,0.3433,-0.1081,1.0358,0.26,0.35,0.37,136824,135360,124992
34997072,21.6650,-1.2250,11.4625,0.3371,-0.1011,1.0382,0.27,0.35,0.37,136854,135415,125029
35017576,28.8575,-1.6625,13.5625,0.3259,-0.0925,1.0408,0.27,0.35,0.37,136874,135476,125082
35037108,26.5475,-2.2575,15.6625,0.3134,-0.0838,1.0437,0.27,0.36,0.36,136899,135525,125125
35057616,22.9250,-2.9225,16.1700,0.3085,-0.0671,1.0485,0.27,0.36,0.36,136937,135574,125172
35077148,18.4800,-3.6575,16.2400,0.3091,-0.0544,1.0527,0.28,0.36,0.36,136986,135622,125216
35097656,12.0575,-4.1475,16.2925,0.3066,-0.0423,1.0575,0.28,0.36,0.36,137044,135646,125245
35117188,2.8875,-4.3925,15.4700,0.2985,-0.0329,1.0599,0.28,0.37,0.35,137085,135615,125283
35137696,-5.8450,-4.8475,13.5275,0.2858,-0.0307,1.0610,0.28,0.37,0.35,137129,135581,125332
35157224,-18.4625,-5.9325,8.3125,0.2645,-0.0376,1.0613,0.27,0.37,0.35,137193,135563,125332
35177736,-25.3225,-6.5975,3.9550,0.2542,-0.0431,1.0629,0.27,0.38,0.35,137253,135512,125355
35197264,-21.9275,-7.4200,0.2100,0.2431,-0.0471,1.0673,0.27,0.38,0.35,137307,135515,125387
35216796,-1.8200,-9.0650,-2.5900,0.2206,-0.0498,1.0732,0.27,0.38,0.34,137351,135555,125470
35237304,16.5025,-10.0450,-4.8650,0.1886,-0.0483,1.0741,0.28,0.39,0.34,137396,135598,125578
35256836,23.9575,-9.9750,-6.7375,0.1516,-0.0415,1.0715,0.28,0.39,0.33,137449,135676,125661
35277344,11.6375,-9.2750,-10.6750,0.0892,-0.0199,1.0583,0.28,0.39,0.33,137510,135721,125721
35296876,-5.0750,-7.9800,-13.2650,0.0414,-0.0037,1.0479,0.28,0.40,0.32,137552,135731,125773
35317384,-17.8500,-6.2825,-14.9450,-0.0145,0.0124,1.0359,0.28,0.40,0.32,137580,135705,125831
35336912,-18.6025,-5.2325,-14.9275,-0.0756,0.0281,1.0182,0.28,0.40,0.32,137608,135682,125874
35357420,-20.7550,-1.9425,-13.1600,-0.1434,0.0416,1.0045,0.28,0.40,0.31,137636,135686,125926
35376952,-4.7600,-0.5950,-9.2925,-0.2186,0.0445,0.9970,0.28,0.40,0.31,137674,135703,125945
35397460,11.0250,1.8900,-2.4675,-0.3117,0.0464,0.9841,0.28,0.40,0.31,137691,135730,126006
35416992,13.0200,2.8700,0.6475,-0.3504,0.0422,0.9760,0.28,0.40,0.31,137698,135741,126047
35437500,15.6975,2.9575,2.7650,-0.3726,0.0300,0.9727,0.29,0.40,0.31,137707,135752,126074
35457032,12.7750,3.0800,4.1125,-0.3805,0.0178,0.9694,0.29,0.41,0.30,137719,135751,126098
35477540,1.3650,3.7800,5.2500,-0.3783,0.0089,0.9625,0.29,0.41,0.30,137742,135746,126084
35497072,-6.3875,4.0775,6.0725,-0.3697,-0.0016,0.9576,0.28,0.41,0.30,137743,135727,126078
35517576,-2.1350,3.9200,6.1075,-0.3387,-0.0233,0.9594,0.28,0.41,0.30,137741,135681,126083
35537108,2.3100,3.3075,5.5825,-0.3067,-0.0339,0.9636,0.28,0.41,0.30,137737,135673,126089
35557616,-1.1550,2.7300,4.5150,-0.2706,-0.0381,0.9648,0.28,0.41,0.30,137749,135671,126097
35577148,-8.9425,2.6250,2.9400,-0.2353,-0.0443,0.9643,0.28,0.41,0.31,137752,135649,126058
35597656,-19.5825,1.9950,-0.9800,-0.2155,-0.0622,0.9659,0.28,0.41,0.31,137753,135604,126012
35617188,-8.1200,2.8875,-2.3800,-0.1824,-0.0817,0.9701,0.28,0.41,0.31,137740,135590,126018
35637696,11.9700,3.2200,-2.8175,-0.1759,-0.0922,0.9745,0.28,0.41,0.31,137721,135625,126034
35667968,20.5450,2.9575,-3.4825,-0.1752,-0.0985,0.9816,0.28,0.41,0.31,137721,135695,126052
35688476,15.3475,2.5200,-3.7275,-0.1792,-0.0953,0.9889,0.28,0.40,0.31,137699,135724,126051
35708008,8.7675,2.4500,-3.5700,-0.1896,-0.0895,0.9989,0.29,0.40,0.31,137687,135760,126037
35728516,3.0800,2.5025,-2.4675,-0.2125,-0.0800,1.0181,0.29,0.40,0.31,137679,135774,126014
35748048,-3.1500,2.2400,-1.6800,-0.2277,-0.0717,1.0291,0.29,0.40,0.31,137659,135761,125971
35768552,-9.3450,1.7850,-1.1900,-0.2413,-0.0658,1.0386,0.28,0.40,0.31,137620,135734,125939
35788084,-11.9525,0.7350,-1.0325,-0.2552,-0.0636,1.0465,0.28,0.40,0.32,137584,135700,125902
35808592,-11.5325,-0.1575,-0.7000,-0.2691,-0.0631,1.0514,0.28,0.40,0.32,137565,135691,125836
35828124,-9.9225,-1.1725,0.1750,-0.2805,-0.0626,1.0529,0.28,0.39,0.32,137527,135672,125796
35848632,-6.5975,-2.1700,0.2975,-0.2943,-0.0625,1.0533,0.28,0.39,0.33,137493,135641,125743
35868164,0.0875,-3.9725,0.0000,-0.2963,-0.0651,1.0537,0.28,0.39,0.33,137450,135632,125726
35888672,7.1050,-5.8800,-0.5775,-0.2932,-0.0653,1.0547,0.28,0.39,0.33,137414,135646,125703
35908204,9.9575,-7.3325,-0.6300,-0.2906,-0.0580,1.0538,0.28,0.39,0.33,137387,135635,125668
35928712,-2.0300,-7.2275,-0.5425,-0.2883,-0.0438,1.0485,0.28,0.38,0.33,137361,135619,125603
35948240,-27.9300,-5.8975,-0.6475,-0.2799,-0.0259,1.0355,0.27,0.38,0.34,137325,135540,125534
35968752,-34.4050,-5.0050,-0.8925,-0.2723,-0.0229,1.0296,0.27,0.38,0.34,137291,135441,125479
35988280,-30.1875,-4.3400,-1.2425,-0.2645,-0.0256,1.0271,0.26,0.38,0.35,137248,135370,125400
36007812,-22.2775,-3.7450,-1.5225,-0.2511,-0.0304,1.0258,0.26,0.38,0.35,137222,135324,125338
36028320,-13.1425,-3.3425,-1.1200,-0.2320,-0.0372,1.0242,0.26,0.37,0.35,137201,135294,125271
36047852,-0.6650,-3.0100,-0.2275,-0.2153,-0.0458,1.0263,0.26,0.37,0.35,137173,135314,125258
36068360,22.9950,-3.9550,1.1025,-0.1951,-0.0505,1.0318,0.26,0.37,0.36,137135,135327,125251
36087888,20.7200,-4.7075,1.9600,-0.1793,-0.0459,1.0297,0.26,0.37,0.36,137116,135345,125243
36108400,4.5150,-5.5125,1.5050,-0.1579,-0.0370,1.0225,0.26,0.37,0.36,137106,135332,125203
36127928,-14.8050,-6.0200,0.4550,-0.1327,-0.0288,1.0137,0.26,0.37,0.36,137105,135266,125138
36148436,-24.0625,-6.5800,-0.4375,-0.1093,-0.0220,1.0070,0.25,0.37,0.37,137102,135192,125082
36167968,-20.5450,-7.3675,-0.7875,-0.0904,-0.0177,1.0004,0.25,0.37,0.37,137092,135126,125069
36188476,-17.9025,-7.2100,-1.2250,-0.0654,-0.0107,0.9838,0.24,0.37,0.37,137087,135076,125023
36208008,-12.9675,-6.8775,-2.3975,-0.0427,-0.0131,0.9780,0.24,0.37,0.37,137093,135047,124998
36228516,-4.3575,-7.2275,-4.0250,-0.0134,-0.0205,0.9765,0.24,0.37,0.37,137101,135028,124974
36248048,-3.1500,-7.2800,-6.4225,0.0188,-0.0268,0.9734,0.24,0.37,0.37,137100,134999,124970
36268552,-9.5200,-6.6500,-9.1350,0.0531,-0.0332,0.9675,0.24,0.37,0.37,137096,134953,124939
36288084,-16.6600,-5.4250,-12.4950,0.0880,-0.0429,0.9623,0.23,0.37,0.38,137085,134916,124928
36308592,-36.7850,2.7650,-13.5450,0.1503,-0.0617,0.9687,0.23,0.37,0.38,137069,134832,124884
36328124,-19.4950,2.2050,-12.9325,0.1963,-0.0798,0.9548,0.23,0.37,0.38,137058,134820,124845
36348632,-25.0425,6.7725,-14.4725,0.2480,-0.0971,0.9671,0.23,0.36,0.38,137025,134778,124817
36368164,11.2175,3.8675,-13.6325,0.2869,-0.1303,0.9675,0.23,0.36,0.38,136991,134829,124841
36388672,18.4800,5.6875,-11.7250,0.3198,-0.1487,0.9788,0.23,0.36,0.38,136971,134915,124864
36408204,27.8950,3.4475,-8.4350,0.3504,-0.1654,0.9861,0.24,0.36,0.38,136961,134979,124869
36428712,12.8975,3.6400,-6.4225,0.3616,-0.1656,0.9904,0.24,0.36,0.38,136953,135011,124863
36448240,-2.5025,3.8500,-4.5675,0.3691,-0.1648,0.9967,0.24,0.36,0.38,136945,135014,124865
36468752,-4.7075,2.6775,-2.7475,0.3714,-0.1676,1.0049,0.24,0.36,0.38,136922,135015,124881
36488280,5.7575,0.4725,-0.6475,0.3703,-0.1674,1.0163,0.24,0.36,0.38,136929,135033,124894
36507812,9.1350,0.0350,1.6975,0.3687,-0.1620,1.0241,0.25,0.36,0.38,136943,135090,124900
36528320,15.3125,-1.0500,5.3375,0.3680,-0.1448,1.0368,0.25,0.36,0.38,136961,135125,124922
36547852,14.6825,-1.3475,7.7175,0.3673,-0.1313,1.0404,0.25,0.36,0.37,136971,135154,124955
36568360,11.7775,-1.5400,10.0100,0.3643,-0.1236,1.0444,0.25,0.36,0.37,136979,135175,124987
36587888,13.1425,-2.6600,11.0250,0.3673,-0.1177,1.0470,0.25,0.36,0.37,137008,135210,125043
36608400,16.4150,-3.6750,11.3750,0.3682,-0.1142,1.0516,0.26,0.36,0.37,137049,135265,125072
36627928,19.7400,-4.1125,11.4625,0.3623,-0.1081,1.0583,0.26,0.37,0.36,137090,135329,125118
36648436,28.0875,-6.7025,10.8325,0.3497,-0.1072,1.0634,0.26,0.37,0.36,137131,135385,125180
36678712,12.8625,-7.2975,8.1725,0.3392,-0.0993,1.0607,0.27,0.37,0.36,137197,135439,125248
36698240,0.1575,-6.8425,6.0900,0.3290,-0.0931,1.0588,0.27,0.38,0.35,137232,135436,125298
36718752,-5.4600,-6.8950,3.3250,0.3178,-0.0898,1.0563,0.27,0.38,0.35,137267,135428,125356
36738280,-4.5675,-7.0875,0.0350,0.3051,-0.0877,1.0521,0.27,0.38,0.35,137307,135447,125404
36757812,3.0975,-7.8225,-5.2150,0.2724,-0.0810,1.0475,0.27,0.38,0.34,137353,135480,125454
36778320,-2.7825,-7.4725,-8.0675,0.2399,-0.0678,1.0394,0.27,0.39,0.34,137405,135493,125518
36797852,-12.6350,-6.4050,-10.6050,0.1995,-0.0508,1.0314,0.27,0.39,0.34,137439,135503,125570
36818360,-17.7625,-4.7075,-12.4950,0.1451,-0.0321,1.0259,0.27,0.39,0.33,137460,135489,125627
36837888,-14.1575,-3.2725,-13.5100,0.0767,-0.0145,1.0189,0.27,0.39,0.33,137472,135487,125676
36858400,-6.7025,-1.5225,-13.1075,0.0029,-0.0007,1.0108,0.27,0.39,0.33,137503,135500,125738
36877928,4.8825,1.9425,-10.6925,-0.1069,0.0087,0.9949,0.27,0.39,0.32,137533,135553,125801
36898436,18.6200,3.2025,-8.4525,-0.1801,0.0059,0.9887,0.28,0.40,0.32,137544,135614,125872
36917968,37.2575,3.4125,-5.6525,-0.2424,0.0006,0.9860,0.28,0.40,0.31,137552,135688,125978
36938476,45.3950,3.3950,-3.0275,-0.2874,-0.0038,0.9826,0.29,0.40,0.31,137558,135773,126054
36958008,40.0575,3.3775,-1.0150,-0.3165,-0.0085,0.9765,0.29,0.40,0.30,137580,135834,126091
36978516,14.9100,4.3750,1.1725,-0.3375,-0.0172,0.9669,0.29,0.40,0.30,137606,135869,126111
36998048,6.4575,4.4975,2.6775,-0.3396,-0.0276,0.9698,0.29,0.40,0.30,137616,135859,126137
37018552,7.4200,3.1850,4.2000,-0.3268,-0.0348,0.9786,0.29,0.40,0.30,137611,135843,126150
37038084,2.0300,1.9075,5.1100,-0.3010,-0.0359,0.9862,0.29,0.40,0.30,137622,135821,126168
37058592,-11.0600,0.8925,4.8125,-0.2702,-0.0346,0.9853,0.29,0.40,0.30,137653,135790,126149
37078124,-23.3275,0.8575,4.2175,-0.2419,-0.0405,0.9800,0.29,0.40,0.30,137667,135743,126122
37098632,-20.6850,1.1900,3.5000,-0.2112,-0.0616,0.9783,0.28,0.40,0.30,137667,135705,126112
37118164,-6.1600,0.7350,3.1325,-0.1995,-0.0781,0.9819,0.28,0.40,0.30,137673,135692,126137
37138672,8.8900,0.1925,2.4675,-0.1906,-0.0897,0.9865,0.28,0.40,0.30,137672,135707,126143
37158204,14.2100,0.2100,1.3300,-0.1823,-0.0959,0.9894,0.29,0.40,0.30,137681,135746,126160
37178712,13.7375,0.5075,0.1575,-0.1752,-0.0991,0.9927,0.29,0.40,0.30,137704,135782,126154
37198240,11.6375,0.9975,-0.8925,-0.1704,-0.0999,0.9983,0.29,0.40,0.30,137691,135796,126154
37218752,7.4025,1.7150,-1.9425,-0.1692,-0.0958,1.0092,0.29,0.40,0.30,137667,135798,126157
37238280,2.9925,2.0300,-2.3800,-0.1696,-0.0917,1.0167,0.29,0.40,0.30,137660,135817,126137
37257812,0.0000,1.6975,-2.4675,-0.1720,-0.0885,1.0246,0.29,0.40,0.30,137654,135829,126119
37278320,-2.3975,1.3300,-2.4850,-0.1767,-0.0861,1.0324,0.29,0.40,0.30,137647,135838,126076
37297852,-4.3925,0.8050,-2.5550,-0.1824,-0.0853,1.0397,0.29,0.40,0.31,137618,135822,126052
37318360,-5.2150,0.0875,-2.8700,-0.1879,-0.0858,1.0458,0.29,0.40,0.31,137594,135806,126029
37337888,-5.9325,-0.6125,-3.4125,-0.1948,-0.0867,1.0520,0.29,0.40,0.31,137551,135796,126001
37358400,-4.7425,-0.4900,-3.4300,-0.1996,-0.0872,1.0565,0.29,0.39,0.31,137540,135810,125948
37377928,-1.2425,-0.5600,-3.4125,-0.2052,-0.0866,1.0607,0.29,0.39,0.32,137517,135810,125907
37398436,0.5600,-0.5075,-3.2025,-0.2123,-0.0841,1.0616,0.29,0.39,0.32,137470,135800,125883
37417968,2.8000,-0.2100,-3.3075,-0.2209,-0.0803,1.0609,0.29,0.39,0.32,137421,135804,125847
37438476,5.9500,0.2625,-3.4825,-0.2324,-0.0752,1.0582,0.29,0.38,0.32,137378,135811,125822
37458008,4.9000,0.4900,-3.9725,-0.2346,-0.0691,1.0554,0.29,0.38,0.32,137344,135819,125773
37478516,1.2950,0.5775,-4.2175,-0.2320,-0.0603,1.0518,0.29,0.38,0.33,137312,135828,125706
37498048,-4.3575,0.6300,-4.2350,-0.2267,-0.0495,1.0481,0.29,0.38,0.33,137261,135810,125660
37518552,-10.2550,0.3850,-4.1650,-0.2190,-0.0388,1.0453,0.29,0.37,0.33,137204,135762,125613
37538084,-17.7625,0.4725,-4.5150,-0.2081,-0.0277,1.0424,0.28,0.37,0.34,137158,135702,125536
37558592,-26.3025,-0.1400,-5.5825,-0.1886,-0.0139,1.0370,0.28,0.37,0.34,137126,135659,125454
37578124,-26.6700,-0.4025,-5.8625,-0.1771,-0.0095,1.0343,0.28,0.37,0.35,137100,135605,125405
37598632,-23.7825,0.1400,-5.3025,-0.1680,-0.0088,1.0318,0.27,0.37,0.35,137057,135534,125318
37618164,-16.9225,1.1900,-4.2350,-0.1593,-0.0098,1.0281,0.27,0.36,0.35,137014,135490,125295
37638672,-7.4025,2.3275,-3.2900,-0.1471,-0.0117,1.0258,0.27,0.36,0.36,136976,135469,125234
37658204,1.2600,2.8000,-3.4125,-0.1318,-0.0117,1.0220,0.27,0.36,0.36,136943,135484,125207
37688476,14.5775,3.3600,-3.0100,-0.1017,-0.0085,1.0059,0.27,0.36,0.36,136896,135513,125174
37708008,19.7925,3.8150,-1.7325,-0.0974,-0.0077,0.9978,0.27,0.35,0.36,136867,135546,125154
37728516,21.6650,4.2350,-0.9800,-0.0977,-0.0070,0.9938,0.27,0.35,0.36,136844,135576,125128
37748048,15.6100,4.0600,-0.9275,-0.0905,-0.0048,0.9873,0.27,0.35,0.36,136815,135573,125116
37768552,4.0250,3.6750,-1.0850,-0.0748,-0.0017,0.9799,0.27,0.35,0.37,136787,135551,125088
37788084,8.2250,1.6450,-0.5075,-0.0462,0.0028,0.9762,0.27,0.35,0.37,136767,135565,125088
37808592,16.1350,0.0000,0.2975,-0.0264,0.0037,0.9778,0.28,0.35,0.37,136776,135588,125073
37828124,17.2200,-1.9425,0.3150,-0.0035,0.0027,0.9780,0.28,0.35,0.37,136780,135618,125055
37848632,8.9075,-3.7800,-0.6125,0.0221,0.0010,0.9743,0.28,0.35,0.37,136785,135611,125069
37868164,0.2800,-5.2500,-1.6975,0.0522,-0.0026,0.9703,0.28,0.35,0.37,136781,135600,125058
37888672,-1.4350,-6.3000,-2.5200,0.0853,-0.0093,0.9682,0.28,0.35,0.37,136793,135585,125046
37908204,1.7850,-5.8450,-4.6375,0.1501,-0.0251,0.9694,0.28,0.35,0.37,136802,135585,125038
37928712,0.0700,-3.9375,-5.2150,0.2062,-0.0382,0.9723,0.28,0.35,0.37,136811,135590,125034
37948240,-3.4650,-1.4875,-6.3700,0.2613,-0.0492,0.9772,0.28,0.35,0.37,136807,135592,125034
37968752,-0.0875,-0.0175,-7.5775,0.3054,-0.0634,0.9862,0.28,0.35,0.37,136783,135607,125049
37988280,3.7975,0.5250,-8.1025,0.3387,-0.0766,0.9926,0.28,0.35,0.37,136772,135612,125045
38007812,4.9875,0.4900,-7.7350,0.3628,-0.0839,0.9943,0.28,0.35,0.37,136779,135650,125055
38028320,15.5925,0.2450,-5.2150,0.3850,-0.0877,0.9989,0.28,0.35,0.37,136783,135726,125070
38047852,25.0775,0.0875,-3.1325,0.3953,-0.0858,1.0031,0.29,0.35,0.36,136779,135786,125119
38068360,28.6475,0.5075,-1.2425,0.4024,-0.0795,1.0081,0.29,0.35,0.36,136765,135853,125159
38087888,31.0800,0.9275,0.4900,0.4053,-0.0698,1.0138,0.30,0.35,0.36,136770,135936,125214
38108400,28.6300,1.7325,2.1525,0.4082,-0.0565,1.0187,0.30,0.35,0.36,136779,136002,125247
38127928,22.0325,2.5550,3.7275,0.4136,-0.0432,1.0226,0.30,0.35,0.35,136794,136062,125283
38148436,11.5500,2.1525,5.2850,0.4247,-0.0260,1.0265,0.31,0.35,0.35,136808,136091,125318
38167968,3.3425,1.1725,5.7575,0.4255,-0.0122,1.0299,0.31,0.35,0.35,136824,136091,125367
38188476,-3.3950,1.0850,6.2300,0.4177,0.0039,1.0344,0.31,0.35,0.35,136841,136089,125380
38208008,-4.2000,0.8925,7.0525,0.4089,0.0174,1.0388,0.31,0.35,0.35,136879,136101,125409
38228516,-6.2825,1.0500,7.9625,0.3958,0.0278,1.0443,0.31,0.36,0.34,136923,136098,125434
38248048,-8.2775,0.1050,6.7200,0.3689,0.0235,1.0537,0.31,0.36,0.34,136956,136093,125479
38268552,-16.8525,-0.9275,3.0100,0.3449,0.0160,1.0610,0.30,0.36,0.34,136989,136049,125526
38288084,-33.5650,-1.9425,-1.5050,0.3213,0.0112,1.0669,0.30,0.36,0.34,137014,136007,125529
38308592,-38.2900,-3.8325,-5.6000,0.2934,0.0059,1.0746,0.30,0.37,0.34,137068,135979,125535
38328124,-28.6300,-6.1775,-8.8550,0.2562,0.0046,1.0852,0.30,0.37,0.34,137113,135986,125570
38348632,-14.3675,-8.7500,-10.5875,0.2075,0.0095,1.0951,0.30,0.37,0.33,137159,135992,125640
38368164,-4.0250,-11.6550,-10.5525,0.1094,0.0327,1.1047,0.30,0.37,0.33,137196,136002,125723
38388672,-7.6825,-12.4950,-9.3100,0.0320,0.0573,1.1053,0.30,0.38,0.32,137245,135995,125790
38408204,-22.5400,-12.2675,-7.0350,-0.0505,0.0827,1.0947,0.30,0.38,0.32,137300,135965,125826
38428712,-32.2175,-11.3050,-3.7450,-0.1266,0.0976,1.0784,0.30,0.38,0.32,137363,135909,125840
38448240,-26.8450,-9.5200,0.6650,-0.1947,0.1005,1.0599,0.29,0.39,0.32,137401,135859,125897
38468752,-21.9450,-4.8650,6.3525,-0.2858,0.0930,1.0191,0.29,0.39,0.31,137441,135792,125928
38488280,-21.4725,-1.2425,8.6275,-0.3348,0.0756,0.9947,0.29,0.39,0.31,137475,135750,125952
38507812,-3.6050,0.3500,10.4825,-0.3662,0.0422,0.9873,0.29,0.39,0.31,137511,135747,125966
38528320,11.8300,0.7700,11.0250,-0.3788,0.0037,0.9883,0.29,0.39,0.31,137541,135756,125996
38547852,9.4675,1.3475,10.2900,-0.3797,-0.0257,0.9816,0.29,0.40,0.31,137563,135744,126014
38568360,3.5350,1.8550,9.8175,-0.3675,-0.0470,0.9738,0.28,0.40,0.31,137568,135720,126045
38587888,2.0825,2.0300,8.8725,-0.3438,-0.0614,0.9692,0.28,0.40,0.31,137570,135705,126049
38608400,0.6125,2.0650,6.9825,-0.3043,-0.0769,0.9614,0.28,0.40,0.31,137586,135703,126039
38627928,0.0700,2.2575,5.6350,-0.2796,-0.0850,0.9575,0.28,0.40,0.31,137602,135714,126025
38648436,-2.8525,2.6250,4.3575,-0.2557,-0.0921,0.9533,0.28,0.40,0.31,137606,135694,126027
38667968,-3.0625,3.0800,3.1850,-0.2331,-0.1020,0.9489,0.28,0.40,0.31,137593,135667,126042
38698240,7.5425,4.4275,0.6825,-0.2089,-0.1221,0.9472,0.28,0.40,0.31,137599,135720,126032
38718752,23.0650,5.1800,-0.2100,-0.1987,-0.1388,0.9525,0.29,0.40,0.31,137580,135760,126050
38738280,23.8350,6.1250,-0.3500,-0.1998,-0.1396,0.9584,0.29,0.40,0.31,137564,135801,126038
38757812,19.4600,6.7025,0.5425,-0.2063,-0.1330,0.9650,0.29,0.40,0.31,137552,135858,126031
38778320,10.6225,7.7000,2.0650,-0.2142,-0.1220,0.9731,0.29,0.40,0.31,137546,135881,126017
38797852,12.5825,7.5950,3.6750,-0.2208,-0.1147,0.9841,0.30,0.39,0.31,137526,135907,125983
38818360,19.8100,6.6150,5.2850,-0.2314,-0.1059,1.0028,0.30,0.39,0.31,137492,135934,126007
38837888,25.7425,5.1625,5.9675,-0.2428,-0.0991,1.0143,0.30,0.39,0.31,137477,135972,125984
38858400,26.7050,3.9725,6.4575,-0.2553,-0.0881,1.0231,0.30,0.39,0.31,137456,136031,125964
38877928,21.0175,2.9400,6.3175,-0.2636,-0.0742,1.0282,0.30,0.39,0.31,137445,136064,125946
38898436,12.9850,1.7150,5.4425,-0.2658,-0.0606,1.0318,0.30,0.39,0.31,137410,136055,125917
38917968,-0.0175,1.4525,4.5150,-0.2635,-0.0477,1.0336,0.30,0.38,0.32,137370,136030,125876
38938476,-9.3625,1.3125,3.5000,-0.2505,-0.0317,1.0359,0.30,0.38,0.32,137346,135985,125823
38958008,-6.3350,1.1900,3.6575,-0.2403,-0.0239,1.0399,0.30,0.38,0.32,137328,135979,125772
38978516,-5.8450,1.2600,3.7625,-0.2334,-0.0149,1.0416,0.30,0.38,0.33,137295,135964,125708
38998048,-6.6150,1.0150,3.6575,-0.2257,-0.0068,1.0424,0.30,0.38,0.33,137264,135920,125669
39018552,-7.5950,0.6475,3.5700,-0.2175,-0.0012,1.0431,0.29,0.37,0.33,137212,135874,125638
39038084,-11.1125,0.4375,3.4650,-0.2068,0.0007,1.0429,0.29,0.37,0.34,137188,135837,125570
39058592,-16.2400,0.3850,3.2550,-0.1841,0.0004,1.0401,0.29,0.37,0.34,137164,135796,125506
39078124,-14.6475,0.7875,3.0275,-0.1687,0.0015,1.0374,0.29,0.37,0.34,137142,135764,125454
39098632,-5.6525,1.0850,3.2725,-0.1581,0.0010,1.0355,0.28,0.37,0.34,137108,135725,125430
39118164,4.3400,2.0475,3.7450,-0.1515,0.0015,1.0350,0.28,0.37,0.35,137059,135717,125415
39138672,14.2100,2.4675,4.2350,-0.1440,0.0027,1.0336,0.29,0.36,0.35,137035,135750,125387
39158204,16.1175,3.2375,4.4625,-0.1325,0.0072,1.0293,0.29,0.36,0.35,137016,135759,125357
39178712,8.7500,4.6550,4.1300,-0.1182,0.0198,1.0180,0.29,0.36,0.35,136996,135758,125319
39198240,2.6250,5.2325,3.8325,-0.1099,0.0279,1.0114,0.28,0.36,0.35,136959,135739,125297
39218752,-3.4825,5.8100,3.4300,-0.0988,0.0354,1.0066,0.28,0.36,0.35,136920,135697,125269
39238280,-4.3225,6.1950,3.2900,-0.0848,0.0392,1.0055,0.28,0.36,0.36,136894,135677,125230
39257812,-3.2200,6.4750,3.4650,-0.0705,0.0409,1.0045,0.28,0.35,0.36,136874,135651,125178
39278320,-6.1950,6.6500,3.5875,-0.0440,0.0438,1.0006,0.28,0.35,0.36,136860,135628,125156
39297852,-7.4550,6.5100,3.9200,-0.0266,0.0440,0.9992,0.28,0.35,0.36,136835,135586,125118
39318360,-6.3525,6.0025,3.9725,-0.0088,0.0403,1.0006,0.27,0.35,0.36,136799,135553,125109
39337888,-3.0975,5.0400,3.6925,0.0120,0.0337,1.0041,0.27,0.35,0.37,136788,135516,125090
39358400,-3.6225,3.9375,2.7125,0.0370,0.0266,1.0075,0.27,0.35,0.37,136788,135503,125055
39377928,-10.2200,2.7825,1.7325,0.0669,0.0171,1.0083,0.27,0.35,0.37,136783,135447,125039
39398436,-23.5025,1.8375,0.9625,0.1147,-0.0016,1.0064,0.26,0.35,0.37,136774,135381,124993
39417968,-23.0825,1.3650,1.0150,0.1464,-0.0190,1.0076,0.26,0.35,0.37,136767,135318,124990
39438476,-16.9400,0.7700,1.2600,0.1742,-0.0390,1.0104,0.26,0.35,0.37,136762,135284,124964
39458008,-7.9275,-0.1225,1.5925,0.2006,-0.0620,1.0143,0.26,0.35,0.37,136773,135267,124952
39478516,0.1750,-0.7525,2.1525,0.2295,-0.0822,1.0199,0.26,0.35,0.37,136788,135285,124952
39498048,6.6325,-1.4000,3.4825,0.2552,-0.0954,1.0250,0.26,0.35,0.37,136794,135294,124977
39518552,3.2375,-2.2050,6.5625,0.2823,-0.1044,1.0304,0.26,0.35,0.37,136802,135282,124998
39538084,-8.6975,-2.8525,7.5600,0.2974,-0.1091,1.0341,0.25,0.35,0.37,136815,135242,124985
39558592,-15.1200,-3.3425,8.4350,0.3095,-0.1135,1.0410,0.25,0.35,0.37,136853,135216,124990
39578124,-12.2150,-4.1125,9.8350,0.3173,-0.1165,1.0488,0.25,0.36,0.37,136890,135185,124984
39598632,-7.0175,-4.8650,11.4625,0.3221,-0.1179,1.0560,0.25,0.36,0.37,136912,135178,125017
39618164,-6.2825,-5.7750,12.4075,0.3262,-0.1152,1.0613,0.25,0.36,0.37,136943,135149,125039
39638672,-5.0050,-8.4700,12.6175,0.3300,-0.1109,1.0654,0.25,0.36,0.37,136990,135147,125068
39658204,-0.9450,-10.0450,12.1800,0.3296,-0.1076,1.0687,0.25,0.36,0.37,137047,135155,125086
39678712,4.7775,-10.6575,11.7075,0.3267,-0.1014,1.0721,0.25,0.37,0.36,137105,135173,125117
39708984,10.5700,-11.9350,10.1675,0.3121,-0.0908,1.0730,0.25,0.37,0.36,137193,135194,125199
39729492,-3.6925,-12.3200,6.3000,0.2901,-0.0826,1.0645,0.25,0.38,0.36,137262,135183,125239
39749024,-22.8025,-11.7075,1.6975,0.2783,-0.0827,1.0565,0.25,0.38,0.35,137294,135135,125273
39769532,-29.5750,-11.0075,-3.2900,0.2707,-0.0870,1.0540,0.25,0.38,0.35,137347,135095,125334
39789064,-13.1775,-11.0600,-7.1400,0.2578,-0.0886,1.0573,0.25,0.39,0.35,137398,135117,125380
39809568,8.2600,-11.6375,-8.7850,0.2239,-0.0847,1.0591,0.25,0.39,0.34,137466,135191,125447
39829100,16.8350,-12.1625,-10.7275,0.1781,-0.0766,1.0586,0.25,0.39,0.34,137521,135239,125538
39849608,-15.1200,-11.4800,-15.3125,0.1204,-0.0589,1.0462,0.25,0.40,0.33,137555,135197,125593
39869140,-49.5425,-9.6600,-18.7250,0.0897,-0.0500,1.0332,0.25,0.40,0.33,137580,135112,125618
39889648,-59.0450,-8.2425,-20.4400,0.0508,-0.0505,1.0246,0.24,0.40,0.33,137633,135051,125636
39909180,-38.2725,-7.8225,-20.2650,0.0051,-0.0580,1.0219,0.24,0.40,0.33,137682,135056,125686
39929688,-1.0150,-8.4525,-19.1450,-0.0406,-0.0666,1.0249,0.25,0.41,0.32,137722,135131,125789
39949216,30.9575,-9.0300,-17.2200,-0.0871,-0.0684,1.0265,0.25,0.41,0.32,137750,135224,125883
39969728,34.0200,-6.5625,-12.4950,-0.1631,-0.0542,1.0174,0.26,0.41,0.31,137768,135292,125984
39989256,19.6700,-3.2550,-8.1375,-0.2112,-0.0384,1.0108,0.26,0.41,0.31,137804,135344,126046
40008788,38.0275,-2.8700,-2.0650,-0.2873,-0.0323,0.9989,0.27,0.41,0.30,137825,135457,126124
40029296,6.6500,-5.5475,-10.0800,-0.5628,-0.1230,1.0154,0.27,0.41,0.30,137815,135443,126088
40048828,35.1575,-5.7400,-2.8000,-0.4207,-0.1154,0.9926,0.27,0.41,0.30,137806,135458,126107
40069336,-8.1725,-0.3675,1.3475,-0.4246,-0.1174,0.9936,0.27,0.41,0.30,137801,135450,126102
40088868,-0.9625,-0.1575,0.4725,-0.3623,-0.1060,0.9941,0.27,0.41,0.30,137795,135440,126100
40109376,-6.7025,-1.8725,-0.5425,-0.3529,-0.1038,0.9904,0.27,0.41,0.31,137807,135443,126067
40128904,-13.9300,-3.7275,-1.9775,-0.3329,-0.1086,0.9883,0.26,0.41,0.31,137798,135410,126043
40149416,-12.0925,-4.1650,-2.9225,-0.3000,-0.1157,0.9888,0.26,0.41,0.31,137786,135395,126034
40168944,-1.4700,-3.5875,-2.6075,-0.2669,-0.1192,0.9880,0.26,0.41,0.31,137769,135403,126039
40189452,10.4825,-2.3450,-1.9950,-0.2308,-0.1188,0.9838,0.27,0.41,0.31,137768,135426,126035
40208984,6.0375,-1.6800,-2.1525,-0.2124,-0.1152,0.9793,0.27,0.41,0.31,137773,135453,126012
40229492,-1.1900,-0.7875,-1.9950,-0.1962,-0.1111,0.9760,0.27,0.41,0.31,137762,135457,125992
40249024,0.2100,0.2100,-1.1200,-0.1848,-0.1099,0.9782,0.27,0.41,0.31,137737,135456,125977
40269532,6.7550,1.1025,-0.0700,-0.1803,-0.1100,0.9845,0.27,0.41,0.31,137712,135461,125968
40289064,9.1875,1.4175,0.5425,-0.1779,-0.1093,0.9909,0.27,0.40,0.31,137704,135495,125939
40309568,6.4575,1.6800,1.0150,-0.1763,-0.1041,0.9992,0.27,0.40,0.32,137698,135517,125908
40329100,7.6125,1.9950,1.5750,-0.1807,-0.0988,1.0054,0.27,0.40,0.32,137679,135529,125879
40349608,14.9450,1.9950,2.5550,-0.1901,-0.0944,1.0153,0.27,0.40,0.32,137643,135560,125862
40369140,20.4575,2.3275,3.5350,-0.2040,-0.0877,1.0250,0.28,0.40,0.32,137610,135578,125846
40389648,18.1125,2.9400,4.4625,-0.2167,-0.0773,1.0308,0.28,0.40,0.32,137592,135592,125807
40409180,8.7850,4.3225,5.5300,-0.2246,-0.0644,1.0358,0.28,0.40,0.32,137566,135603,125751
40429688,-3.0800,4.3925,5.8625,-0.2256,-0.0465,1.0411,0.27,0.39,0.33,137529,135570,125714
40449216,-10.1150,4.1650,5.6000,-0.2222,-0.0390,1.0427,0.27,0.39,0.33,137490,135527,125663
40469728,-17.0100,4.4450,5.1800,-0.2176,-0.0344,1.0425,0.27,0.39,0.33,137437,135466,125600
40489256,-25.1475,5.3900,5.1800,-0.2111,-0.0293,1.0396,0.26,0.39,0.34,137402,135390,125512
40508788,-26.8625,5.3725,5.1800,-0.2012,-0.0267,1.0355,0.26,0.38,0.34,137378,135333,125431
40529296,-24.8150,5.5475,5.0050,-0.1896,-0.0261,1.0330,0.26,0.38,0.35,137337,135257,125369
40548828,-26.1625,5.8100,3.9375,-0.1730,-0.0270,1.0308,0.25,0.38,0.35,137294,135164,125298
40569336,-28.2800,5.1975,2.5200,-0.1586,-0.0323,1.0281,0.24,0.38,0.36,137244,135080,125220
40588868,-28.5950,4.7775,1.5400,-0.1449,-0.0409,1.0263,0.24,0.37,0.36,137209,135012,125177
40609376,-20.5450,4.0425,0.7875,-0.1312,-0.0506,1.0241,0.24,0.37,0.36,137190,134969,125124
40628904,-10.5350,3.6400,-0.5775,-0.1180,-0.0590,1.0182,0.24,0.37,0.37,137158,134954,125086
40649416,11.3225,2.4150,-1.2075,-0.1035,-0.0697,1.0048,0.24,0.37,0.37,137122,134966,125057
40668944,29.6275,1.2075,-1.6275,-0.0949,-0.0756,0.9982,0.24,0.37,0.37,137099,135018,125070
40689452,46.0425,-0.1575,-2.1350,-0.0856,-0.0799,0.9927,0.25,0.37,0.37,137077,135134,125082
40719728,59.8325,-0.9625,-3.9375,-0.0702,-0.0788,0.9848,0.26,0.36,0.36,137046,135309,125124
40739256,60.2875,-0.7350,-4.7600,-0.0584,-0.0703,0.9784,0.27,0.36,0.36,137043,135423,125146
40758788,54.5125,-0.0875,-4.9350,-0.0437,-0.0584,0.9709,0.27,0.36,0.36,137031,135524,125175
40779296,40.6875,0.8400,-5.6875,-0.0181,-0.0407,0.9608,0.28,0.36,0.36,137015,135617,125171
40798828,28.1575,1.1725,-7.4025,0.0041,-0.0293,0.9571,0.28,0.36,0.36,136994,135645,125178
40819336,13.2475,1.2600,-8.8900,0.0339,-0.0217,0.9570,0.28,0.36,0.36,136965,135652,125182
40838868,-6.1950,1.9950,-10.0800,0.0727,-0.0178,0.9595,0.28,0.36,0.36,136955,135631,125147
40859376,-22.0850,2.7650,-11.2700,0.1203,-0.0205,0.9636,0.27,0.36,0.36,136946,135574,125105
40878904,-22.3300,3.6925,-10.8850,0.1725,-0.0378,0.9738,0.27,0.36,0.37,136925,135544,125076
40899416,-11.2875,4.1475,-9.9750,0.2384,-0.0515,0.9849,0.27,0.36,0.37,136896,135528,125061
40918944,1.6800,3.4825,-8.7675,0.2710,-0.0678,0.9964,0.27,0.35,0.37,136881,135534,125058
40939452,7.4375,2.2925,-7.1050,0.2982,-0.0797,1.0056,0.27,0.35,0.37,136869,135573,125077
40958984,10.8325,0.8750,-4.3575,0.3207,-0.0852,1.0141,0.28,0.35,0.37,136880,135618,125081
40979492,13.4750,-0.4550,-1.5050,0.3396,-0.0837,1.0224,0.28,0.35,0.36,136888,135641,125098
40999024,8.1025,-1.2075,3.0625,0.3538,-0.0721,1.0311,0.28,0.36,0.36,136891,135653,125126
41019532,-0.3325,-1.2425,5.6350,0.3558,-0.0641,1.0341,0.28,0.36,0.36,136895,135641,125129
41039064,-28.1400,4.2525,7.2975,0.3577,-0.0478,1.0424,0.28,0.36,0.36,136907,135584,125107
41059568,-14.0000,1.7150,9.5200,0.3582,-0.0486,1.0368,0.27,0.36,0.36,136921,135563,125098
41079100,-16.4500,3.3775,10.1850,0.3614,-0.0427,1.0441,0.27,0.36,0.36,136941,135545,125104
41099608,12.3200,-1.6625,10.9550,0.3651,-0.0447,1.0471,0.27,0.36,0.36,136951,135572,125146
41119140,20.6325,-3.7800,10.3775,0.3699,-0.0519,1.0557,0.28,0.36,0.36,136987,135614,125190
41139648,31.4475,-6.2825,9.4850,0.3665,-0.0534,1.0625,0.28,0.36,0.35,137029,135716,125270
41159180,40.5475,-8.6800,8.2075,0.3573,-0.0536,1.0704,0.29,0.37,0.35,137083,135821,125341
41179688,40.3550,-10.2200,6.0550,0.3482,-0.0498,1.0775,0.29,0.37,0.35,137130,135901,125413
41199216,27.1425,-11.1300,2.8525,0.3407,-0.0414,1.0802,0.30,0.37,0.34,137175,135931,125470
41219728,-7.7875,-11.5500,-2.6600,0.3265,-0.0275,1.0791,0.30,0.37,0.34,137214,135919,125501
41239256,-23.2225,-12.5825,-6.5800,0.3150,-0.0244,1.0801,0.29,0.38,0.34,137261,135901,125535
41258788,-22.6975,-14.1750,-10.1500,0.3006,-0.0234,1.0847,0.29,0.38,0.34,137315,135899,125572
41279296,-7.5775,-16.1175,-12.7050,0.2812,-0.0235,1.0913,0.30,0.38,0.33,137373,135932,125638
41298828,11.1475,-17.9025,-14.5600,0.2571,-0.0218,1.0979,0.30,0.39,0.33,137414,135990,125726
41319336,16.9400,-18.9700,-16.1175,0.2269,-0.0128,1.1042,0.30,0.39,0.32,137459,136047,125826
41338868,8.8375,-20.9125,-17.5000,0.1873,0.0159,1.1068,0.31,0.39,0.32,137521,136097,125901
41359376,-4.0775,-21.7350,-17.7800,0.1203,0.0421,1.0992,0.31,0.40,0.31,137579,136136,125972
41378904,-14.1400,-21.8750,-16.8175,0.0712,0.0681,1.0853,0.31,0.40,0.31,137647,136116,126048
41399416,-19.0575,-20.7550,-14.7700,0.0171,0.0900,1.0702,0.31,0.40,0.30,137690,136094,126121
41418944,-6.0375,-20.0725,-10.9025,-0.0462,0.1010,1.0573,0.31,0.41,0.30,137738,136100,126212
41439452,1.1900,-16.9750,-5.6000,-0.1176,0.1122,1.0397,0.31,0.41,0.29,137789,136109,126273
41458984,-4.1825,-8.8200,3.6575,-0.2198,0.1232,1.0167,0.31,0.41,0.29,137851,136101,126312
41479492,0.6300,-5.0925,9.3625,-0.2801,0.1163,1.0136,0.30,0.42,0.29,137896,136069,126361
41499024,-8.1725,-2.2225,14.0875,-0.3155,0.1083,1.0026,0.30,0.42,0.29,137920,136005,126385
41519532,-35.1575,1.1375,16.8700,-0.3326,0.1025,0.9858,0.29,0.42,0.29,137947,135879,126376
41539064,-46.4100,2.9750,18.0250,-0.3392,0.0839,0.9744,0.29,0.42,0.29,137981,135777,126332
41559568,-39.8650,3.0975,17.7975,-0.3349,0.0536,0.9711,0.28,0.42,0.29,138024,135681,126281
41579100,-31.1150,2.9225,15.9250,-0.3133,0.0039,0.9714,0.28,0.43,0.29,138046,135610,126257
41599608,-15.8375,2.0125,13.8600,-0.2895,-0.0268,0.9721,0.27,0.43,0.29,138044,135546,126252
41619140,-3.2025,1.2250,11.7425,-0.2610,-0.0510,0.9703,0.27,0.43,0.29,138039,135527,126259
41639648,4.0950,1.1725,9.5375,-0.2294,-0.0686,0.9667,0.27,0.43,0.29,138057,135534,126258
41659180,7.4900,1.7850,6.8075,-0.2012,-0.0819,0.9638,0.27,0.43,0.29,138072,135547,126261
41679688,15.0675,2.4325,2.4675,-0.1679,-0.0992,0.9675,0.28,0.43,0.29,138071,135586,126265
41699216,16.1525,2.7300,-0.0350,-0.1477,-0.1030,0.9723,0.28,0.43,0.29,138055,135590,126294
41729492,5.8450,3.5525,-3.2200,-0.1230,-0.1013,0.9772,0.28,0.43,0.29,138051,135637,126287
41749024,3.2025,3.8850,-5.3025,-0.1143,-0.1054,0.9836,0.28,0.42,0.29,138025,135646,126270
41769532,10.6925,3.9550,-7.0350,-0.1144,-0.1148,0.9958,0.28,0.42,0.29,137999,135686,126272
41789064,18.2700,3.4475,-8.2950,-0.1210,-0.1215,1.0097,0.29,0.42,0.29,137978,135749,126257
41809568,17.8850,2.5725,-9.1175,-0.1387,-0.1200,1.0302,0.29,0.42,0.29,137969,135805,126244
41829100,13.7550,2.2750,-8.7150,-0.1549,-0.1137,1.0436,0.29,0.42,0.30,137932,135843,126223
41849608,9.4500,2.1875,-7.7875,-0.1752,-0.1052,1.0546,0.29,0.42,0.30,137888,135837,126207
41869140,3.2200,2.2400,-6.4225,-0.1969,-0.0948,1.0605,0.29,0.41,0.30,137846,135855,126165
41889648,-3.2200,2.5725,-4.9000,-0.2173,-0.0839,1.0612,0.29,0.41,0.30,137812,135855,126085
41909180,-1.9600,2.9225,-2.1525,-0.2328,-0.0752,1.0630,0.29,0.41,0.31,137773,135865,126040
41929688,2.8175,2.8175,-0.2275,-0.2466,-0.0625,1.0684,0.29,0.41,0.31,137727,135868,126005
41949216,-1.6625,3.5700,1.2250,-0.2530,-0.0508,1.0687,0.29,0.40,0.31,137673,135841,125934
41969728,-8.1725,4.1825,2.0650,-0.2595,-0.0405,1.0684,0.29,0.40,0.32,137618,135793,125867
41989256,-14.2625,5.3900,3.0800,-0.2650,-0.0340,1.0662,0.29,0.40,0.32,137570,135765,125789
42008788,-17.9900,6.1250,3.7625,-0.2667,-0.0267,1.0577,0.28,0.39,0.33,137529,135706,125699
42029296,-23.1350,7.0875,3.4825,-0.2513,-0.0192,1.0447,0.28,0.39,0.33,137472,135635,125610
42048828,-17.6575,7.0525,2.8000,-0.2353,-0.0174,1.0392,0.28,0.39,0.34,137423,135587,125548
42069336,-7.3325,6.7375,2.3100,-0.2212,-0.0162,1.0348,0.27,0.38,0.34,137354,135558,125490
42088868,4.1825,6.1600,1.9250,-0.2069,-0.0135,1.0280,0.27,0.38,0.34,137313,135547,125439
42109376,10.0625,5.8100,1.1725,-0.1884,-0.0099,1.0185,0.27,0.38,0.35,137283,135572,125396
42128904,10.8500,5.4775,-1.2075,-0.1640,-0.0057,1.0086,0.28,0.38,0.35,137242,135587,125361
42149416,4.0250,5.3200,-5.4600,-0.1154,-0.0035,0.9923,0.28,0.37,0.35,137191,135578,125318
42168944,-4.1300,5.9850,-7.6300,-0.0811,-0.0032,0.9832,0.27,0.37,0.35,137144,135550,125282
42189452,-7.8400,6.5100,-9.5725,-0.0428,-0.0041,0.9782,0.27,0.37,0.36,137103,135529,125223
42208984,-14.1225,7.8575,-11.7775,-0.0010,-0.0049,0.9744,0.27,0.37,0.36,137062,135504,125163
42229492,-23.4325,9.7825,-13.8075,0.0442,-0.0093,0.9699,0.27,0.36,0.36,137014,135438,125095
42249024,-26.6875,10.9375,-15.4175,0.0908,-0.0190,0.9671,0.26,0.36,0.37,136953,135397,125074
42269532,-10.1675,10.8850,-16.6600,0.1491,-0.0390,0.9703,0.26,0.36,0.37,136898,135384,125033
42289064,5.2325,9.8875,-17.3950,0.1764,-0.0523,0.9731,0.27,0.35,0.37,136850,135423,124993
42309568,18.7950,8.5750,-17.7100,0.1964,-0.0615,0.9745,0.27,0.35,0.37,136817,135501,124997
42329100,28.1925,7.5250,-16.9575,0.2085,-0.0627,0.9758,0.28,0.35,0.37,136777,135582,125008
42349608,32.9000,6.7550,-15.3825,0.2158,-0.0571,0.9777,0.28,0.35,0.37,136730,135668,125042
42369140,24.7800,5.7925,-12.4950,0.2245,-0.0470,0.9791,0.28,0.34,0.37,136700,135723,125061
42389648,19.5825,4.7950,-10.2725,0.2411,-0.0317,0.9803,0.29,0.34,0.37,136683,135775,125065
42409180,21.9100,3.5525,-7.2975,0.2466,-0.0232,0.9837,0.29,0.34,0.36,136678,135834,125092
42429688,29.5575,2.2400,-3.7450,0.2496,-0.0151,0.9902,0.30,0.34,0.36,136673,135922,125118
42449216,32.3225,1.0675,-0.1925,0.2545,-0.0049,0.9975,0.30,0.34,0.36,136669,135982,125164
42469728,27.6675,-0.2275,2.9925,0.2636,0.0071,1.0044,0.30,0.34,0.36,136675,136017,125201
42489256,17.2200,-2.2050,7.2450,0.2782,0.0207,1.0177,0.30,0.34,0.36,136703,136050,125221
42508788,10.5875,-3.5700,9.4675,0.2896,0.0245,1.0231,0.30,0.35,0.36,136731,136050,125226
42529296,-49.2450,5.9500,10.5175,0.3071,0.0536,1.0414,0.30,0.35,0.36,136744,135983,125202
42548828,-4.8475,0.2100,13.1250,0.3192,0.0423,1.0452,0.30,0.35,0.36,136756,135952,125211
42569336,-10.8150,3.3250,14.7700,0.3277,0.0422,1.0547,0.30,0.35,0.36,136781,135956,125245
42588868,17.1675,-0.1225,16.2050,0.3346,0.0309,1.0591,0.30,0.35,0.36,136815,135974,125250
42609376,13.8950,-0.3150,16.7825,0.3438,0.0284,1.0623,0.30,0.35,0.35,136858,136008,125291
42628904,14.6125,-1.4000,17.0800,0.3410,0.0309,1.0668,0.30,0.36,0.35,136898,136031,125331
42649416,17.6575,-2.2050,17.0100,0.3326,0.0332,1.0702,0.30,0.36,0.35,136934,136049,125394
42668944,20.5625,-3.5700,16.2400,0.3242,0.0365,1.0721,0.31,0.36,0.34,136981,136078,125439
42689452,21.2450,-4.9700,15.5575,0.3127,0.0398,1.0732,0.31,0.36,0.34,137045,136130,125511
42708984,21.0000,-6.7550,14.0700,0.2962,0.0412,1.0716,0.31,0.37,0.34,137107,136166,125555
42739256,3.4125,-8.4700,8.3125,0.2680,0.0398,1.0651,0.31,0.37,0.33,137195,136160,125649
42758788,-8.8550,-8.9250,4.6550,0.2584,0.0372,1.0604,0.31,0.38,0.33,137255,136147,125690
42779296,-13.5450,-9.7650,0.1225,0.2508,0.0365,1.0546,0.31,0.38,0.33,137316,136142,125735
42798828,-10.3950,-11.1475,-3.4475,0.2396,0.0355,1.0502,0.31,0.38,0.32,137366,136141,125799
42819336,-0.2275,-12.6525,-6.2125,0.2251,0.0381,1.0487,0.31,0.39,0.32,137432,136159,125900
42838868,13.8425,-14.0350,-8.0850,0.1876,0.0497,1.0480,0.31,0.39,0.31,137497,136199,125996
42859376,17.2900,-14.4200,-9.1700,0.1530,0.0633,1.0464,0.32,0.40,0.30,137583,136275,126089
42878904,21.4550,-14.7000,-10.2200,0.1108,0.0798,1.0454,0.32,0.40,0.30,137648,136338,126238
42899416,23.0475,-14.6475,-11.0600,0.0647,0.0960,1.0443,0.32,0.40,0.29,137701,136372,126363
42918944,23.0650,-13.8425,-10.5875,0.0159,0.1127,1.0409,0.33,0.41,0.28,137753,136397,126486
42939452,23.7300,-10.9375,-6.3000,-0.0378,0.1364,1.0311,0.33,0.41,0.27,137834,136447,126600
42958984,16.3625,-6.5450,-0.1050,-0.1336,0.1779,0.9997,0.33,0.42,0.27,137899,136470,126687
42979492,97.4050,-4.1300,0.9100,-0.3822,0.2272,0.9640,0.33,0.42,0.26,137910,136538,126767
42999024,-40.3725,-5.2500,-13.5800,-0.6372,-0.0656,1.0525,0.33,0.42,0.26,137893,136504,126773
43019532,3.5700,-8.7500,-9.1000,-0.4591,-0.0267,0.9972,0.33,0.42,0.27,137885,136438,126724
43039064,-29.8550,1.7675,-6.9300,-0.4035,-0.0198,0.9801,0.33,0.42,0.27,137889,136419,126673
43059568,-26.3900,2.8525,1.3650,-0.3989,-0.0142,0.9841,0.32,0.42,0.27,137901,136371,126606
43079100,-43.6100,4.5675,2.9400,-0.3843,0.0100,0.9749,0.32,0.42,0.28,137900,136296,126551
43099608,-52.1675,4.2525,3.7625,-0.3697,0.0142,0.9687,0.31,0.42,0.28,137878,136180,126476
43119140,-52.1150,3.9375,3.2725,-0.3439,-0.0015,0.9692,0.31,0.41,0.29,137858,136082,126391
43139648,-41.1775,3.3950,1.5575,-0.3113,-0.0266,0.9726,0.30,0.41,0.29,137840,136045,126312
43159180,-22.5575,2.9925,0.2800,-0.2793,-0.0504,0.9762,0.30,0.41,0.29,137839,136055,126281
43179688,11.8650,2.7475,0.3500,-0.2401,-0.0693,0.9875,0.31,0.41,0.29,137812,136071,126273
43199216,22.6975,2.5375,1.7500,-0.2240,-0.0649,0.9961,0.31,0.41,0.29,137782,136116,126287
43219728,14.0000,2.8350,3.2375,-0.2139,-0.0503,1.0026,0.31,0.41,0.29,137761,136118,126256
43239256,-2.7825,3.5350,4.6200,-0.2080,-0.0346,1.0087,0.31,0.41,0.30,137745,136115,126208
43258788,-13.6500,4.0950,5.5125,-0.2067,-0.0239,1.0150,0.31,0.41,0.30,137735,136090,126147
43279296,-14.2275,4.5675,6.3000,-0.2076,-0.0210,1.0241,0.30,0.41,0.30,137713,136067,126104
43298828,0.2625,4.8650,6.6850,-0.2115,-0.0226,1.0421,0.30,0.40,0.30,137669,136048,126077
43319336,5.6000,5.2500,7.0525,-0.2135,-0.0192,1.0525,0.30,0.40,0.31,137634,136043,126044
43338868,5.3025,6.0375,7.3500,-0.2137,-0.0107,1.0619,0.30,0.40,0.31,137600,136057,125987
43359376,3.7625,6.5625,7.7700,-0.2162,0.0013,1.0697,0.30,0.40,0.31,137570,136052,125923
43378904,-1.5575,6.8600,7.9275,-0.2185,0.0139,1.0737,0.30,0.39,0.32,137533,136022,125864
43399416,-19.5125,7.6300,7.3850,-0.2150,0.0254,1.0720,0.30,0.39,0.32,137469,135948,125802
43418944,-31.4650,8.1900,6.4925,-0.2025,0.0370,1.0645,0.29,0.39,0.33,137423,135847,125721
43439452,-33.9675,8.1375,5.6350,-0.1941,0.0381,1.0609,0.29,0.38,0.33,137378,135786,125623
43458984,-26.0225,7.5425,4.8825,-0.1853,0.0349,1.0604,0.28,0.38,0.34,137342,135727,125550
43479492,-14.9625,6.7375,4.3225,-0.1730,0.0310,1.0602,0.28,0.38,0.34,137295,135679,125511
43499024,-4.0425,5.6000,4.2000,-0.1595,0.0284,1.0592,0.28,0.38,0.34,137243,135663,125470
43519532,-1.0675,4.4625,3.9025,-0.1387,0.0306,1.0521,0.28,0.37,0.35,137193,135621,125418
43539064,-8.0325,3.8325,3.3775,-0.1221,0.0325,1.0446,0.28,0.37,0.35,137169,135590,125391
43559568,-14.4900,3.2725,2.7125,-0.1030,0.0326,1.0375,0.27,0.37,0.35,137137,135544,125308
43579100,-20.2125,3.2725,1.8550,-0.0854,0.0337,1.0304,0.27,0.37,0.35,137115,135482,125262
43599608,-23.8000,3.9900,1.3125,-0.0730,0.0334,1.0244,0.26,0.37,0.36,137070,135396,125213
43619140,-21.4200,4.4275,0.5950,-0.0619,0.0298,1.0216,0.26,0.36,0.36,137034,135349,125162
43639648,-14.2100,4.6375,0.1750,-0.0400,0.0215,1.0211,0.26,0.36,0.36,137010,135308,125125
43659180,-11.1475,4.4275,0.1400,-0.0251,0.0179,1.0204,0.26,0.36,0.37,136984,135271,125085
43679688,-10.2550,4.1475,0.5075,-0.0142,0.0142,1.0182,0.25,0.36,0.37,136960,135218,125040
43699216,-11.6550,3.7275,1.2425,-0.0085,0.0099,1.0138,0.25,0.36,0.37,136933,135161,125023
43719728,-11.8300,3.0975,2.1875,-0.0059,0.0056,1.0075,0.25,0.36,0.37,136906,135122,124996
43750000,1.3825,0.3150,3.3250,-0.0085,-0.0078,0.9989,0.24,0.36,0.37,136905,135086,124981
43770508,10.7450,-1.7850,3.2725,-0.0082,-0.0163,0.9954,0.25,0.36,0.37,136898,135097,124975
43790040,13.7025,-3.3425,3.5700,-0.0028,-0.0212,0.9891,0.25,0.36,0.37,136912,135112,124973
43810544,14.0350,-4.6025,4.6725,0.0051,-0.0243,0.9820,0.25,0.36,0.37,136932,135140,124968
43830080,20.1600,-6.3875,5.7750,0.0131,-0.0285,0.9789,0.25,0.36,0.37,136952,135166,124986
43850584,26.3375,-9.1000,6.4050,0.0250,-0.0299,0.9772,0.25,0.36,0.37,136965,135192,125022
43870116,20.5450,-10.4300,5.7575,0.0371,-0.0336,0.9764,0.25,0.36,0.37,136983,135215,125036
43890624,10.3950,-11.3925,4.7950,0.0586,-0.0427,0.9777,0.25,0.36,0.37,137028,135223,125023
43910156,0.1575,-12.0225,3.8850,0.0876,-0.0521,0.9810,0.25,0.37,0.37,137066,135210,125011
43930664,-7.1050,-11.7425,3.9375,0.1230,-0.0620,0.9853,0.25,0.37,0.37,137092,135164,125027
43950196,-10.4300,-10.9725,4.3225,0.1593,-0.0732,0.9911,0.25,0.37,0.37,137112,135125,125045
43970704,-10.9900,-9.0125,5.4075,0.2115,-0.0976,1.0021,0.25,0.37,0.37,137146,135089,125045
43990232,-11.9525,-7.7875,5.4775,0.2380,-0.1141,1.0069,0.24,0.37,0.37,137172,135058,125023
44010744,-8.0850,-7.2625,5.4250,0.2574,-0.1293,1.0093,0.24,0.37,0.37,137208,135042,125039
44030272,3.8325,-7.0350,5.6700,0.2704,-0.1430,1.0055,0.24,0.38,0.37,137216,135036,125052
44049804,-24.3600,3.8150,6.2125,0.2795,-0.1358,1.0150,0.24,0.37,0.37,137211,135008,125047
44070312,2.4500,-0.1225,7.9450,0.2772,-0.1481,1.0013,0.24,0.38,0.37,137218,135000,125047
44089844,-1.8900,-0.1225,7.4375,0.2669,-0.1529,0.9989,0.24,0.38,0.37,137234,134994,125052
44110352,2.4675,0.1050,7.0700,0.2613,-0.1546,0.9984,0.24,0.38,0.37,137253,135008,125065
44129880,11.1300,0.4900,7.2275,0.2579,-0.1549,0.9989,0.24,0.38,0.36,137257,135030,125101
44150392,16.5725,1.4350,6.8600,0.2562,-0.1534,0.9982,0.24,0.38,0.36,137257,135078,125129
44169920,20.9125,2.1700,6.0375,0.2558,-0.1513,0.9972,0.25,0.38,0.36,137260,135128,125165
44190428,25.1650,2.7825,4.6375,0.2582,-0.1473,0.9969,0.25,0.38,0.36,137278,135206,125201
44209960,32.7950,2.8525,2.4500,0.2613,-0.1386,0.9987,0.26,0.38,0.36,137287,135294,125240
44230468,32.3750,2.9925,1.0150,0.2612,-0.1302,1.0000,0.26,0.38,0.35,137293,135375,125285
44250000,24.2900,3.5525,-0.9275,0.2617,-0.1218,0.9993,0.27,0.38,0.35,137293,135417,125336
44270508,13.3000,4.2350,-3.6050,0.2660,-0.1129,0.9978,0.27,0.38,0.35,137302,135464,125374
44290040,6.8775,4.8125,-5.9500,0.2713,-0.1019,0.9984,0.27,0.38,0.35,137308,135517,125387
44310544,10.0625,5.4425,-8.6800,0.2713,-0.0822,1.0037,0.28,0.38,0.34,137326,135581,125421
44330080,19.7225,4.3575,-10.0625,0.2633,-0.0705,1.0088,0.28,0.38,0.34,137330,135642,125487
44350584,24.6925,2.9400,-11.4625,0.2491,-0.0580,1.0132,0.28,0.38,0.34,137339,135711,125578
44370116,20.5100,1.9600,-13.4750,0.2346,-0.0461,1.0144,0.29,0.38,0.33,137356,135771,125609
44390624,7.0875,1.4700,-15.6100,0.2184,-0.0339,1.0108,0.29,0.39,0.33,137394,135821,125666
44410156,-1.9600,0.7875,-18.1125,0.1979,-0.0226,1.0067,0.29,0.39,0.33,137423,135860,125717
44430664,11.1650,-2.1700,-21.4550,0.1630,-0.0035,1.0098,0.30,0.39,0.32,137444,135923,125803
44450196,32.0600,-4.2175,-21.5250,0.1286,0.0156,1.0204,0.30,0.39,0.31,137477,136025,125912
44470704,47.4250,-5.7225,-19.7050,0.0778,0.0394,1.0309,0.31,0.39,0.31,137520,136149,126043
44490232,38.2900,-5.7925,-17.2550,0.0187,0.0659,1.0335,0.32,0.40,0.30,137575,136241,126126
44510744,15.1550,-5.8275,-14.9800,-0.0362,0.0897,1.0270,0.32,0.40,0.30,137633,136250,126190
44530272,-11.7250,-4.1475,-12.2150,-0.0859,0.1088,1.0170,0.31,0.40,0.29,137668,136218,126247
44549804,-17.7275,-1.3125,-6.4575,-0.1784,0.1174,1.0049,0.31,0.41,0.29,137715,136188,126276
44570312,3.4650,-1.0675,-1.8725,-0.2479,0.1061,1.0039,0.31,0.41,0.29,137756,136203,126337
44589844,27.7725,-0.3850,2.6425,-0.3051,0.0917,1.0089,0.32,0.41,0.28,137804,136276,126403
44610352,42.1925,0.4200,6.6500,-0.3439,0.0819,1.0138,0.32,0.41,0.28,137846,136347,126479
44629880,38.2725,1.2600,9.5725,-0.3694,0.0806,1.0147,0.32,0.42,0.28,137873,136356,126532
44650392,29.8550,2.0475,10.3425,-0.4088,0.0905,1.0089,0.32,0.41,0.28,137866,136350,126553
44669920,-19.0925,2.5025,3.7800,-0.4309,-0.0012,1.0316,0.32,0.41,0.28,137871,136337,126544
44690428,11.4275,1.6625,5.1275,-0.4067,0.0326,1.0218,0.32,0.42,0.28,137890,136380,126545
44709960,23.5900,1.2950,8.6100,-0.3939,0.0464,1.0182,0.32,0.42,0.28,137886,136395,126554
44730468,9.7125,0.7525,8.5225,-0.3728,0.0589,1.0141,0.32,0.42,0.28,137889,136363,126531
44760744,-30.2050,-0.0350,4.4100,-0.3238,0.0608,1.0099,0.32,0.42,0.28,137886,136287,126446
44780272,-37.2925,0.0700,1.2250,-0.2662,0.0405,1.0116,0.31,0.42,0.28,137872,136216,126406
44799804,-33.1800,-0.0175,-2.2225,-0.2335,0.0220,1.0141,0.31,0.41,0.29,137840,136164,126357
44820312,-19.0225,-0.1750,-4.9175,-0.2089,0.0059,1.0175,0.31,0.41,0.29,137816,136149,126324
44839844,-3.0625,-0.2625,-6.3350,-0.1928,-0.0028,1.0198,0.31,0.41,0.29,137798,136182,126307
44860352,5.8275,0.2975,-6.8950,-0.1835,-0.0046,1.0200,0.31,0.41,0.29,137784,136224,126302
44879880,9.9925,0.9450,-7.0875,-0.1796,-0.0021,1.0211,0.32,0.41,0.29,137743,136245,126290
44900392,9.8700,1.2250,-7.0525,-0.1826,0.0062,1.0243,0.32,0.40,0.29,137696,136273,126282
44919920,7.4200,1.0675,-6.7900,-0.1898,0.0137,1.0253,0.32,0.40,0.29,137662,136296,126265
44940428,3.4125,0.9450,-6.2650,-0.1990,0.0215,1.0248,0.32,0.40,0.30,137639,136330,126228
44959960,3.5525,0.5425,-5.4775,-0.2074,0.0276,1.0244,0.32,0.40,0.30,137616,136346,126202
44980468,3.8850,0.2100,-4.9175,-0.2158,0.0339,1.0244,0.32,0.40,0.30,137567,136346,126184
45000000,3.9200,-0.3150,-4.4100,-0.2236,0.0400,1.0246,0.32,0.39,0.30,137523,136353,126151
45020508,-2.1175,-0.9625,-4.0775,-0.2322,0.0468,1.0246,0.32,0.39,0.30,137488,136350,126095
45040040,-7.3325,-1.3650,-4.1825,-0.2370,0.0500,1.0252,0.32,0.39,0.31,137450,136350,126064
45060544,-9.2400,-2.1700,-4.2700,-0.2402,0.0511,1.0265,0.32,0.39,0.31,137417,136354,125988
45080080,-9.4500,-2.6600,-4.0075,-0.2397,0.0515,1.0279,0.32,0.38,0.31,137377,136321,125946
45100584,-7.4900,-2.8875,-3.7100,-0.2369,0.0516,1.0294,0.32,0.38,0.31,137320,136305,125915
45120116,-7.2975,-2.9400,-3.5350,-0.2362,0.0571,1.0285,0.32,0.38,0.32,137285,136289,125860
45140624,-7.0000,-2.9575,-3.5525,-0.2329,0.0625,1.0286,0.32,0.38,0.32,137244,136287,125806
45160156,-8.1200,-2.8700,-3.4475,-0.2286,0.0665,1.0287,0.32,0.38,0.32,137216,136261,125756
45180664,-14.8400,-2.3450,-3.6575,-0.2233,0.0708,1.0282,0.31,0.37,0.33,137166,136213,125694
45200196,-18.7250,-2.2400,-4.1475,-0.2158,0.0732,1.0265,0.31,0.37,0.33,137114,136154,125634
45220704,-22.6450,-1.6100,-4.9700,-0.2041,0.0765,1.0257,0.31,0.37,0.34,137081,136117,125573
45240232,-15.7850,-1.5925,-6.1775,-0.1823,0.0821,1.0265,0.31,0.36,0.34,137052,136088,125520
45260744,-8.9775,-1.7500,-6.2125,-0.1698,0.0849,1.0280,0.31,0.36,0.34,137016,136074,125473
45280272,-6.0025,-1.8550,-6.1950,-0.1556,0.0871,1.0288,0.30,0.36,0.34,136986,136042,125426
45299804,-10.8325,-1.9425,-6.3700,-0.1357,0.0910,1.0277,0.30,0.36,0.35,136950,135993,125397
45320312,-21.1925,-2.0125,-7.0175,-0.1098,0.0972,1.0237,0.30,0.36,0.35,136922,135913,125338
45339844,-34.2475,-1.7500,-7.7000,-0.0814,0.1004,1.0189,0.29,0.36,0.36,136907,135839,125255
45360352,-48.6500,-1.4525,-7.7175,0.0285,0.0891,1.0224,0.28,0.36,0.36,136897,135736,125184
45379880,-19.9325,-9.0125,1.0325,0.2696,0.0832,1.0194,0.28,0.36,0.36,136903,135656,125167
45400392,-25.2350,-6.7725,-1.3650,0.2518,0.0532,1.0277,0.28,0.36,0.36,136902,135615,125153
45419920,-10.0100,-7.8750,-6.1775,0.1487,0.0155,1.0370,0.28,0.36,0.36,136891,135603,125140
45440428,-20.5100,-3.7625,-6.5100,0.2190,0.0040,1.0418,0.27,0.36,0.37,136901,135529,125083
45459960,-21.0350,-4.2700,-6.3525,0.2231,0.0110,1.0196,0.27,0.36,0.37,136897,135483,125047
45480468,-22.1725,-0.9275,-2.4850,0.1871,0.0268,1.0147,0.27,0.35,0.37,136886,135424,125033
45500000,-25.3750,2.1700,2.4150,0.2006,0.0284,1.0128,0.26,0.35,0.37,136873,135347,124999
45520508,-23.6425,3.7450,5.1975,0.2101,0.0224,1.0085,0.26,0.35,0.37,136857,135282,124993
45540040,-17.5525,3.8150,5.2850,0.2109,0.0077,1.0065,0.26,0.35,0.37,136859,135251,124952
45560544,-10.1675,2.6950,4.7075,0.2030,-0.0110,1.0048,0.25,0.35,0.37,136866,135232,124946
45580080,2.4675,0.1400,5.4950,0.1947,-0.0296,1.0017,0.25,0.35,0.37,136873,135227,124963
45600584,12.0050,-1.5750,7.2275,0.1941,-0.0393,1.0014,0.26,0.35,0.37,136872,135257,124976
45620116,16.7125,-2.9925,8.5225,0.1951,-0.0462,1.0014,0.26,0.36,0.37,136890,135273,125002
45640624,14.1575,-4.3050,9.2400,0.1989,-0.0520,1.0014,0.26,0.36,0.37,136925,135304,125026
45660156,13.3175,-6.2300,9.2750,0.2059,-0.0590,1.0030,0.26,0.36,0.37,136957,135335,125038
45680664,16.8700,-7.8925,9.1700,0.2162,-0.0660,1.0054,0.26,0.36,0.37,136985,135362,125078
45700196,24.3600,-8.8550,8.7325,0.2341,-0.0706,1.0072,0.27,0.36,0.36,137010,135418,125135
45720704,26.8100,-8.6100,8.7850,0.2435,-0.0688,1.0063,0.27,0.36,0.36,137048,135468,125173
45740232,26.3025,-7.6475,8.5575,0.2507,-0.0639,1.0053,0.27,0.37,0.36,137095,135544,125230
45770508,26.6000,-5.4775,8.2950,0.2679,-0.0547,1.0054,0.28,0.37,0.35,137135,135606,125297
45790040,25.9175,-3.5700,7.9800,0.2832,-0.0466,1.0067,0.28,0.37,0.35,137169,135670,125341
45810544,27.0375,-1.1200,7.0350,0.3045,-0.0357,1.0102,0.28,0.37,0.35,137197,135729,125399
45830080,29.8025,-0.1050,6.1250,0.3139,-0.0295,1.0136,0.29,0.38,0.34,137219,135789,125482
45850584,36.1375,0.5425,4.7600,0.3159,-0.0249,1.0192,0.29,0.38,0.34,137236,135864,125558
45870116,43.6450,0.6825,2.8525,0.3113,-0.0233,1.0252,0.30,0.38,0.33,137261,135965,125649
45890624,41.0900,0.9800,0.1750,0.3055,-0.0205,1.0304,0.30,0.38,0.33,137305,136046,125725
45910156,20.4050,0.3325,-3.9900,0.2962,-0.0137,1.0277,0.31,0.38,0.32,137330,136079,125792
45930664,-12.5475,-1.0675,-10.2900,0.2702,-0.0063,1.0248,0.30,0.38,0.32,137341,136052,125832
45950196,-18.5850,-1.9250,-12.8975,0.2416,-0.0054,1.0243,0.30,0.38,0.32,137370,136026,125879
45970704,-10.6050,-3.2025,-15.0500,0.2026,-0.0043,1.0266,0.30,0.39,0.31,137399,136044,125939
45990232,4.9700,-5.7050,-15.7325,0.1496,0.0010,1.0305,0.31,0.39,0.31,137449,136123,126028
46010744,29.2775,-8.5925,-14.8225,0.0853,0.0098,1.0354,0.31,0.39,0.30,137484,136218,126161
46030272,44.4850,-9.4150,-12.6175,0.0131,0.0246,1.0363,0.32,0.39,0.29,137516,136310,126288
46049804,47.2150,-9.3625,-4.2175,-0.1087,0.0520,1.0182,0.32,0.40,0.28,137549,136368,126410
46070312,30.6600,-8.4875,1.7675,-0.1882,0.0769,0.9945,0.33,0.40,0.28,137602,136417,126497
46089844,21.0175,-6.5975,6.9125,-0.2552,0.0895,0.9780,0.33,0.40,0.28,137657,136444,126550
46110352,26.0575,-4.2700,11.0950,-0.3117,0.0887,0.9700,0.33,0.41,0.27,137718,136469,126629
46129880,33.1100,-1.9425,14.1050,-0.3533,0.0825,0.9670,0.33,0.41,0.27,137748,136498,126685
46150392,20.2650,1.0850,15.6100,-0.3728,0.0793,0.9638,0.33,0.41,0.27,137778,136482,126713
46169920,2.5900,2.2575,15.2950,-0.3682,0.0805,0.9610,0.33,0.41,0.27,137801,136469,126725
46190428,-5.0925,2.8875,14.4200,-0.3569,0.0783,0.9621,0.33,0.41,0.27,137832,136440,126695
46209960,-2.8700,3.0275,13.2300,-0.3384,0.0739,0.9651,0.33,0.41,0.27,137853,136414,126701
46230468,0.7000,3.0800,11.6900,-0.3122,0.0680,0.9675,0.32,0.41,0.27,137856,136392,126696
46250000,5.0050,3.3075,9.6250,-0.2817,0.0604,0.9715,0.32,0.41,0.27,137852,136391,126687
46270508,10.3950,3.2725,5.3900,-0.2362,0.0460,0.9827,0.32,0.41,0.27,137859,136396,126698
46290040,8.7325,3.3600,2.1700,-0.2139,0.0371,0.9923,0.33,0.41,0.27,137858,136432,126688
46310544,7.8925,3.3250,-0.8575,-0.2011,0.0315,1.0030,0.33,0.41,0.27,137851,136453,126689
46330080,8.6100,3.5000,-3.2025,-0.1964,0.0310,1.0141,0.33,0.41,0.27,137812,136469,126676
46350584,10.5700,4.0075,-4.7775,-0.1984,0.0349,1.0261,0.33,0.41,0.27,137774,136493,126673
46370116,10.9725,4.3225,-6.0725,-0.2070,0.0438,1.0385,0.33,0.41,0.27,137742,136519,126649
46390624,-2.2225,4.9000,-7.2800,-0.2248,0.0656,1.0497,0.33,0.41,0.27,137709,136540,126593
46410156,-15.0675,5.3375,-7.8575,-0.2346,0.0794,1.0538,0.33,0.40,0.28,137657,136527,126522
46430664,-22.3825,5.4425,-8.3125,-0.2423,0.0888,1.0574,0.33,0.40,0.28,137598,136490,126458
46450196,-24.1500,5.0750,-8.6800,-0.2484,0.0937,1.0609,0.33,0.39,0.29,137536,136450,126378
46470704,-22.2950,4.7075,-9.0825,-0.2529,0.0966,1.0636,0.33,0.39,0.29,137479,136424,126313
46490232,-21.7525,4.2000,-9.5200,-0.2550,0.1005,1.0631,0.33,0.39,0.30,137439,136404,126227
46510744,-25.7950,4.0775,-10.2550,-0.2563,0.1085,1.0552,0.32,0.38,0.30,137369,136382,126123
46530272,-29.8550,4.4625,-10.8325,-0.2547,0.1113,1.0465,0.32,0.38,0.31,137303,136323,126045
46549804,-27.1250,4.4800,-11.6375,-0.2477,0.1103,1.0390,0.32,0.38,0.31,137239,136285,125975
46570312,-19.1450,4.2875,-11.8650,-0.2358,0.1064,1.0315,0.32,0.37,0.32,137176,136262,125901
46589844,-13.2300,4.8825,-11.7775,-0.2267,0.1064,1.0222,0.32,0.37,0.32,137123,136260,125849
46610352,-3.1850,5.8100,-10.6750,-0.2083,0.1076,1.0116,0.32,0.37,0.32,137071,136269,125780
46629880,10.6750,5.5650,-9.2050,-0.1930,0.1088,1.0080,0.32,0.36,0.32,137011,136277,125761
46650392,18.5500,5.3200,-8.1375,-0.1782,0.1132,1.0005,0.32,0.36,0.33,136941,136312,125742
46669920,18.2875,5.0575,-7.2450,-0.1603,0.1188,0.9921,0.32,0.36,0.33,136904,136336,125713
46690428,11.5850,5.2150,-6.6850,-0.1421,0.1242,0.9860,0.32,0.35,0.33,136868,136361,125672
46709960,5.2675,4.7600,-6.6850,-0.1225,0.1286,0.9823,0.32,0.35,0.33,136831,136363,125638
46730468,-8.1725,4.7075,-6.2300,-0.0935,0.1375,0.9792,0.32,0.35,0.33,136788,136337,125602
46750000,-19.1450,4.4800,-5.5125,-0.0728,0.1420,0.9784,0.32,0.35,0.34,136754,136274,125549
46780272,-24.9900,2.8350,-4.1125,-0.0356,0.1440,0.9810,0.31,0.34,0.34,136723,136182,125446
46799804,-22.2775,1.6275,-2.6250,-0.0134,0.1434,0.9836,0.31,0.34,0.35,136693,136139,125411
46820312,-16.9400,0.1050,-0.8400,0.0057,0.1394,0.9873,0.31,0.34,0.35,136684,136101,125365
46839844,-16.0125,-1.6275,0.7175,0.0290,0.1335,0.9892,0.30,0.34,0.35,136704,136048,125343
46860352,-18.6200,-4.1825,2.8350,0.0730,0.1233,0.9892,0.30,0.34,0.35,136721,136006,125302
46879880,-13.4400,-5.8800,4.5500,0.1074,0.1144,0.9906,0.30,0.35,0.35,136726,135957,125296
46900392,-6.4575,-7.0175,6.3350,0.1408,0.1066,0.9926,0.30,0.35,0.35,136747,135930,125295
46919920,-0.1750,-7.7175,8.1200,0.1737,0.0980,0.9950,0.30,0.35,0.35,136777,135912,125300
46940428,3.2200,-8.0500,9.6075,0.2075,0.0871,0.9982,0.30,0.35,0.35,136821,135925,125298
46959960,1.4525,-8.0325,10.9900,0.2528,0.0681,1.0045,0.30,0.35,0.35,136859,135910,125295
46980468,0.9450,-8.0325,11.7425,0.2760,0.0528,1.0104,0.29,0.35,0.35,136881,135895,125309
47000000,4.4975,-7.9450,12.6875,0.2923,0.0379,1.0165,0.29,0.36,0.35,136916,135890,125347
47020508,8.9775,-7.9975,14.0875,0.3002,0.0255,1.0214,0.30,0.36,0.35,136961,135910,125378
47040040,13.0375,-7.7350,15.7500,0.3039,0.0183,1.0248,0.30,0.36,0.35,137010,135929,125395
47060544,14.7875,-7.4025,17.9025,0.3026,0.0154,1.0270,0.30,0.37,0.34,137059,135942,125427
47080080,10.2025,-6.7725,21.2100,0.2955,0.0188,1.0270,0.30,0.37,0.34,137093,135932,125453
47100584,7.0700,-6.5450,22.8725,0.2913,0.0215,1.0265,0.30,0.37,0.34,137138,135923,125496
47120116,8.0325,-6.3175,23.8700,0.2915,0.0228,1.0283,0.30,0.37,0.34,137186,135926,125531
47140624,12.5300,-5.8975,24.5525,0.2933,0.0246,1.0319,0.30,0.38,0.34,137258,135941,125553
47160156,15.4175,-5.1975,24.8150,0.2957,0.0288,1.0353,0.30,0.38,0.33,137316,135939,125611
47180664,16.8700,-4.5325,24.2550,0.3007,0.0370,1.0426,0.30,0.38,0.33,137357,135948,125674
47200196,14.1400,-4.1650,23.1000,0.3015,0.0434,1.0472,0.30,0.39,0.33,137410,135941,125715
47220704,5.8800,-3.8500,21.2275,0.2974,0.0497,1.0490,0.30,0.39,0.32,137467,135916,125755
47240232,-5.5300,-3.7625,18.4450,0.2915,0.0509,1.0472,0.29,0.39,0.32,137518,135899,125775
47260744,-15.7500,-3.6750,14.5250,0.2847,0.0465,1.0426,0.29,0.40,0.32,137574,135851,125804
47280272,-20.1075,-3.5525,10.2200,0.2772,0.0390,1.0371,0.29,0.40,0.32,137609,135799,125835
47299804,-15.7500,-3.3950,5.9675,0.2652,0.0359,1.0329,0.29,0.40,0.32,137641,135767,125872
47320312,-6.0725,-2.1700,2.0125,0.2322,0.0440,1.0247,0.29,0.40,0.31,137682,135780,125917
47339844,3.5525,-1.7150,-0.0175,0.1957,0.0519,1.0192,0.29,0.41,0.31,137724,135787,125986
47360352,5.5825,-1.2250,-1.1025,0.1501,0.0612,1.0113,0.29,0.41,0.31,137764,135815,126041
47379880,0.3850,-0.6825,-1.9600,0.0954,0.0730,1.0037,0.29,0.41,0.30,137793,135796,126092
47400392,-6.0025,-0.3500,-1.9075,0.0337,0.0824,0.9972,0.29,0.41,0.30,137806,135773,126137
47419920,-4.7600,-0.8225,-1.1900,-0.0554,0.0878,0.9915,0.29,0.41,0.30,137845,135763,126197
47440428,2.8350,-1.4525,-0.4025,-0.1043,0.0888,0.9897,0.29,0.42,0.29,137899,135790,126245
47459960,10.2025,-1.8900,0.4025,-0.1446,0.0938,0.9858,0.29,0.42,0.29,137936,135812,126289
47480468,11.4100,-1.6275,1.4175,-0.1798,0.1008,0.9816,0.29,0.42,0.29,137949,135819,126342
47500000,12.0050,-0.9450,2.6775,-0.2086,0.1053,0.9821,0.29,0.42,0.29,137971,135817,126400
47520508,9.1350,-0.1575,3.1675,-0.2263,0.1083,0.9810,0.29,0.42,0.28,138002,135811,126408
47540040,-9.8875,1.2775,3.1675,-0.2380,0.1157,0.9717,0.29,0.43,0.28,138041,135786,126417
47560544,-15.8725,2.8175,3.7100,-0.2440,0.1166,0.9664,0.29,0.43,0.28,138061,135766,126404
47580080,-6.0900,3.9725,4.4625,-0.2550,0.1115,0.9649,0.29,0.43,0.28,138060,135746,126435
47600584,12.0400,4.9875,5.2325,-0.2656,0.0977,0.9705,0.29,0.43,0.28,138057,135760,126454
47620116,22.5400,5.1100,5.4775,-0.2697,0.0837,0.9765,0.29,0.43,0.28,138068,135780,126474
47640624,9.2575,5.2675,4.3750,-0.2630,0.0688,0.9815,0.29,0.43,0.28,138082,135796,126464
47660156,-0.8750,5.6000,3.4825,-0.2540,0.0600,0.9860,0.29,0.43,0.28,138081,135802,126430
47680664,-1.0325,5.7925,2.7475,-0.2435,0.0503,0.9939,0.29,0.43,0.28,138060,135780,126430
47700196,4.2350,5.4600,2.0650,-0.2328,0.0417,1.0032,0.29,0.43,0.28,138038,135783,126429
47720704,7.8400,5.0225,1.3125,-0.2235,0.0366,1.0124,0.29,0.42,0.28,138032,135824,126409
47740232,9.1000,4.3050,0.3150,-0.2162,0.0339,1.0228,0.29,0.42,0.29,138028,135852,126393
47760744,5.8625,3.0275,-0.9800,-0.2137,0.0383,1.0382,0.29,0.42,0.29,138011,135859,126373
47791016,-8.8900,1.9250,-1.9775,-0.2173,0.0517,1.0492,0.29,0.42,0.29,137974,135845,126303
47811524,-18.7950,0.6825,-2.4675,-0.2212,0.0592,1.0555,0.29,0.42,0.29,137943,135807,126262
47831056,-24.1850,-0.9100,-2.9925,-0.2266,0.0634,1.0597,0.29,0.42,0.30,137912,135765,126213
47851560,-23.6250,-2.5550,-3.3425,-0.2327,0.0643,1.0627,0.28,0.41,0.30,137868,135727,126169
47871092,-20.1075,-4.1825,-4.0600,-0.2484,0.0645,1.0681,0.28,0.41,0.30,137847,135705,126099
47891600,-23.0125,-5.4425,-5.2500,-0.2530,0.0634,1.0675,0.28,0.41,0.31,137828,135680,126043
47911132,-30.9750,-6.3875,-6.7375,-0.2533,0.0628,1.0627,0.28,0.41,0.31,137794,135621,125977
47931640,-34.7550,-6.7900,-8.1375,-0.2502,0.0588,1.0563,0.27,0.41,0.32,137755,135559,125897
47951172,-30.9225,-6.8775,-9.2925,-0.2462,0.0522,1.0492,0.27,0.41,0.32,137709,135517,125843
47971680,-27.2475,-5.2850,-11.4625,-0.2469,0.0466,1.0418,0.27,0.40,0.32,137674,135489,125760
47991208,-28.6300,-3.9200,-13.2125,-0.2428,0.0415,1.0244,0.27,0.40,0.33,137643,135445,125682
48011720,-28.5250,-2.2050,-14.6650,-0.2309,0.0368,1.0146,0.26,0.40,0.33,137600,135412,125619
48031248,-20.6500,-0.9975,-16.0475,-0.2148,0.0309,1.0082,0.26,0.39,0.34,137543,135380,125575
48051756,-11.8475,0.1400,-16.9575,-0.1961,0.0249,1.0042,0.26,0.39,0.34,137474,135378,125507
48071288,-4.6375,1.2425,-17.9200,-0.1774,0.0184,1.0019,0.26,0.39,0.34,137433,135393,125485
48090820,7.5250,1.6975,-18.7425,-0.1562,0.0099,1.0031,0.27,0.39,0.34,137390,135456,125449
48111328,27.7550,1.7850,-20.0725,-0.1236,0.0007,1.0059,0.27,0.38,0.34,137341,135543,125434
48130860,34.5100,1.7850,-20.6325,-0.0989,0.0009,1.0067,0.28,0.38,0.34,137277,135610,125430
48151368,28.9100,1.8900,-21.1050,-0.0695,0.0078,1.0050,0.28,0.38,0.34,137217,135676,125424
48170896,9.3450,2.7825,-21.5775,-0.0357,0.0203,1.0002,0.28,0.37,0.35,137186,135694,125385
48191408,-11.7600,3.9025,-22.2075,-0.0018,0.0301,0.9949,0.28,0.37,0.35,137142,135678,125330
48210936,-23.2400,5.1275,-22.2600,0.0285,0.0331,0.9939,0.28,0.37,0.35,137087,135646,125279
48231444,-20.0550,5.7925,-21.7525,0.0650,0.0316,0.9937,0.28,0.36,0.36,137028,135603,125241
48250976,-15.0150,6.2650,-21.2450,0.0856,0.0264,0.9914,0.28,0.36,0.36,136977,135598,125216
48271484,-8.5225,6.3000,-20.7550,0.1061,0.0190,0.9883,0.28,0.36,0.36,136940,135611,125186
48291016,3.4475,6.0375,-19.6700,0.1242,0.0111,0.9869,0.28,0.36,0.36,136913,135653,125163
48311524,15.4525,5.6000,-18.2875,0.1398,0.0066,0.9861,0.28,0.35,0.36,136866,135705,125178
48331056,25.0075,4.5850,-15.2950,0.1606,0.0073,0.9843,0.29,0.35,0.36,136831,135761,125196
48351560,25.2000,3.9200,-12.5825,0.1724,0.0132,0.9828,0.29,0.35,0.36,136796,135820,125210
48371092,19.1450,3.4300,-9.5725,0.1828,0.0204,0.9815,0.29,0.35,0.36,136782,135862,125222
48391600,9.3975,3.0625,-6.6325,0.1932,0.0266,0.9810,0.29,0.35,0.36,136780,135897,125210
48411132,4.7950,2.5025,-3.9025,0.2044,0.0296,0.9833,0.30,0.35,0.36,136778,135921,125210
48431640,12.1100,1.4875,0.9275,0.2140,0.0306,0.9895,0.30,0.35,0.36,136765,135929,125244
48451172,16.5900,0.8925,4.4625,0.2273,0.0346,1.0005,0.30,0.35,0.35,136776,135975,125275
48471680,17.8675,0.2800,7.5950,0.2353,0.0381,1.0075,0.30,0.35,0.35,136791,136005,125282
48491208,14.2275,-0.1750,10.1325,0.2440,0.0407,1.0137,0.30,0.35,0.35,136819,136026,125309
48511720,11.1650,-0.2975,12.4950,0.2516,0.0431,1.0200,0.30,0.35,0.35,136840,136035,125324
48531248,12.1975,-0.2625,15.0150,0.2567,0.0467,1.0254,0.30,0.35,0.35,136861,136041,125342
48551756,-21.7875,5.7400,16.7825,0.2660,0.0659,1.0272,0.30,0.35,0.35,136876,135975,125347
48571288,-0.4375,3.2550,19.5125,0.2717,0.0622,1.0264,0.30,0.36,0.35,136907,135972,125346
48590820,8.3125,3.5525,21.7875,0.2757,0.0608,1.0308,0.30,0.36,0.35,136948,136000,125385
48611328,17.1675,3.4475,23.3100,0.2772,0.0608,1.0325,0.30,0.36,0.35,136981,136012,125419
48630860,21.2275,3.6050,23.8000,0.2776,0.0615,1.0324,0.30,0.36,0.34,137016,136041,125472
48651368,22.3125,3.7975,23.7300,0.2747,0.0641,1.0335,0.30,0.37,0.34,137058,136061,125513
48670896,27.3700,4.1125,22.8725,0.2680,0.0672,1.0407,0.31,0.37,0.34,137103,136102,125579
48691408,28.5250,3.5175,21.2625,0.2564,0.0700,1.0472,0.31,0.37,0.33,137155,136155,125630
48710936,21.3150,2.7300,18.9875,0.2506,0.0678,1.0538,0.31,0.37,0.33,137201,136175,125682
48731444,7.2975,1.4000,15.3650,0.2442,0.0619,1.0580,0.31,0.38,0.33,137233,136137,125721
48750976,-10.3425,0.0700,10.3075,0.2377,0.0517,1.0594,0.31,0.38,0.32,137274,136103,125750
48771484,-21.7525,-1.3300,4.5675,0.2341,0.0438,1.0608,0.30,0.38,0.32,137331,136069,125768
48801756,-22.8725,-3.6050,-3.2900,0.2279,0.0478,1.0596,0.30,0.39,0.32,137393,135997,125821
48821288,-15.0850,-5.6700,-6.0025,0.2150,0.0545,1.0582,0.30,0.39,0.32,137448,135994,125869
48840820,-7.8400,-7.3150,-8.4875,0.1840,0.0672,1.0564,0.30,0.39,0.31,137511,136003,125920
48861328,-9.7300,-7.9800,-9.8175,0.1352,0.0838,1.0514,0.30,0.40,0.31,137563,135986,125973
48880860,-16.3275,-8.2075,-10.1675,0.0692,0.1024,1.0431,0.30,0.40,0.31,137605,135952,126044
48901368,-21.5425,-8.3825,-9.0125,-0.0417,0.1194,1.0337,0.29,0.40,0.30,137653,135896,126086
48920896,-16.5900,-8.7850,-7.3500,-0.1055,0.1182,1.0285,0.29,0.41,0.30,137708,135898,126122
48941408,-8.9775,-8.5575,-5.4075,-0.1566,0.1105,1.0208,0.29,0.41,0.30,137775,135895,126191
48960936,1.1025,-7.2975,-2.8700,-0.2011,0.1005,1.0114,0.29,0.41,0.29,137819,135898,126257
48981444,19.5300,-6.2300,0.4200,-0.2420,0.0903,1.0036,0.30,0.41,0.29,137848,135917,126339
49000976,35.2975,-5.2850,3.5875,-0.2813,0.0817,0.9958,0.30,0.42,0.28,137888,135974,126436
49021484,56.7700,-3.1150,6.8425,-0.3743,0.0924,0.9769,0.30,0.42,0.28,137919,136041,126479
49041016,12.9150,-5.7225,-1.0325,-0.5039,-0.0460,1.0108,0.30,0.42,0.28,137928,136052,126469
49061524,30.6600,-4.6550,1.8900,-0.4016,-0.0161,0.9893,0.30,0.42,0.28,137936,136059,126484
49081056,-4.3050,0.8050,1.2250,-0.3963,0.0049,0.9892,0.31,0.42,0.28,137931,136084,126508
49101560,31.9725,0.9100,4.2175,-0.3872,0.0178,0.9914,0.31,0.42,0.28,137924,136134,126542
49121092,34.6325,-0.6650,3.9375,-0.3783,0.0255,0.9903,0.31,0.42,0.28,137930,136165,126532
49141600,-14.6650,-1.2950,0.5250,-0.3467,0.0199,0.9895,0.31,0.42,0.28,137920,136135,126491
49161132,-27.2825,-1.2950,-2.0300,-0.3216,0.0093,0.9971,0.31,0.42,0.28,137905,136097,126439
49181640,-18.3575,-1.7150,-3.4300,-0.2943,0.0031,1.0055,0.30,0.41,0.28,137866,136066,126423
49201172,-7.4375,-1.9425,-4.2700,-0.2673,0.0027,1.0104,0.31,0.41,0.28,137837,136075,126411
49221680,-4.2700,-1.9250,-5.1975,-0.2438,0.0039,1.0128,0.31,0.41,0.29,137821,136087,126369
49241208,-7.2100,-1.4000,-6.6850,-0.2242,0.0052,1.0141,0.31,0.41,0.29,137801,136096,126323
49261720,-7.7700,-0.5950,-7.1400,-0.2052,0.0073,1.0164,0.31,0.41,0.29,137765,136088,126303
49281248,-5.0400,0.1050,-7.2100,-0.1970,0.0093,1.0178,0.31,0.41,0.29,137722,136097,126270
49301756,0.8225,0.7000,-7.0700,-0.1922,0.0104,1.0214,0.31,0.40,0.30,137682,136106,126230
49321288,6.1600,0.9625,-6.8600,-0.1918,0.0132,1.0257,0.31,0.40,0.30,137658,136139,126220
49340820,7.0350,1.5400,-6.3875,-0.1947,0.0190,1.0263,0.31,0.40,0.30,137624,136176,126182
49361328,2.6075,2.3100,-5.5300,-0.2014,0.0306,1.0226,0.31,0.40,0.30,137579,136194,126128
49380860,3.7450,2.5550,-4.7075,-0.2047,0.0388,1.0209,0.31,0.39,0.30,137532,136195,126111
49401368,4.5675,3.0450,-3.7800,-0.2108,0.0492,1.0186,0.31,0.39,0.31,137478,136196,126068
49420896,1.7850,3.6400,-3.0625,-0.2155,0.0617,1.0144,0.31,0.39,0.31,137441,136218,126034
49441408,-4.9875,4.6725,-2.4325,-0.2176,0.0720,1.0098,0.31,0.39,0.31,137409,136218,125953
49460936,-13.1250,6.3525,-2.3800,-0.2179,0.0804,1.0061,0.31,0.38,0.32,137353,136184,125901
49481444,-21.5250,8.9075,-2.6250,-0.2123,0.0903,1.0024,0.31,0.38,0.32,137287,136129,125822
49500976,-23.0125,10.2550,-2.7650,-0.2068,0.0939,1.0009,0.31,0.38,0.33,137223,136083,125747
49521484,-18.8125,10.6750,-3.2725,-0.1996,0.0948,1.0011,0.30,0.37,0.33,137172,136050,125681
49541016,-16.3100,10.8675,-3.5875,-0.1884,0.0942,1.0019,0.30,0.37,0.33,137110,136020,125606
49561524,-13.8600,10.8500,-3.7100,-0.1763,0.0937,1.0050,0.30,0.37,0.34,137055,135991,125542
49581056,-12.9150,10.2725,-3.5525,-0.1690,0.0952,1.0077,0.30,0.36,0.34,136993,135945,125499
49601560,-20.7025,8.6800,-3.7450,-0.1596,0.0987,1.0071,0.29,0.36,0.35,136936,135873,125419
49621092,-27.0725,7.4900,-3.5000,-0.1547,0.0988,1.0039,0.29,0.36,0.35,136899,135816,125334
49641600,-26.6700,6.2300,-3.3250,-0.1508,0.0981,1.0013,0.29,0.35,0.35,136866,135763,125281
49661132,-21.9625,4.9175,-3.0975,-0.1440,0.0985,0.9986,0.28,0.35,0.36,136830,135717,125240
49681640,-16.9400,3.9550,-3.0275,-0.1326,0.0986,0.9952,0.28,0.35,0.36,136791,135667,125204
49701172,-8.1025,3.0450,-2.2575,-0.1174,0.0977,0.9908,0.28,0.35,0.36,136761,135634,125172
49721680,-3.4650,2.8350,-1.4350,-0.0917,0.0974,0.9836,0.28,0.35,0.36,136748,135615,125155
49741208,1.0675,2.1000,-0.9450,-0.0717,0.0939,0.9803,0.28,0.35,0.36,136733,135599,125108
49761720,3.6400,1.2425,-0.8050,-0.0483,0.0871,0.9771,0.28,0.35,0.36,136726,135601,125101
49781248,5.6875,0.3850,-0.4725,-0.0233,0.0791,0.9747,0.28,0.34,0.36,136709,135592,125092
49811524,17.6225,-1.1200,-0.5250,0.0198,0.0617,0.9809,0.28,0.34,0.36,136717,135631,125098
49831056,23.1700,-1.4350,-0.6650,0.0712,0.0429,0.9866,0.28,0.34,0.36,136708,135656,125122
49851560,21.8750,-0.9800,-0.5600,0.1063,0.0325,0.9909,0.28,0.34,0.36,136709,135702,125132
49871092,16.8525,0.0175,-0.8750,0.1398,0.0207,0.9963,0.28,0.34,0.36,136708,135727,125133
49891600,12.4600,0.7700,-1.3125,0.1704,0.0051,1.0039,0.29,0.34,0.36,136717,135763,125136
49911132,13.4400,1.0850,-1.1900,0.1954,-0.0099,1.0131,0.29,0.34,0.36,136712,135791,125143
49931640,18.6725,0.6300,-0.4550,0.2229,-0.0268,1.0277,0.29,0.34,0.36,136702,135824,125176
49951172,13.1950,0.3500,0.5775,0.2356,-0.0351,1.0348,0.29,0.34,0.36,136698,135848,125194
49971680,5.0225,-0.0525,1.1200,0.2479,-0.0415,1.0401,0.29,0.34,0.36,136711,135860,125178
49991208,1.9950,-0.6650,2.3625,0.2602,-0.0442,1.0451,0.29,0.34,0.36,136722,135866,125201
50011720,3.5350,-0.9625,4.3225,0.2689,-0.0420,1.0490,0.29,0.35,0.36,136732,135873,125208
50031248,3.9025,-1.1200,6.5275,0.2733,-0.0373,1.0504,0.29,0.35,0.36,136739,135869,125231
50051756,0.3325,-1.1200,8.7325,0.2813,-0.0298,1.0507,0.29,0.35,0.36,136757,135866,125251
50071288,-2.3625,-1.0150,10.1850,0.2901,-0.0215,1.0492,0.29,0.35,0.36,136788,135864,125248
50090820,-7.4375,-0.6825,11.6375,0.2960,-0.0105,1.0462,0.29,0.35,0.36,136817,135845,125247
50111328,-11.3925,-0.2450,12.5825,0.2967,-0.0011,1.0419,0.29,0.35,0.36,136847,135823,125252
50130860,-9.3800,0.0875,13.0900,0.2955,0.0051,1.0386,0.29,0.35,0.35,136869,135800,125290
50151368,-0.7525,0.1225,13.3000,0.2955,0.0083,1.0382,0.29,0.36,0.35,136901,135804,125322
50170896,17.9550,0.4200,12.9325,0.2904,0.0146,1.0420,0.29,0.36,0.35,136944,135850,125373
50191408,24.5175,0.8750,11.8475,0.2812,0.0209,1.0451,0.30,0.36,0.35,136985,135919,125410
50210936,23.2925,1.4175,10.0275,0.2669,0.0256,1.0470,0.30,0.36,0.34,137019,135946,125469
50231444,14.7175,1.3825,6.8600,0.2505,0.0277,1.0442,0.30,0.36,0.34,137041,135967,125517
50250976,-2.0825,1.6100,2.8350,0.2379,0.0276,1.0424,0.30,0.37,0.34,137072,135966,125567
50271484,-1.3475,0.0525,-2.6775,0.2274,0.0260,1.0438,0.30,0.37,0.33,137120,135990,125588
50291016,7.3675,-1.2250,-4.8825,0.1843,0.0300,1.0472,0.30,0.37,0.33,137166,136034,125648
50311524,15.5925,-3.3425,-6.1775,0.1387,0.0354,1.0496,0.31,0.37,0.33,137214,136072,125717
50331056,11.2175,-4.8300,-7.5075,0.0899,0.0459,1.0509,0.31,0.38,0.32,137254,136101,125789
50351560,4.9350,-6.8775,-8.9425,0.0479,0.0605,1.0487,0.31,0.38,0.32,137304,136094,125847
50371092,-11.8125,-7.7525,-9.9050,0.0044,0.0797,1.0407,0.31,0.38,0.32,137359,136091,125869
50391600,-29.7325,-8.1200,-8.6450,-0.0817,0.1008,1.0319,0.30,0.39,0.32,137423,136051,125893
50411132,-28.1400,-9.1175,-6.7725,-0.1463,0.1083,1.0288,0.30,0.39,0.31,137472,135997,125912
50431640,-24.3250,-9.4500,-4.4100,-0.2081,0.1130,1.0271,0.30,0.39,0.31,137518,135931,125957
50451172,-18.0950,-9.1875,-0.7350,-0.2701,0.1126,1.0247,0.29,0.40,0.31,137556,135903,125996
50471680,-4.3225,-9.1700,3.3950,-0.3270,0.1057,1.0221,0.30,0.40,0.31,137613,135914,126007
50491208,9.3800,-8.7675,6.9300,-0.3680,0.0936,1.0181,0.30,0.40,0.31,137661,135929,126055
50511720,13.9475,-7.7525,9.6425,-0.3938,0.0766,1.0039,0.30,0.40,0.30,137695,135929,126084
50531248,10.2900,-6.7550,10.2375,-0.3970,0.0661,0.9950,0.30,0.41,0.30,137718,135916,126122
50551756,8.2950,-6.4050,10.3250,-0.3909,0.0534,0.9872,0.30,0.41,0.30,137746,135907,126139
50571288,5.5475,-5.6875,9.9750,-0.3754,0.0392,0.9822,0.30,0.41,0.30,137773,135909,126147
50590820,7.2100,-5.1275,9.3275,-0.3545,0.0253,0.9797,0.30,0.41,0.30,137807,135925,126162
50611328,11.3925,-4.6725,8.2425,-0.3304,0.0132,0.9783,0.30,0.41,0.30,137821,135941,126172
50630860,15.5750,-3.1150,6.4750,-0.2895,0.0029,0.9786,0.30,0.41,0.30,137817,135947,126201
50651368,11.5325,-1.7150,5.2150,-0.2635,0.0027,0.9780,0.30,0.41,0.30,137816,135956,126213
50670896,3.9725,-0.4550,4.0075,-0.2431,0.0054,0.9776,0.30,0.41,0.30,137828,135971,126188
50691408,-1.2600,0.5250,3.1500,-0.2298,0.0079,0.9795,0.30,0.41,0.30,137839,135970,126176
50710936,-0.7700,1.2950,2.4500,-0.2229,0.0096,0.9848,0.30,0.41,0.30,137822,135978,126158
50731444,0.3500,2.1700,2.0825,-0.2208,0.0129,0.9914,0.30,0.41,0.30,137796,135956,126163
50750976,-1.0850,2.5550,1.8725,-0.2224,0.0209,1.0006,0.30,0.41,0.30,137778,135949,126149
50771484,-5.0750,2.7650,1.2950,-0.2269,0.0267,1.0056,0.30,0.41,0.30,137757,135947,126105
50791016,-10.9375,3.2725,0.5950,-0.2313,0.0309,1.0094,0.30,0.41,0.31,137748,135936,126067
50821288,-13.8600,3.6225,-0.8925,-0.2401,0.0296,1.0177,0.29,0.40,0.31,137688,135890,125995
50840820,-12.6350,3.6925,-1.8725,-0.2469,0.0265,1.0225,0.29,0.40,0.31,137653,135897,125946
50861328,-5.0400,3.4825,-3.1850,-0.2553,0.0215,1.0261,0.29,0.40,0.32,137609,135878,125906
50880860,1.5925,3.3250,-3.5700,-0.2585,0.0212,1.0275,0.29,0.40,0.32,137561,135882,125896
50901368,5.8975,3.2550,-3.7800,-0.2614,0.0234,1.0288,0.29,0.39,0.32,137507,135896,125849
50920896,6.8075,2.9750,-4.3400,-0.2621,0.0275,1.0292,0.30,0.39,0.32,137460,135913,125824
50941408,0.9625,2.9750,-4.9700,-0.2596,0.0329,1.0261,0.30,0.39,0.32,137430,135928,125758
50960936,-4.0425,3.1150,-5.7575,-0.2540,0.0364,1.0224,0.30,0.38,0.33,137375,135926,125726
50981444,4.0600,2.5900,-7.2800,-0.2419,0.0372,1.0202,0.30,0.38,0.33,137312,135932,125703
51000976,16.1875,1.6800,-7.4550,-0.2335,0.0378,1.0199,0.30,0.38,0.33,137263,135971,125688
51021484,20.0550,1.3475,-7.8225,-0.2268,0.0448,1.0174,0.30,0.38,0.33,137217,136042,125681
51041016,20.6675,0.7350,-8.3825,-0.2179,0.0532,1.0131,0.31,0.37,0.33,137189,136073,125648
51061524,18.9350,0.2800,-8.9775,-0.2062,0.0616,1.0099,0.31,0.37,0.33,137133,136116,125642
51081056,11.1125,0.1575,-10.5000,-0.1928,0.0710,1.0053,0.31,0.37,0.33,137080,136128,125634
51101560,4.4975,0.4725,-11.2000,-0.1718,0.0828,0.9970,0.31,0.36,0.33,137035,136139,125604
51121092,-0.3500,0.8925,-11.2875,-0.1574,0.0878,0.9948,0.31,0.36,0.34,136998,136143,125549
51141600,-3.4475,0.9275,-11.0250,-0.1407,0.0913,0.9953,0.31,0.36,0.34,136969,136143,125518
51161132,-8.0500,0.8225,-11.1650,-0.1215,0.0982,0.9970,0.31,0.36,0.34,136922,136121,125487
51181640,-10.7450,0.3150,-11.3050,-0.0985,0.1053,0.9984,0.31,0.35,0.34,136886,136090,125452
51201172,-16.8700,-0.2275,-10.4650,-0.0648,0.1135,0.9988,0.30,0.35,0.34,136851,136051,125422
51221680,-23.9575,-0.2275,-9.6775,-0.0448,0.1144,0.9964,0.30,0.35,0.35,136831,136006,125346
51241208,-32.1475,0.2975,-8.9950,-0.0232,0.1120,0.9932,0.30,0.35,0.35,136817,135939,125291
51261720,-31.0100,0.4375,-8.3475,0.0022,0.1058,0.9923,0.29,0.35,0.36,136790,135879,125247
51281248,-21.9100,-0.1575,-7.3675,0.0294,0.0964,0.9939,0.29,0.35,0.36,136768,135828,125228
51301756,-11.3750,-1.6450,-5.3200,0.0539,0.0858,0.9960,0.29,0.35,0.36,136763,135812,125223
51321288,2.4500,-2.5550,-4.2000,0.0869,0.0683,0.9982,0.29,0.35,0.36,136767,135829,125208
51340820,9.2225,-3.2725,-3.1500,0.1093,0.0584,0.9998,0.29,0.35,0.36,136770,135841,125198
51361328,13.5450,-3.6050,-1.6975,0.1294,0.0509,1.0019,0.29,0.35,0.36,136766,135881,125218
51380860,13.6850,-3.6400,-0.1400,0.1473,0.0445,1.0039,0.29,0.35,0.36,136773,135885,125229
51401368,9.4675,-3.7450,1.2425,0.1630,0.0401,1.0047,0.29,0.35,0.36,136780,135886,125248
51420896,3.7800,-3.6925,2.3450,0.1768,0.0359,1.0048,0.29,0.35,0.36,136797,135899,125249
51441408,2.2225,-4.3400,4.6550,0.1936,0.0265,1.0049,0.29,0.35,0.36,136823,135897,125234
51460936,-48.7725,5.4250,4.4275,0.2062,0.0429,1.0136,0.29,0.35,0.36,136819,135823,125224
51481444,0.7700,0.0000,7.8575,0.2135,0.0216,1.0122,0.29,0.35,0.36,136817,135805,125221
51500976,-3.6750,3.9025,9.8525,0.2213,0.0212,1.0216,0.29,0.35,0.36,136835,135820,125241
51521484,22.3300,0.9275,12.8625,0.2272,0.0159,1.0250,0.29,0.35,0.35,136855,135861,125265
51541016,23.8700,0.4375,15.2950,0.2381,0.0195,1.0294,0.29,0.35,0.35,136887,135903,125293
51561524,19.3375,0.6475,16.3975,0.2450,0.0205,1.0341,0.30,0.36,0.35,136905,135926,125334
51581056,13.7725,0.8225,16.6950,0.2422,0.0228,1.0375,0.30,0.36,0.35,136930,135922,125360
51601560,6.5975,0.7525,16.3275,0.2401,0.0253,1.0392,0.30,0.36,0.35,136954,135922,125399
51621092,0.4725,0.6300,15.6975,0.2420,0.0285,1.0410,0.30,0.36,0.35,136998,135930,125399
51641600,4.2175,0.0350,15.2950,0.2458,0.0309,1.0454,0.30,0.36,0.34,137041,135947,125436
51661132,15.8550,-0.9450,14.1750,0.2464,0.0342,1.0512,0.30,0.37,0.34,137081,135973,125472
51681640,20.0900,-1.7150,12.8450,0.2430,0.0355,1.0524,0.30,0.37,0.34,137107,135996,125536
51701172,18.2350,-2.6950,10.6050,0.2364,0.0351,1.0516,0.30,0.37,0.33,137147,136013,125592
51721680,7.9450,-3.8500,7.3500,0.2288,0.0332,1.0490,0.30,0.37,0.33,137205,136035,125620
51741208,-7.4900,-5.1450,3.5525,0.2206,0.0270,1.0463,0.30,0.38,0.33,137258,136029,125638
51761720,-16.4675,-7.1050,-3.5175,0.2123,0.0149,1.0446,0.30,0.38,0.33,137306,135997,125686
51781248,-1.0500,-10.9375,-7.0875,0.1993,-0.0004,1.0446,0.30,0.38,0.32,137343,136025,125766
