31110352,-8.1200,18.8475,21.2275,0.0989,-0.0687,0.9913,-0.11,-0.02,0.40,130680,129279,124513
31129882,-9.6950,18.0425,14.9450,0.0976,-0.0791,0.9931,-0.11,-0.03,0.40,130629,129274,124545
31150390,-10.1850,17.0800,8.2075,0.0963,-0.0919,0.9964,-0.11,-0.03,0.40,130579,129256,124579
31169920,-9.9750,15.6450,1.4175,0.0933,-0.1053,1.0006,-0.11,-0.03,0.39,130534,129216,124603
31190428,-7.0175,13.0200,-9.4325,0.0902,-0.1249,1.0072,-0.11,-0.03,0.39,130501,129195,124617
31209960,-1.8725,10.7800,-16.7650,0.0865,-0.1359,1.0119,-0.12,-0.03,0.39,130501,129173,124628
31230468,4.0775,8.3125,-23.8350,0.0843,-0.1444,1.0161,-0.12,-0.03,0.39,130513,129163,124625
31250000,6.3525,5.9500,-30.4850,0.0813,-0.1486,1.0193,-0.12,-0.03,0.39,130543,129145,124646
31270508,1.6275,4.0425,-37.1000,0.0783,-0.1485,1.0208,-0.12,-0.03,0.39,130569,129081,124657
31290040,-6.9650,2.5900,-43.7325,0.0743,-0.1480,1.0218,-0.13,-0.03,0.39,130613,128996,124670
31310546,-14.2275,0.7175,-53.6725,0.0677,-0.1476,1.0222,-0.13,-0.02,0.39,130693,128913,124721
31330078,-10.2725,-0.6300,-60.2525,0.0649,-0.1473,1.0231,-0.14,-0.02,0.39,130770,128830,124726
31350584,-1.4875,-2.0825,-66.8500,0.0609,-0.1490,1.0216,-0.14,-0.01,0.39,130867,128758,124731
31370116,4.1300,-3.3775,-72.9575,0.0537,-0.1521,1.0180,-0.14,-0.01,0.39,130964,128701,124728
31390624,10.3950,-4.5675,-78.5400,0.0447,-0.1545,1.0159,-0.15,0.00,0.39,131081,128649,124713
31410156,13.3350,-5.6700,-83.9300,0.0345,-0.1554,1.0143,-0.15,0.01,0.39,131203,128613,124700
31430664,14.9450,-6.7550,-92.0150,0.0195,-0.1497,1.0150,-0.15,0.02,0.39,131355,128571,124695
31450196,9.5725,-6.5275,-97.4575,0.0106,-0.1381,1.0148,-0.16,0.03,0.39,131491,128515,124696
31470704,1.9075,-5.4250,-103.1625,0.0015,-0.1268,1.0153,-0.16,0.04,0.39,131654,128421,124709
31490234,-0.4550,-3.8675,-108.8500,-0.0067,-0.1204,1.0180,-0.17,0.04,0.39,131802,128335,124715
31510742,4.0600,-2.3100,-114.5725,-0.0140,-0.1183,1.0216,-0.17,0.05,0.39,131972,128281,124726
31530272,10.6925,-0.6300,-119.9800,-0.0177,-0.1142,1.0247,-0.17,0.07,0.39,132138,128257,124708
31549804,29.4875,0.7875,-126.7175,-0.0210,-0.1102,1.0365,-0.17,0.08,0.39,132318,128265,124687
31570312,40.4075,0.9800,-130.0075,-0.0254,-0.1022,1.0426,-0.17,0.09,0.39,132488,128293,124656
31589844,43.5750,1.2600,-132.0725,-0.0315,-0.0905,1.0446,-0.17,0.10,0.40,132656,128342,124592
31610352,51.6250,-0.9100,-130.2700,-0.0426,-0.0871,1.0416,-0.16,0.11,0.40,132839,128442,124526
31629882,69.6675,-8.5225,-122.9200,-0.0559,-0.0771,1.0347,-0.15,0.12,0.40,133022,128590,124460
31650390,57.9950,-17.4125,-114.7825,-0.0639,-0.0083,1.0292,-0.15,0.13,0.41,133216,128691,124387
31669920,14.0875,-15.0675,-115.5000,-0.0632,0.0350,1.0244,-0.15,0.14,0.41,133392,128664,124394
31690428,-24.1325,-9.4150,-116.9350,-0.0628,0.0540,1.0204,-0.15,0.15,0.40,133560,128535,124438
31709960,-48.0725,-3.6575,-117.9325,-0.0659,0.0562,1.0172,-0.16,0.16,0.40,133723,128380,124531
31730468,-67.1475,1.9250,-118.6150,-0.0694,0.0529,1.0133,-0.18,0.17,0.39,133878,128184,124650
31750000,-77.0875,7.0175,-118.4050,-0.0680,0.0415,1.0067,-0.19,0.18,0.38,134037,128007,124765
31770508,-47.4250,10.8150,-115.9025,-0.0606,0.0090,0.9963,-0.19,0.19,0.38,134183,127899,124843
31790040,-1.4525,9.8175,-112.5950,-0.0581,-0.0098,0.9931,-0.19,0.20,0.38,134319,127921,124835
31810546,45.2900,7.0000,-109.1125,-0.0603,-0.0207,0.9936,-0.18,0.21,0.38,134462,128070,124773
31830078,63.9800,4.8825,-106.3125,-0.0630,-0.0196,0.9919,-0.17,0.21,0.39,134594,128220,124710
31850584,50.8200,4.4100,-103.9675,-0.0639,-0.0070,0.9875,-0.17,0.22,0.39,134728,128335,124671
31870116,31.0100,5.2325,-100.9750,-0.0632,0.0081,0.9850,-0.16,0.23,0.39,134842,128391,124637
31890624,32.1475,5.2325,-94.1500,-0.0638,0.0267,0.9892,-0.16,0.24,0.39,134952,128481,124607
31910156,42.9100,4.8300,-88.2875,-0.0661,0.0468,0.9936,-0.15,0.24,0.40,135042,128627,124565
31930664,53.6725,3.9025,-81.1475,-0.0686,0.0803,0.9989,-0.14,0.25,0.40,135135,128780,124515
31950196,52.7275,3.4825,-72.4850,-0.0749,0.1200,1.0008,-0.13,0.25,0.40,135196,128914,124462
31970704,42.4900,3.8325,-62.8775,-0.0800,0.1551,0.9977,-0.13,0.26,0.41,135258,129001,124419
31990234,30.9925,4.4275,-52.4825,-0.0795,0.1829,0.9931,-0.12,0.26,0.41,135284,129074,124385
32010742,18.6200,4.8300,-34.3175,-0.0752,0.2225,0.9906,-0.12,0.26,0.41,135305,129121,124379
32030272,20.5275,4.2525,-20.9125,-0.0710,0.2433,0.9911,-0.12,0.26,0.41,135304,129182,124364
32049804,12.6000,4.1475,-7.2975,-0.0643,0.2662,0.9909,-0.11,0.26,0.41,135295,129209,124360
32089844,-14.8400,3.5175,19.3550,-0.0522,0.3035,0.9892,-0.12,0.25,0.41,135229,129116,124372
32109376,-20.0375,2.5025,31.7450,-0.0497,0.3123,0.9905,-0.12,0.25,0.41,135177,129053,124377
32128906,-27.8075,0.5250,48.1075,-0.0501,0.3182,0.9928,-0.13,0.25,0.41,135115,128992,124420
32149414,-30.0475,-1.4350,57.3125,-0.0500,0.3162,0.9954,-0.13,0.24,0.40,135036,128909,124458
32168944,-28.4550,-3.7625,65.3275,-0.0506,0.3094,0.9982,-0.14,0.24,0.40,134963,128824,124489
32189452,-25.2875,-6.1950,72.4325,-0.0544,0.2991,1.0019,-0.14,0.23,0.40,134890,128754,124492
32208984,-20.1950,-8.6100,78.6275,-0.0575,0.2857,1.0074,-0.14,0.23,0.40,134805,128699,124515
32229492,-13.0550,-10.9200,83.6675,-0.0582,0.2691,1.0131,-0.15,0.22,0.40,134720,128680,124524
32249024,-3.5700,-13.9825,90.1600,-0.0597,0.2474,1.0194,-0.15,0.22,0.40,134639,128671,124523
32269532,1.6275,-15.6975,94.2025,-0.0654,0.2359,1.0231,-0.15,0.21,0.40,134552,128669,124499
32289062,-4.1825,-16.3450,97.8075,-0.0720,0.2312,1.0250,-0.15,0.21,0.40,134458,128639,124507
32309570,-9.9925,-17.3775,100.8525,-0.0739,0.2274,1.0249,-0.15,0.20,0.40,134372,128608,124514
32329100,-16.0650,-18.0075,103.3900,-0.0742,0.2200,1.0231,-0.15,0.20,0.40,134280,128577,124518
32349608,-19.4950,-19.0225,106.9775,-0.0760,0.2012,1.0222,-0.15,0.19,0.40,134192,128548,124548
32369140,-19.8275,-19.4600,109.0950,-0.0811,0.1884,1.0233,-0.16,0.18,0.40,134095,128488,124554
32389648,-19.3550,-19.8800,110.6875,-0.0852,0.1763,1.0238,-0.16,0.18,0.40,133995,128433,124556
32409180,-19.3025,-19.5650,111.6500,-0.0845,0.1673,1.0224,-0.16,0.17,0.40,133901,128410,124565
32429688,-16.5025,-19.5825,112.1225,-0.0817,0.1603,1.0175,-0.16,0.17,0.40,133794,128403,124582
32449218,-16.2925,-19.4775,112.3150,-0.0782,0.1542,1.0119,-0.16,0.16,0.40,133691,128379,124574
32469726,-10.8675,-18.8475,112.0875,-0.0725,0.1371,1.0058,-0.17,0.15,0.40,133584,128367,124564
32489256,0.1400,-18.0950,111.7725,-0.0686,0.1222,1.0033,-0.16,0.15,0.40,133484,128392,124529
32508788,16.5900,-17.1850,111.1775,-0.0623,0.1063,1.0013,-0.16,0.14,0.40,133376,128464,124507
32529296,28.5075,-15.4350,110.0750,-0.0566,0.0937,0.9982,-0.15,0.13,0.40,133272,128576,124441
32548828,31.5700,-13.1950,108.5875,-0.0490,0.0886,0.9941,-0.15,0.13,0.41,133166,128693,124398
32569336,30.7125,-10.7450,106.8725,-0.0387,0.0871,0.9897,-0.14,0.12,0.41,133057,128792,124338
32588868,29.1025,-7.0525,104.1075,-0.0228,0.0839,0.9859,-0.13,0.11,0.41,132948,128881,124274
32609376,26.3025,-4.5500,102.1125,-0.0159,0.0813,0.9833,-0.13,0.11,0.42,132833,128989,124237
32628906,14.4025,-1.8200,100.0825,-0.0093,0.0813,0.9787,-0.12,0.10,0.42,132735,129063,124215
32649414,6.9825,0.0350,98.1225,0.0002,0.0782,0.9772,-0.12,0.09,0.42,132619,129108,124208
32668944,4.3050,1.7500,96.1450,0.0095,0.0712,0.9772,-0.12,0.09,0.42,132505,129150,124190
32689452,0.3850,3.4475,94.0975,0.0184,0.0641,0.9759,-0.12,0.08,0.42,132387,129156,124187
32708984,-18.6200,5.8975,91.2800,0.0301,0.0658,0.9700,-0.12,0.07,0.42,132267,129154,124200
32729492,-30.8000,7.1050,89.6875,0.0398,0.0637,0.9670,-0.12,0.07,0.42,132154,129112,124232
32749024,-38.1150,7.8400,88.1825,0.0488,0.0544,0.9658,-0.12,0.06,0.41,132039,129059,124280
32769532,-32.3925,7.8925,87.0275,0.0542,0.0398,0.9666,-0.12,0.05,0.41,131911,129039,124301
32789062,-26.8450,8.5225,85.7150,0.0595,0.0245,0.9677,-0.13,0.04,0.41,131783,129004,124324
32809570,-33.1800,9.6950,82.7400,0.0673,0.0057,0.9682,-0.13,0.04,0.41,131655,128970,124363
32829100,-46.4625,10.6750,80.3950,0.0769,-0.0024,0.9671,-0.13,0.03,0.41,131534,128902,124431
32849608,-58.2400,11.2350,77.8225,0.0830,-0.0148,0.9669,-0.14,0.02,0.40,131412,128802,124520
32869140,-64.7500,11.5675,75.0925,0.0866,-0.0334,0.9688,-0.15,0.01,0.40,131282,128695,124598
32889648,-53.2175,11.1825,72.2925,0.0878,-0.0603,0.9754,-0.15,0.00,0.39,131148,128649,124648
32909180,-25.9700,10.4475,69.0025,0.0917,-0.0899,0.9841,-0.15,-0.00,0.39,131035,128685,124647
32929688,11.8825,10.4650,62.0025,0.1020,-0.1241,0.9910,-0.14,-0.01,0.39,130930,128780,124648
32949218,26.2500,11.2175,55.2300,0.1071,-0.1421,0.9920,-0.13,-0.01,0.39,130829,128893,124622
32969726,26.7750,12.3900,47.0050,0.1102,-0.1551,0.9899,-0.13,-0.02,0.39,130731,128985,124603
32989256,20.7200,13.4575,37.4325,0.1126,-0.1659,0.9878,-0.12,-0.03,0.40,130649,129070,124591
33008788,10.6750,14.2800,26.8625,0.1131,-0.1763,0.9838,-0.12,-0.03,0.39,130581,129080,124604
33029296,-4.4625,15.3125,15.4175,0.1118,-0.1885,0.9826,-0.12,-0.03,0.39,130542,129062,124635
33048828,-11.3575,14.8750,-1.5575,0.1066,-0.2094,0.9893,-0.12,-0.03,0.39,130506,129042,124664
33069336,-4.5325,14.0350,-11.9875,0.1028,-0.2241,0.9965,-0.13,-0.04,0.39,130486,129015,124689
33099608,9.2575,11.8825,-26.4425,0.0983,-0.2410,1.0066,-0.13,-0.04,0.39,130497,128997,124692
33119140,10.6925,10.9200,-35.3675,0.0953,-0.2464,1.0113,-0.13,-0.03,0.39,130512,128974,124701
33139648,7.4200,10.2550,-43.8725,0.0917,-0.2486,1.0149,-0.13,-0.03,0.39,130531,128929,124711
33159180,4.0950,9.3275,-55.7725,0.0885,-0.2469,1.0196,-0.13,-0.03,0.39,130576,128876,124723
33179688,3.5000,8.8550,-63.2450,0.0863,-0.2455,1.0209,-0.14,-0.03,0.39,130645,128818,124741
33199218,3.6400,8.3475,-70.4025,0.0830,-0.2442,1.0208,-0.14,-0.02,0.39,130713,128741,124748
33219726,2.3975,7.7875,-77.2100,0.0782,-0.2428,1.0182,-0.15,-0.02,0.38,130799,128663,124765
33239256,4.6550,7.1925,-83.9300,0.0715,-0.2418,1.0155,-0.15,-0.01,0.38,130894,128584,124777
33258788,5.4775,6.8250,-90.5275,0.0642,-0.2381,1.0130,-0.16,-0.00,0.38,131003,128510,124772
33279296,7.4725,6.1425,-99.8900,0.0529,-0.2302,1.0088,-0.16,0.00,0.38,131131,128449,124798
33298828,8.1375,5.7575,-105.7525,0.0437,-0.2236,1.0050,-0.16,0.01,0.38,131269,128371,124793
33319336,8.2250,5.6000,-111.1250,0.0365,-0.2135,1.0019,-0.17,0.02,0.38,131411,128300,124803
33338868,19.7925,4.6725,-116.2875,0.0290,-0.2078,1.0019,-0.17,0.03,0.38,131559,128246,124787
33359376,24.0275,4.1300,-121.2050,0.0218,-0.2014,1.0011,-0.17,0.04,0.38,131723,128228,124767
33378906,27.4925,3.2550,-125.5100,0.0131,-0.1935,1.0033,-0.17,0.05,0.39,131906,128217,124747
33399414,31.0450,2.0475,-131.0225,-0.0009,-0.1786,1.0067,-0.17,0.06,0.39,132092,128206,124720
33418944,29.3300,1.5225,-133.8750,-0.0113,-0.1671,1.0091,-0.18,0.07,0.39,132272,128193,124703
33439452,28.7525,1.0500,-136.4300,-0.0260,-0.1546,1.0114,-0.18,0.09,0.39,132465,128187,124667
33458984,34.8600,0.1575,-138.7575,-0.0395,-0.1421,1.0131,-0.17,0.10,0.39,132648,128207,124625
33479492,43.3125,-1.1375,-140.5950,-0.0473,-0.1266,1.0127,-0.17,0.11,0.40,132856,128268,124600
33499024,44.3275,-1.9775,-142.0825,-0.0506,-0.1077,1.0092,-0.17,0.12,0.40,133059,128332,124553
33519532,57.4525,-4.3925,-143.2200,-0.0527,-0.0939,1.0120,-0.16,0.13,0.40,133265,128436,124476
33539062,70.7350,-6.8775,-143.4475,-0.0617,-0.0842,1.0137,-0.15,0.15,0.41,133465,128576,124384
33559568,71.8550,-9.1700,-143.3425,-0.0717,-0.0625,1.0089,-0.14,0.16,0.41,133667,128726,124328
33579100,62.5450,-10.8325,-142.9050,-0.0795,-0.0338,1.0013,-0.14,0.17,0.41,133866,128853,124277
33599608,52.8500,-11.8825,-141.6800,-0.0852,-0.0045,0.9953,-0.13,0.18,0.42,134064,128983,124234
33619140,54.5825,-13.9475,-138.3550,-0.0911,0.0310,0.9936,-0.12,0.19,0.42,134254,129097,124186
33639648,54.4950,-15.1200,-135.3450,-0.0961,0.0536,0.9911,-0.11,0.21,0.42,134446,129237,124128
33659180,50.3475,-15.8025,-131.4600,-0.0975,0.0795,0.9888,-0.10,0.22,0.43,134611,129359,124093
33679688,44.2050,-16.0825,-126.0175,-0.0958,0.1075,0.9878,-0.10,0.23,0.43,134781,129492,124086
33699216,38.2375,-15.8025,-119.2625,-0.0931,0.1357,0.9871,-0.09,0.24,0.43,134930,129611,124063
33719728,33.4950,-15.2075,-111.2125,-0.0913,0.1638,0.9860,-0.08,0.24,0.43,135070,129694,124045
33739256,21.7175,-13.0550,-97.0200,-0.0811,0.2094,0.9833,-0.08,0.25,0.43,135193,129763,124038
33758788,20.4750,-11.8125,-85.4525,-0.0697,0.2377,0.9819,-0.08,0.26,0.43,135286,129827,124019
33779296,26.0050,-10.8150,-72.5375,-0.0577,0.2616,0.9794,-0.07,0.26,0.43,135382,129937,124013
33798828,32.5850,-9.7475,-58.8525,-0.0459,0.2849,0.9758,-0.06,0.27,0.43,135440,130053,124007
33819336,35.9275,-8.8900,-44.2750,-0.0343,0.3112,0.9732,-0.06,0.27,0.43,135484,130149,123988
33838868,33.7400,-7.5250,-29.0500,-0.0245,0.3394,0.9711,-0.05,0.27,0.43,135516,130213,123956
33859376,18.7250,-4.4975,-6.5100,-0.0123,0.3811,0.9634,-0.05,0.27,0.44,135525,130271,123943
33878904,4.2875,-2.1525,7.8750,-0.0083,0.4059,0.9557,-0.05,0.27,0.43,135513,130276,123960
33899416,-9.7650,-0.0350,21.3150,-0.0063,0.4258,0.9481,-0.05,0.27,0.43,135481,130229,123967
33918944,-21.0000,1.5050,33.7750,-0.0061,0.4388,0.9418,-0.06,0.27,0.43,135434,130149,123986
33939452,-29.7675,2.6250,45.1150,-0.0076,0.4458,0.9376,-0.06,0.26,0.43,135391,130025,124000
33958984,-38.1325,3.1325,55.3525,-0.0095,0.4480,0.9349,-0.07,0.26,0.43,135322,129904,124015
33979492,-47.6875,2.6250,68.9850,-0.0127,0.4404,0.9354,-0.08,0.25,0.43,135241,129756,124078
33999024,-48.9300,1.6100,76.8425,-0.0159,0.4280,0.9389,-0.09,0.25,0.42,135164,129639,124117
34019532,-45.9375,0.0525,83.5975,-0.0195,0.4126,0.9444,-0.10,0.24,0.42,135081,129480,124148
34039064,-41.5800,-1.5575,89.5125,-0.0222,0.3975,0.9504,-0.10,0.24,0.42,134995,129359,124179
34059568,-36.2950,-3.4475,94.8500,-0.0259,0.3811,0.9573,-0.11,0.23,0.42,134892,129256,124199
34079100,-30.8525,-5.8975,101.4825,-0.0318,0.3550,0.9684,-0.12,0.23,0.42,134799,129171,124225
34109376,-26.0400,-7.9975,106.6975,-0.0422,0.3290,0.9772,-0.12,0.22,0.42,134643,129041,124249
34128904,-24.0625,-8.9075,109.4800,-0.0450,0.3132,0.9816,-0.13,0.21,0.41,134548,128984,124274
34149416,-22.0500,-9.7650,111.7375,-0.0486,0.2965,0.9856,-0.13,0.21,0.41,134432,128921,124305
34168944,-23.3100,-10.0975,113.5225,-0.0511,0.2824,0.9892,-0.14,0.20,0.41,134332,128859,124313
34189452,-17.5350,-10.6925,115.1325,-0.0508,0.2673,0.9956,-0.14,0.19,0.41,134216,128803,124311
34208984,-10.6750,-10.5175,115.7800,-0.0449,0.2438,0.9969,-0.14,0.18,0.41,134100,128787,124321
34229492,-1.7850,-10.1850,116.0775,-0.0406,0.2296,0.9974,-0.14,0.18,0.41,133987,128808,124317
34249024,-0.6475,-8.9075,116.1475,-0.0390,0.2194,0.9974,-0.14,0.17,0.41,133871,128818,124304
34269532,-0.9275,-7.7525,115.9025,-0.0339,0.2092,0.9974,-0.14,0.16,0.42,133745,128821,124269
34289064,0.1050,-6.4925,115.3250,-0.0275,0.1974,0.9960,-0.14,0.16,0.42,133624,128833,124269
34309568,5.1100,-4.4975,113.9425,-0.0161,0.1791,0.9927,-0.13,0.15,0.42,133496,128880,124228
34329100,4.2350,-2.8000,112.6125,-0.0100,0.1708,0.9891,-0.13,0.14,0.42,133371,128906,124220
34349608,3.1150,-1.2425,110.9150,-0.0041,0.1625,0.9856,-0.13,0.13,0.42,133241,128945,124206
34369140,0.0350,0.5250,108.9900,0.0027,0.1560,0.9819,-0.13,0.13,0.42,133123,128969,124195
34389648,-5.1100,2.1875,106.7675,0.0102,0.1518,0.9784,-0.13,0.12,0.42,132986,128966,124194
34409180,-10.9900,3.7625,104.1600,0.0190,0.1463,0.9755,-0.13,0.11,0.42,132855,128962,124212
34429688,-16.0300,5.8275,99.6450,0.0306,0.1319,0.9748,-0.13,0.10,0.42,132726,128958,124217
34449216,-11.3225,6.9650,96.4775,0.0382,0.1190,0.9758,-0.13,0.09,0.42,132601,128975,124231
34469728,-4.8650,8.1375,93.1350,0.0472,0.1054,0.9756,-0.13,0.09,0.42,132472,129004,124220
34489256,-1.7325,9.6950,89.5125,0.0572,0.0926,0.9740,-0.12,0.08,0.42,132333,129030,124199
34508788,2.3800,11.1300,85.8025,0.0662,0.0799,0.9731,-0.12,0.07,0.42,132210,129085,124199
34529296,6.8600,12.7400,82.2325,0.0743,0.0681,0.9727,-0.12,0.06,0.42,132084,129157,124186
34548828,13.4050,15.4000,76.6500,0.0820,0.0508,0.9723,-0.11,0.05,0.42,131967,129233,124172
34569336,11.5675,17.4825,72.6250,0.0859,0.0388,0.9719,-0.11,0.05,0.42,131829,129306,124150
34588868,8.5750,19.2325,68.3725,0.0874,0.0268,0.9723,-0.10,0.04,0.42,131698,129353,124156
34609376,0.2450,20.8775,63.8225,0.0891,0.0155,0.9730,-0.10,0.03,0.42,131574,129372,124157
34628904,-7.0875,22.1725,58.9575,0.0905,0.0049,0.9742,-0.10,0.02,0.42,131459,129402,124201
34649416,-13.7025,23.4850,51.1350,0.0885,-0.0076,0.9761,-0.10,0.02,0.42,131344,129403,124231
34668944,-11.6550,23.8175,45.4475,0.0892,-0.0287,0.9788,-0.10,0.01,0.42,131228,129402,124240
34689452,-4.3750,23.8000,39.3225,0.0893,-0.0449,0.9821,-0.10,0.00,0.42,131108,129427,124259
34708984,4.2525,23.5025,33.0750,0.0888,-0.0610,0.9850,-0.10,-0.00,0.42,131013,129460,124271
34729492,10.9725,23.1700,26.4600,0.0886,-0.0742,0.9883,-0.09,-0.01,0.41,130930,129520,124296
34749024,10.6750,22.7675,19.2675,0.0892,-0.0833,0.9906,-0.09,-0.01,0.41,130857,129537,124303
34769532,2.6075,21.7700,7.9975,0.0902,-0.0913,0.9939,-0.09,-0.02,0.41,130784,129538,124322
34789064,0.6650,20.6850,0.6650,0.0898,-0.0970,0.9986,-0.09,-0.02,0.41,130720,129534,124353
34809568,2.3100,18.9525,-6.4575,0.0887,-0.1030,1.0044,-0.09,-0.02,0.41,130673,129529,124352
34829100,6.3700,16.9750,-13.2475,0.0878,-0.1069,1.0106,-0.09,-0.03,0.41,130651,129534,124392
34849608,9.3800,14.7000,-19.5125,0.0853,-0.1086,1.0169,-0.09,-0.03,0.41,130643,129530,124390
34869140,10.0800,12.0575,-25.6550,0.0805,-0.1098,1.0230,-0.09,-0.03,0.41,130642,129534,124405
34889648,10.1850,7.8575,-34.5625,0.0731,-0.1099,1.0319,-0.10,-0.03,0.41,130646,129507,124407
34909180,10.9900,4.9175,-40.0925,0.0687,-0.1091,1.0366,-0.10,-0.02,0.41,130671,129484,124400
34929688,12.9150,1.5050,-45.4125,0.0632,-0.1092,1.0403,-0.10,-0.02,0.41,130727,129473,124410
34949216,16.1175,-1.9600,-50.5925,0.0573,-0.1093,1.0435,-0.10,-0.02,0.41,130795,129479,124402
34969728,17.3250,-5.3025,-55.9650,0.0521,-0.1060,1.0446,-0.10,-0.01,0.41,130864,129457,124373
34989256,17.3425,-8.4875,-61.2150,0.0486,-0.0994,1.0440,-0.10,-0.01,0.41,130948,129429,124358
35008788,14.0700,-12.7400,-68.8625,0.0436,-0.0867,1.0407,-0.10,-0.00,0.41,131052,129386,124331
35029296,10.1675,-15.0850,-73.9375,0.0392,-0.0776,1.0365,-0.11,0.01,0.41,131179,129348,124324
35048828,7.1400,-17.0100,-79.2400,0.0350,-0.0686,1.0325,-0.11,0.01,0.41,131309,129305,124328
35069336,6.9475,-18.8125,-84.5950,0.0325,-0.0603,1.0298,-0.11,0.02,0.41,131452,129241,124320
35088868,8.5050,-20.0900,-89.7750,0.0307,-0.0532,1.0279,-0.11,0.03,0.41,131597,129199,124287
35119140,20.6675,-22.8025,-99.0675,0.0209,-0.0431,1.0287,-0.12,0.05,0.42,131857,129165,124256
35139648,26.1450,-23.9050,-103.4425,0.0142,-0.0346,1.0288,-0.12,0.06,0.42,132026,129154,124234
35159180,25.9000,-24.5350,-107.9400,0.0096,-0.0214,1.0283,-0.12,0.07,0.42,132207,129155,124191
35179688,23.6950,-24.7975,-112.2800,0.0098,-0.0071,1.0292,-0.12,0.08,0.42,132401,129156,124179
35199216,20.5450,-24.5875,-116.4450,0.0105,0.0035,1.0292,-0.12,0.09,0.42,132594,129151,124162
35219728,21.4900,-24.1150,-121.5200,0.0063,0.0110,1.0292,-0.12,0.10,0.42,132790,129163,124157
35239256,25.5500,-23.8700,-123.9525,-0.0054,0.0226,1.0287,-0.12,0.12,0.43,132977,129183,124108
35258788,31.6750,-23.5200,-125.8075,-0.0133,0.0329,1.0280,-0.11,0.13,0.43,133167,129226,124080
35279296,33.0400,-23.1000,-127.5225,-0.0203,0.0460,1.0250,-0.11,0.14,0.43,133372,129287,124073
35298828,32.8300,-22.6800,-129.0275,-0.0248,0.0608,1.0199,-0.11,0.15,0.43,133559,129350,124053
35319336,30.6950,-22.0325,-130.1650,-0.0289,0.0775,1.0121,-0.10,0.16,0.43,133748,129406,124024
35338868,29.9950,-21.2100,-130.8125,-0.0337,0.0950,1.0048,-0.10,0.17,0.43,133925,129460,123992
35359376,32.8300,-20.0900,-130.6900,-0.0414,0.1188,0.9970,-0.09,0.19,0.43,134104,129530,123971
35378904,35.8575,-19.4775,-130.0425,-0.0476,0.1310,0.9938,-0.09,0.20,0.43,134274,129626,123962
35399416,32.6200,-18.5850,-129.0975,-0.0527,0.1454,0.9886,-0.08,0.21,0.43,134441,129717,123958
35418944,21.4200,-17.0275,-127.6100,-0.0542,0.1647,0.9811,-0.08,0.22,0.43,134600,129757,123950
35439452,8.7675,-14.8050,-125.1425,-0.0522,0.1861,0.9750,-0.08,0.22,0.43,134744,129763,123957
35458984,-7.5425,-10.7100,-119.6825,-0.0515,0.2031,0.9686,-0.08,0.23,0.43,134875,129756,123980
35479492,-18.3575,-7.5600,-115.4475,-0.0547,0.2208,0.9636,-0.08,0.24,0.43,134996,129726,124014
35499024,-23.3450,-4.4100,-110.1450,-0.0531,0.2303,0.9590,-0.08,0.25,0.43,135102,129687,124075
35519532,-17.9375,-2.1175,-103.2500,-0.0486,0.2397,0.9555,-0.08,0.25,0.43,135200,129683,124080
35539064,-1.1725,-0.9450,-95.1825,-0.0420,0.2492,0.9527,-0.08,0.26,0.43,135287,129720,124076
35559568,20.9300,-0.9100,-86.1875,-0.0357,0.2564,0.9496,-0.08,0.26,0.43,135359,129831,124048
35579100,33.7750,-0.5425,-71.1725,-0.0283,0.2732,0.9465,-0.07,0.26,0.43,135410,129924,124035
35599608,21.9800,0.5425,-59.9900,-0.0245,0.2957,0.9450,-0.07,0.27,0.43,135452,129993,124034
35619140,10.5350,2.2925,-47.4775,-0.0209,0.3226,0.9421,-0.06,0.27,0.43,135482,130036,124032
35639648,6.0200,3.7275,-34.9475,-0.0195,0.3455,0.9370,-0.06,0.27,0.43,135497,130037,124015
35659180,5.6525,4.7950,-22.2075,-0.0201,0.3678,0.9333,-0.06,0.27,0.43,135483,130056,124021
35679688,0.1050,6.1600,-2.6425,-0.0220,0.3911,0.9322,-0.06,0.27,0.43,135457,130057,124007
35699216,-8.4875,6.8950,10.5000,-0.0234,0.4204,0.9337,-0.06,0.27,0.43,135422,130026,124032
35719728,-18.5325,7.2275,23.0475,-0.0232,0.4321,0.9354,-0.07,0.26,0.43,135383,129965,124039
35739256,-28.5075,7.0700,35.0700,-0.0229,0.4385,0.9377,-0.07,0.26,0.43,135327,129852,124059
35758788,-39.0250,6.2475,46.7425,-0.0227,0.4407,0.9416,-0.08,0.26,0.43,135258,129727,124069
35779296,-47.4425,4.4625,57.8725,-0.0249,0.4374,0.9479,-0.09,0.25,0.42,135173,129579,124120
35798828,-50.8200,1.8375,68.0575,-0.0272,0.4279,0.9561,-0.10,0.25,0.42,135099,129442,124172
35819336,-41.5975,-3.0100,81.7075,-0.0327,0.4038,0.9689,-0.11,0.24,0.42,135015,129329,124205
35838868,-32.0775,-6.3000,89.7400,-0.0361,0.3867,0.9755,-0.11,0.24,0.42,134934,129233,124229
35859376,-25.1475,-9.1000,96.7400,-0.0410,0.3706,0.9819,-0.12,0.23,0.42,134837,129154,124244
35878904,-21.0350,-11.4625,102.9350,-0.0447,0.3536,0.9892,-0.12,0.22,0.42,134752,129114,124271
35899416,-13.1600,-13.4400,108.1850,-0.0468,0.3364,0.9961,-0.12,0.22,0.41,134652,129086,124274
35918944,-5.4250,-15.1550,115.1850,-0.0500,0.3209,0.9997,-0.12,0.21,0.42,134554,129061,124272
35939452,-9.5900,-15.3475,119.2975,-0.0612,0.3054,1.0038,-0.13,0.21,0.42,134454,129014,124266
35958984,-16.8000,-15.1375,122.5000,-0.0637,0.2960,1.0065,-0.13,0.20,0.41,134351,128973,124281
35979492,-23.3275,-14.7175,124.7225,-0.0627,0.2855,1.0082,-0.13,0.19,0.41,134233,128922,124298
35999024,-24.3075,-14.2100,126.2450,-0.0658,0.2729,1.0092,-0.13,0.19,0.41,134121,128864,124327
36019532,-27.4050,-13.4575,127.3475,-0.0684,0.2625,1.0074,-0.14,0.18,0.41,133996,128802,124336
36039064,-19.0575,-12.0925,128.0125,-0.0610,0.2444,1.0055,-0.14,0.17,0.41,133872,128766,124333
36059568,-8.4700,-11.0075,127.7150,-0.0593,0.2286,1.0041,-0.14,0.16,0.41,133731,128765,124332
36079100,-5.7225,-8.9950,126.7525,-0.0578,0.2139,1.0026,-0.14,0.15,0.41,133604,128774,124328
36099608,-5.8975,-6.7375,125.0725,-0.0545,0.2004,1.0006,-0.14,0.15,0.41,133469,128802,124323
36129880,-4.4100,-3.4300,121.6775,-0.0442,0.1803,0.9954,-0.14,0.13,0.41,133255,128824,124302
36150392,2.7650,-0.2275,117.8975,-0.0367,0.1632,0.9899,-0.13,0.12,0.41,133116,128878,124288
36169920,3.8675,1.8550,114.9750,-0.0327,0.1536,0.9848,-0.13,0.12,0.42,132970,128911,124266
36190428,7.4550,3.9200,112.0000,-0.0265,0.1424,0.9819,-0.13,0.11,0.42,132822,128983,124234
36209960,14.3500,5.9150,108.7975,-0.0218,0.1296,0.9814,-0.12,0.10,0.42,132685,129052,124206
36230468,10.3250,8.1200,104.9125,-0.0187,0.1211,0.9784,-0.12,0.09,0.42,132542,129125,124209
36250000,-14.8575,11.3750,98.0525,-0.0109,0.1172,0.9726,-0.12,0.08,0.42,132413,129122,124226
36270508,-23.0475,12.5475,93.5375,0.0029,0.1069,0.9655,-0.12,0.07,0.42,132262,129103,124254
36290040,-17.0450,13.0725,89.4425,0.0096,0.0930,0.9653,-0.12,0.07,0.42,132141,129115,124243
36310544,-7.5075,13.8075,84.9450,0.0165,0.0788,0.9664,-0.12,0.06,0.42,131992,129144,124260
36330080,-3.1850,14.7525,80.0275,0.0239,0.0666,0.9656,-0.12,0.05,0.41,131878,129179,124279
36350584,-7.2275,16.1000,74.4450,0.0315,0.0544,0.9665,-0.11,0.04,0.41,131753,129197,124292
36370116,-20.8775,17.9900,65.5375,0.0394,0.0386,0.9669,-0.12,0.03,0.41,131631,129165,124321
36390624,-28.6650,19.0225,59.7975,0.0465,0.0283,0.9684,-0.12,0.03,0.41,131501,129126,124354
36410156,-26.8275,19.4600,54.0575,0.0526,0.0100,0.9732,-0.12,0.02,0.41,131394,129100,124401
36430664,-24.8500,20.1775,47.7750,0.0572,-0.0098,0.9776,-0.12,0.01,0.40,131286,129071,124439
36450196,-24.7975,20.5800,40.8275,0.0609,-0.0282,0.9815,-0.12,0.01,0.40,131193,129027,124496
36470704,-23.8700,21.0700,29.8200,0.0637,-0.0486,0.9870,-0.13,0.00,0.40,131100,128989,124528
36490232,-17.3075,21.5250,22.2075,0.0688,-0.0761,0.9949,-0.13,-0.00,0.40,131006,128963,124554
36510744,-12.1100,21.4375,14.2800,0.0732,-0.0910,0.9998,-0.13,-0.01,0.40,130942,128944,124589
36530272,-5.7750,20.8250,6.3875,0.0758,-0.1053,1.0033,-0.13,-0.01,0.39,130887,128938,124613
36549804,-1.4350,19.8100,-1.2425,0.0756,-0.1186,1.0056,-0.13,-0.01,0.39,130856,128928,124644
36570312,1.3125,18.4100,-8.1025,0.0736,-0.1293,1.0089,-0.13,-0.02,0.39,130806,128905,124659
36589844,1.3650,16.8350,-14.1925,0.0711,-0.1369,1.0122,-0.13,-0.02,0.39,130786,128894,124683
36610352,-0.6475,13.9650,-21.6300,0.0675,-0.1442,1.0167,-0.14,-0.02,0.39,130773,128856,124692
36629880,-1.6100,11.7600,-25.5850,0.0655,-0.1464,1.0194,-0.14,-0.02,0.39,130783,128841,124722
36650392,1.8375,9.3975,-29.2250,0.0637,-0.1492,1.0222,-0.14,-0.02,0.39,130807,128821,124724
36669920,8.4700,6.8425,-32.6375,0.0620,-0.1530,1.0244,-0.14,-0.01,0.39,130831,128804,124705
36690428,11.2700,4.7600,-36.4525,0.0612,-0.1556,1.0252,-0.14,-0.01,0.39,130861,128791,124696
36709960,9.8000,2.0650,-43.0325,0.0593,-0.1582,1.0250,-0.14,-0.01,0.39,130915,128760,124698
36730468,7.1575,0.7875,-48.0725,0.0562,-0.1619,1.0243,-0.14,-0.01,0.39,130978,128743,124728
36750000,6.5275,-0.4375,-53.5325,0.0520,-0.1647,1.0224,-0.14,-0.00,0.39,131056,128716,124713
36770508,11.7425,-1.7500,-59.3075,0.0482,-0.1673,1.0194,-0.15,0.00,0.39,131130,128687,124699
36790040,17.7975,-2.9575,-65.2750,0.0425,-0.1688,1.0143,-0.15,0.01,0.39,131217,128674,124677
36810544,21.7700,-3.8675,-72.0300,0.0349,-0.1679,1.0087,-0.15,0.02,0.39,131328,128660,124667
36830080,26.2850,-5.3200,-82.7050,0.0278,-0.1613,1.0021,-0.15,0.02,0.39,131449,128676,124641
36850584,29.9775,-6.3175,-89.4600,0.0223,-0.1574,0.9987,-0.15,0.03,0.40,131584,128674,124594
36870116,34.8075,-7.4725,-95.3925,0.0138,-0.1514,0.9982,-0.15,0.04,0.40,131715,128688,124573
36890624,35.4550,-8.6275,-101.0450,0.0037,-0.1420,0.9994,-0.15,0.05,0.40,131864,128692,124532
36910156,30.0300,-9.3800,-106.4000,-0.0059,-0.1269,1.0005,-0.15,0.06,0.40,132021,128677,124517
36930664,22.8200,-9.9750,-113.6800,-0.0124,-0.1085,1.0019,-0.15,0.07,0.40,132190,128669,124517
36950196,20.2825,-10.9200,-117.7750,-0.0205,-0.0856,1.0066,-0.15,0.08,0.40,132373,128667,124489
36970704,23.7475,-11.9175,-121.0300,-0.0261,-0.0726,1.0104,-0.15,0.09,0.40,132549,128643,124463
36990232,29.9250,-13.3000,-123.6900,-0.0340,-0.0608,1.0136,-0.15,0.10,0.40,132725,128666,124438
37010744,35.7875,-14.9625,-125.7550,-0.0453,-0.0473,1.0154,-0.14,0.11,0.41,132930,128723,124410
37030272,37.3450,-16.4325,-127.3825,-0.0560,-0.0305,1.0153,-0.14,0.13,0.41,133126,128777,124376
37049804,35.4025,-17.6750,-128.8875,-0.0636,-0.0132,1.0133,-0.14,0.14,0.41,133329,128830,124341
37070312,38.3425,-19.4600,-131.1800,-0.0742,0.0102,1.0097,-0.13,0.15,0.41,133532,128911,124305
37089844,40.3550,-20.6150,-132.4575,-0.0806,0.0261,1.0067,-0.13,0.16,0.42,133737,128956,124264
37110352,37.8525,-21.7000,-133.3850,-0.0874,0.0427,1.0043,-0.12,0.18,0.42,133949,129038,124235
37140624,34.4050,-22.7675,-133.9800,-0.0964,0.0639,1.0020,-0.12,0.19,0.42,134266,129155,124191
37160156,34.6150,-23.2050,-133.8400,-0.1027,0.0794,1.0005,-0.11,0.21,0.42,134469,129243,124164
37180664,26.0575,-22.9775,-132.5800,-0.1044,0.1113,0.9987,-0.11,0.22,0.42,134670,129319,124159
37200196,17.0450,-22.1025,-130.9700,-0.1009,0.1307,0.9981,-0.10,0.23,0.42,134867,129369,124176
37220704,5.4250,-20.4925,-129.0625,-0.0993,0.1451,0.9972,-0.10,0.24,0.42,135054,129406,124188
37240232,-0.6650,-18.7250,-126.1575,-0.0932,0.1566,0.9967,-0.10,0.25,0.42,135229,129426,124188
37260744,1.8200,-17.0975,-121.9225,-0.0864,0.1675,0.9963,-0.10,0.26,0.42,135400,129470,124192
37280272,10.6925,-15.7850,-113.0500,-0.0793,0.1797,0.9948,-0.09,0.27,0.42,135536,129569,124203
37299804,28.0875,-14.7000,-106.2950,-0.0683,0.1991,0.9886,-0.08,0.28,0.42,135677,129681,124197
37320312,30.2050,-13.8250,-99.2775,-0.0600,0.2155,0.9820,-0.08,0.29,0.42,135809,129799,124181
37339844,28.0175,-12.1450,-91.4550,-0.0504,0.2319,0.9769,-0.07,0.30,0.42,135915,129900,124174
37360352,18.7775,-9.8700,-82.3900,-0.0427,0.2477,0.9742,-0.07,0.30,0.42,136010,129979,124164
37379880,14.0175,-7.9100,-71.7500,-0.0360,0.2686,0.9747,-0.06,0.30,0.42,136067,130034,124172
37400392,8.5050,-3.8675,-54.4950,-0.0222,0.2984,0.9711,-0.06,0.31,0.42,136123,130082,124185
37419920,-4.7075,-0.6650,-43.4875,-0.0162,0.3168,0.9648,-0.06,0.31,0.42,136154,130081,124176
37440428,-8.6800,1.8550,-31.7275,-0.0153,0.3375,0.9616,-0.06,0.31,0.42,136163,130072,124175
37459960,-4.5675,3.9550,-20.0550,-0.0182,0.3528,0.9592,-0.06,0.31,0.42,136159,130064,124188
37480468,-8.1375,6.1425,-8.5575,-0.0216,0.3712,0.9553,-0.06,0.31,0.42,136131,130045,124210
37500000,-10.3775,7.7525,2.6600,-0.0249,0.3855,0.9528,-0.06,0.31,0.42,136094,130030,124201
37520508,-9.8175,8.7500,19.3550,-0.0281,0.3958,0.9564,-0.07,0.30,0.42,136045,129984,124194
37540040,-15.1725,9.0650,30.3275,-0.0294,0.4006,0.9609,-0.07,0.30,0.42,135995,129906,124199
37560544,-24.2200,8.9600,40.9325,-0.0289,0.4025,0.9661,-0.08,0.30,0.42,135925,129800,124226
37580080,-32.0250,8.2775,51.1875,-0.0293,0.3991,0.9740,-0.08,0.29,0.42,135839,129715,124249
37600584,-38.2725,6.7550,61.3025,-0.0316,0.3921,0.9837,-0.09,0.29,0.41,135747,129584,124277
37620116,-40.6525,4.3400,70.7000,-0.0357,0.3826,0.9931,-0.10,0.28,0.41,135666,129447,124308
37640624,-31.9025,-0.2100,82.8800,-0.0410,0.3597,1.0043,-0.11,0.27,0.41,135571,129339,124317
37660156,-25.7250,-2.9750,89.5650,-0.0447,0.3454,1.0080,-0.11,0.27,0.41,135479,129243,124346
37680664,-24.8675,-5.8275,95.3750,-0.0503,0.3345,1.0083,-0.12,0.26,0.41,135371,129156,124374
37700196,-25.7950,-8.5925,100.3625,-0.0575,0.3233,1.0092,-0.12,0.26,0.41,135277,129075,124397
37720704,-23.3975,-11.4100,104.8425,-0.0673,0.3087,1.0121,-0.13,0.25,0.41,135184,128997,124413
37740232,-18.1125,-13.7725,110.1450,-0.0727,0.2930,1.0146,-0.13,0.24,0.41,135083,128927,124404
37760744,-8.1725,-16.6775,113.0675,-0.0731,0.2718,1.0125,-0.13,0.24,0.41,134988,128891,124427
37780272,2.1000,-18.0425,115.9025,-0.0750,0.2582,1.0096,-0.13,0.23,0.41,134886,128899,124417
37799804,8.9775,-18.6025,118.7375,-0.0781,0.2468,1.0066,-0.13,0.23,0.41,134797,128910,124382
37820312,14.8750,-18.6375,121.0825,-0.0769,0.2338,1.0055,-0.13,0.22,0.41,134692,128931,124367
37839844,16.9400,-17.8675,123.1825,-0.0765,0.2223,1.0056,-0.13,0.21,0.41,134589,128957,124330
37860352,6.4575,-15.4350,125.0900,-0.0733,0.2096,1.0042,-0.13,0.21,0.41,134483,128951,124299
37879880,-4.2525,-14.1050,125.5800,-0.0675,0.2047,1.0038,-0.13,0.20,0.41,134372,128941,124305
37900392,-11.7250,-12.8450,125.6150,-0.0599,0.1990,1.0043,-0.13,0.19,0.41,134256,128906,124337
37919920,-10.0100,-12.0400,125.4050,-0.0534,0.1904,1.0056,-0.13,0.19,0.41,134144,128874,124306
37940428,-7.8225,-10.7450,124.6700,-0.0451,0.1818,1.0055,-0.14,0.18,0.41,134017,128856,124309
37959960,-0.9625,-9.5025,123.6375,-0.0349,0.1735,1.0045,-0.13,0.17,0.41,133896,128878,124283
37980468,12.3900,-6.7375,121.6600,-0.0190,0.1630,1.0000,-0.13,0.16,0.42,133763,128952,124254
38000000,22.5400,-4.4100,119.9975,-0.0083,0.1577,0.9983,-0.13,0.16,0.42,133648,129022,124227
38020508,23.9575,-1.3650,117.7400,0.0020,0.1543,0.9956,-0.12,0.15,0.42,133513,129102,124177
38040040,18.1825,1.9775,115.0800,0.0112,0.1514,0.9916,-0.12,0.14,0.42,133381,129152,124130
38060544,11.0425,5.0575,112.0175,0.0199,0.1468,0.9873,-0.11,0.13,0.42,133235,129205,124128
38080080,4.8300,7.8225,108.6925,0.0277,0.1424,0.9822,-0.11,0.12,0.42,133104,129239,124128
38100584,1.6100,11.3750,103.3900,0.0420,0.1347,0.9736,-0.11,0.12,0.43,132965,129276,124100
38120116,4.8650,13.4400,99.6625,0.0489,0.1252,0.9695,-0.11,0.11,0.43,132820,129316,124082
38150392,7.5425,16.4150,93.8000,0.0586,0.1113,0.9665,-0.10,0.09,0.43,132612,129405,124077
38169920,3.2550,18.6025,89.4600,0.0653,0.1021,0.9625,-0.10,0.09,0.43,132472,129434,124057
38190428,0.5775,20.3875,84.9100,0.0704,0.0910,0.9584,-0.10,0.08,0.43,132326,129462,124042
38209960,3.7975,22.5925,77.5600,0.0777,0.0710,0.9562,-0.10,0.07,0.43,132183,129510,124059
38230468,0.8225,24.0975,71.9250,0.0832,0.0606,0.9561,-0.09,0.06,0.43,132055,129541,124068
38250000,-6.3700,25.2525,65.8700,0.0843,0.0494,0.9555,-0.09,0.05,0.43,131933,129557,124079
38270508,-8.2950,25.8125,59.8150,0.0853,0.0343,0.9568,-0.09,0.04,0.43,131798,129571,124099
38290040,-2.8350,26.2850,53.8125,0.0877,0.0189,0.9617,-0.09,0.04,0.43,131663,129600,124106
38310544,2.5025,26.6000,47.3025,0.0902,0.0066,0.9655,-0.09,0.03,0.42,131544,129625,124117
38330080,-4.4975,26.9850,36.4875,0.0927,-0.0090,0.9679,-0.09,0.02,0.42,131444,129637,124156
38350584,-12.4425,27.0375,28.8400,0.0935,-0.0203,0.9712,-0.09,0.02,0.42,131349,129617,124190
38370116,-15.6100,26.6875,21.3325,0.0937,-0.0322,0.9764,-0.09,0.01,0.42,131258,129588,124223
38390624,-8.6625,25.5150,14.1575,0.0942,-0.0450,0.9828,-0.09,0.01,0.42,131167,129569,124253
38410156,0.8225,24.0450,7.1575,0.0930,-0.0578,0.9895,-0.09,0.00,0.42,131106,129577,124258
38430664,7.3150,21.1225,-3.1500,0.0915,-0.0693,0.9991,-0.09,-0.00,0.41,131045,129593,124276
38450196,6.1250,18.8125,-9.9050,0.0911,-0.0721,1.0041,-0.09,-0.00,0.41,131010,129608,124298
38470704,4.5150,16.4150,-16.1525,0.0897,-0.0741,1.0092,-0.09,-0.01,0.41,130986,129587,124323
38490232,0.8400,13.9475,-22.2250,0.0886,-0.0736,1.0141,-0.09,-0.01,0.41,130962,129553,124326
38510744,-5.1625,11.4975,-28.1575,0.0864,-0.0734,1.0191,-0.10,-0.01,0.41,130966,129496,124341
38530272,-9.1175,9.1175,-34.0900,0.0839,-0.0744,1.0257,-0.10,-0.00,0.41,130991,129439,124381
38549804,-9.0125,6.6150,-42.6475,0.0808,-0.0752,1.0321,-0.10,-0.00,0.41,131021,129385,124400
38570312,-0.5775,2.8700,-47.9850,0.0759,-0.0788,1.0391,-0.11,-0.00,0.41,131064,129341,124398
38589844,4.2000,0.3500,-53.1475,0.0712,-0.0797,1.0411,-0.11,0.00,0.41,131121,129290,124399
38610352,5.4075,-1.9250,-57.9075,0.0665,-0.0767,1.0413,-0.11,0.01,0.41,131186,129244,124400
38629880,1.4000,-3.8150,-62.8425,0.0614,-0.0719,1.0399,-0.12,0.01,0.41,131276,129186,124398
38650392,-4.2875,-5.2675,-67.7950,0.0547,-0.0682,1.0376,-0.12,0.02,0.41,131378,129114,124422
38669920,-4.3750,-7.1400,-75.7400,0.0468,-0.0661,1.0358,-0.12,0.02,0.41,131481,129044,124433
38690428,1.7325,-8.3125,-80.8150,0.0417,-0.0691,1.0350,-0.13,0.03,0.41,131593,128974,124428
38709960,7.3325,-9.5900,-85.5750,0.0346,-0.0694,1.0342,-0.13,0.04,0.41,131714,128929,124409
38730468,7.9975,-10.5875,-90.2825,0.0271,-0.0628,1.0316,-0.13,0.05,0.41,131858,128899,124414
38750000,9.0125,-11.5150,-95.1475,0.0218,-0.0547,1.0261,-0.14,0.06,0.41,132009,128860,124416
38770508,12.7225,-12.3725,-99.6800,0.0171,-0.0519,1.0196,-0.14,0.07,0.41,132160,128834,124406
38790040,16.5025,-13.1425,-105.4200,0.0028,-0.0468,1.0138,-0.14,0.08,0.41,132312,128800,124385
38810544,10.8325,-13.0900,-109.1300,-0.0095,-0.0368,1.0120,-0.14,0.09,0.41,132482,128762,124388
38830080,-0.5425,-12.2150,-113.0150,-0.0222,-0.0228,1.0099,-0.14,0.10,0.41,132655,128703,124403
38850584,-14.0350,-10.4300,-117.3375,-0.0316,-0.0051,1.0054,-0.15,0.11,0.40,132847,128592,124452
38870116,-22.9425,-8.2425,-122.1500,-0.0321,0.0095,1.0011,-0.16,0.12,0.40,133021,128478,124484
38890624,-15.9425,-4.8650,-129.2725,-0.0346,0.0102,1.0006,-0.16,0.13,0.40,133212,128378,124516
38910156,-9.1000,-2.7125,-133.6650,-0.0425,0.0067,1.0009,-0.17,0.14,0.40,133389,128340,124529
38930664,-2.2750,-0.4725,-137.5675,-0.0479,0.0037,1.0011,-0.17,0.15,0.40,133589,128304,124558
38950196,2.7825,1.7850,-140.6825,-0.0511,0.0005,0.9992,-0.17,0.17,0.40,133778,128300,124571
38970704,3.6750,4.0075,-142.6600,-0.0581,0.0000,0.9952,-0.17,0.18,0.40,133970,128270,124584
38990232,1.8025,6.3000,-143.3600,-0.0686,0.0039,0.9921,-0.17,0.19,0.40,134146,128262,124590
39010744,6.5975,8.5050,-142.3625,-0.0813,0.0170,0.9909,-0.17,0.20,0.40,134328,128283,124580
39030272,9.2225,9.3975,-141.1375,-0.0861,0.0266,0.9843,-0.17,0.21,0.39,134495,128316,124602
39049804,15.9775,9.7300,-139.8425,-0.0858,0.0279,0.9778,-0.16,0.22,0.40,134666,128381,124585
39070312,38.3250,8.4350,-137.7075,-0.0800,0.0223,0.9773,-0.16,0.23,0.40,134843,128521,124521
39089844,67.7950,5.2675,-134.7675,-0.0769,0.0179,0.9793,-0.14,0.24,0.40,134998,128726,124440
39110352,92.6450,1.0850,-130.9350,-0.0781,0.0220,0.9820,-0.12,0.25,0.41,135163,129028,124329
39129880,96.7050,-4.4625,-123.9000,-0.0799,0.0510,0.9803,-0.11,0.26,0.42,135304,129294,124233
39160156,75.6525,-7.7525,-114.4500,-0.0765,0.0985,0.9830,-0.09,0.27,0.42,135520,129628,124150
39180664,55.2650,-8.3825,-106.2075,-0.0693,0.1332,0.9854,-0.08,0.28,0.42,135635,129790,124130
39200196,40.3200,-8.2075,-96.2325,-0.0584,0.1640,0.9898,-0.07,0.28,0.42,135731,129918,124111
39220704,26.5475,-7.1400,-85.0150,-0.0500,0.1950,0.9910,-0.07,0.29,0.43,135819,129989,124101
39240232,8.5925,-5.1275,-66.8500,-0.0409,0.2452,0.9875,-0.06,0.29,0.42,135880,130011,124119
39260744,4.0775,-4.0250,-53.2875,-0.0386,0.2794,0.9875,-0.06,0.30,0.42,135939,130048,124115
39280272,-1.8025,-3.0975,-39.2000,-0.0398,0.3111,0.9864,-0.06,0.30,0.42,135960,130049,124127
39299804,-9.2925,-2.2575,-25.1125,-0.0410,0.3394,0.9850,-0.06,0.30,0.42,135979,130033,124156
39320312,-9.9575,-1.8900,-11.4100,-0.0436,0.3608,0.9855,-0.06,0.30,0.42,135981,130021,124156
39339844,-5.5475,-2.1175,1.7850,-0.0479,0.3772,0.9859,-0.07,0.30,0.42,135976,130001,124153
39360352,-10.2725,-1.8200,19.2850,-0.0558,0.3958,0.9830,-0.07,0.30,0.42,135947,129942,124158
39379880,-15.8725,-1.6100,30.0125,-0.0595,0.4016,0.9830,-0.07,0.30,0.42,135918,129901,124183
39400392,-25.7775,-1.5400,39.8300,-0.0621,0.4019,0.9836,-0.08,0.29,0.42,135861,129803,124209
39419920,-32.8300,-1.8550,48.8075,-0.0622,0.3963,0.9858,-0.08,0.29,0.42,135815,129704,124248
39440428,-30.6950,-2.8000,57.2425,-0.0610,0.3836,0.9910,-0.09,0.29,0.42,135763,129602,124249
39459960,-23.7125,-4.0950,65.0475,-0.0603,0.3672,0.9971,-0.10,0.28,0.42,135692,129514,124268
39480468,-12.9675,-5.7050,75.5650,-0.0627,0.3437,1.0028,-0.10,0.28,0.41,135611,129478,124273
39500000,-2.6600,-6.6325,81.8825,-0.0642,0.3284,1.0045,-0.10,0.27,0.41,135536,129452,124286
39520508,3.3950,-7.1925,87.6575,-0.0654,0.3159,1.0050,-0.10,0.27,0.41,135446,129425,124285
39540040,-2.8175,-7.0875,92.5575,-0.0677,0.3079,1.0033,-0.10,0.26,0.42,135361,129380,124271
39560544,-3.4825,-7.4900,97.1775,-0.0697,0.3013,1.0032,-0.11,0.26,0.42,135266,129345,124260
39580080,2.0125,-8.0850,101.4300,-0.0714,0.2933,1.0041,-0.10,0.25,0.42,135164,129352,124261
39600584,8.6800,-8.0150,106.8725,-0.0733,0.2785,1.0043,-0.10,0.24,0.42,135066,129354,124245
39620116,6.5800,-7.5950,109.6725,-0.0726,0.2712,1.0035,-0.11,0.24,0.42,134971,129346,124232
39640624,3.9200,-7.1050,112.1925,-0.0720,0.2654,1.0037,-0.11,0.23,0.42,134856,129323,124226
39660156,1.3125,-6.6150,114.4325,-0.0728,0.2596,1.0052,-0.11,0.22,0.42,134746,129308,124202
39680664,1.9775,-6.1425,116.3575,-0.0721,0.2535,1.0067,-0.11,0.22,0.42,134631,129316,124204
39700196,2.5900,-4.8300,118.3700,-0.0698,0.2464,1.0041,-0.11,0.21,0.42,134520,129325,124203
39720704,-2.1875,-3.4650,119.4025,-0.0671,0.2491,1.0003,-0.11,0.20,0.42,134401,129293,124193
39740232,-7.4200,-2.3625,120.3475,-0.0642,0.2535,0.9974,-0.11,0.20,0.42,134270,129270,124181
39760744,-15.4700,-1.1725,121.1700,-0.0633,0.2561,0.9931,-0.11,0.19,0.42,134139,129223,124188
39780272,-18.9700,-0.1575,121.3975,-0.0610,0.2514,0.9897,-0.11,0.18,0.42,134013,129192,124200
39799804,-17.7975,0.7700,121.0125,-0.0580,0.2411,0.9862,-0.12,0.17,0.42,133888,129175,124214
39820312,-12.8625,2.3275,119.7000,-0.0494,0.2240,0.9836,-0.12,0.16,0.42,133741,129153,124225
39839844,-11.0950,3.6925,118.3350,-0.0425,0.2148,0.9826,-0.12,0.15,0.42,133603,129143,124207
39860352,-9.4500,4.9175,116.7250,-0.0355,0.2074,0.9827,-0.12,0.15,0.42,133458,129135,124215
39879880,-10.4125,6.3700,114.6425,-0.0276,0.1993,0.9823,-0.12,0.14,0.42,133316,129138,124213
39900392,-14.2100,7.7175,112.1750,-0.0217,0.1897,0.9800,-0.12,0.13,0.42,133176,129129,124243
39919920,-13.7725,8.9775,109.4100,-0.0170,0.1774,0.9784,-0.12,0.12,0.42,133036,129147,124228
39940428,-4.4275,10.5700,104.9125,-0.0087,0.1573,0.9771,-0.12,0.11,0.42,132879,129165,124212
39959960,0.2100,11.9350,101.4650,-0.0015,0.1457,0.9765,-0.11,0.10,0.42,132744,129197,124206
39980468,1.8200,13.4750,97.8075,0.0059,0.1362,0.9758,-0.11,0.09,0.42,132601,129251,124185
40000000,-0.3150,15.0500,93.7300,0.0144,0.1287,0.9734,-0.11,0.09,0.42,132465,129283,124206
40020508,-3.4300,16.4675,89.3550,0.0214,0.1219,0.9698,-0.11,0.08,0.42,132328,129316,124201
40040040,-5.1450,17.8850,84.8925,0.0256,0.1126,0.9654,-0.11,0.07,0.42,132186,129339,124195
40060544,-3.2200,19.6700,78.3125,0.0320,0.0974,0.9615,-0.10,0.06,0.42,132046,129378,124204
40080080,-1.9775,20.6150,73.6050,0.0372,0.0889,0.9599,-0.10,0.05,0.42,131926,129409,124218
40100584,-0.4900,21.4200,68.4425,0.0425,0.0795,0.9582,-0.10,0.04,0.42,131803,129469,124217
40120116,3.2550,21.9625,62.9650,0.0478,0.0691,0.9578,-0.10,0.04,0.42,131681,129507,124212
40140624,3.6225,22.4000,57.3650,0.0515,0.0600,0.9578,-0.09,0.03,0.42,131553,129533,124227
40170896,-6.8250,22.5400,45.5175,0.0547,0.0393,0.9598,-0.09,0.02,0.41,131401,129563,124276
40191408,-8.1375,21.9100,39.3400,0.0559,0.0254,0.9643,-0.09,0.01,0.42,131295,129552,124259
40210936,-9.7300,20.7200,32.8650,0.0561,0.0116,0.9692,-0.09,0.01,0.41,131217,129558,124285
40231444,-8.8025,19.1100,26.5825,0.0555,-0.0040,0.9762,-0.09,0.00,0.41,131145,129557,124318
40250976,-1.4525,17.0450,20.8250,0.0544,-0.0205,0.9858,-0.09,0.00,0.41,131090,129570,124335
40271484,2.9750,13.4925,12.6525,0.0529,-0.0410,0.9984,-0.09,-0.00,0.41,131038,129591,124331
40291016,-1.3475,10.9725,7.4025,0.0499,-0.0522,1.0065,-0.09,-0.00,0.41,130998,129574,124345
40311524,-5.7225,8.3475,2.4150,0.0476,-0.0621,1.0142,-0.09,-0.01,0.41,130973,129555,124357
40331056,-4.3050,5.4250,-2.1700,0.0460,-0.0711,1.0226,-0.09,-0.01,0.41,130971,129558,124384
40351560,1.2950,2.3450,-6.7375,0.0461,-0.0778,1.0303,-0.09,-0.01,0.41,130988,129545,124383
40371092,4.4100,-0.5075,-11.5850,0.0472,-0.0821,1.0355,-0.09,-0.00,0.41,130998,129553,124373
40391600,7.0525,-4.2000,-19.3725,0.0515,-0.0833,1.0407,-0.09,-0.00,0.41,131022,129530,124343
40411132,8.7850,-6.3525,-24.9200,0.0543,-0.0831,1.0431,-0.09,-0.00,0.41,131059,129535,124326
40431640,10.2200,-8.3125,-30.7125,0.0559,-0.0839,1.0448,-0.09,0.00,0.41,131122,129548,124319
40451172,9.7125,-9.9750,-36.9075,0.0562,-0.0843,1.0458,-0.09,0.01,0.41,131193,129525,124323
40471680,6.9300,-11.2000,-43.4350,0.0560,-0.0827,1.0453,-0.10,0.01,0.41,131269,129498,124307
40491208,4.7425,-12.8100,-53.2700,0.0545,-0.0781,1.0409,-0.10,0.02,0.41,131350,129468,124276
40511720,8.0500,-13.9300,-59.5000,0.0508,-0.0744,1.0374,-0.10,0.02,0.41,131455,129427,124283
40531248,13.5100,-14.9450,-65.6950,0.0490,-0.0700,1.0344,-0.10,0.03,0.42,131558,129440,124253
40551756,17.1500,-15.8900,-72.2050,0.0471,-0.0638,1.0318,-0.10,0.04,0.42,131687,129422,124237
40571288,15.2425,-16.5900,-79.0300,0.0456,-0.0547,1.0281,-0.10,0.04,0.42,131804,129386,124230
40590820,11.0250,-16.8525,-85.8200,0.0442,-0.0450,1.0241,-0.11,0.05,0.42,131932,129345,124208
40611328,0.8050,-17.0800,-95.4275,0.0368,-0.0345,1.0175,-0.11,0.06,0.42,132087,129282,124228
40630860,-5.5475,-16.9225,-101.7275,0.0290,-0.0276,1.0133,-0.11,0.07,0.42,132248,129205,124232
40651368,-4.0250,-16.8525,-107.8700,0.0239,-0.0206,1.0096,-0.12,0.08,0.42,132409,129151,124259
40670896,3.1325,-16.8700,-113.6625,0.0215,-0.0168,1.0045,-0.12,0.09,0.42,132582,129101,124238
40691408,9.2050,-17.0275,-118.3175,0.0176,-0.0132,1.0006,-0.12,0.10,0.42,132757,129052,124217
40710936,10.1500,-17.3075,-122.3775,0.0106,-0.0033,0.9994,-0.12,0.11,0.42,132938,129048,124230
40731444,5.5475,-16.9225,-127.5750,0.0031,0.0203,0.9977,-0.13,0.13,0.42,133140,129015,124239
40750976,4.8300,-16.3975,-130.4100,0.0001,0.0278,0.9949,-0.13,0.14,0.42,133327,128997,124244
40771484,7.9625,-16.0825,-132.2475,-0.0057,0.0339,0.9944,-0.13,0.15,0.42,133526,128977,124231
40791016,9.9225,-15.9600,-133.5075,-0.0124,0.0449,0.9956,-0.13,0.16,0.42,133711,128961,124239
40811524,7.1400,-15.3475,-134.1375,-0.0185,0.0601,0.9972,-0.13,0.17,0.42,133916,128960,124243
40831056,0.4550,-14.4550,-134.6800,-0.0195,0.0777,0.9982,-0.13,0.18,0.42,134103,128940,124272
40851560,-12.3725,-12.5650,-135.0650,-0.0183,0.0919,0.9992,-0.13,0.20,0.41,134299,128916,124296
40871092,-17.5350,-11.2175,-134.4700,-0.0229,0.0954,1.0011,-0.13,0.21,0.41,134487,128866,124340
40891600,-15.3300,-10.1500,-133.2800,-0.0287,0.0976,1.0048,-0.14,0.22,0.41,134676,128846,124343
40911132,-4.7250,-9.6950,-131.7575,-0.0332,0.1010,1.0086,-0.13,0.23,0.41,134855,128870,124364
40931640,9.9225,-9.9750,-130.0775,-0.0340,0.1061,1.0096,-0.13,0.24,0.41,135047,128955,124356
40951172,29.7325,-11.2000,-127.2950,-0.0310,0.1124,1.0039,-0.12,0.25,0.41,135219,129081,124343
40971680,44.0825,-12.4425,-124.9150,-0.0246,0.1159,1.0009,-0.11,0.26,0.41,135397,129225,124308
40991208,52.1325,-13.5975,-122.3600,-0.0229,0.1222,0.9984,-0.10,0.27,0.42,135560,129401,124262
41011720,45.8850,-14.0875,-119.4725,-0.0224,0.1305,0.9934,-0.09,0.28,0.42,135719,129552,124244
41031248,30.7475,-13.3175,-115.9900,-0.0193,0.1388,0.9872,-0.09,0.29,0.42,135865,129666,124235
41051756,18.8300,-11.6725,-111.2125,-0.0154,0.1465,0.9831,-0.08,0.30,0.42,135986,129752,124240
41071288,11.2350,-8.6275,-101.4650,-0.0062,0.1699,0.9787,-0.08,0.31,0.42,136102,129837,124248
41090820,10.2375,-6.4225,-93.1700,0.0000,0.1876,0.9761,-0.07,0.31,0.42,136195,129881,124243
41111328,13.3700,-3.9550,-83.4750,0.0077,0.2069,0.9748,-0.07,0.32,0.42,136270,129986,124235
41130860,18.5500,-1.3650,-72.5200,0.0172,0.2269,0.9733,-0.06,0.32,0.42,136317,130078,124224
41151368,19.4425,1.3475,-60.7600,0.0240,0.2485,0.9706,-0.06,0.32,0.42,136359,130160,124239
41181640,4.9000,6.1250,-36.9425,0.0239,0.2990,0.9594,-0.05,0.32,0.42,136363,130208,124218
41201172,-6.1600,8.7500,-25.3925,0.0209,0.3233,0.9561,-0.05,0.32,0.42,136355,130203,124230
41221680,-12.7750,10.7100,-14.2100,0.0140,0.3440,0.9543,-0.06,0.32,0.42,136325,130153,124217
41241208,-16.4675,11.9700,-3.0800,0.0056,0.3606,0.9540,-0.06,0.32,0.42,136291,130105,124230
41261720,-19.1100,12.7225,7.2800,-0.0027,0.3719,0.9560,-0.06,0.32,0.42,136238,130040,124235
41281248,-18.1650,12.7225,17.2025,-0.0099,0.3765,0.9609,-0.07,0.31,0.42,136177,129993,124239
41301756,-14.8575,11.4625,31.0975,-0.0181,0.3732,0.9753,-0.07,0.31,0.42,136107,129940,124264
41321288,-13.9825,10.0450,40.0575,-0.0212,0.3670,0.9865,-0.07,0.30,0.42,136039,129888,124246
41340820,-12.2675,8.2075,48.8775,-0.0243,0.3576,0.9989,-0.08,0.30,0.42,135969,129822,124244
41361328,-12.7400,6.1600,57.3650,-0.0281,0.3477,1.0104,-0.08,0.29,0.42,135886,129743,124244
41380860,-19.2850,3.7975,65.3450,-0.0317,0.3399,1.0185,-0.09,0.29,0.41,135808,129670,124274
41401368,-24.3600,1.0675,72.9400,-0.0371,0.3331,1.0237,-0.09,0.28,0.41,135717,129570,124291
41420896,-20.0550,-3.9550,83.4750,-0.0449,0.3167,1.0282,-0.10,0.28,0.41,135640,129492,124309
41441408,-15.4175,-7.1225,89.6175,-0.0506,0.3040,1.0286,-0.10,0.27,0.41,135560,129401,124309
41460936,-15.2250,-9.7825,95.1475,-0.0561,0.2951,1.0257,-0.11,0.27,0.41,135477,129341,124327
41481444,-15.5225,-12.2675,99.9425,-0.0604,0.2874,1.0211,-0.11,0.26,0.41,135395,129274,124353
41500976,-13.9825,-14.2450,104.0025,-0.0626,0.2801,1.0167,-0.11,0.26,0.41,135311,129210,124377
41521484,-9.7650,-16.4150,108.9375,-0.0639,0.2717,1.0135,-0.12,0.25,0.41,135227,129146,124369
41541016,-4.6200,-17.2725,111.4050,-0.0625,0.2547,1.0099,-0.12,0.25,0.41,135148,129114,124362
41561524,-0.3150,-17.7800,113.4350,-0.0622,0.2445,1.0067,-0.12,0.24,0.41,135055,129067,124363
41581056,0.2625,-17.7100,115.1150,-0.0628,0.2361,1.0041,-0.12,0.24,0.41,134967,129065,124366
41601560,0.1575,-17.3425,116.3050,-0.0603,0.2277,1.0033,-0.12,0.23,0.41,134876,129046,124357
41621092,1.8550,-16.8350,117.0925,-0.0550,0.2189,1.0031,-0.13,0.23,0.41,134779,129017,124346
41641600,1.6975,-15.7150,117.6525,-0.0468,0.2086,1.0000,-0.13,0.22,0.41,134678,128999,124338
41661132,3.9900,-14.8050,117.9325,-0.0414,0.2033,0.9980,-0.13,0.21,0.41,134587,129003,124309
41681640,10.6050,-13.6850,117.9850,-0.0345,0.1958,0.9978,-0.12,0.21,0.41,134479,129042,124302
41701172,18.0250,-12.3550,117.7225,-0.0271,0.1863,0.9980,-0.12,0.20,0.42,134375,129085,124272
41721680,18.1475,-10.2200,116.9175,-0.0178,0.1792,0.9975,-0.12,0.20,0.42,134268,129125,124235
41741208,15.2250,-8.1375,115.7100,-0.0081,0.1737,0.9967,-0.12,0.19,0.42,134158,129132,124211
41761720,7.3150,-4.7250,113.4175,0.0051,0.1688,0.9948,-0.12,0.18,0.42,134039,129166,124184
41781248,4.3575,-2.7125,111.8425,0.0118,0.1641,0.9922,-0.12,0.17,0.42,133932,129171,124175
41801756,-2.3275,-0.5775,109.6025,0.0242,0.1606,0.9887,-0.12,0.17,0.42,133812,129179,124173
41821288,-1.2775,0.9975,107.3275,0.0356,0.1545,0.9881,-0.12,0.16,0.42,133698,129171,124175
41840820,-1.0325,2.9225,104.5625,0.0439,0.1479,0.9860,-0.12,0.15,0.42,133576,129177,124147
41861328,-6.6500,5.0575,101.4475,0.0532,0.1415,0.9820,-0.12,0.14,0.42,133441,129149,124149
41880860,-19.3200,7.8400,96.0750,0.0686,0.1341,0.9736,-0.12,0.14,0.42,133320,129121,124186
41901368,-18.6025,9.1875,92.4000,0.0793,0.1258,0.9692,-0.12,0.13,0.42,133196,129112,124193
41920896,-10.7275,10.5525,89.0225,0.0877,0.1149,0.9660,-0.12,0.12,0.42,133078,129101,124194
41941408,-3.0625,12.0925,85.5925,0.0955,0.1054,0.9629,-0.12,0.11,0.42,132932,129120,124169
41960936,1.6625,13.7725,82.0750,0.1022,0.0947,0.9610,-0.12,0.11,0.42,132807,129148,124166
41981444,1.5925,16.4675,76.1950,0.1053,0.0827,0.9595,-0.11,0.10,0.42,132683,129193,124162
42000976,-6.2650,18.3925,71.9250,0.1093,0.0686,0.9567,-0.11,0.09,0.42,132556,129204,124184
42021484,-15.1725,20.1425,67.7075,0.1120,0.0614,0.9543,-0.12,0.08,0.42,132424,129164,124203
42041016,-17.2725,21.4375,63.5950,0.1142,0.0505,0.9540,-0.12,0.07,0.42,132299,129158,124224
42061524,-14.0000,22.5050,59.6050,0.1152,0.0368,0.9548,-0.12,0.07,0.42,132158,129142,124257
42081056,-8.6450,23.4325,55.2300,0.1161,0.0205,0.9568,-0.12,0.06,0.42,132043,129155,124261
42101560,-10.2025,24.9725,47.7050,0.1176,-0.0021,0.9599,-0.12,0.05,0.41,131920,129155,124295
42121092,-13.9125,26.0400,42.3150,0.1179,-0.0163,0.9612,-0.12,0.04,0.41,131804,129135,124324
42141600,-14.9450,26.7750,36.8550,0.1180,-0.0314,0.9648,-0.12,0.04,0.41,131678,129101,124348
42161132,-11.9700,27.0375,31.2025,0.1182,-0.0444,0.9697,-0.12,0.03,0.41,131572,129102,124388
42191408,-4.1650,26.6525,21.6650,0.1197,-0.0638,0.9780,-0.12,0.02,0.41,131426,129091,124415
42210936,-0.6475,25.8125,14.8575,0.1171,-0.0798,0.9831,-0.12,0.02,0.40,131347,129093,124457
42231444,-0.5775,23.9050,4.0250,0.1116,-0.1000,0.9905,-0.12,0.01,0.40,131281,129105,124478
42250976,1.1550,21.9800,-3.0975,0.1093,-0.1097,0.9963,-0.12,0.01,0.40,131241,129100,124497
42271484,3.8850,19.7225,-10.1500,0.1057,-0.1187,1.0020,-0.12,0.01,0.40,131199,129089,124501
42291016,6.6675,17.2200,-17.1325,0.1028,-0.1252,1.0089,-0.12,0.01,0.40,131173,129085,124517
42311524,7.0000,14.5425,-23.8700,0.1015,-0.1275,1.0149,-0.12,0.01,0.40,131164,129065,124527
42331056,4.8300,10.8150,-33.4775,0.0996,-0.1283,1.0211,-0.12,0.01,0.40,131185,129061,124540
42351560,3.2375,8.7150,-39.5150,0.0960,-0.1286,1.0241,-0.13,0.01,0.40,131216,129023,124548
42371092,0.3150,6.6675,-45.3600,0.0925,-0.1279,1.0252,-0.13,0.01,0.40,131246,128970,124574
42391600,-2.3100,4.7950,-51.2225,0.0871,-0.1272,1.0259,-0.13,0.01,0.40,131294,128904,124585
42411132,-1.8550,3.1850,-57.0850,0.0810,-0.1264,1.0261,-0.14,0.02,0.40,131356,128855,124589
42431640,2.7125,1.5225,-63.1400,0.0738,-0.1266,1.0260,-0.14,0.02,0.40,131452,128820,124596
42451172,15.5925,-1.2425,-72.2225,0.0616,-0.1263,1.0259,-0.14,0.03,0.40,131540,128811,124581
42471680,18.4800,-2.6425,-78.6625,0.0522,-0.1224,1.0233,-0.14,0.03,0.40,131644,128795,124558
42491208,17.2025,-3.6400,-85.1375,0.0425,-0.1150,1.0205,-0.14,0.04,0.40,131754,128762,124549
42511720,17.6925,-4.8825,-91.6650,0.0331,-0.1054,1.0182,-0.14,0.05,0.40,131883,128734,124529
42531248,16.5025,-5.9850,-98.2275,0.0242,-0.0941,1.0143,-0.14,0.06,0.40,132031,128703,124522
42551756,14.6300,-7.5425,-107.3450,0.0165,-0.0827,1.0104,-0.15,0.07,0.40,132201,128676,124511
42571288,15.9075,-8.4700,-112.7875,0.0034,-0.0683,1.0085,-0.15,0.08,0.40,132351,128637,124507
42590820,19.7575,-9.5725,-118.1250,-0.0034,-0.0612,1.0086,-0.15,0.09,0.40,132518,128630,124490
42611328,24.2725,-10.6400,-123.1475,-0.0078,-0.0590,1.0067,-0.15,0.10,0.40,132714,128625,124463
42630860,25.5150,-11.7075,-127.3300,-0.0151,-0.0561,1.0053,-0.15,0.11,0.40,132908,128636,124446
42651368,25.0950,-12.5650,-130.5850,-0.0242,-0.0483,1.0064,-0.15,0.12,0.41,133117,128667,124411
42670896,25.8650,-13.3700,-133.3500,-0.0340,-0.0388,1.0092,-0.15,0.14,0.41,133311,128684,124396
42691408,28.3325,-14.4725,-136.6750,-0.0476,-0.0240,1.0127,-0.14,0.15,0.41,133525,128708,124375
42710936,30.2925,-15.2075,-138.5125,-0.0525,-0.0129,1.0126,-0.14,0.16,0.41,133731,128757,124337
42731444,34.0725,-16.2750,-139.8950,-0.0544,-0.0015,1.0114,-0.14,0.18,0.41,133957,128839,124318
42750976,40.8275,-17.9375,-140.7175,-0.0529,0.0095,1.0105,-0.13,0.19,0.41,134157,128965,124294
42771484,52.6750,-20.4400,-141.0500,-0.0519,0.0185,1.0092,-0.12,0.20,0.42,134391,129121,124241
42791016,76.5100,-25.5500,-140.5950,-0.0520,0.0271,1.0069,-0.11,0.22,0.42,134604,129312,124144
42811524,93.3625,-29.9075,-139.6325,-0.0515,0.0432,1.0049,-0.09,0.23,0.43,134833,129590,124074
42831056,103.0925,-34.0725,-137.9175,-0.0532,0.0608,1.0033,-0.07,0.24,0.43,135038,129892,123997
42851560,106.2250,-38.0975,-135.3625,-0.0537,0.0834,1.0024,-0.05,0.26,0.43,135260,130215,123956
42871092,107.5200,-41.7900,-131.9675,-0.0515,0.1086,1.0026,-0.03,0.27,0.44,135462,130554,123906
42891600,113.7850,-45.8500,-127.4700,-0.0511,0.1364,1.0017,-0.01,0.28,0.44,135673,130891,123852
42911132,106.3650,-50.0325,-118.6850,-0.0556,0.1928,0.9970,0.01,0.29,0.44,135860,131211,123837
42931640,85.9425,-50.8200,-111.4400,-0.0569,0.2366,0.9908,0.02,0.30,0.44,136040,131480,123862
42951172,60.3750,-49.8050,-103.7925,-0.0527,0.2774,0.9831,0.04,0.31,0.44,136200,131675,123880
42971680,41.0900,-47.3200,-96.2675,-0.0449,0.3138,0.9731,0.05,0.32,0.44,136353,131812,123901
42991208,25.8300,-44.2050,-88.2525,-0.0362,0.3499,0.9572,0.05,0.33,0.44,136481,131895,123933
43011720,0.9625,-37.9575,-75.4075,-0.0242,0.3870,0.9367,0.05,0.34,0.43,136601,131940,123975
43031248,-9.2225,-32.6725,-66.0975,-0.0048,0.4342,0.9078,0.05,0.34,0.43,136685,131958,124009
43051756,-12.1800,-26.8275,-56.0000,0.0068,0.4596,0.8919,0.05,0.35,0.43,136761,131955,124049
43071288,-8.5400,-21.0525,-44.9400,0.0140,0.4834,0.8785,0.05,0.35,0.43,136817,131970,124064
43090820,-6.8250,-15.0150,-33.2850,0.0171,0.5063,0.8657,0.05,0.35,0.43,136849,131960,124064
43111328,-9.3450,-8.8725,-21.4550,0.0183,0.5291,0.8533,0.05,0.35,0.43,136858,131944,124074
43130860,-11.6200,-3.0625,-9.4325,0.0172,0.5494,0.8425,0.05,0.35,0.43,136842,131917,124091
43151368,-12.3200,4.9175,8.1375,0.0122,0.5707,0.8330,0.05,0.35,0.43,136809,131887,124094
43170896,-18.4800,9.7650,19.1100,0.0090,0.5810,0.8298,0.04,0.35,0.43,136771,131803,124095
43201172,-33.1975,15.9250,34.7025,0.0049,0.5894,0.8290,0.03,0.34,0.43,136673,131632,124085
43221680,-40.1975,19.0575,44.6600,0.0021,0.5878,0.8324,0.03,0.34,0.43,136598,131491,124064
43241208,-42.1225,21.2100,54.3550,-0.0011,0.5819,0.8392,0.02,0.33,0.43,136526,131324,124061
43261720,-45.0800,23.0475,68.0750,-0.0085,0.5704,0.8533,0.01,0.33,0.43,136417,131168,124047
43281248,-49.1750,23.4500,76.6675,-0.0140,0.5623,0.8634,-0.01,0.32,0.43,136310,130989,124062
43301756,-51.6250,23.1000,84.5425,-0.0194,0.5520,0.8730,-0.02,0.31,0.43,136188,130804,124062
43321288,-51.9750,22.2950,91.9625,-0.0246,0.5406,0.8821,-0.03,0.31,0.43,136070,130614,124072
43340820,-51.7825,20.9650,98.9100,-0.0292,0.5275,0.8894,-0.04,0.30,0.43,135949,130426,124073
43361328,-50.4875,18.2000,107.9750,-0.0321,0.5126,0.8961,-0.05,0.29,0.43,135816,130251,124089
43380860,-45.3950,16.1525,112.9975,-0.0345,0.4818,0.9094,-0.06,0.28,0.42,135692,130093,124129
43401368,-38.8500,14.1750,117.1275,-0.0356,0.4587,0.9196,-0.07,0.27,0.42,135545,129956,124131
43420896,-33.7400,12.5475,120.5050,-0.0359,0.4365,0.9290,-0.08,0.26,0.42,135409,129838,124143
43441408,-29.7150,11.0075,123.2000,-0.0340,0.4155,0.9367,-0.08,0.26,0.42,135267,129701,124140
43460936,-26.9675,9.7300,125.1425,-0.0317,0.3969,0.9418,-0.09,0.25,0.42,135127,129596,124160
43481444,-21.9275,8.3125,127.4000,-0.0298,0.3695,0.9476,-0.09,0.24,0.42,134971,129525,124173
43500976,-17.7975,7.5775,128.5725,-0.0299,0.3510,0.9531,-0.10,0.23,0.42,134824,129474,124177
43521484,-13.2475,7.1575,129.2550,-0.0266,0.3321,0.9597,-0.10,0.22,0.42,134679,129408,124170
43541016,-8.3125,6.8950,129.5700,-0.0227,0.3145,0.9658,-0.10,0.21,0.42,134526,129370,124159
43561524,-9.4850,7.1050,129.2725,-0.0198,0.2994,0.9682,-0.11,0.20,0.42,134372,129327,124166
43581056,-11.2000,7.1400,128.9925,-0.0184,0.2860,0.9684,-0.11,0.19,0.42,134226,129301,124159
43601560,-7.8925,7.3850,128.2575,-0.0118,0.2679,0.9703,-0.11,0.18,0.42,134069,129295,124146
43621092,-3.9025,7.8400,127.6450,-0.0083,0.2561,0.9722,-0.11,0.17,0.42,133920,129287,124141
43641600,1.1725,8.4350,126.9275,-0.0059,0.2434,0.9743,-0.11,0.16,0.43,133756,129301,124107
43661132,0.6475,9.5725,125.6675,-0.0040,0.2325,0.9740,-0.11,0.15,0.43,133596,129311,124107
43681640,-6.2475,10.9550,124.0400,0.0010,0.2227,0.9726,-0.11,0.14,0.43,133440,129321,124101
43701172,-13.9125,12.1100,121.9750,0.0065,0.2148,0.9711,-0.11,0.14,0.42,133289,129308,124126
43721680,-17.7450,13.1075,118.7900,0.0137,0.2011,0.9678,-0.11,0.13,0.42,133121,129280,124116
43741208,-19.0575,13.7375,116.3225,0.0193,0.1896,0.9642,-0.11,0.12,0.42,132966,129266,124124
43761720,-16.8700,14.2975,113.5750,0.0254,0.1745,0.9632,-0.11,0.11,0.42,132802,129263,124136
43781248,-15.2950,14.9275,110.5475,0.0292,0.1582,0.9629,-0.11,0.10,0.42,132649,129263,124156
43801756,-16.6775,15.7675,107.1700,0.0307,0.1436,0.9622,-0.11,0.09,0.42,132497,129266,124171
43821288,-24.3950,17.0800,101.7800,0.0349,0.1333,0.9592,-0.11,0.08,0.42,132347,129256,124189
43840820,-24.3425,17.6225,98.1225,0.0449,0.1154,0.9554,-0.11,0.07,0.42,132186,129234,124194
43861328,-18.8300,18.1475,94.4125,0.0482,0.0971,0.9555,-0.11,0.06,0.42,132031,129239,124222
43880860,-15.1200,18.9350,90.1950,0.0500,0.0766,0.9551,-0.11,0.05,0.42,131892,129258,124249
43901368,-12.2850,19.6000,85.6100,0.0512,0.0551,0.9567,-0.11,0.04,0.41,131747,129289,124273
43920896,-9.9575,20.2475,80.7625,0.0528,0.0343,0.9612,-0.11,0.03,0.41,131604,129309,124286
43941408,-12.3025,20.6150,72.0650,0.0549,0.0078,0.9653,-0.11,0.02,0.41,131458,129313,124312
43960936,-12.0225,20.3875,64.7150,0.0598,-0.0072,0.9662,-0.11,0.02,0.41,131343,129326,124318
43981444,-10.4300,19.7750,56.4025,0.0656,-0.0222,0.9675,-0.11,0.01,0.41,131230,129345,124353
44000976,-8.8725,18.6025,47.1975,0.0686,-0.0400,0.9714,-0.10,0.00,0.41,131143,129369,124364
44021484,-3.9725,16.7825,37.3625,0.0687,-0.0623,0.9782,-0.10,-0.00,0.41,131057,129395,124389
44041016,5.1275,14.3675,27.3175,0.0669,-0.0863,0.9861,-0.10,-0.00,0.41,130997,129431,124363
44061524,20.1600,10.0800,12.0225,0.0642,-0.1157,0.9980,-0.10,-0.01,0.41,130954,129498,124359
44081056,24.1850,7.3500,1.9950,0.0631,-0.1252,1.0045,-0.09,-0.01,0.41,130940,129563,124354
44101560,24.6575,4.5500,-7.5075,0.0620,-0.1296,1.0106,-0.09,-0.01,0.41,130939,129610,124342
44121092,24.0100,1.7500,-15.9775,0.0620,-0.1312,1.0180,-0.09,-0.01,0.41,130950,129645,124328
44141600,21.5600,-0.7175,-23.8350,0.0630,-0.1292,1.0257,-0.09,-0.01,0.41,130972,129646,124308
44161132,16.2225,-2.7650,-31.2200,0.0634,-0.1261,1.0321,-0.09,-0.00,0.41,131008,129648,124295
44201172,-4.7775,-5.2150,-47.9325,0.0656,-0.1142,1.0411,-0.09,0.00,0.41,131138,129543,124321
44220704,-7.4900,-5.7400,-54.0050,0.0669,-0.1107,1.0424,-0.10,0.01,0.41,131209,129476,124320
44240232,-8.9775,-6.0375,-59.9550,0.0661,-0.1083,1.0414,-0.10,0.01,0.41,131276,129384,124321
44260744,-12.6175,-6.1775,-65.6075,0.0643,-0.1057,1.0387,-0.11,0.02,0.41,131360,129277,124331
44280272,-18.6900,-5.8450,-71.2600,0.0617,-0.1003,1.0357,-0.12,0.02,0.41,131461,129172,124377
44299804,-24.4475,-5.2675,-79.5025,0.0598,-0.0947,1.0311,-0.12,0.03,0.41,131569,129056,124412
44320312,-20.1600,-4.9700,-84.5600,0.0551,-0.0937,1.0275,-0.13,0.04,0.40,131682,128940,124441
44339844,-11.8475,-4.8125,-89.6000,0.0493,-0.0958,1.0242,-0.14,0.04,0.40,131798,128851,124451
44360352,-3.8500,-4.4975,-94.5000,0.0425,-0.0971,1.0211,-0.14,0.05,0.40,131928,128772,124450
44379880,3.8500,-4.4975,-99.4875,0.0370,-0.0946,1.0185,-0.14,0.06,0.40,132060,128734,124458
44400392,12.0750,-4.6025,-104.5800,0.0339,-0.0869,1.0152,-0.14,0.07,0.40,132221,128715,124465
44419920,22.1200,-5.3550,-111.8950,0.0311,-0.0758,1.0072,-0.14,0.08,0.40,132363,128715,124442
44440428,26.4425,-6.1250,-116.5150,0.0261,-0.0706,1.0043,-0.14,0.09,0.41,132527,128713,124405
44459960,31.9025,-7.4025,-120.6625,0.0185,-0.0630,1.0044,-0.14,0.10,0.41,132689,128737,124374
44480468,33.1100,-8.3300,-124.6175,0.0106,-0.0517,1.0048,-0.14,0.11,0.41,132872,128777,124353
44500000,29.1025,-9.1175,-128.5725,0.0040,-0.0370,1.0044,-0.14,0.12,0.41,133054,128793,124342
44520508,19.3550,-9.8175,-133.5250,-0.0009,-0.0207,1.0041,-0.14,0.13,0.41,133249,128790,124333
44540040,15.9600,-10.2375,-136.3250,-0.0057,0.0007,1.0053,-0.14,0.14,0.41,133435,128783,124324
44560544,17.7275,-10.9025,-138.7575,-0.0088,0.0115,1.0060,-0.14,0.16,0.41,133636,128809,124306
44580080,23.2925,-12.1275,-140.6300,-0.0118,0.0210,1.0058,-0.14,0.17,0.41,133833,128855,124310
44600584,29.2600,-13.5975,-142.2225,-0.0145,0.0289,1.0074,-0.13,0.18,0.41,134050,128931,124297
44620116,30.8175,-14.9450,-143.3950,-0.0172,0.0370,1.0097,-0.13,0.19,0.42,134257,128993,124265
44640624,29.6975,-16.9225,-144.3050,-0.0198,0.0500,1.0120,-0.12,0.21,0.42,134462,129079,124236
44660156,32.0425,-18.3750,-144.0250,-0.0227,0.0600,1.0109,-0.12,0.22,0.42,134670,129161,124207
44680664,34.8250,-20.0025,-143.0975,-0.0273,0.0708,1.0078,-0.11,0.23,0.42,134880,129285,124203
44700196,39.0600,-21.6300,-141.5225,-0.0325,0.0803,1.0055,-0.10,0.24,0.42,135086,129429,124171
44720704,48.4050,-23.6600,-139.0200,-0.0346,0.0874,1.0055,-0.09,0.26,0.42,135281,129609,124154
44740232,57.2775,-25.7250,-135.6950,-0.0371,0.0974,1.0050,-0.08,0.27,0.42,135472,129794,124112
44760744,55.9825,-27.9650,-129.6750,-0.0390,0.1203,0.9980,-0.07,0.28,0.43,135667,129977,124083
44780272,44.6250,-28.0700,-125.4400,-0.0392,0.1352,0.9892,-0.06,0.29,0.43,135831,130147,124077
44799804,37.6250,-27.4575,-120.6450,-0.0383,0.1535,0.9814,-0.05,0.30,0.43,135991,130292,124098
44820312,32.3050,-26.3025,-114.9400,-0.0365,0.1745,0.9740,-0.04,0.31,0.43,136145,130429,124090
44839844,28.4725,-24.5000,-108.5350,-0.0304,0.1954,0.9693,-0.03,0.32,0.43,136282,130560,124093
44860352,31.5875,-22.7150,-100.9575,-0.0271,0.2184,0.9637,-0.02,0.33,0.43,136404,130666,124087
44879880,25.6200,-18.2350,-88.4450,-0.0237,0.2597,0.9540,-0.02,0.33,0.43,136485,130790,124107
44900392,18.6200,-14.3675,-79.0125,-0.0192,0.2887,0.9489,-0.01,0.34,0.42,136566,130883,124126
44919920,10.7100,-10.3950,-68.8100,-0.0166,0.3193,0.9433,-0.01,0.34,0.42,136621,130930,124137
44940428,1.3125,-5.8450,-57.9425,-0.0185,0.3520,0.9343,-0.01,0.34,0.42,136663,130964,124139
44959960,6.0900,-2.2750,-45.7450,-0.0171,0.3855,0.9293,-0.00,0.34,0.42,136678,131018,124131
44980468,11.1475,2.8525,-25.7950,-0.0182,0.4174,0.9248,-0.00,0.34,0.42,136674,131064,124144
45000000,5.3550,6.0900,-12.6350,-0.0171,0.4606,0.9199,-0.00,0.34,0.42,136644,131062,124141
45020508,-0.7875,8.9425,0.5250,-0.0173,0.4856,0.9193,-0.00,0.34,0.42,136610,131069,124124
45040040,-6.3525,11.0250,13.5975,-0.0192,0.5068,0.9200,-0.00,0.34,0.43,136572,131027,124106
45060544,-14.0000,12.6525,26.0050,-0.0212,0.5209,0.9232,-0.01,0.33,0.43,136517,130963,124091
45080080,-20.7025,13.6325,37.9050,-0.0224,0.5280,0.9282,-0.01,0.33,0.42,136445,130871,124110
45100584,-30.0300,13.8425,54.2325,-0.0254,0.5285,0.9359,-0.02,0.32,0.43,136360,130763,124098
45120116,-31.8675,13.2475,64.2775,-0.0300,0.5220,0.9420,-0.03,0.32,0.42,136271,130660,124116
45140624,-30.4675,12.1100,73.9200,-0.0354,0.5124,0.9477,-0.03,0.31,0.42,136184,130526,124109
45160156,-28.6825,10.7100,82.6875,-0.0388,0.4996,0.9517,-0.04,0.31,0.43,136099,130404,124105
45180664,-28.7175,9.2575,90.5975,-0.0407,0.4831,0.9551,-0.05,0.30,0.42,135992,130288,124131
45210936,-29.7500,5.6175,103.6175,-0.0409,0.4468,0.9612,-0.06,0.29,0.42,135836,130094,124133
45231444,-26.4250,3.4300,108.9550,-0.0418,0.4293,0.9632,-0.07,0.28,0.42,135722,129980,124155
45250976,-21.0000,1.3475,113.7850,-0.0461,0.4121,0.9645,-0.07,0.28,0.42,135628,129903,124159
45271484,-12.1625,-0.4900,118.1075,-0.0506,0.3970,0.9651,-0.08,0.27,0.42,135518,129839,124141
45291016,-2.6425,-1.9075,122.2550,-0.0515,0.3823,0.9653,-0.08,0.26,0.42,135408,129785,124134
45311524,-0.4550,-2.4675,127.0325,-0.0493,0.3688,0.9645,-0.08,0.26,0.42,135292,129751,124129
45331056,-4.5500,-2.7475,129.4825,-0.0490,0.3482,0.9643,-0.08,0.25,0.42,135182,129696,124144
45351560,-9.6425,-2.7300,131.6875,-0.0494,0.3373,0.9655,-0.09,0.24,0.42,135060,129651,124138
45371092,-13.8775,-2.6250,133.3675,-0.0483,0.3277,0.9684,-0.09,0.24,0.42,134938,129566,124142
45391600,-18.0775,-2.7125,134.5750,-0.0462,0.3178,0.9697,-0.10,0.23,0.42,134815,129489,124126
45411132,-22.1900,-2.8700,134.9950,-0.0404,0.3063,0.9699,-0.10,0.22,0.42,134685,129395,124140
45431640,-25.8300,-2.7475,135.0300,-0.0336,0.2888,0.9678,-0.11,0.21,0.42,134549,129329,124156
45451172,-24.5700,-2.6600,134.7325,-0.0290,0.2750,0.9682,-0.11,0.20,0.42,134425,129269,124193
45471680,-17.6050,-2.4500,134.3125,-0.0251,0.2596,0.9719,-0.11,0.20,0.42,134287,129208,124176
45491208,-15.7150,-1.5575,133.3850,-0.0224,0.2455,0.9753,-0.12,0.19,0.42,134142,129162,124190
45511720,-16.7650,-0.5600,131.8625,-0.0178,0.2335,0.9771,-0.12,0.18,0.42,134002,129124,124182
45531248,-17.8850,0.3500,129.7975,-0.0126,0.2223,0.9765,-0.12,0.17,0.42,133863,129080,124193
45551756,-13.8425,1.7500,125.9300,0.0024,0.2029,0.9734,-0.12,0.16,0.42,133716,129080,124196
45571288,-2.9750,2.6775,123.1125,0.0142,0.1862,0.9722,-0.12,0.15,0.42,133570,129091,124179
45590820,11.3750,4.0950,120.1725,0.0210,0.1695,0.9717,-0.12,0.14,0.42,133430,129148,124148
45611328,20.5275,6.1425,117.0050,0.0295,0.1564,0.9704,-0.11,0.13,0.42,133275,129218,124109
45630860,21.9625,8.7500,113.6450,0.0399,0.1475,0.9681,-0.11,0.13,0.43,133142,129301,124081
45651368,16.7475,11.3925,110.2500,0.0493,0.1404,0.9651,-0.10,0.12,0.43,132994,129365,124091
45670896,-0.0175,14.8925,104.9825,0.0598,0.1301,0.9617,-0.10,0.11,0.43,132851,129395,124064
45691408,-8.7850,16.5025,100.9750,0.0666,0.1183,0.9601,-0.10,0.10,0.43,132692,129389,124064
45710936,-7.6125,17.4825,96.9850,0.0730,0.1011,0.9598,-0.10,0.09,0.43,132542,129414,124045
45731444,-1.1025,18.2700,92.9775,0.0767,0.0837,0.9598,-0.10,0.08,0.43,132398,129463,124064
45750976,0.8750,19.2150,88.9350,0.0799,0.0723,0.9598,-0.10,0.07,0.43,132270,129510,124091
45771484,-4.4800,20.3525,82.6000,0.0848,0.0658,0.9594,-0.09,0.06,0.43,132118,129523,124081
45791016,-7.6825,21.4725,78.4700,0.0922,0.0533,0.9600,-0.09,0.06,0.43,131979,129543,124087
45811524,-6.6325,21.7000,73.8500,0.0975,0.0420,0.9598,-0.09,0.05,0.43,131834,129565,124097
45831056,-4.7425,21.8925,68.8975,0.1008,0.0279,0.9604,-0.09,0.04,0.42,131722,129598,124113
45851560,-2.6425,21.9975,63.8050,0.1036,0.0133,0.9625,-0.09,0.03,0.42,131601,129626,124131
45871092,-3.4825,21.9450,58.0300,0.1058,-0.0002,0.9637,-0.09,0.03,0.42,131490,129652,124147
45891600,-4.8650,21.2450,49.1225,0.1130,-0.0146,0.9673,-0.09,0.02,0.42,131362,129670,124154
45911132,-6.5275,20.5100,42.5600,0.1163,-0.0249,0.9711,-0.09,0.01,0.42,131275,129672,124170
45931640,-8.3475,19.3550,35.2625,0.1176,-0.0377,0.9760,-0.08,0.01,0.42,131192,129683,124208
45951172,-7.6650,17.9375,27.0900,0.1177,-0.0539,0.9828,-0.08,0.00,0.42,131125,129684,124217
45971680,-2.6600,15.9075,18.6025,0.1152,-0.0723,0.9922,-0.08,-0.00,0.42,131059,129697,124231
45991208,1.6100,14.0350,9.9925,0.1089,-0.0898,1.0008,-0.08,-0.00,0.42,131020,129695,124234
46011720,9.3975,10.3950,-2.1700,0.1037,-0.1081,1.0124,-0.08,-0.00,0.42,130994,129712,124235
46031248,10.8150,7.9275,-9.7475,0.1002,-0.1152,1.0187,-0.08,-0.01,0.42,130976,129734,124240
46051756,9.8525,5.4250,-16.9050,0.0971,-0.1197,1.0247,-0.08,-0.00,0.42,130997,129738,124240
46071288,6.9300,3.0975,-24.0100,0.0952,-0.1219,1.0307,-0.08,-0.00,0.42,131000,129720,124245
46090820,5.4775,0.9275,-30.9225,0.0947,-0.1235,1.0359,-0.08,-0.00,0.42,131029,129701,124239
46111328,8.7150,-1.2250,-37.6775,0.0954,-0.1253,1.0408,-0.08,-0.00,0.42,131065,129692,124227
46130860,15.6450,-4.4275,-47.0400,0.0974,-0.1242,1.0459,-0.08,0.00,0.42,131127,129697,124218
46151368,14.7000,-6.3875,-53.1475,0.0978,-0.1196,1.0472,-0.08,0.01,0.42,131207,129686,124227
46170896,7.9800,-7.9275,-59.2550,0.0975,-0.1136,1.0471,-0.09,0.01,0.42,131280,129642,124204
46191408,1.5050,-9.1875,-65.2750,0.0955,-0.1069,1.0458,-0.09,0.02,0.42,131369,129577,124214
46221680,-2.0650,-10.9025,-74.4100,0.0906,-0.0993,1.0424,-0.10,0.03,0.42,131535,129485,124209
46241208,-0.4725,-12.3725,-83.5625,0.0826,-0.0938,1.0358,-0.10,0.04,0.42,131648,129411,124220
46261720,1.7850,-13.2300,-89.4950,0.0769,-0.0898,1.0314,-0.10,0.04,0.42,131771,129358,124204
46281248,4.7425,-13.9825,-95.5675,0.0725,-0.0839,1.0264,-0.11,0.05,0.42,131918,129298,124199
46301756,6.3525,-14.4900,-101.5350,0.0672,-0.0778,1.0203,-0.11,0.06,0.42,132074,129264,124212
46321288,9.1175,-14.9275,-106.8375,0.0625,-0.0699,1.0155,-0.11,0.07,0.42,132226,129227,124206
46340820,11.7950,-15.3300,-111.6325,0.0575,-0.0610,1.0126,-0.12,0.08,0.42,132380,129187,124180
46361328,9.3450,-15.3475,-118.7725,0.0459,-0.0420,1.0086,-0.12,0.09,0.42,132549,129145,124178
46380860,3.9025,-14.8225,-123.5850,0.0412,-0.0265,1.0039,-0.12,0.10,0.42,132721,129098,124195
46401368,0.4725,-14.0175,-128.1000,0.0379,-0.0151,0.9993,-0.12,0.11,0.42,132916,129047,124205
46420896,0.8400,-13.1075,-131.9325,0.0331,-0.0071,0.9977,-0.13,0.12,0.42,133095,129003,124210
46441408,5.5825,-12.5300,-135.1875,0.0246,0.0000,0.9993,-0.13,0.13,0.42,133283,128968,124199
46460936,9.0475,-11.9525,-138.2675,0.0138,0.0098,0.9992,-0.13,0.15,0.42,133470,128963,124229
46481444,9.7650,-11.3925,-142.7475,0.0020,0.0311,0.9942,-0.13,0.16,0.42,133673,128958,124233
46500976,13.1425,-11.1300,-145.4075,-0.0017,0.0442,0.9915,-0.13,0.17,0.42,133869,128986,124225
46521484,23.4150,-11.7075,-147.5425,-0.0060,0.0542,0.9904,-0.12,0.18,0.42,134073,129055,124187
46541016,37.2050,-13.0725,-149.3100,-0.0098,0.0617,0.9909,-0.12,0.20,0.42,134276,129154,124166
46561524,43.3650,-14.6125,-150.5350,-0.0127,0.0717,0.9921,-0.11,0.21,0.42,134472,129255,124120
46581056,37.9925,-15.8025,-151.3050,-0.0139,0.0856,0.9923,-0.10,0.22,0.42,134675,129368,124120
46601560,30.6425,-17.0800,-150.6050,-0.0159,0.1127,0.9938,-0.10,0.23,0.43,134881,129478,124104
46621092,31.1150,-17.9025,-148.9950,-0.0127,0.1327,0.9966,-0.09,0.24,0.43,135068,129588,124095
46641600,37.4675,-19.2850,-146.0725,-0.0059,0.1515,0.9995,-0.08,0.26,0.43,135265,129742,124045
46661132,47.1625,-21.1225,-141.9425,0.0000,0.1684,1.0009,-0.07,0.27,0.43,135449,129919,124024
46681640,54.6875,-23.1700,-137.2875,0.0040,0.1829,0.9994,-0.06,0.28,0.43,135623,130135,124006
46701172,57.0850,-25.7250,-129.5000,0.0082,0.2007,0.9928,-0.05,0.29,0.43,135786,130334,124009
46721680,51.9400,-26.6350,-123.5675,0.0089,0.2131,0.9862,-0.03,0.30,0.43,135940,130520,123989
46741208,41.7375,-26.3900,-117.0925,0.0099,0.2264,0.9786,-0.02,0.31,0.43,136084,130682,123985
46761720,30.8175,-25.2175,-110.1625,0.0133,0.2408,0.9701,-0.02,0.31,0.43,136215,130796,123992
46781248,18.8650,-23.2575,-103.1275,0.0198,0.2564,0.9594,-0.01,0.32,0.43,136323,130890,124012
46801756,7.0350,-20.7375,-96.2500,0.0243,0.2744,0.9466,-0.01,0.33,0.43,136424,130953,124042
46821288,-3.0625,-16.1350,-85.6100,0.0242,0.3006,0.9287,-0.01,0.33,0.43,136509,130990,124061
46840820,-4.6550,-12.9850,-77.8225,0.0221,0.3149,0.9213,-0.00,0.34,0.43,136571,131009,124049
46861328,-8.5050,-9.5725,-69.5800,0.0190,0.3296,0.9168,-0.00,0.34,0.43,136627,131027,124078
46880860,-12.6350,-6.2125,-60.8300,0.0144,0.3467,0.9144,-0.00,0.34,0.43,136659,131019,124106
46901368,-15.1550,-2.8175,-51.6775,0.0073,0.3636,0.9132,-0.00,0.34,0.42,136686,131021,124124
46920896,-11.1475,-0.2800,-41.7375,-0.0009,0.3830,0.9140,-0.00,0.34,0.42,136696,131015,124140
46941408,-10.3250,2.9225,-26.0575,-0.0162,0.4143,0.9138,-0.00,0.34,0.42,136704,131003,124125
46960936,-17.7100,4.7950,-15.4175,-0.0260,0.4355,0.9138,-0.01,0.34,0.42,136689,130939,124128
46981444,-25.9175,6.2650,-4.7425,-0.0342,0.4536,0.9155,-0.01,0.34,0.42,136664,130866,124132
47000976,-24.9725,6.7550,6.0550,-0.0409,0.4648,0.9211,-0.02,0.34,0.42,136638,130825,124155
47021484,-18.3925,6.7900,16.8525,-0.0449,0.4699,0.9298,-0.02,0.34,0.42,136600,130760,124162
47041016,-14.2800,6.5800,32.6375,-0.0461,0.4718,0.9396,-0.02,0.34,0.42,136563,130686,124141
47061524,-21.7350,6.1250,42.7000,-0.0447,0.4692,0.9544,-0.03,0.33,0.42,136508,130591,124154
47081056,-28.5250,5.5125,52.3250,-0.0449,0.4636,0.9655,-0.04,0.33,0.42,136450,130493,124157
47101560,-31.9200,4.2350,61.7225,-0.0471,0.4559,0.9761,-0.04,0.32,0.42,136381,130372,124183
47121092,-31.6050,2.3800,70.8575,-0.0510,0.4468,0.9834,-0.05,0.32,0.42,136315,130250,124207
47141600,-25.0075,0.1225,79.8000,-0.0542,0.4349,0.9882,-0.06,0.32,0.42,136250,130133,124217
47161132,-11.7425,-2.9925,91.9450,-0.0545,0.4102,0.9923,-0.06,0.31,0.42,136174,130060,124190
47181640,-7.7350,-4.8125,99.0850,-0.0542,0.3950,0.9926,-0.07,0.31,0.42,136089,129990,124217
47201172,-8.3650,-6.1425,105.6475,-0.0537,0.3836,0.9906,-0.07,0.30,0.42,136013,129918,124228
47231444,-10.4650,-8.1900,114.3975,-0.0501,0.3676,0.9880,-0.08,0.29,0.42,135883,129771,124228
47250976,-11.6375,-9.1875,119.3325,-0.0475,0.3549,0.9875,-0.08,0.29,0.42,135792,129703,124236
47271484,-12.1975,-10.4300,125.7725,-0.0444,0.3335,0.9882,-0.09,0.28,0.42,135691,129609,124240
47291016,-12.9150,-10.9725,129.5525,-0.0436,0.3235,0.9873,-0.09,0.28,0.42,135590,129528,124249
47311524,-14.4550,-11.3750,132.8425,-0.0417,0.3177,0.9842,-0.10,0.27,0.42,135489,129419,124254
47331056,-12.5300,-11.7950,135.7475,-0.0368,0.3104,0.9804,-0.11,0.26,0.42,135376,129349,124262
47351560,-7.6125,-11.7950,137.9000,-0.0303,0.2993,0.9777,-0.11,0.26,0.42,135250,129303,124265
47371092,-0.2800,-11.6375,139.6150,-0.0232,0.2854,0.9782,-0.11,0.25,0.42,135138,129267,124250
47391600,2.8350,-10.1675,141.1550,-0.0133,0.2672,0.9784,-0.11,0.24,0.42,134998,129232,124223
47411132,3.5875,-8.7325,141.8025,-0.0051,0.2568,0.9783,-0.11,0.23,0.42,134876,129200,124213
47431640,7.1750,-7.2450,142.0825,0.0024,0.2472,0.9778,-0.11,0.22,0.42,134736,129199,124191
47451172,11.8475,-5.2500,141.9250,0.0107,0.2379,0.9776,-0.11,0.22,0.42,134600,129224,124181
47471680,14.2100,-3.1150,141.3125,0.0182,0.2303,0.9762,-0.11,0.21,0.42,134445,129247,124149
47491208,16.5725,-0.4375,140.5600,0.0259,0.2236,0.9749,-0.11,0.20,0.43,134299,129281,124096
47511720,28.4200,3.8150,138.8100,0.0351,0.2113,0.9747,-0.10,0.19,0.43,134135,129358,124050
47531248,36.8550,6.9825,137.2525,0.0415,0.2024,0.9754,-0.10,0.18,0.43,133975,129469,123993
47551756,38.7975,10.4475,134.9600,0.0453,0.1959,0.9745,-0.09,0.17,0.43,133808,129582,123960
47571288,27.2125,14.2625,131.7925,0.0515,0.1929,0.9695,-0.09,0.16,0.44,133654,129645,123932
47590820,15.4525,17.2550,128.4325,0.0622,0.1884,0.9654,-0.08,0.15,0.44,133490,129689,123898
47611328,11.6375,19.7925,124.7575,0.0698,0.1793,0.9638,-0.08,0.14,0.44,133311,129737,123866
47630860,5.7050,23.2925,118.7725,0.0760,0.1646,0.9588,-0.08,0.13,0.44,133140,129778,123867
47651368,0.8750,25.3400,114.7125,0.0819,0.1574,0.9565,-0.08,0.12,0.44,132969,129807,123874
47670896,-2.8350,27.1600,110.3025,0.0891,0.1509,0.9545,-0.08,0.11,0.44,132798,129830,123893
47691408,-5.3725,28.8750,106.1200,0.0967,0.1438,0.9523,-0.08,0.09,0.44,132611,129841,123876
47710936,-5.7925,30.5025,101.8850,0.1055,0.1322,0.9496,-0.07,0.08,0.44,132432,129872,123890
47731444,-10.9725,32.7775,94.6575,0.1154,0.1077,0.9486,-0.07,0.07,0.44,132259,129876,123908
47750976,-23.1350,34.3000,89.0050,0.1159,0.0939,0.9494,-0.07,0.06,0.44,132093,129854,123942
47771484,-37.2050,35.1575,82.9675,0.1191,0.0824,0.9506,-0.08,0.05,0.43,131920,129782,124008
47791016,-47.1275,35.2275,76.7900,0.1249,0.0693,0.9526,-0.08,0.04,0.43,131752,129688,124058
47811524,-47.8275,34.6850,70.1575,0.1304,0.0503,0.9557,-0.09,0.03,0.42,131585,129611,124112
47831056,-38.4650,33.3550,62.7550,0.1319,0.0244,0.9612,-0.09,0.02,0.42,131447,129574,124173
47851560,-25.1125,30.3800,47.6700,0.1316,-0.0106,0.9682,-0.09,0.02,0.42,131325,129542,124223
47871092,-16.1350,27.1250,31.5350,0.1359,-0.0298,0.9700,-0.09,0.01,0.42,131222,129528,124260
47891600,-6.5100,23.2750,14.8750,0.1369,-0.0597,0.9727,-0.10,0.00,0.41,131148,129504,124278
47911132,1.9600,19.3900,2.2225,0.1312,-0.0893,0.9800,-0.10,0.00,0.41,131094,129501,124292
47931640,-3.2200,16.7475,-8.0150,0.1247,-0.1026,0.9909,-0.10,-0.00,0.41,131069,129453,124303
47951172,-11.2175,14.9275,-16.5900,0.1190,-0.1109,1.0028,-0.10,-0.00,0.41,131061,129412,124341
47971680,-4.2175,12.4075,-26.4600,0.1113,-0.1305,1.0207,-0.10,-0.00,0.41,131049,129383,124353
47991208,5.4600,10.7975,-31.6575,0.1100,-0.1403,1.0315,-0.10,-0.00,0.41,131055,129360,124360
48011720,7.8750,9.3275,-36.8200,0.1115,-0.1424,1.0394,-0.11,-0.00,0.41,131068,129331,124364
48031248,4.6900,8.1550,-42.2625,0.1121,-0.1413,1.0438,-0.11,0.00,0.41,131099,129300,124376
48051756,-0.2800,7.0000,-47.8275,0.1098,-0.1410,1.0449,-0.11,0.00,0.41,131145,129265,124388
48071288,-0.7700,5.7925,-53.1300,0.1065,-0.1423,1.0451,-0.11,0.01,0.41,131192,129212,124395
48090820,9.7825,3.0275,-60.6375,0.1015,-0.1451,1.0440,-0.11,0.01,0.41,131251,129189,124396
48111328,13.7550,1.2075,-65.6250,0.0994,-0.1436,1.0411,-0.12,0.01,0.41,131315,129152,124390
48130860,7.9800,-0.0700,-71.0500,0.0955,-0.1403,1.0353,-0.12,0.02,0.41,131404,129107,124389
48151368,-0.3325,-1.0325,-76.6325,0.0881,-0.1375,1.0275,-0.12,0.03,0.41,131511,129047,124405
48170896,-4.5150,-1.9600,-82.2150,0.0793,-0.1338,1.0208,-0.13,0.03,0.41,131608,128964,124425
48191408,-0.7875,-3.4125,-91.0700,0.0723,-0.1249,1.0126,-0.13,0.04,0.41,131728,128893,124422
48210936,7.5075,-4.7950,-96.4950,0.0687,-0.1238,1.0069,-0.14,0.05,0.41,131857,128844,124405
48241208,25.9525,-7.6650,-103.2850,0.0587,-0.1226,1.0058,-0.14,0.06,0.41,132078,128847,124383
48261720,28.0700,-9.5200,-107.6425,0.0497,-0.1130,1.0070,-0.14,0.07,0.41,132234,128840,124348
48281248,18.8650,-10.8150,-112.3850,0.0425,-0.0956,1.0065,-0.14,0.08,0.41,132402,128805,124347
48301756,6.1775,-11.9175,-119.3675,0.0379,-0.0722,1.0050,-0.14,0.09,0.41,132584,128766,124362
48321288,4.6550,-12.5650,-123.4275,0.0322,-0.0642,1.0047,-0.14,0.10,0.41,132765,128734,124370
48340820,10.1675,-13.5975,-126.9275,0.0223,-0.0580,1.0067,-0.14,0.11,0.41,132951,128710,124347
48361328,17.4125,-14.7875,-130.3225,0.0105,-0.0500,1.0075,-0.14,0.13,0.41,133159,128706,124323
48380860,22.3825,-15.8025,-133.5600,-0.0007,-0.0399,1.0049,-0.14,0.14,0.41,133365,128736,124302
48401368,26.4950,-16.8875,-136.8675,-0.0116,-0.0283,1.0006,-0.14,0.15,0.41,133590,128791,124282
48420896,29.9075,-17.7275,-139.9650,-0.0221,-0.0146,0.9953,-0.14,0.17,0.42,133808,128851,124269
48441408,32.2525,-18.9875,-144.2350,-0.0331,0.0082,0.9887,-0.13,0.18,0.42,134040,128905,124224
48460936,32.9350,-19.5475,-147.0525,-0.0411,0.0223,0.9865,-0.13,0.19,0.42,134248,128982,124199
48481444,29.5925,-19.4775,-149.9225,-0.0488,0.0373,0.9836,-0.12,0.21,0.42,134481,129058,124201
48500976,21.3150,-18.6200,-152.6525,-0.0539,0.0532,0.9806,-0.12,0.22,0.42,134708,129118,124200
48521484,10.8850,-16.8175,-154.8750,-0.0558,0.0700,0.9804,-0.12,0.24,0.42,134929,129162,124221
48541016,0.9625,-13.7025,-156.4325,-0.0523,0.0930,0.9853,-0.11,0.25,0.42,135135,129194,124215
48561524,7.9800,-12.1275,-155.6100,-0.0450,0.1031,0.9928,-0.11,0.26,0.42,135346,129264,124215
48581056,23.6250,-11.7600,-153.3175,-0.0411,0.1069,1.0019,-0.10,0.27,0.42,135533,129405,124194
48601560,37.7650,-11.9875,-149.9750,-0.0361,0.1086,1.0117,-0.09,0.28,0.42,135718,129589,124180
48621092,44.3625,-13.0550,-145.7225,-0.0373,0.1172,1.0125,-0.08,0.29,0.42,135893,129741,124168
48641600,27.6850,-12.1975,-141.4350,-0.0290,0.1318,1.0070,-0.07,0.30,0.42,136054,129857,124160
48661132,8.3300,-10.6400,-132.4925,-0.0061,0.1554,1.0028,-0.07,0.31,0.42,136208,129936,124165
48681640,0.4375,-9.2750,-124.5650,0.0007,0.1685,1.0027,-0.06,0.32,0.42,136327,130019,124182
48701172,-0.3500,-7.9275,-115.0450,0.0068,0.1861,1.0035,-0.06,0.33,0.42,136435,130091,124212
48721680,1.8900,-6.7025,-104.5975,0.0128,0.2086,1.0011,-0.06,0.33,0.42,136528,130158,124231
48741208,3.1850,-5.4600,-93.2750,0.0167,0.2340,0.9954,-0.05,0.34,0.42,136602,130219,124214
48761720,12.3900,-4.1825,-74.7600,0.0159,0.2740,0.9884,-0.05,0.34,0.42,136672,130303,124226
48781248,19.9150,-3.4650,-61.2675,0.0128,0.3013,0.9861,-0.04,0.34,0.42,136717,130403,124220
48801756,15.1375,-2.2400,-48.2650,0.0073,0.3287,0.9806,-0.04,0.35,0.42,136743,130460,124226
48821288,6.4050,-0.6125,-35.2100,0.0005,0.3572,0.9764,-0.03,0.35,0.42,136760,130503,124225
48840820,3.4475,0.7875,-22.0500,-0.0043,0.3815,0.9726,-0.03,0.35,0.42,136770,130515,124214
48861328,2.3100,1.4875,-9.0475,-0.0100,0.4000,0.9682,-0.03,0.35,0.42,136751,130516,124208
48880860,-0.3150,2.1525,3.4650,-0.0153,0.4135,0.9655,-0.03,0.35,0.42,136731,130505,124207
48901368,-5.6700,2.5025,21.5075,-0.0217,0.4241,0.9653,-0.04,0.34,0.42,136692,130481,124212
48920896,-9.1000,2.3450,32.7600,-0.0239,0.4241,0.9661,-0.04,0.34,0.42,136654,130421,124233
48941408,-12.1625,2.0825,43.1725,-0.0250,0.4183,0.9687,-0.04,0.34,0.42,136610,130349,124210
48960936,-17.7100,1.7150,52.7100,-0.0260,0.4103,0.9732,-0.05,0.33,0.42,136551,130249,124227
48981444,-25.3225,0.9625,61.6350,-0.0283,0.4028,0.9778,-0.06,0.33,0.42,136490,130132,124252
49000976,-27.9825,-0.9975,74.2175,-0.0377,0.3906,0.9842,-0.06,0.33,0.42,136418,130034,124271
49021484,-22.6975,-2.6075,82.0575,-0.0440,0.3799,0.9873,-0.07,0.32,0.41,136344,129912,124293
49041016,-20.0725,-3.8675,89.0050,-0.0490,0.3691,0.9881,-0.08,0.32,0.41,136267,129806,124299
49061524,-22.5225,-4.9700,95.1650,-0.0532,0.3588,0.9873,-0.09,0.31,0.41,136188,129667,124312
49081056,-26.6525,-6.0375,100.7300,-0.0566,0.3467,0.9870,-0.09,0.31,0.41,136097,129551,124334
49101560,-28.7525,-7.1925,105.6475,-0.0575,0.3326,0.9876,-0.10,0.30,0.41,135995,129435,124374
49121092,-22.1725,-9.0475,111.9475,-0.0555,0.3062,0.9911,-0.11,0.29,0.41,135903,129320,124389
49141600,-17.3775,-9.8700,115.2550,-0.0540,0.2896,0.9938,-0.11,0.29,0.41,135799,129213,124380
49161132,-14.1400,-10.3775,118.0550,-0.0525,0.2735,0.9970,-0.12,0.28,0.41,135687,129122,124398
49181640,-10.0100,-10.4650,120.5750,-0.0493,0.2560,1.0009,-0.12,0.27,0.41,135564,129062,124399
49201172,-5.3200,-10.3600,122.6575,-0.0447,0.2403,1.0036,-0.13,0.27,0.41,135446,129006,124399
49221680,3.3425,-9.7475,125.4400,-0.0344,0.2240,1.0002,-0.13,0.26,0.41,135319,128980,124397
49251952,14.0175,-8.3650,127.3300,-0.0220,0.2094,0.9937,-0.13,0.25,0.41,135112,128979,124351
49272460,20.8600,-6.9475,128.1875,-0.0145,0.1970,0.9911,-0.13,0.24,0.41,134973,129022,124310
49291992,31.3075,-5.0575,128.9050,-0.0072,0.1840,0.9897,-0.12,0.23,0.42,134837,129056,124253
49312500,41.6850,-2.5200,129.5525,0.0010,0.1747,0.9887,-0.12,0.22,0.42,134685,129164,124187
49332032,52.3775,2.0300,130.3225,0.0115,0.1690,0.9882,-0.11,0.21,0.42,134539,129294,124129
49352540,53.3575,5.6700,130.4275,0.0150,0.1702,0.9875,-0.10,0.20,0.43,134373,129415,124064
49372072,49.1225,9.4150,130.0775,0.0190,0.1746,0.9867,-0.09,0.19,0.43,134214,129542,123997
49392576,41.9125,13.2650,129.4300,0.0229,0.1807,0.9853,-0.09,0.18,0.44,134048,129639,123938
49412108,30.5200,16.8875,128.2575,0.0271,0.1864,0.9828,-0.08,0.17,0.44,133872,129695,123911
49432616,15.9600,20.1075,126.8400,0.0288,0.1902,0.9805,-0.08,0.16,0.44,133694,129734,123909
49452148,-11.9175,23.8875,124.0225,0.0311,0.1920,0.9787,-0.08,0.15,0.44,133529,129701,123929
49472656,-29.7150,25.5150,121.8000,0.0323,0.1917,0.9791,-0.09,0.14,0.44,133331,129632,123941
49492188,-46.0950,26.3725,119.0875,0.0356,0.1889,0.9782,-0.09,0.13,0.43,133150,129522,123981
49512696,-50.9250,25.9700,116.1125,0.0428,0.1799,0.9777,-0.10,0.12,0.43,132960,129412,124034
49532224,-47.7575,25.6550,112.9100,0.0476,0.1670,0.9755,-0.11,0.10,0.43,132787,129348,124074
49552736,-20.9125,25.1300,107.7825,0.0554,0.1493,0.9749,-0.11,0.09,0.43,132607,129350,124089
49572264,0.7350,25.4275,104.1075,0.0656,0.1271,0.9742,-0.10,0.08,0.43,132431,129419,124101
49591796,14.5775,26.3900,100.1525,0.0710,0.1158,0.9720,-0.10,0.07,0.43,132249,129502,124075
49612304,15.7850,27.8600,95.6200,0.0711,0.1046,0.9690,-0.09,0.06,0.43,132066,129582,124064
49631836,6.7375,29.4350,90.7025,0.0717,0.0964,0.9664,-0.09,0.05,0.43,131908,129635,124073
49652344,-3.6225,30.5375,85.7150,0.0708,0.0891,0.9642,-0.08,0.04,0.43,131747,129686,124105
49671876,-7.7000,30.9750,80.8150,0.0700,0.0764,0.9633,-0.08,0.03,0.42,131590,129717,124116
49692384,-2.2225,30.6425,72.6075,0.0673,0.0517,0.9642,-0.08,0.02,0.42,131421,129753,124145
49711912,2.0825,29.8200,66.0625,0.0665,0.0372,0.9638,-0.08,0.01,0.42,131281,129818,124161
49732420,3.3600,28.9975,58.9050,0.0661,0.0242,0.9654,-0.07,0.01,0.42,131156,129874,124174
49751952,1.9950,27.5100,50.6800,0.0678,0.0134,0.9671,-0.07,-0.00,0.42,131047,129898,124205
49772460,-4.5500,25.6200,41.6150,0.0695,0.0046,0.9686,-0.07,-0.01,0.42,130933,129897,124227
49791992,-14.9450,21.9450,26.9325,0.0711,-0.0139,0.9744,-0.07,-0.01,0.42,130854,129865,124253
49812500,-18.4450,18.8825,16.6775,0.0705,-0.0292,0.9819,-0.08,-0.02,0.41,130785,129836,124281
49832032,-14.7700,15.2425,6.6500,0.0671,-0.0473,0.9909,-0.08,-0.02,0.41,130750,129807,124313
49852540,-8.1550,11.3575,-3.1150,0.0619,-0.0661,1.0016,-0.08,-0.02,0.41,130736,129768,124336
49872072,-4.7600,7.5600,-12.6700,0.0586,-0.0799,1.0128,-0.08,-0.02,0.41,130729,129736,124357
49892576,-5.8625,4.0775,-21.6825,0.0564,-0.0871,1.0236,-0.09,-0.02,0.41,130745,129674,124368
49912108,-8.3650,-0.2275,-34.1775,0.0544,-0.0944,1.0388,-0.09,-0.02,0.41,130770,129615,124372
49932616,-6.9650,-2.6950,-41.8425,0.0550,-0.0978,1.0472,-0.09,-0.01,0.41,130831,129548,124387
49952148,-4.7600,-4.8650,-49.1050,0.0554,-0.1008,1.0523,-0.10,-0.01,0.41,130903,129489,124389
49972656,-1.5925,-6.9125,-55.9650,0.0548,-0.1047,1.0537,-0.10,-0.01,0.41,130984,129444,124388
49992188,3.0800,-8.9950,-62.6325,0.0531,-0.1092,1.0532,-0.10,-0.00,0.41,131066,129387,124369
50012696,8.1200,-11.7950,-72.0300,0.0495,-0.1124,1.0514,-0.11,0.01,0.41,131181,129336,124370
50032224,8.5750,-13.4750,-78.1200,0.0433,-0.1105,1.0446,-0.11,0.01,0.41,131298,129304,124345
50052736,13.9825,-15.5225,-84.2800,0.0401,-0.1070,1.0399,-0.11,0.02,0.41,131448,129273,124341
50072264,22.5925,-17.5000,-90.1775,0.0367,-0.1042,1.0343,-0.11,0.03,0.41,131585,129265,124310
50091796,33.9500,-19.9325,-95.6025,0.0320,-0.1030,1.0276,-0.11,0.04,0.42,131738,129285,124258
50112304,43.1025,-22.2600,-100.5725,0.0250,-0.1007,1.0214,-0.11,0.05,0.42,131905,129335,124190
50131836,44.9050,-24.5000,-105.4200,0.0172,-0.0927,1.0163,-0.10,0.06,0.42,132078,129383,124158
50152344,28.9625,-26.3025,-112.5950,0.0088,-0.0647,1.0074,-0.10,0.07,0.42,132283,129373,124137
50171876,18.5850,-26.6875,-117.3375,0.0090,-0.0464,1.0019,-0.10,0.09,0.42,132466,129355,124109
50192384,13.5100,-26.5825,-121.8875,0.0078,-0.0361,0.9970,-0.11,0.10,0.42,132661,129317,124109
50211912,16.1875,-26.5650,-125.5625,0.0034,-0.0273,0.9967,-0.11,0.11,0.43,132856,129301,124094
50232420,19.3725,-26.6175,-128.9400,-0.0002,-0.0121,0.9989,-0.11,0.12,0.43,133068,129324,124090
50262696,17.8325,-25.9350,-134.8375,-0.0027,0.0224,1.0028,-0.11,0.14,0.43,133379,129318,124071
50282224,13.6850,-24.8675,-137.4800,-0.0081,0.0395,1.0039,-0.11,0.15,0.43,133585,129321,124065
50302736,5.8100,-23.2050,-140.1225,-0.0153,0.0600,1.0037,-0.11,0.17,0.43,133798,129306,124090
50322264,-4.3400,-21.2450,-142.6425,-0.0231,0.0832,1.0017,-0.11,0.18,0.43,134003,129266,124087
50341796,-14.6475,-18.8125,-145.1800,-0.0278,0.1061,0.9991,-0.11,0.19,0.42,134198,129199,124126
50362304,-15.5925,-15.5750,-148.3125,-0.0289,0.1229,0.9980,-0.12,0.20,0.42,134413,129169,124157
50381836,-7.8225,-13.9825,-150.0275,-0.0261,0.1325,0.9988,-0.12,0.22,0.42,134609,129160,124184
50402344,1.3825,-12.9675,-151.1125,-0.0257,0.1346,0.9992,-0.11,0.23,0.42,134813,129213,124211
50421876,8.2075,-12.3550,-151.6375,-0.0256,0.1366,0.9987,-0.11,0.24,0.42,135012,129265,124198
50442384,14.1225,-12.0225,-151.6025,-0.0245,0.1396,0.9981,-0.11,0.25,0.42,135205,129343,124182
50461912,18.5850,-11.8825,-150.7800,-0.0212,0.1414,0.9972,-0.10,0.26,0.42,135388,129436,124188
50482420,32.6900,-12.4075,-148.2425,-0.0198,0.1371,0.9993,-0.09,0.27,0.42,135573,129603,124164
50501952,47.1975,-13.4925,-145.4075,-0.0246,0.1343,1.0011,-0.08,0.29,0.42,135745,129794,124135
50522460,59.0275,-14.8225,-141.1025,-0.0310,0.1387,1.0019,-0.06,0.29,0.42,135902,130039,124109
50541992,72.3100,-16.6075,-135.0125,-0.0338,0.1513,1.0026,-0.05,0.30,0.43,136058,130283,124057
50562500,77.8925,-17.9725,-127.8900,-0.0379,0.1717,0.9994,-0.03,0.31,0.43,136193,130568,124012
50582032,74.2875,-18.7075,-119.9100,-0.0420,0.1980,0.9914,-0.02,0.32,0.43,136313,130797,124014
50602540,53.3575,-17.3950,-106.1725,-0.0398,0.2469,0.9772,-0.00,0.33,0.43,136405,131004,124014
50622072,39.3225,-15.0500,-95.2350,-0.0349,0.2784,0.9703,0.00,0.33,0.43,136492,131141,124017
50642576,28.0350,-11.6550,-82.8275,-0.0285,0.3084,0.9637,0.01,0.33,0.43,136558,131260,124012
50662108,17.1850,-8.0325,-70.1400,-0.0214,0.3414,0.9555,0.01,0.34,0.43,136599,131308,123999
50682616,-2.0125,-3.8500,-56.8050,-0.0210,0.3800,0.9416,0.02,0.34,0.43,136610,131341,124026
50702148,-6.5275,-0.5775,-42.6475,-0.0218,0.4120,0.9322,0.02,0.34,0.43,136610,131353,124036
50722656,1.2425,3.5525,-20.8950,-0.0293,0.4521,0.9199,0.02,0.34,0.43,136609,131378,124029
50742188,3.1675,5.9325,-6.6675,-0.0340,0.4753,0.9116,0.02,0.34,0.43,136593,131361,124015
50762696,-4.2700,8.2600,6.9300,-0.0400,0.4959,0.9040,0.02,0.33,0.43,136551,131330,124009
50782224,-14.6125,10.0100,19.8275,-0.0449,0.5130,0.8996,0.01,0.33,0.43,136503,131266,124025
50802736,-24.1150,11.1475,32.1475,-0.0482,0.5251,0.8984,0.01,0.33,0.43,136436,131164,124028
50822264,-37.3625,11.4800,49.4900,-0.0515,0.5318,0.8998,-0.00,0.32,0.43,136385,131037,124028
50841796,-41.5800,10.7625,60.1300,-0.0562,0.5278,0.9072,-0.01,0.32,0.43,136317,130866,124046
50862304,-41.8775,9.4150,70.0700,-0.0592,0.5180,0.9135,-0.02,0.32,0.43,136246,130706,124053
50881836,-40.1975,7.7525,79.1700,-0.0610,0.5041,0.9207,-0.03,0.31,0.43,136165,130578,124064
50902344,-36.9425,5.9150,87.3075,-0.0632,0.4865,0.9278,-0.04,0.31,0.43,136082,130440,124086
50921876,-34.0550,3.9900,94.5350,-0.0658,0.4680,0.9343,-0.05,0.30,0.43,135991,130302,124103
50942384,-32.9875,1.4875,104.0550,-0.0715,0.4424,0.9431,-0.06,0.30,0.42,135906,130152,124114
50961912,-34.5800,-0.2625,109.3575,-0.0759,0.4285,0.9486,-0.06,0.29,0.42,135816,130017,124132
50982420,-36.8375,-1.9075,113.8025,-0.0793,0.4158,0.9525,-0.07,0.28,0.42,135709,129865,124152
51001952,-36.8025,-3.6400,117.4425,-0.0811,0.4002,0.9565,-0.08,0.28,0.42,135610,129725,124179
51022460,-34.4400,-5.1975,120.3300,-0.0810,0.3813,0.9605,-0.09,0.27,0.42,135503,129585,124219
51041992,-27.8075,-6.7200,122.5175,-0.0777,0.3594,0.9655,-0.10,0.26,0.42,135404,129491,124212
51062500,-15.4875,-8.2600,124.6525,-0.0700,0.3250,0.9730,-0.10,0.26,0.42,135299,129402,124229
51082032,-6.8250,-8.8725,125.6500,-0.0649,0.3045,0.9765,-0.10,0.25,0.42,135187,129364,124214
51102540,0.3500,-9.0825,126.4200,-0.0620,0.2877,0.9771,-0.11,0.24,0.42,135079,129346,124212
51122072,4.7600,-8.6100,127.0150,-0.0567,0.2761,0.9770,-0.11,0.24,0.42,134964,129346,124193
51142576,7.7175,-8.0850,127.6275,-0.0516,0.2680,0.9764,-0.11,0.23,0.42,134850,129319,124169
51162108,10.7450,-7.1750,128.1700,-0.0443,0.2584,0.9749,-0.11,0.22,0.42,134730,129330,124147
51182616,16.0475,-5.3550,128.9050,-0.0353,0.2402,0.9719,-0.10,0.22,0.42,134603,129364,124115
51202148,17.1850,-3.5525,129.1850,-0.0293,0.2301,0.9727,-0.10,0.21,0.43,134484,129397,124106
51222656,8.8375,-1.5925,129.4650,-0.0240,0.2248,0.9739,-0.10,0.20,0.43,134355,129393,124072
51242188,-0.3325,0.1400,129.6575,-0.0192,0.2196,0.9748,-0.10,0.19,0.43,134221,129370,124063
51272460,-10.3425,2.2400,129.8325,-0.0070,0.2107,0.9758,-0.11,0.18,0.43,134004,129317,124075
51291992,-14.1050,3.6750,129.5175,0.0044,0.1995,0.9794,-0.11,0.17,0.43,133859,129284,124074
51312500,-19.8625,4.8475,128.7300,0.0112,0.1924,0.9799,-0.11,0.16,0.43,133705,129237,124071
