30037108,-0.1925,-2.7125,-0.1050,-0.0264,0.9733,-0.0492,0.43,0.28,0.24,135739,138065,127092
30067382,0.1750,-2.0825,-0.2100,-0.0268,0.9736,-0.0508,0.43,0.29,0.24,135746,138051,127077
30086914,0.1750,-1.6625,-0.1925,-0.0271,0.9733,-0.0521,0.43,0.29,0.24,135746,138057,127077
30107420,-0.0175,-1.2775,-0.1575,-0.0276,0.9730,-0.0532,0.42,0.28,0.24,135737,138032,127089
30126952,0.6475,-0.6650,-0.0700,-0.0281,0.9726,-0.0540,0.42,0.29,0.24,135743,138028,127094
30147460,0.8400,-0.3850,-0.0525,-0.0289,0.9727,-0.0553,0.43,0.28,0.24,135741,138036,127094
30166992,0.2450,0.0175,0.0000,-0.0296,0.9728,-0.0562,0.43,0.29,0.24,135745,138057,127087
30187500,-0.0350,0.4200,-0.0525,-0.0303,0.9725,-0.0567,0.43,0.29,0.24,135742,138066,127081
30207032,0.8575,0.6300,-0.1050,-0.0307,0.9721,-0.0567,0.43,0.28,0.24,135736,138042,127083
30227540,0.8225,0.7875,-0.1400,-0.0312,0.9720,-0.0569,0.42,0.28,0.24,135733,138021,127095
30247070,-0.5250,1.1550,-0.3850,-0.0317,0.9717,-0.0572,0.42,0.28,0.24,135733,138035,127080
30267578,-0.7000,1.1900,-0.4550,-0.0317,0.9711,-0.0570,0.43,0.28,0.24,135732,138054,127091
30287108,-0.2975,1.1900,-0.6300,-0.0315,0.9706,-0.0565,0.43,0.28,0.24,135731,138059,127079
30307616,-0.5425,1.2600,-0.6650,-0.0312,0.9706,-0.0558,0.43,0.28,0.24,135722,138048,127073
30327148,-0.8925,1.2075,-0.6825,-0.0307,0.9709,-0.0551,0.42,0.28,0.24,135717,138030,127073
30347656,-0.7700,0.8225,-0.5250,-0.0305,0.9711,-0.0544,0.43,0.28,0.24,135724,138038,127078
30367188,-0.7875,0.8050,-0.4200,-0.0303,0.9717,-0.0538,0.43,0.28,0.24,135713,138057,127072
30387696,-0.9975,0.7700,-0.3150,-0.0300,0.9726,-0.0534,0.43,0.28,0.24,135717,138047,127064
30407226,-0.7875,0.5250,-0.1750,-0.0298,0.9736,-0.0527,0.43,0.28,0.25,135715,138041,127056
30427734,-0.0700,0.2625,0.0350,-0.0294,0.9745,-0.0516,0.42,0.28,0.24,135710,138032,127068
30447264,0.1225,-0.0875,0.2100,-0.0290,0.9751,-0.0505,0.42,0.28,0.24,135714,138025,127064
30466796,-0.3675,-0.3675,0.4025,-0.0288,0.9755,-0.0497,0.43,0.28,0.25,135718,138039,127056
30487304,-0.3325,-0.7000,0.5600,-0.0281,0.9748,-0.0486,0.43,0.28,0.24,135723,138054,127060
30506836,0.2800,-0.9625,0.4900,-0.0276,0.9740,-0.0481,0.42,0.28,0.24,135718,138034,127071
30527344,0.4025,-0.9800,0.4025,-0.0272,0.9736,-0.0477,0.42,0.28,0.25,135720,138017,127054
30546876,-0.3325,-1.0150,0.2625,-0.0268,0.9732,-0.0476,0.42,0.28,0.24,135724,138022,127063
30567382,-0.6125,-1.0150,0.1225,-0.0264,0.9728,-0.0473,0.43,0.28,0.25,135735,138047,127054
30586914,-0.2450,-0.9450,-0.1400,-0.0261,0.9723,-0.0471,0.43,0.28,0.25,135731,138047,127056
30607420,-0.4025,-0.9100,-0.2450,-0.0261,0.9722,-0.0475,0.42,0.28,0.25,135730,138035,127048
30626952,-0.8925,-0.8225,-0.2800,-0.0261,0.9723,-0.0478,0.42,0.28,0.24,135721,138010,127058
30647460,-1.0325,-0.5950,-0.2275,-0.0261,0.9726,-0.0482,0.42,0.28,0.25,135728,138015,127049
30666992,-0.6300,-0.4200,-0.1575,-0.0264,0.9726,-0.0486,0.43,0.28,0.25,135729,138041,127051
30687500,-0.4025,-0.0175,-0.2275,-0.0265,0.9728,-0.0488,0.42,0.28,0.25,135734,138034,127034
30707032,-0.8225,0.2800,-0.1925,-0.0262,0.9733,-0.0498,0.42,0.28,0.25,135726,138027,127048
30727540,-0.5250,0.3850,-0.2275,-0.0257,0.9731,-0.0497,0.42,0.28,0.24,135716,138003,127059
30747070,0.2275,0.3500,-0.4025,-0.0254,0.9726,-0.0490,0.42,0.28,0.25,135720,138022,127052
30767578,0.3150,0.2625,-0.4200,-0.0251,0.9725,-0.0483,0.42,0.28,0.25,135726,138034,127047
30787108,-0.0175,0.0525,-0.4200,-0.0250,0.9723,-0.0475,0.43,0.28,0.25,135724,138036,127042
30807616,-0.0350,-0.1925,-0.5075,-0.0249,0.9722,-0.0465,0.42,0.28,0.25,135723,138014,127029
30827148,0.0000,-0.3850,-0.5600,-0.0250,0.9720,-0.0453,0.42,0.28,0.25,135714,138002,127055
30847656,0.0350,-0.6650,-0.5250,-0.0253,0.9723,-0.0447,0.42,0.28,0.25,135717,138015,127054
30867188,-0.3150,-0.7525,-0.5425,-0.0251,0.9726,-0.0444,0.42,0.28,0.25,135722,138026,127052
30887696,-0.4550,-0.6825,-0.5950,-0.0251,0.9727,-0.0444,0.42,0.28,0.25,135722,138030,127019
30907226,-0.1225,-0.7000,-0.6300,-0.0253,0.9727,-0.0444,0.42,0.28,0.25,135718,138017,127049
30927734,-0.2975,-0.6825,-0.6125,-0.0255,0.9731,-0.0447,0.42,0.28,0.25,135711,138003,127056
30947264,-0.7175,-0.6475,-0.5950,-0.0255,0.9732,-0.0449,0.42,0.28,0.25,135714,138011,127038
30966796,-0.5425,-0.6475,-0.5250,-0.0254,0.9733,-0.0449,0.42,0.28,0.25,135710,138027,127043
30987304,-0.1925,-0.7000,-0.4200,-0.0254,0.9736,-0.0449,0.42,0.28,0.25,135714,138029,127038
31006836,-0.0175,-0.8575,-0.3500,-0.0257,0.9740,-0.0449,0.42,0.28,0.25,135711,138020,127039
31027344,-0.2100,-0.9450,-0.2275,-0.0260,0.9745,-0.0447,0.42,0.28,0.25,135707,138000,127037
31046876,-0.0175,-1.0850,-0.0525,-0.0260,0.9747,-0.0444,0.42,0.28,0.25,135715,138001,127043
31077148,0.4900,-1.1550,0.0350,-0.0266,0.9748,-0.0438,0.42,0.28,0.25,135709,137995,127046
31097656,0.6650,-1.1550,-0.0700,-0.0270,0.9748,-0.0436,0.42,0.28,0.25,135717,138005,127030
31117188,0.4200,-1.1200,-0.1575,-0.0271,0.9745,-0.0437,0.42,0.28,0.25,135720,138019,127025
31137696,0.2100,-1.1025,-0.2450,-0.0271,0.9740,-0.0438,0.42,0.28,0.25,135722,138028,127029
31157226,0.1575,-1.0150,-0.2800,-0.0272,0.9733,-0.0439,0.42,0.28,0.25,135723,138009,127046
31177734,-0.3675,-0.8400,-0.3325,-0.0271,0.9723,-0.0444,0.42,0.28,0.25,135717,137987,127036
31197264,-0.4550,-0.7525,-0.4725,-0.0268,0.9717,-0.0445,0.42,0.28,0.25,135719,138004,127037
31216796,-0.1400,-0.6300,-0.5950,-0.0267,0.9717,-0.0445,0.42,0.28,0.25,135711,138019,127041
31237304,-0.0525,-0.4725,-0.7700,-0.0268,0.9723,-0.0447,0.42,0.28,0.25,135718,138023,127022
31256836,-0.2975,-0.4025,-0.7875,-0.0270,0.9730,-0.0444,0.42,0.28,0.25,135717,138020,127024
31277344,0.0175,-0.5425,-0.6300,-0.0273,0.9734,-0.0437,0.42,0.28,0.25,135713,137990,127042
31296876,0.4200,-0.5950,-0.5425,-0.0278,0.9739,-0.0433,0.42,0.28,0.25,135707,137999,127033
31317382,0.3500,-0.4900,-0.2625,-0.0279,0.9744,-0.0437,0.42,0.28,0.25,135714,138020,127026
31336914,-0.1750,-0.2975,-0.2450,-0.0278,0.9749,-0.0440,0.42,0.28,0.25,135712,138034,127037
31357420,0.2625,-0.1575,-0.1400,-0.0276,0.9751,-0.0439,0.42,0.28,0.25,135711,138005,127030
31376952,0.8050,-0.1575,-0.1225,-0.0272,0.9750,-0.0439,0.42,0.28,0.25,135706,137992,127040
31397460,0.2450,-0.1925,-0.0525,-0.0264,0.9744,-0.0438,0.42,0.28,0.25,135714,137998,127034
31416992,-0.0350,-0.2625,-0.0525,-0.0257,0.9736,-0.0432,0.42,0.28,0.25,135715,138016,127026
31437500,0.1750,-0.3675,-0.1750,-0.0255,0.9730,-0.0423,0.42,0.28,0.25,135719,138026,127021
31457032,0.2275,-0.6125,-0.2800,-0.0255,0.9728,-0.0416,0.42,0.28,0.25,135713,138013,127023
31477540,-0.0700,-0.6825,-0.3150,-0.0259,0.9733,-0.0409,0.42,0.28,0.25,135709,137995,127028
31497070,-0.1750,-0.8050,-0.3675,-0.0261,0.9737,-0.0406,0.42,0.28,0.25,135709,137990,127032
31517578,-0.1050,-0.8050,-0.4025,-0.0268,0.9739,-0.0407,0.42,0.28,0.25,135709,138013,127028
31537108,0.0700,-0.7875,-0.3150,-0.0271,0.9739,-0.0410,0.42,0.28,0.25,135717,138030,127021
31557616,0.0175,-0.8050,-0.3500,-0.0268,0.9740,-0.0416,0.42,0.28,0.25,135712,138003,127041
31577148,0.1750,-0.7175,-0.3500,-0.0267,0.9740,-0.0421,0.42,0.28,0.25,135703,137993,127025
31597656,0.3675,-0.6300,-0.2625,-0.0265,0.9739,-0.0423,0.42,0.28,0.25,135707,137995,127031
31617188,0.8050,-0.6300,-0.2625,-0.0264,0.9740,-0.0423,0.42,0.28,0.25,135711,138018,127013
31637696,0.8925,-0.7350,-0.2625,-0.0264,0.9740,-0.0423,0.42,0.28,0.25,135720,138035,127035
31657226,0.7175,-0.7000,-0.2275,-0.0265,0.9739,-0.0422,0.42,0.28,0.25,135713,138017,127036
31677734,0.4900,-0.8400,-0.1400,-0.0267,0.9737,-0.0421,0.42,0.28,0.25,135709,137995,127031
31697264,0.5075,-0.8225,-0.1575,-0.0268,0.9738,-0.0420,0.42,0.28,0.25,135711,138009,127028
31716796,0.3500,-0.7525,-0.2450,-0.0270,0.9737,-0.0418,0.42,0.28,0.25,135722,138019,127036
31737304,0.3150,-0.7000,-0.2100,-0.0270,0.9737,-0.0420,0.42,0.28,0.25,135718,138034,127026
31756836,0.2975,-0.6300,-0.2975,-0.0268,0.9736,-0.0422,0.42,0.28,0.25,135715,138021,127043
31777344,-0.1925,-0.5425,-0.3500,-0.0268,0.9733,-0.0426,0.42,0.28,0.25,135711,137983,127033
31796876,-0.2275,-0.4725,-0.3150,-0.0271,0.9731,-0.0427,0.42,0.28,0.25,135706,137992,127037
31817382,0.0350,-0.5950,-0.2625,-0.0272,0.9731,-0.0426,0.42,0.28,0.25,135720,138017,127020
31836914,-0.0700,-0.6125,-0.2800,-0.0271,0.9731,-0.0426,0.42,0.28,0.25,135714,138018,127032
31857420,0.0000,-0.6825,-0.2625,-0.0270,0.9732,-0.0425,0.42,0.28,0.25,135712,138012,127026
31876952,0.5775,-0.7525,-0.3850,-0.0267,0.9734,-0.0421,0.42,0.28,0.25,135709,137990,127032
31897460,0.8575,-0.8225,-0.4025,-0.0266,0.9737,-0.0417,0.42,0.28,0.25,135711,137993,127033
31916992,0.4375,-0.8575,-0.4550,-0.0267,0.9736,-0.0417,0.42,0.28,0.25,135714,138016,127034
31937500,0.4900,-0.9450,-0.4550,-0.0268,0.9732,-0.0416,0.42,0.28,0.25,135716,138033,127035
31957032,0.4550,-0.9800,-0.4725,-0.0271,0.9730,-0.0416,0.42,0.28,0.25,135719,138009,127038
31977540,-0.3150,-0.7000,-0.5075,-0.0271,0.9732,-0.0420,0.42,0.28,0.25,135707,137984,127037
31997070,-0.1400,-0.6475,-0.5775,-0.0268,0.9732,-0.0421,0.42,0.28,0.25,135710,137991,127025
32017578,0.1925,-0.4725,-0.5950,-0.0264,0.9731,-0.0422,0.42,0.28,0.25,135710,138003,127023
32037108,-0.0175,-0.4025,-0.5425,-0.0261,0.9731,-0.0423,0.42,0.28,0.25,135719,138010,127032
32057616,-0.5250,-0.4550,-0.4900,-0.0259,0.9731,-0.0422,0.42,0.28,0.25,135711,138002,127027
32087890,0.2100,-0.6125,-0.2800,-0.0259,0.9731,-0.0412,0.42,0.28,0.25,135710,138010,127027
32108398,0.2800,-0.7000,-0.2275,-0.0264,0.9738,-0.0407,0.42,0.28,0.25,135712,138005,127025
32127928,0.2275,-0.7000,-0.1750,-0.0267,0.9748,-0.0405,0.42,0.28,0.25,135706,137991,127031
32148436,0.2800,-0.6125,-0.1050,-0.0268,0.9753,-0.0406,0.42,0.28,0.25,135713,137995,127031
32167968,0.3150,-0.6475,-0.0175,-0.0270,0.9753,-0.0409,0.42,0.28,0.25,135713,138008,127032
32188476,0.3500,-0.4900,-0.0525,-0.0271,0.9749,-0.0415,0.42,0.28,0.25,135712,138006,127029
32208008,0.2450,-0.4025,0.0000,-0.0268,0.9743,-0.0417,0.42,0.28,0.25,135707,137996,127024
32228516,0.1750,-0.3500,-0.0700,-0.0266,0.9736,-0.0421,0.42,0.28,0.25,135710,137982,127032
32248046,0.4200,-0.4375,-0.1925,-0.0265,0.9731,-0.0421,0.42,0.28,0.25,135715,137987,127033
32268554,0.3850,-0.4550,-0.3675,-0.0264,0.9728,-0.0420,0.42,0.28,0.25,135705,138019,127028
32288084,0.3675,-0.6125,-0.5425,-0.0265,0.9726,-0.0417,0.42,0.28,0.25,135709,138009,127023
32308592,0.3675,-0.7350,-0.6300,-0.0268,0.9726,-0.0414,0.42,0.28,0.25,135704,137996,127042
32328124,0.2100,-0.8750,-0.5950,-0.0271,0.9728,-0.0407,0.42,0.28,0.25,135704,137984,127029
32348632,0.2800,-1.0675,-0.5075,-0.0272,0.9732,-0.0403,0.42,0.28,0.25,135709,138000,127032
32368164,0.3150,-1.0850,-0.4725,-0.0271,0.9737,-0.0401,0.42,0.28,0.25,135705,138017,127030
32388672,0.5250,-1.0325,-0.3325,-0.0268,0.9738,-0.0401,0.42,0.28,0.25,135710,138022,127029
32408204,0.5600,-0.9975,-0.3150,-0.0266,0.9738,-0.0404,0.42,0.28,0.25,135712,137996,127016
32428710,-0.1225,-0.8575,-0.2800,-0.0264,0.9742,-0.0409,0.42,0.28,0.25,135709,137974,127040
32448242,0.0700,-0.8750,-0.2100,-0.0266,0.9743,-0.0409,0.42,0.28,0.25,135704,137990,127021
32468750,0.5250,-0.8225,-0.2100,-0.0268,0.9743,-0.0410,0.42,0.28,0.25,135708,138019,127017
32488280,0.4025,-0.7175,-0.1050,-0.0270,0.9745,-0.0412,0.42,0.28,0.25,135717,138019,127030
32507812,-0.1750,-0.6125,0.0000,-0.0271,0.9745,-0.0416,0.42,0.28,0.25,135714,138004,127034
32528320,0.3325,-0.5250,0.0175,-0.0271,0.9742,-0.0420,0.42,0.28,0.25,135708,137985,127031
32547852,0.7175,-0.4900,-0.0350,-0.0270,0.9740,-0.0420,0.42,0.28,0.25,135703,137986,127037
32568360,0.6475,-0.3850,-0.2100,-0.0271,0.9740,-0.0420,0.42,0.28,0.25,135708,138004,127024
32587890,0.1925,-0.4375,-0.3500,-0.0273,0.9737,-0.0420,0.42,0.28,0.25,135711,138014,127013
32608398,0.1925,-0.5075,-0.5075,-0.0276,0.9731,-0.0420,0.42,0.28,0.25,135710,138001,127017
32627928,0.2975,-0.4725,-0.6300,-0.0278,0.9723,-0.0417,0.42,0.28,0.25,135707,137981,127025
32648436,0.4725,-0.3675,-0.8925,-0.0281,0.9720,-0.0417,0.42,0.28,0.25,135704,137998,127029
32667968,0.1750,-0.4200,-1.0325,-0.0278,0.9719,-0.0420,0.42,0.28,0.25,135704,138009,127036
32688476,-0.4550,-0.4375,-1.1200,-0.0275,0.9717,-0.0421,0.42,0.28,0.25,135704,138014,127026
32708008,-0.6300,-0.5250,-1.1900,-0.0268,0.9714,-0.0417,0.42,0.28,0.25,135695,138004,127027
32728516,0.1575,-0.7525,-1.1550,-0.0264,0.9716,-0.0411,0.42,0.28,0.25,135698,137977,127023
32748046,0.6650,-0.9975,-1.0850,-0.0262,0.9725,-0.0405,0.42,0.28,0.25,135703,137994,127024
32768554,0.8400,-1.1025,-0.7525,-0.0265,0.9743,-0.0398,0.42,0.28,0.25,135708,138013,127028
32788084,0.8750,-1.1900,-0.5425,-0.0268,0.9753,-0.0395,0.42,0.28,0.25,135702,138012,127016
32808592,0.9100,-1.1725,-0.3325,-0.0270,0.9760,-0.0395,0.42,0.28,0.25,135704,138006,127024
32828124,0.9975,-1.1900,-0.1750,-0.0271,0.9759,-0.0398,0.42,0.28,0.25,135700,137983,127033
32848632,1.0850,-1.1550,-0.0350,-0.0271,0.9756,-0.0403,0.42,0.28,0.25,135705,138004,127027
32868164,1.0675,-1.1900,-0.0700,-0.0271,0.9753,-0.0405,0.42,0.28,0.25,135707,138016,127019
32888672,0.9625,-1.2600,-0.2450,-0.0272,0.9748,-0.0406,0.42,0.28,0.25,135709,138009,127020
32908204,0.8400,-1.3475,-0.3500,-0.0272,0.9743,-0.0406,0.42,0.28,0.25,135705,138010,127042
32928710,0.9975,-1.4700,-0.4725,-0.0273,0.9738,-0.0405,0.42,0.28,0.25,135704,137994,127029
32948242,1.0675,-1.6275,-0.5600,-0.0275,0.9736,-0.0407,0.42,0.28,0.25,135708,138012,127034
32968750,0.9975,-1.6975,-0.4900,-0.0278,0.9734,-0.0410,0.42,0.28,0.25,135705,138030,127034
32988280,1.0500,-1.7500,-0.5425,-0.0282,0.9732,-0.0412,0.42,0.28,0.25,135712,138025,127028
33007812,1.2600,-1.7325,-0.6125,-0.0284,0.9733,-0.0415,0.42,0.28,0.25,135712,138021,127041
33028320,1.2950,-1.6450,-0.5600,-0.0285,0.9732,-0.0421,0.42,0.28,0.25,135713,137994,127032
33047852,1.0325,-1.6275,-0.6650,-0.0285,0.9730,-0.0428,0.42,0.28,0.25,135708,138011,127054
33068360,0.8575,-1.5925,-0.7350,-0.0285,0.9726,-0.0432,0.42,0.28,0.25,135711,138029,127041
33098632,0.4725,-1.4175,-0.8750,-0.0287,0.9722,-0.0438,0.42,0.28,0.25,135712,138009,127049
33118164,0.3500,-1.3650,-0.9275,-0.0288,0.9723,-0.0439,0.42,0.28,0.25,135714,138026,127052
33138672,0.3150,-1.4525,-0.8050,-0.0289,0.9726,-0.0439,0.43,0.28,0.25,135715,138050,127034
33158204,0.2450,-1.3825,-0.6825,-0.0290,0.9731,-0.0440,0.42,0.28,0.24,135709,138026,127058
33178710,0.2100,-1.4000,-0.6125,-0.0290,0.9733,-0.0442,0.42,0.28,0.25,135707,137997,127057
33198242,0.7000,-1.4525,-0.4550,-0.0292,0.9736,-0.0444,0.42,0.28,0.25,135712,138014,127047
33218750,0.7525,-1.2950,-0.4725,-0.0293,0.9739,-0.0450,0.42,0.28,0.25,135721,138031,127038
33238280,0.7700,-1.2775,-0.4550,-0.0293,0.9739,-0.0451,0.42,0.28,0.25,135721,138032,127042
33257812,0.7700,-1.4175,-0.4725,-0.0295,0.9738,-0.0451,0.42,0.28,0.25,135714,138026,127045
33278320,1.1025,-1.5050,-0.5600,-0.0298,0.9738,-0.0449,0.42,0.28,0.25,135710,138015,127051
33297852,1.1200,-1.5575,-0.7000,-0.0300,0.9737,-0.0449,0.42,0.28,0.25,135708,138011,127056
33318360,1.1550,-1.4875,-0.8225,-0.0303,0.9734,-0.0449,0.42,0.28,0.25,135714,138031,127041
33337890,0.6300,-1.5225,-0.7525,-0.0305,0.9727,-0.0454,0.43,0.28,0.25,135725,138044,127050
33358398,0.4375,-1.4875,-0.7000,-0.0303,0.9721,-0.0454,0.43,0.28,0.25,135715,138039,127041
33377928,0.4550,-1.6100,-0.6825,-0.0301,0.9719,-0.0453,0.42,0.28,0.24,135716,138021,127069
33398436,0.5950,-1.6800,-0.7000,-0.0300,0.9722,-0.0451,0.42,0.28,0.24,135712,138018,127068
33417968,0.4900,-1.6275,-0.7000,-0.0301,0.9728,-0.0451,0.43,0.28,0.24,135714,138037,127067
33438476,0.6300,-1.5400,-0.7000,-0.0304,0.9734,-0.0450,0.43,0.28,0.25,135717,138042,127055
33458008,0.7875,-1.4700,-0.6825,-0.0307,0.9740,-0.0450,0.43,0.28,0.24,135718,138037,127061
33478516,0.5600,-1.4000,-0.5600,-0.0312,0.9743,-0.0454,0.42,0.28,0.25,135711,138020,127055
33498046,0.3325,-1.3125,-0.5425,-0.0316,0.9742,-0.0456,0.42,0.28,0.24,135713,138022,127060
33518554,0.5775,-1.3650,-0.4025,-0.0318,0.9739,-0.0459,0.43,0.28,0.24,135727,138041,127067
33538084,0.6475,-1.2950,-0.2625,-0.0321,0.9737,-0.0464,0.43,0.28,0.25,135722,138055,127053
33558592,0.7175,-1.1200,-0.2975,-0.0320,0.9740,-0.0468,0.43,0.28,0.25,135715,138041,127054
33578124,0.5075,-1.0675,-0.2625,-0.0320,0.9743,-0.0471,0.42,0.28,0.24,135715,138022,127063
33598632,0.3850,-1.0325,-0.1225,-0.0320,0.9740,-0.0476,0.42,0.28,0.24,135715,138015,127067
33618164,0.4025,-0.9275,-0.0700,-0.0320,0.9738,-0.0478,0.43,0.28,0.24,135724,138038,127063
33638672,0.2800,-0.8400,-0.0175,-0.0322,0.9736,-0.0481,0.43,0.28,0.25,135727,138050,127057
33658204,0.5600,-0.6300,0.0525,-0.0326,0.9737,-0.0481,0.43,0.28,0.25,135725,138040,127057
33678712,0.1750,-0.4375,-0.0350,-0.0328,0.9738,-0.0481,0.42,0.28,0.24,135724,138020,127060
33698240,-0.3325,-0.2975,-0.1050,-0.0329,0.9738,-0.0481,0.42,0.28,0.24,135719,138023,127062
33718752,-0.4025,-0.2975,-0.1225,-0.0329,0.9733,-0.0481,0.43,0.28,0.24,135724,138053,127066
33738280,-0.0525,-0.3325,-0.1925,-0.0328,0.9726,-0.0479,0.43,0.28,0.25,135727,138049,127056
33757812,-0.1575,-0.2450,-0.2800,-0.0328,0.9725,-0.0479,0.43,0.28,0.24,135725,138041,127074
33778320,-0.6125,-0.1925,-0.3675,-0.0329,0.9726,-0.0479,0.42,0.28,0.24,135719,138016,127063
33797852,-0.3325,-0.2800,-0.3325,-0.0329,0.9726,-0.0476,0.42,0.28,0.25,135717,138022,127055
33818360,-0.0700,-0.2275,-0.3150,-0.0328,0.9728,-0.0475,0.43,0.28,0.25,135725,138040,127052
33837888,-0.0700,-0.2100,-0.3325,-0.0328,0.9733,-0.0473,0.43,0.28,0.25,135728,138048,127047
33858400,-0.3150,-0.1225,-0.2450,-0.0326,0.9736,-0.0475,0.42,0.28,0.25,135722,138035,127048
33877928,-0.0875,-0.1050,-0.1750,-0.0325,0.9736,-0.0471,0.42,0.28,0.25,135718,138013,127054
33898436,0.3325,-0.0875,-0.0875,-0.0322,0.9736,-0.0470,0.42,0.28,0.24,135717,138005,127059
33917968,-0.4200,-0.0350,-0.0175,-0.0322,0.9739,-0.0470,0.42,0.28,0.25,135717,138027,127051
33938476,-0.7350,-0.0175,0.0000,-0.0320,0.9740,-0.0468,0.43,0.28,0.25,135723,138047,127048
33958008,0.0175,0.0350,-0.1050,-0.0320,0.9738,-0.0466,0.43,0.28,0.25,135718,138038,127037
33978516,0.4025,0.0525,-0.1750,-0.0318,0.9734,-0.0465,0.42,0.28,0.25,135713,138007,127051
33998048,0.1575,0.0700,-0.2275,-0.0316,0.9731,-0.0464,0.42,0.28,0.25,135712,138019,127041
34018552,-0.5250,-0.2100,-0.1925,-0.0312,0.9725,-0.0458,0.42,0.28,0.25,135710,138026,127042
34038084,-0.2800,-0.2625,-0.1050,-0.0310,0.9722,-0.0450,0.43,0.28,0.25,135715,138049,127046
34058592,-0.3500,-0.3500,-0.1400,-0.0309,0.9723,-0.0444,0.42,0.28,0.25,135714,138027,127038
34078124,-0.3675,-0.3675,-0.0525,-0.0310,0.9730,-0.0439,0.42,0.28,0.25,135710,138009,127049
34108400,-0.0175,-0.3500,-0.1750,-0.0311,0.9738,-0.0437,0.42,0.28,0.25,135715,138017,127049
34127928,-0.1575,-0.2625,-0.2100,-0.0311,0.9743,-0.0439,0.42,0.28,0.25,135712,138006,127037
34148436,-0.4900,-0.1925,-0.1400,-0.0311,0.9739,-0.0444,0.42,0.28,0.25,135714,137999,127036
34167968,-0.4200,-0.1575,-0.0875,-0.0311,0.9732,-0.0447,0.42,0.28,0.25,135718,138017,127049
34188476,-0.1400,-0.1050,-0.1400,-0.0310,0.9726,-0.0448,0.42,0.28,0.25,135718,138034,127047
34208008,-0.0175,-0.1225,-0.2275,-0.0309,0.9725,-0.0447,0.42,0.28,0.25,135709,138019,127036
34228516,-0.5075,-0.1400,-0.3500,-0.0307,0.9728,-0.0444,0.42,0.28,0.25,135712,138005,127043
34248048,-0.5600,-0.2975,-0.3850,-0.0306,0.9728,-0.0440,0.42,0.28,0.25,135710,137999,127043
34268552,-0.2800,-0.3325,-0.3675,-0.0307,0.9723,-0.0437,0.42,0.28,0.25,135709,138028,127039
34288084,-0.5425,-0.4025,-0.3850,-0.0307,0.9725,-0.0434,0.42,0.28,0.25,135709,138024,127019
34308592,-0.7700,-0.4900,-0.2625,-0.0310,0.9728,-0.0432,0.42,0.28,0.25,135708,138009,127033
34328124,-0.5600,-0.5425,-0.2800,-0.0310,0.9733,-0.0431,0.42,0.28,0.25,135710,137996,127032
34348632,0.0525,-0.4025,-0.1575,-0.0310,0.9737,-0.0429,0.42,0.28,0.25,135711,137985,127025
34368164,0.0000,-0.4025,-0.1750,-0.0309,0.9742,-0.0427,0.42,0.28,0.25,135704,138011,127023
34388672,-0.1750,-0.4200,-0.1575,-0.0310,0.9743,-0.0425,0.42,0.28,0.25,135710,138009,127025
34408204,0.0000,-0.4550,-0.0875,-0.0310,0.9742,-0.0423,0.42,0.28,0.25,135716,137999,127017
34428712,0.1575,-0.4200,-0.0175,-0.0311,0.9739,-0.0423,0.42,0.28,0.25,135704,137996,127032
34448240,-0.4550,-0.3500,0.0000,-0.0311,0.9738,-0.0422,0.42,0.28,0.25,135712,137989,127031
34468752,-0.7175,-0.3500,0.0875,-0.0309,0.9739,-0.0417,0.42,0.28,0.25,135711,138001,127017
34488280,-0.4725,-0.4025,0.0000,-0.0305,0.9738,-0.0414,0.42,0.28,0.25,135710,138018,127006
34507812,0.0700,-0.4025,-0.0350,-0.0303,0.9737,-0.0412,0.42,0.28,0.25,135712,138011,127020
34528320,0.2100,-0.3325,-0.0700,-0.0301,0.9736,-0.0414,0.42,0.28,0.25,135709,137985,127018
34547852,-0.4550,-0.1400,-0.0350,-0.0300,0.9736,-0.0416,0.42,0.28,0.25,135711,137989,127015
34568360,-0.7700,-0.0700,-0.1050,-0.0303,0.9734,-0.0416,0.42,0.28,0.25,135709,138002,127019
34587888,-0.4725,-0.1575,-0.1050,-0.0305,0.9731,-0.0415,0.42,0.28,0.25,135714,138024,127008
34608400,0.0525,0.0175,-0.2975,-0.0309,0.9733,-0.0412,0.42,0.28,0.25,135710,138002,127016
34627928,-0.2625,0.0875,-0.3675,-0.0310,0.9738,-0.0410,0.42,0.28,0.25,135704,137980,127024
34648436,-0.3675,0.0175,-0.4025,-0.0307,0.9739,-0.0405,0.42,0.28,0.25,135707,137972,127019
34667968,-0.1575,-0.0525,-0.4025,-0.0303,0.9738,-0.0401,0.42,0.28,0.25,135701,137992,127008
34688476,0.2975,-0.1925,-0.2100,-0.0298,0.9736,-0.0395,0.42,0.28,0.25,135709,138008,127011
34708008,0.2275,-0.4025,-0.0875,-0.0294,0.9734,-0.0390,0.42,0.28,0.25,135704,137998,127006
34728516,0.3150,-0.5250,-0.0700,-0.0294,0.9733,-0.0386,0.42,0.28,0.25,135701,137988,127001
34748048,0.2625,-0.5425,0.0000,-0.0295,0.9736,-0.0384,0.42,0.28,0.25,135705,137984,127003
34768552,-0.0700,-0.4375,-0.0875,-0.0296,0.9740,-0.0383,0.42,0.28,0.25,135705,137988,127016
34788084,-0.3325,-0.4375,-0.1050,-0.0298,0.9747,-0.0382,0.42,0.28,0.25,135706,138002,127001
34808592,0.0525,-0.4025,-0.0525,-0.0298,0.9748,-0.0379,0.42,0.28,0.25,135709,137995,127002
34828124,0.2975,-0.2975,-0.0175,-0.0298,0.9745,-0.0381,0.42,0.28,0.25,135705,137981,127005
34848632,-0.1750,-0.2625,-0.0350,-0.0295,0.9740,-0.0383,0.42,0.28,0.25,135701,137978,127003
34868164,-0.5950,-0.2800,-0.0525,-0.0293,0.9736,-0.0386,0.42,0.28,0.25,135709,137994,126998
34888672,-0.1400,-0.2975,-0.0525,-0.0290,0.9734,-0.0386,0.42,0.28,0.25,135704,138002,127003
34908204,0.4725,-0.3325,-0.2800,-0.0288,0.9734,-0.0384,0.42,0.28,0.25,135703,137994,127001
34928712,0.4550,-0.3675,-0.2625,-0.0288,0.9736,-0.0386,0.42,0.28,0.25,135702,137972,127001
34948240,0.1225,-0.5600,-0.2100,-0.0288,0.9737,-0.0383,0.42,0.28,0.25,135699,137983,127002
34968752,0.1925,-0.5425,-0.1400,-0.0290,0.9737,-0.0381,0.42,0.28,0.25,135706,137993,126997
34988280,0.3325,-0.6825,-0.1400,-0.0289,0.9736,-0.0377,0.42,0.28,0.25,135705,138000,127006
35007812,0.3150,-0.7175,-0.1925,-0.0288,0.9736,-0.0373,0.42,0.28,0.25,135708,137999,127002
35028320,0.5425,-0.7525,-0.2625,-0.0288,0.9736,-0.0370,0.42,0.28,0.25,135703,137983,127005
35047852,0.3325,-0.7700,-0.3850,-0.0285,0.9737,-0.0371,0.42,0.28,0.25,135696,137969,127007
35068360,-0.2450,-0.6125,-0.4025,-0.0283,0.9733,-0.0373,0.42,0.28,0.25,135706,137995,126999
35087888,-0.1400,-0.7525,-0.4200,-0.0284,0.9728,-0.0375,0.42,0.28,0.25,135707,138005,126994
35118164,-0.1225,-0.6650,-0.4550,-0.0285,0.9726,-0.0376,0.42,0.28,0.25,135702,137985,127005
35138672,-0.4550,-0.7525,-0.4725,-0.0284,0.9730,-0.0375,0.42,0.28,0.25,135710,137999,127002
35158204,-0.4550,-0.7000,-0.4900,-0.0285,0.9734,-0.0373,0.42,0.28,0.25,135701,137992,126998
35178712,0.1750,-0.7350,-0.3325,-0.0285,0.9739,-0.0372,0.42,0.28,0.25,135702,137969,126997
35198240,0.3500,-0.6650,-0.3150,-0.0287,0.9742,-0.0372,0.42,0.28,0.25,135701,137967,127002
35218752,0.2100,-0.7875,-0.2800,-0.0289,0.9743,-0.0373,0.42,0.28,0.25,135706,137985,126999
35238280,0.0700,-0.6650,-0.2450,-0.0290,0.9744,-0.0373,0.42,0.28,0.25,135708,138004,126998
35257812,0.0875,-0.6125,-0.2625,-0.0290,0.9744,-0.0376,0.42,0.28,0.25,135709,137998,127001
35278320,0.2100,-0.4550,-0.2275,-0.0290,0.9743,-0.0377,0.42,0.28,0.25,135706,137972,126985
35297852,0.3850,-0.2625,-0.3500,-0.0289,0.9740,-0.0378,0.42,0.28,0.25,135699,137978,126998
35318360,0.3150,-0.3150,-0.3675,-0.0285,0.9736,-0.0378,0.42,0.28,0.25,135695,137987,127005
35337888,0.0525,-0.3500,-0.4200,-0.0283,0.9731,-0.0375,0.42,0.28,0.25,135706,137996,127001
35358400,-0.0875,-0.4725,-0.4375,-0.0282,0.9728,-0.0370,0.42,0.28,0.25,135696,137997,126984
35377928,-0.0525,-0.6650,-0.3675,-0.0282,0.9728,-0.0364,0.42,0.28,0.25,135696,137975,126989
35398436,-0.2800,-0.7525,-0.3150,-0.0282,0.9730,-0.0356,0.42,0.28,0.25,135695,137970,127001
35417968,-0.0875,-0.8575,-0.3325,-0.0285,0.9736,-0.0355,0.42,0.28,0.25,135703,137985,126992
35438476,0.0350,-0.7000,-0.4200,-0.0288,0.9742,-0.0355,0.42,0.28,0.25,135706,137999,126978
35458008,0.0350,-0.6825,-0.3675,-0.0289,0.9745,-0.0356,0.42,0.28,0.25,135703,137986,126975
35478516,0.1750,-0.6300,-0.2975,-0.0290,0.9747,-0.0357,0.42,0.28,0.25,135701,137967,126994
35498048,0.4200,-0.6125,-0.3150,-0.0290,0.9745,-0.0359,0.42,0.28,0.25,135701,137973,127015
35518552,0.1050,-0.5250,-0.2275,-0.0292,0.9745,-0.0364,0.42,0.28,0.25,135700,137987,126992
35538084,-0.0350,-0.5250,-0.2100,-0.0290,0.9743,-0.0365,0.42,0.28,0.25,135706,138002,126982
35558592,0.3500,-0.6300,-0.2275,-0.0288,0.9740,-0.0364,0.42,0.28,0.25,135701,138002,126980
35578124,0.5775,-0.6825,-0.3150,-0.0287,0.9739,-0.0362,0.42,0.28,0.25,135700,137969,126979
35598632,0.8750,-0.7875,-0.3500,-0.0288,0.9739,-0.0360,0.42,0.28,0.25,135695,137969,127000
35618164,0.2800,-0.7700,-0.2975,-0.0288,0.9740,-0.0360,0.42,0.28,0.25,135707,137976,126993
35638672,-0.1575,-0.8575,-0.1925,-0.0288,0.9740,-0.0356,0.42,0.28,0.25,135698,137993,126981
35658204,0.2275,-0.9450,-0.1925,-0.0287,0.9737,-0.0355,0.42,0.28,0.25,135704,137989,126997
35678712,0.7000,-0.8750,-0.2625,-0.0285,0.9738,-0.0354,0.42,0.28,0.25,135702,137977,126994
35698240,0.4725,-0.8575,-0.3325,-0.0285,0.9742,-0.0354,0.42,0.28,0.25,135701,137972,127001
35718752,-0.1575,-0.9100,-0.3500,-0.0285,0.9743,-0.0356,0.42,0.28,0.25,135702,137978,126985
35738280,0.0700,-0.8750,-0.3325,-0.0285,0.9740,-0.0357,0.42,0.28,0.25,135709,137994,126985
35757812,0.4200,-0.9800,-0.2975,-0.0289,0.9736,-0.0357,0.42,0.28,0.25,135704,137986,126990
35778320,0.0525,-0.9275,-0.2975,-0.0290,0.9736,-0.0360,0.42,0.28,0.25,135705,137963,126992
35797852,-0.0700,-0.9100,-0.2975,-0.0290,0.9736,-0.0360,0.42,0.28,0.25,135699,137954,127004
35818360,0.1750,-0.7525,-0.3675,-0.0289,0.9737,-0.0359,0.42,0.28,0.25,135707,137979,126999
35837888,0.2800,-0.7350,-0.3325,-0.0289,0.9740,-0.0360,0.42,0.28,0.25,135712,137992,126985
35858400,0.1750,-0.6300,-0.2800,-0.0288,0.9743,-0.0360,0.42,0.28,0.25,135708,137992,126975
35877928,0.4025,-0.7000,-0.2800,-0.0289,0.9742,-0.0360,0.42,0.28,0.25,135702,137972,127006
35898436,0.6125,-0.6475,-0.2100,-0.0294,0.9742,-0.0359,0.42,0.28,0.25,135700,137958,127006
35917968,0.1750,-0.6125,-0.2100,-0.0296,0.9742,-0.0362,0.42,0.28,0.25,135702,137980,126990
35938476,-0.4025,-0.5250,-0.2450,-0.0295,0.9740,-0.0366,0.42,0.28,0.25,135706,137985,126999
35958008,-0.1750,-0.3675,-0.4025,-0.0294,0.9738,-0.0366,0.42,0.28,0.25,135704,137992,126988
35978516,0.5250,-0.4025,-0.4375,-0.0289,0.9733,-0.0361,0.42,0.28,0.25,135701,137968,126980
35998048,0.2275,-0.4725,-0.5250,-0.0285,0.9733,-0.0361,0.42,0.28,0.25,135700,137963,127000
36018552,-0.2625,-0.5950,-0.4725,-0.0283,0.9732,-0.0359,0.42,0.28,0.25,135705,137968,127006
36038084,-0.1400,-0.7175,-0.4025,-0.0283,0.9731,-0.0353,0.42,0.28,0.25,135708,137994,126990
36058592,0.3150,-0.8575,-0.3150,-0.0284,0.9732,-0.0345,0.42,0.28,0.25,135704,137989,126989
36078124,0.4725,-0.9100,-0.2975,-0.0287,0.9738,-0.0343,0.42,0.28,0.25,135698,137972,126998
36098632,0.0000,-0.8925,-0.2625,-0.0289,0.9748,-0.0343,0.42,0.28,0.25,135699,137961,126979
36128904,0.0175,-0.7350,-0.2275,-0.0290,0.9750,-0.0346,0.42,0.28,0.25,135697,137967,126989
36149416,0.2625,-0.7000,-0.2100,-0.0290,0.9748,-0.0350,0.42,0.28,0.25,135698,137961,127005
36168944,0.1925,-0.6650,-0.1400,-0.0290,0.9745,-0.0354,0.42,0.28,0.25,135703,137984,126995
36189452,0.0875,-0.5075,-0.2275,-0.0289,0.9742,-0.0357,0.42,0.28,0.25,135701,137991,126992
36208984,0.0000,-0.4375,-0.2800,-0.0289,0.9738,-0.0359,0.42,0.28,0.25,135704,137986,126985
36229492,0.1400,-0.5250,-0.3150,-0.0289,0.9736,-0.0359,0.42,0.28,0.25,135698,137966,126993
36249024,0.5075,-0.6125,-0.4025,-0.0290,0.9734,-0.0357,0.42,0.28,0.25,135697,137963,126992
36269532,0.7525,-0.7000,-0.4900,-0.0293,0.9733,-0.0356,0.42,0.28,0.25,135699,137981,126984
36289064,0.7000,-0.7525,-0.5600,-0.0295,0.9734,-0.0355,0.42,0.28,0.25,135700,137993,126986
36309568,0.2450,-0.8225,-0.6125,-0.0298,0.9736,-0.0351,0.42,0.28,0.25,135698,137982,126988
36329100,0.3675,-0.9100,-0.5775,-0.0295,0.9736,-0.0348,0.42,0.28,0.25,135697,137967,126997
36349608,0.8400,-0.9975,-0.6475,-0.0293,0.9733,-0.0345,0.42,0.28,0.25,135696,137967,126997
36369140,0.7175,-0.9625,-0.6300,-0.0290,0.9732,-0.0344,0.42,0.28,0.25,135697,137973,127002
36389648,0.3850,-0.9975,-0.7350,-0.0290,0.9732,-0.0346,0.42,0.28,0.25,135695,137997,126989
36409180,-0.1050,-1.0325,-0.7525,-0.0290,0.9733,-0.0346,0.42,0.28,0.25,135694,137977,126986
36429688,0.1400,-1.1725,-0.7175,-0.0290,0.9733,-0.0346,0.42,0.28,0.25,135697,137963,126994
36449216,0.4200,-1.1725,-0.7175,-0.0292,0.9733,-0.0346,0.42,0.28,0.25,135697,137963,126994
36469728,0.4725,-1.2775,-0.6300,-0.0292,0.9736,-0.0345,0.42,0.28,0.25,135700,137988,126998
36489256,0.3325,-1.2775,-0.6125,-0.0293,0.9739,-0.0346,0.42,0.28,0.25,135700,138001,126984
36508788,0.3500,-1.2775,-0.5775,-0.0293,0.9743,-0.0346,0.42,0.28,0.25,135706,137990,126980
36529296,0.7000,-1.2950,-0.6475,-0.0290,0.9745,-0.0345,0.42,0.28,0.25,135696,137967,127000
36548828,0.8225,-1.3650,-0.5425,-0.0292,0.9745,-0.0344,0.42,0.28,0.25,135700,137965,127002
36569336,0.8225,-1.5225,-0.5600,-0.0295,0.9745,-0.0343,0.42,0.28,0.25,135701,137993,126992
36588868,1.0325,-1.5575,-0.5075,-0.0300,0.9744,-0.0342,0.42,0.28,0.25,135701,138005,126989
36609376,0.9450,-1.5400,-0.5425,-0.0304,0.9745,-0.0344,0.42,0.28,0.25,135708,137999,126994
36628904,0.8750,-1.4875,-0.5775,-0.0305,0.9743,-0.0349,0.42,0.28,0.25,135704,137992,126988
36649416,0.7700,-1.3475,-0.6825,-0.0306,0.9740,-0.0354,0.42,0.28,0.25,135703,137979,127002
36668944,0.5425,-1.3825,-0.6650,-0.0303,0.9732,-0.0360,0.42,0.28,0.25,135705,137995,126999
36689452,0.3500,-1.3475,-0.6125,-0.0300,0.9728,-0.0361,0.42,0.28,0.25,135710,138009,126989
36708984,0.7000,-1.4525,-0.7175,-0.0299,0.9728,-0.0359,0.42,0.28,0.25,135703,138006,126988
36729492,0.7350,-1.5225,-0.7350,-0.0300,0.9731,-0.0356,0.42,0.28,0.25,135697,137971,127007
36749024,0.8750,-1.6275,-0.6825,-0.0304,0.9736,-0.0355,0.42,0.28,0.25,135694,137976,127006
36769532,0.8225,-1.4350,-0.6300,-0.0310,0.9742,-0.0356,0.42,0.28,0.25,135706,137991,127007
36789064,1.0500,-1.4175,-0.5600,-0.0315,0.9745,-0.0359,0.42,0.28,0.25,135708,138003,127007
36809568,0.7000,-1.4175,-0.5250,-0.0317,0.9745,-0.0364,0.42,0.28,0.25,135704,138000,127014
36829100,0.4900,-1.3300,-0.4725,-0.0320,0.9743,-0.0367,0.42,0.28,0.25,135701,137979,127005
36849608,0.8750,-1.4350,-0.4200,-0.0320,0.9738,-0.0371,0.42,0.28,0.25,135702,137991,127010
36869140,1.2600,-1.4700,-0.5250,-0.0320,0.9736,-0.0373,0.42,0.28,0.25,135708,137999,127007
36889648,0.6300,-1.4000,-0.6475,-0.0318,0.9734,-0.0377,0.42,0.28,0.25,135710,138012,127000
36909180,0.5250,-1.4700,-0.6650,-0.0318,0.9732,-0.0381,0.42,0.28,0.25,135711,138007,127004
36929688,1.1900,-1.4700,-0.7175,-0.0320,0.9728,-0.0383,0.42,0.28,0.25,135712,137987,127031
36949216,1.2775,-1.5575,-0.7000,-0.0321,0.9732,-0.0382,0.42,0.28,0.25,135705,137987,127028
36969728,0.9450,-1.5050,-0.7175,-0.0325,0.9738,-0.0381,0.42,0.28,0.25,135711,138014,127029
36989256,0.6650,-1.5750,-0.6475,-0.0327,0.9743,-0.0377,0.42,0.28,0.25,135707,138016,127024
37008788,0.8925,-1.8025,-0.5075,-0.0329,0.9740,-0.0375,0.42,0.28,0.25,135706,138018,127024
37029296,0.9800,-1.8725,-0.4200,-0.0329,0.9739,-0.0376,0.42,0.28,0.25,135708,138003,127023
37048828,1.0675,-1.8375,-0.4025,-0.0331,0.9742,-0.0378,0.42,0.28,0.25,135709,137988,127034
37069336,0.8050,-1.7675,-0.3850,-0.0331,0.9743,-0.0383,0.42,0.28,0.25,135710,138018,127024
37088868,0.8050,-1.6450,-0.3325,-0.0331,0.9740,-0.0387,0.42,0.28,0.25,135723,138023,127036
37109376,1.1900,-1.5925,-0.3325,-0.0332,0.9736,-0.0390,0.42,0.28,0.25,135719,138021,127023
37139648,0.4550,-1.4175,-0.3150,-0.0333,0.9738,-0.0397,0.42,0.28,0.25,135725,138022,127016
37159180,-0.0525,-1.4525,-0.3325,-0.0333,0.9738,-0.0401,0.42,0.28,0.25,135721,138018,127026
37179688,0.2275,-1.2600,-0.2975,-0.0334,0.9736,-0.0404,0.42,0.28,0.25,135717,137989,127036
37199216,0.7700,-1.1550,-0.2275,-0.0337,0.9734,-0.0405,0.42,0.28,0.25,135722,137987,127044
37219728,0.6125,-1.0150,-0.1750,-0.0339,0.9736,-0.0409,0.42,0.28,0.25,135729,138024,127034
37239256,0.7875,-0.9100,-0.2100,-0.0343,0.9738,-0.0415,0.42,0.28,0.25,135726,138028,127024
37258788,0.9450,-0.7350,-0.3675,-0.0345,0.9740,-0.0418,0.42,0.28,0.25,135729,138026,127026
37279296,0.8925,-0.6125,-0.3500,-0.0346,0.9740,-0.0421,0.42,0.28,0.25,135721,137991,127018
37298828,0.6300,-0.4725,-0.4025,-0.0348,0.9737,-0.0423,0.42,0.28,0.25,135718,137995,127044
37319336,0.4725,-0.4025,-0.3150,-0.0343,0.9730,-0.0425,0.42,0.28,0.25,135727,138004,127037
37338868,0.2975,-0.4550,-0.3325,-0.0339,0.9722,-0.0423,0.42,0.28,0.25,135726,138024,127042
37359376,-0.0175,-0.5075,-0.1925,-0.0336,0.9721,-0.0417,0.42,0.28,0.25,135724,138026,127039
37378904,-0.2975,-0.3325,-0.1750,-0.0336,0.9725,-0.0415,0.42,0.28,0.25,135722,137999,127041
37399416,-0.2450,-0.2100,-0.2625,-0.0337,0.9731,-0.0414,0.42,0.28,0.25,135721,137994,127037
37418944,-0.2800,-0.0525,-0.1575,-0.0339,0.9736,-0.0414,0.42,0.28,0.25,135724,138005,127036
37439452,-0.4375,-0.0350,-0.2100,-0.0339,0.9739,-0.0415,0.42,0.28,0.25,135727,138028,127032
37458984,-0.2100,0.0875,-0.0700,-0.0342,0.9742,-0.0417,0.42,0.28,0.25,135717,138020,127026
37479492,-0.0175,0.0350,0.0000,-0.0344,0.9740,-0.0420,0.42,0.28,0.25,135716,137990,127024
37499024,0.0875,-0.0525,0.0175,-0.0344,0.9738,-0.0417,0.42,0.28,0.25,135720,137989,127028
37519532,0.0000,-0.0525,0.0350,-0.0343,0.9738,-0.0418,0.42,0.28,0.25,135717,138001,127025
37539064,-0.1925,-0.1575,-0.0175,-0.0342,0.9737,-0.0417,0.42,0.28,0.25,135721,138025,127020
37559568,-0.0350,-0.1750,-0.1400,-0.0338,0.9733,-0.0414,0.42,0.28,0.25,135721,138011,127023
37579100,0.3325,-0.4025,-0.1925,-0.0337,0.9730,-0.0410,0.42,0.28,0.25,135716,137991,127028
37599608,-0.1575,-0.3500,-0.1050,-0.0337,0.9728,-0.0410,0.42,0.28,0.25,135717,137994,127034
37619140,-0.4025,-0.3675,-0.1575,-0.0334,0.9725,-0.0410,0.42,0.28,0.25,135714,137998,127029
37639648,-0.1925,-0.2975,-0.2450,-0.0333,0.9723,-0.0409,0.42,0.28,0.25,135722,138019,127017
37659180,0.1575,-0.3850,-0.3325,-0.0333,0.9727,-0.0406,0.42,0.28,0.25,135717,138006,127011
37679688,-0.0525,-0.2450,-0.3850,-0.0333,0.9736,-0.0404,0.42,0.28,0.25,135711,137984,127027
37699216,-0.4725,-0.3325,-0.2275,-0.0334,0.9740,-0.0399,0.42,0.28,0.25,135713,137979,127007
37719728,-0.2800,-0.5600,-0.0875,-0.0336,0.9738,-0.0395,0.42,0.28,0.25,135719,137983,127023
37739256,-0.0175,-0.6300,0.0525,-0.0337,0.9734,-0.0390,0.42,0.28,0.25,135721,138025,127012
37758788,-0.0875,-0.5775,0.0525,-0.0339,0.9736,-0.0390,0.42,0.28,0.25,135716,138011,127015
37779296,-0.2275,-0.5600,0.0350,-0.0337,0.9738,-0.0390,0.42,0.28,0.25,135711,137987,127007
37798828,-0.4900,-0.4025,0.0700,-0.0334,0.9739,-0.0393,0.42,0.28,0.25,135712,137982,127022
37819336,-0.3150,-0.2800,0.0000,-0.0328,0.9737,-0.0395,0.42,0.28,0.25,135713,137994,126998
37838868,0.0175,-0.2275,-0.1225,-0.0325,0.9736,-0.0395,0.42,0.28,0.25,135724,138009,127015
37859376,-0.3150,-0.2275,-0.0525,-0.0322,0.9736,-0.0394,0.42,0.28,0.25,135718,138000,127016
37878904,-0.5775,-0.1925,-0.0525,-0.0323,0.9736,-0.0393,0.42,0.28,0.25,135713,137995,127015
37899416,-0.4375,-0.1925,-0.0700,-0.0325,0.9734,-0.0390,0.42,0.28,0.25,135710,137974,126993
37918944,0.2275,-0.1050,-0.1400,-0.0326,0.9737,-0.0389,0.42,0.28,0.25,135716,137994,127008
37939452,-0.2625,0.1225,-0.2450,-0.0326,0.9742,-0.0393,0.42,0.28,0.25,135720,138012,126998
37958984,-0.2975,0.1925,-0.2625,-0.0325,0.9742,-0.0394,0.42,0.28,0.25,135713,137999,126997
37979492,0.4900,0.0875,-0.2275,-0.0322,0.9736,-0.0390,0.42,0.28,0.25,135708,137977,126997
37999024,0.4375,-0.0350,-0.1575,-0.0317,0.9733,-0.0387,0.42,0.28,0.25,135712,137981,127012
38019532,0.0175,-0.1225,-0.1050,-0.0314,0.9733,-0.0383,0.42,0.28,0.25,135713,137994,126993
38039064,0.1575,-0.4200,-0.0350,-0.0314,0.9734,-0.0371,0.42,0.28,0.25,135713,138005,126994
38059568,0.4025,-0.4200,-0.0175,-0.0314,0.9738,-0.0366,0.42,0.28,0.25,135719,137996,127003
38079100,0.3325,-0.4200,-0.0525,-0.0312,0.9739,-0.0364,0.42,0.28,0.25,135714,137986,126998
38099608,0.1050,-0.2975,-0.1050,-0.0314,0.9742,-0.0362,0.42,0.28,0.25,135712,137979,127007
38119140,-0.2625,-0.3325,-0.2275,-0.0316,0.9740,-0.0364,0.42,0.28,0.25,135717,137985,127010
38149416,-0.4550,-0.4200,-0.1925,-0.0315,0.9733,-0.0367,0.42,0.28,0.25,135704,137967,127013
38168944,-0.2275,-0.2800,-0.1925,-0.0315,0.9733,-0.0367,0.42,0.28,0.25,135711,137977,127002
38189452,-0.0875,-0.3325,-0.1925,-0.0312,0.9736,-0.0367,0.42,0.28,0.25,135710,137986,127001
38208984,0.2100,-0.3325,-0.2800,-0.0310,0.9737,-0.0368,0.42,0.28,0.25,135716,138002,126993
38229492,0.3500,-0.3850,-0.2450,-0.0310,0.9738,-0.0372,0.42,0.28,0.25,135711,137986,126982
38249024,0.1400,-0.3850,-0.1575,-0.0312,0.9739,-0.0375,0.42,0.28,0.25,135699,137960,127006
38269532,0.2975,-0.2975,0.0350,-0.0315,0.9743,-0.0375,0.42,0.28,0.25,135707,137975,127002
38289064,0.7175,-0.2625,0.0875,-0.0315,0.9747,-0.0373,0.42,0.28,0.25,135710,137990,126998
38309568,0.6650,-0.3325,0.1050,-0.0315,0.9750,-0.0371,0.42,0.28,0.25,135706,137989,127015
38329100,0.4725,-0.2450,0.0525,-0.0315,0.9750,-0.0370,0.42,0.28,0.25,135704,137980,127001
38349608,0.4200,-0.4375,0.0350,-0.0312,0.9749,-0.0367,0.42,0.28,0.25,135710,137959,127005
38369140,0.7525,-0.4200,-0.0175,-0.0310,0.9743,-0.0364,0.42,0.28,0.25,135708,137979,127005
38389648,0.3150,-0.5600,-0.1225,-0.0307,0.9736,-0.0359,0.42,0.28,0.25,135714,138000,127001
38409180,-0.1050,-0.5775,-0.2100,-0.0307,0.9732,-0.0359,0.42,0.28,0.25,135707,137997,126997
38429688,-0.0875,-0.6125,-0.2975,-0.0305,0.9728,-0.0360,0.42,0.28,0.25,135707,137989,126994
38449216,-0.0700,-0.4725,-0.2800,-0.0305,0.9726,-0.0361,0.42,0.28,0.25,135709,137973,127007
38469728,-0.4375,-0.4900,-0.3325,-0.0304,0.9726,-0.0364,0.42,0.28,0.25,135709,137992,127016
38489256,-0.5600,-0.3850,-0.3675,-0.0304,0.9728,-0.0365,0.42,0.28,0.25,135712,137992,126990
38508788,-0.2800,-0.3325,-0.3150,-0.0300,0.9732,-0.0365,0.42,0.28,0.25,135713,138005,126994
38529296,0.0875,-0.2450,-0.2625,-0.0299,0.9734,-0.0362,0.42,0.28,0.25,135705,137973,126994
38548828,0.0875,-0.3850,-0.2100,-0.0300,0.9738,-0.0362,0.42,0.28,0.25,135701,137968,127001
38569336,0.0875,-0.2975,-0.2275,-0.0303,0.9743,-0.0364,0.42,0.28,0.25,135706,137966,127001
38588868,0.1225,-0.1925,-0.2450,-0.0305,0.9745,-0.0366,0.42,0.28,0.25,135712,137985,126984
38609376,0.2100,0.0000,-0.1400,-0.0307,0.9745,-0.0367,0.42,0.28,0.25,135708,137990,126982
38628904,0.0875,-0.0525,-0.2100,-0.0305,0.9743,-0.0366,0.42,0.28,0.25,135700,137977,126994
38649416,-0.0175,-0.0875,-0.1225,-0.0300,0.9738,-0.0364,0.42,0.28,0.25,135705,137966,126993
38668944,0.2625,-0.2275,-0.1225,-0.0295,0.9733,-0.0359,0.42,0.28,0.25,135712,137973,126992
38689452,0.5075,-0.4550,-0.2275,-0.0293,0.9734,-0.0351,0.42,0.28,0.25,135706,137983,126999
38708984,0.4550,-0.6300,-0.2975,-0.0293,0.9737,-0.0345,0.42,0.28,0.25,135706,137995,126997
38729492,0.3500,-0.7525,-0.2800,-0.0296,0.9738,-0.0338,0.42,0.28,0.25,135701,137979,126999
38749024,0.3325,-0.8225,-0.2100,-0.0300,0.9738,-0.0333,0.42,0.28,0.25,135703,137956,126998
38769532,0.4900,-0.7875,-0.2450,-0.0303,0.9740,-0.0333,0.42,0.28,0.25,135703,137967,126992
38789064,0.0700,-0.7525,-0.2100,-0.0303,0.9743,-0.0339,0.42,0.28,0.25,135701,137989,126981
38809568,-0.1750,-0.5425,-0.2275,-0.0303,0.9743,-0.0346,0.42,0.28,0.25,135701,137992,126982
38829100,-0.2275,-0.4200,-0.2450,-0.0299,0.9740,-0.0350,0.42,0.28,0.25,135703,137975,126986
38849608,0.1400,-0.4025,-0.1575,-0.0294,0.9740,-0.0351,0.42,0.28,0.25,135701,137956,126993
38869140,0.1925,-0.3150,-0.1750,-0.0290,0.9742,-0.0353,0.42,0.28,0.25,135700,137967,126984
38889648,0.3325,-0.3150,-0.1750,-0.0288,0.9744,-0.0351,0.42,0.28,0.25,135707,137987,126994
38909180,0.3850,-0.4900,-0.1225,-0.0288,0.9744,-0.0353,0.42,0.28,0.25,135705,137986,126990
38929688,0.4725,-0.5600,-0.1050,-0.0290,0.9743,-0.0353,0.42,0.28,0.25,135706,137956,126998
38949216,0.5075,-0.6125,-0.1050,-0.0293,0.9740,-0.0353,0.42,0.28,0.25,135700,137959,126994
38969728,0.4550,-0.7000,-0.1750,-0.0294,0.9743,-0.0349,0.42,0.28,0.25,135712,137978,127001
38989256,0.4025,-0.7525,-0.1925,-0.0295,0.9744,-0.0346,0.42,0.28,0.25,135706,137994,126998
39008788,0.2800,-0.7700,-0.2625,-0.0293,0.9742,-0.0344,0.42,0.28,0.25,135710,138001,126981
39029296,0.3325,-0.9275,-0.2800,-0.0290,0.9738,-0.0343,0.42,0.28,0.25,135711,137967,126997
39048828,0.1750,-0.9100,-0.3150,-0.0289,0.9733,-0.0344,0.42,0.28,0.25,135701,137959,126997
39069336,0.2625,-0.8575,-0.3850,-0.0290,0.9731,-0.0344,0.42,0.28,0.25,135698,137967,127000
39088868,0.2975,-0.8050,-0.4375,-0.0292,0.9733,-0.0346,0.42,0.28,0.25,135708,137995,126991
39109376,-0.2450,-0.8750,-0.3850,-0.0292,0.9733,-0.0348,0.42,0.28,0.25,135704,137986,126990
39128904,-0.1225,-0.6650,-0.3675,-0.0292,0.9734,-0.0348,0.42,0.28,0.25,135701,137981,126992
39159180,0.4200,-0.7175,-0.4025,-0.0293,0.9734,-0.0348,0.42,0.28,0.25,135712,137989,126986
39179688,0.1225,-0.7525,-0.4025,-0.0290,0.9740,-0.0349,0.42,0.28,0.25,135706,137959,126987
39199216,0.2450,-0.7000,-0.3675,-0.0290,0.9742,-0.0349,0.42,0.28,0.25,135705,137951,126981
39219728,0.4550,-0.7525,-0.3150,-0.0293,0.9743,-0.0346,0.42,0.28,0.25,135709,137975,126992
39239256,0.3675,-0.7525,-0.2625,-0.0295,0.9743,-0.0349,0.42,0.28,0.25,135716,137984,126982
39258788,0.3325,-0.5425,-0.2275,-0.0295,0.9743,-0.0353,0.42,0.28,0.25,135708,137999,126991
39279296,0.2800,-0.3850,-0.2800,-0.0295,0.9740,-0.0354,0.42,0.28,0.25,135699,137969,126984
39298828,0.2275,-0.2450,-0.3500,-0.0293,0.9738,-0.0359,0.42,0.28,0.25,135705,137955,126979
39319336,0.2450,-0.3150,-0.3500,-0.0285,0.9733,-0.0357,0.42,0.28,0.25,135708,137965,126987
39338868,0.2100,-0.4900,-0.4375,-0.0283,0.9733,-0.0354,0.42,0.28,0.25,135706,137994,126990
39359376,0.0525,-0.5425,-0.3500,-0.0283,0.9734,-0.0346,0.42,0.28,0.25,135707,137986,126990
39378904,-0.1925,-0.6300,-0.2800,-0.0284,0.9738,-0.0342,0.42,0.28,0.25,135696,137976,126972
39399416,-0.0700,-0.6300,-0.1400,-0.0288,0.9743,-0.0338,0.42,0.28,0.25,135696,137948,126980
39418944,-0.4550,-0.6300,0.0350,-0.0290,0.9747,-0.0339,0.42,0.28,0.25,135700,137965,126987
39439452,-0.7000,-0.5600,0.1225,-0.0292,0.9748,-0.0342,0.42,0.28,0.25,135708,137977,126979
39458984,-0.3675,-0.6300,0.0525,-0.0290,0.9744,-0.0343,0.42,0.28,0.25,135707,137990,126977
39479492,0.1925,-0.4900,-0.0350,-0.0288,0.9738,-0.0348,0.42,0.28,0.25,135701,137965,126976
39499024,0.5250,-0.4550,-0.3500,-0.0289,0.9736,-0.0351,0.42,0.28,0.25,135703,137949,126984
39519532,1.0500,-0.5600,-0.5600,-0.0293,0.9733,-0.0353,0.42,0.28,0.25,135705,137963,126979
39539064,1.1200,-0.6475,-0.8050,-0.0298,0.9738,-0.0348,0.42,0.28,0.25,135708,137990,126988
39559568,1.1025,-0.8575,-0.7700,-0.0301,0.9739,-0.0340,0.42,0.28,0.25,135708,137991,126963
39579100,1.2250,-1.1550,-0.8225,-0.0303,0.9738,-0.0333,0.42,0.28,0.25,135705,137980,126983
39599608,1.4175,-1.3300,-0.6825,-0.0301,0.9738,-0.0325,0.42,0.28,0.25,135705,137963,126997
39619140,1.0150,-1.3475,-0.5950,-0.0298,0.9740,-0.0320,0.42,0.28,0.25,135705,137979,126989
39639648,0.4900,-1.1725,-0.4725,-0.0289,0.9745,-0.0320,0.42,0.28,0.25,135709,137993,126989
39659180,0.6650,-1.0500,-0.3850,-0.0284,0.9749,-0.0321,0.42,0.28,0.25,135710,138002,126995
39679688,0.4375,-0.9100,-0.2625,-0.0282,0.9753,-0.0327,0.42,0.28,0.25,135706,137983,126999
39699216,0.2100,-0.7350,-0.0700,-0.0281,0.9756,-0.0332,0.42,0.28,0.25,135701,137963,126997
39719728,0.2625,-0.5425,0.0525,-0.0281,0.9756,-0.0339,0.42,0.28,0.25,135707,137959,126981
39739256,0.2975,-0.4025,0.2100,-0.0284,0.9758,-0.0345,0.42,0.28,0.25,135705,137989,126997
39758788,0.1925,-0.3150,0.2975,-0.0287,0.9758,-0.0350,0.42,0.28,0.25,135712,138001,126976
39779296,0.6300,-0.3850,0.3850,-0.0290,0.9758,-0.0354,0.42,0.28,0.25,135712,137977,126992
39798828,0.8750,-0.2800,0.2975,-0.0293,0.9758,-0.0357,0.42,0.28,0.25,135709,137969,127002
39819336,0.9625,-0.3325,0.1750,-0.0295,0.9754,-0.0361,0.42,0.28,0.25,135704,137973,126986
39838868,0.9975,-0.2800,0.1225,-0.0296,0.9748,-0.0362,0.42,0.28,0.25,135713,137995,126978
39859376,1.2600,-0.5250,-0.0525,-0.0298,0.9742,-0.0362,0.42,0.28,0.25,135715,138007,126989
39878904,1.4000,-0.5775,-0.3325,-0.0301,0.9730,-0.0364,0.42,0.28,0.25,135710,137996,126998
39899416,0.7525,-0.6650,-0.5775,-0.0304,0.9725,-0.0367,0.42,0.28,0.25,135704,137971,127012
39918944,0.4025,-0.4900,-0.7525,-0.0305,0.9719,-0.0370,0.42,0.28,0.25,135705,137988,127001
39939452,0.4200,-0.3850,-0.7700,-0.0305,0.9715,-0.0371,0.42,0.28,0.25,135709,138011,127004
39958984,0.2800,-0.2275,-0.9450,-0.0304,0.9716,-0.0373,0.42,0.28,0.25,135706,138002,126985
39979492,-0.2625,-0.2625,-0.9975,-0.0300,0.9719,-0.0375,0.42,0.28,0.25,135699,137986,127001
39999024,-0.2450,-0.5600,-0.8050,-0.0295,0.9720,-0.0368,0.42,0.28,0.25,135692,137976,127001
40019532,0.1750,-0.8050,-0.6825,-0.0290,0.9723,-0.0365,0.42,0.28,0.25,135707,137985,127007
40039064,0.1750,-0.9275,-0.5950,-0.0288,0.9728,-0.0362,0.42,0.28,0.25,135706,137999,126997
40059568,0.4200,-0.9800,-0.5250,-0.0287,0.9734,-0.0361,0.42,0.28,0.25,135700,138003,126991
40079100,0.9450,-0.9975,-0.5075,-0.0287,0.9743,-0.0360,0.42,0.28,0.25,135698,137998,126998
40099608,0.3500,-0.9625,-0.4200,-0.0285,0.9749,-0.0364,0.42,0.28,0.25,135700,137971,126999
40119140,0.1400,-0.9100,-0.4025,-0.0283,0.9745,-0.0367,0.42,0.28,0.25,135712,137975,127012
40139648,0.5075,-0.9625,-0.3325,-0.0279,0.9738,-0.0368,0.42,0.28,0.25,135708,138006,126998
40169920,0.7700,-1.1200,-0.4550,-0.0278,0.9736,-0.0365,0.42,0.28,0.25,135704,137982,127006
40190428,0.5600,-1.2950,-0.5775,-0.0278,0.9738,-0.0361,0.42,0.28,0.25,135701,138001,127004
40209960,0.2975,-1.5575,-0.6300,-0.0284,0.9736,-0.0357,0.42,0.28,0.25,135706,138005,127012
40230468,0.3850,-1.7500,-0.5950,-0.0288,0.9733,-0.0356,0.42,0.28,0.25,135701,137976,127006
40250000,0.5250,-1.8900,-0.6125,-0.0290,0.9728,-0.0357,0.42,0.28,0.25,135697,137974,127014
40270508,0.7700,-1.9600,-0.6300,-0.0294,0.9731,-0.0357,0.42,0.28,0.25,135704,137993,127005
40290040,0.9975,-1.9075,-0.6825,-0.0298,0.9736,-0.0359,0.42,0.28,0.25,135704,138012,127013
40310544,0.8225,-1.9950,-0.8050,-0.0298,0.9739,-0.0361,0.42,0.28,0.25,135710,138005,126999
40330080,0.4900,-1.8550,-0.7350,-0.0298,0.9738,-0.0366,0.42,0.28,0.25,135711,137994,127011
40350584,0.6475,-1.8200,-0.7175,-0.0299,0.9733,-0.0368,0.42,0.28,0.25,135705,137982,127022
40370116,0.5775,-1.7675,-0.7875,-0.0300,0.9731,-0.0371,0.42,0.28,0.25,135706,137994,127019
40390624,0.4375,-1.7500,-0.7875,-0.0303,0.9732,-0.0372,0.42,0.28,0.25,135708,138008,127006
40410156,0.3150,-1.6100,-0.7875,-0.0305,0.9733,-0.0375,0.42,0.28,0.25,135713,138012,127011
40430664,0.2275,-1.5400,-0.7875,-0.0307,0.9734,-0.0379,0.42,0.28,0.25,135708,137992,127011
40450196,0.2800,-1.5575,-0.7525,-0.0310,0.9737,-0.0379,0.42,0.28,0.25,135709,137981,127018
40470704,0.5775,-1.5575,-0.7000,-0.0310,0.9737,-0.0378,0.42,0.28,0.25,135710,138002,127001
40490232,0.5950,-1.6275,-0.7000,-0.0311,0.9738,-0.0378,0.42,0.28,0.25,135712,138015,127012
40510744,0.5075,-1.5925,-0.6300,-0.0312,0.9738,-0.0381,0.42,0.28,0.25,135711,138012,127013
40530272,0.6125,-1.5750,-0.5950,-0.0316,0.9736,-0.0381,0.42,0.28,0.25,135717,137993,127012
40549804,0.8575,-1.5575,-0.7175,-0.0320,0.9737,-0.0382,0.42,0.28,0.25,135707,137990,127034
40570312,0.7175,-1.4175,-0.8050,-0.0325,0.9743,-0.0386,0.42,0.28,0.25,135712,138004,127008
40589844,0.7700,-1.2775,-0.8400,-0.0326,0.9744,-0.0389,0.42,0.28,0.25,135710,138011,127010
40610352,0.7175,-1.2775,-0.8400,-0.0327,0.9743,-0.0389,0.42,0.28,0.25,135710,138020,127008
40629880,0.8750,-1.4175,-0.7875,-0.0327,0.9740,-0.0389,0.42,0.28,0.25,135712,138008,127008
40650392,0.8750,-1.4175,-0.7000,-0.0325,0.9739,-0.0387,0.42,0.28,0.25,135702,137989,127020
40669920,1.0675,-1.5050,-0.5250,-0.0325,0.9739,-0.0382,0.42,0.28,0.25,135711,137999,127017
40690428,0.9100,-1.5925,-0.4025,-0.0327,0.9744,-0.0381,0.42,0.28,0.25,135716,138019,127025
40709960,0.9800,-1.4700,-0.3150,-0.0329,0.9751,-0.0381,0.42,0.28,0.25,135718,138031,127022
40730468,1.0500,-1.4875,-0.2100,-0.0332,0.9755,-0.0383,0.42,0.28,0.25,135716,138000,127021
40750000,1.0675,-1.4000,-0.2275,-0.0334,0.9755,-0.0387,0.42,0.28,0.25,135719,137993,127025
40770508,1.1025,-1.2075,-0.1925,-0.0336,0.9753,-0.0392,0.42,0.28,0.25,135721,138009,127036
40790040,0.9450,-1.1025,-0.1575,-0.0339,0.9749,-0.0399,0.42,0.28,0.25,135726,138023,127033
40810544,0.9975,-1.0675,-0.1750,-0.0340,0.9745,-0.0401,0.42,0.28,0.25,135720,138016,127026
40830080,1.0150,-1.0325,-0.1575,-0.0342,0.9740,-0.0405,0.42,0.28,0.25,135723,138013,127028
40850584,0.5950,-1.1200,-0.1925,-0.0342,0.9736,-0.0411,0.42,0.28,0.25,135717,137996,127042
40870116,0.4900,-1.1025,-0.2625,-0.0342,0.9730,-0.0417,0.42,0.28,0.25,135724,138014,127026
40890624,1.1200,-1.1025,-0.4900,-0.0339,0.9726,-0.0421,0.42,0.28,0.25,135727,138028,127029
40910156,1.0150,-1.1550,-0.5425,-0.0339,0.9728,-0.0423,0.42,0.28,0.25,135724,138029,127043
40930664,0.7350,-1.1900,-0.5775,-0.0340,0.9731,-0.0422,0.42,0.28,0.25,135719,138008,127034
40950196,0.7000,-1.1725,-0.5075,-0.0340,0.9733,-0.0420,0.42,0.28,0.25,135720,137990,127042
40970704,1.0150,-1.1550,-0.4550,-0.0342,0.9733,-0.0417,0.42,0.28,0.25,135722,138019,127046
40990232,1.0675,-1.1725,-0.3675,-0.0344,0.9733,-0.0417,0.42,0.28,0.25,135716,138031,127051
41010744,0.2975,-1.0325,-0.2100,-0.0346,0.9734,-0.0422,0.42,0.28,0.25,135725,138035,127046
41030272,0.3150,-0.9275,-0.1575,-0.0349,0.9736,-0.0425,0.42,0.28,0.25,135723,138013,127051
41049804,0.4375,-0.8925,-0.1050,-0.0350,0.9733,-0.0426,0.42,0.28,0.25,135727,138002,127055
41070312,-0.0700,-0.6650,-0.0350,-0.0349,0.9733,-0.0427,0.42,0.28,0.25,135732,138003,127046
41089844,-0.7350,-0.4550,0.0175,-0.0346,0.9732,-0.0432,0.42,0.28,0.25,135728,138023,127033
41110352,-0.9100,-0.3850,0.0000,-0.0344,0.9730,-0.0434,0.42,0.28,0.25,135731,138025,127033
41129880,-0.3500,-0.2275,-0.1050,-0.0339,0.9728,-0.0436,0.42,0.28,0.25,135726,138005,127033
41150392,-0.4200,-0.0700,-0.1575,-0.0340,0.9730,-0.0438,0.42,0.28,0.25,135724,138000,127037
41180664,-0.7700,0.1050,-0.2275,-0.0343,0.9730,-0.0442,0.42,0.28,0.25,135724,138002,127027
41200196,-0.3500,0.0525,-0.2450,-0.0345,0.9728,-0.0440,0.42,0.28,0.25,135727,137985,127025
41220704,-0.1225,0.0525,-0.2450,-0.0345,0.9730,-0.0439,0.42,0.28,0.25,135724,137998,127019
41240232,-0.1925,0.1750,-0.4200,-0.0344,0.9731,-0.0437,0.42,0.28,0.25,135724,138022,127029
41260744,-0.2625,0.1050,-0.4375,-0.0342,0.9728,-0.0433,0.42,0.28,0.25,135727,138013,127007
41280272,-0.0525,-0.0175,-0.5600,-0.0337,0.9723,-0.0427,0.42,0.28,0.25,135719,138015,127025
41299804,0.0350,-0.1225,-0.4200,-0.0332,0.9722,-0.0418,0.42,0.28,0.25,135712,137981,127020
41320312,0.0700,-0.2800,-0.3850,-0.0329,0.9726,-0.0411,0.42,0.28,0.25,135719,137998,127032
41339844,-0.2450,-0.4375,-0.2800,-0.0329,0.9732,-0.0405,0.42,0.28,0.25,135720,138014,127021
41360352,-0.4550,-0.5775,-0.0875,-0.0332,0.9740,-0.0400,0.42,0.28,0.25,135719,138023,127020
41379880,0.0000,-0.4900,0.0700,-0.0332,0.9745,-0.0398,0.42,0.28,0.25,135716,138008,127011
41400392,0.1400,-0.4550,0.0000,-0.0336,0.9751,-0.0395,0.42,0.28,0.25,135712,137983,127031
41419920,-0.2100,-0.4725,0.0175,-0.0337,0.9754,-0.0398,0.42,0.28,0.25,135717,137988,127032
41440428,-0.1400,-0.5250,0.0175,-0.0336,0.9748,-0.0400,0.42,0.28,0.25,135723,138023,127017
41459960,0.1225,-0.5250,0.0875,-0.0336,0.9742,-0.0400,0.42,0.28,0.25,135722,138021,127015
41480468,-0.0350,-0.6125,-0.1575,-0.0334,0.9738,-0.0400,0.42,0.28,0.25,135719,137997,127025
41500000,0.0350,-0.5425,-0.1750,-0.0334,0.9737,-0.0400,0.42,0.28,0.25,135719,137983,127025
41520508,-0.0350,-0.5775,-0.2275,-0.0334,0.9734,-0.0403,0.42,0.28,0.25,135724,137991,127015
41540040,-0.0875,-0.4725,-0.1925,-0.0332,0.9732,-0.0404,0.42,0.28,0.25,135729,138005,127015
41560544,0.2450,-0.4900,-0.1750,-0.0332,0.9730,-0.0405,0.42,0.28,0.25,135719,138005,127017
41580080,0.1925,-0.3850,-0.2275,-0.0332,0.9728,-0.0407,0.42,0.28,0.25,135720,137999,127010
41600584,-0.3675,-0.1925,-0.2450,-0.0334,0.9736,-0.0407,0.42,0.28,0.25,135714,137984,127014
41620116,-0.1400,-0.2100,-0.1925,-0.0336,0.9739,-0.0405,0.42,0.28,0.25,135715,137982,127016
41640624,0.5425,-0.0875,-0.1750,-0.0336,0.9739,-0.0403,0.42,0.28,0.25,135717,138005,127002
41660156,0.2100,-0.0700,-0.1750,-0.0336,0.9738,-0.0400,0.42,0.28,0.25,135719,138009,127004
41680664,-0.4200,-0.0700,-0.1750,-0.0336,0.9738,-0.0399,0.42,0.28,0.25,135719,137981,127010
41700196,-0.2800,-0.1400,-0.1400,-0.0333,0.9737,-0.0395,0.42,0.28,0.25,135710,137980,127029
41720704,-0.0175,-0.1050,-0.1575,-0.0333,0.9736,-0.0393,0.42,0.28,0.25,135723,137978,127014
41740232,-0.2100,-0.1050,-0.1400,-0.0332,0.9737,-0.0392,0.42,0.28,0.25,135714,137996,127016
41760744,-0.3325,-0.0700,-0.1225,-0.0329,0.9737,-0.0390,0.42,0.28,0.25,135713,138005,127002
41780272,-0.2975,-0.1050,-0.0700,-0.0327,0.9736,-0.0390,0.42,0.28,0.25,135711,137995,127005
41799804,0.0175,-0.1575,-0.1050,-0.0325,0.9737,-0.0390,0.42,0.28,0.25,135714,137976,127014
41820312,0.1750,-0.1225,-0.1400,-0.0323,0.9740,-0.0389,0.42,0.28,0.25,135709,137992,127021
41839844,-0.2450,-0.1225,-0.1575,-0.0322,0.9740,-0.0388,0.42,0.28,0.25,135714,138001,127002
41860352,-0.3675,-0.2625,-0.1050,-0.0323,0.9738,-0.0387,0.42,0.28,0.25,135719,138009,126994
41879880,-0.0875,-0.2625,-0.1050,-0.0325,0.9737,-0.0383,0.42,0.28,0.25,135716,137997,126997
41900392,0.0875,-0.2100,-0.1750,-0.0323,0.9738,-0.0378,0.42,0.28,0.25,135707,137971,127010
41919920,0.0175,-0.1925,-0.2275,-0.0325,0.9742,-0.0378,0.42,0.28,0.25,135709,137980,127006
41940428,-0.4550,-0.1575,-0.2450,-0.0321,0.9738,-0.0379,0.42,0.28,0.25,135718,137999,127002
41959960,-0.4025,-0.2275,-0.1925,-0.0316,0.9732,-0.0377,0.42,0.28,0.25,135709,138006,126995
41980468,0.0175,-0.4200,-0.1400,-0.0314,0.9732,-0.0372,0.42,0.28,0.25,135706,137988,126998
42000000,-0.2275,-0.4900,-0.1225,-0.0312,0.9736,-0.0368,0.42,0.28,0.25,135707,137969,127002
42020508,-0.1400,-0.6125,-0.1050,-0.0311,0.9740,-0.0366,0.42,0.28,0.25,135715,137977,126997
42040040,0.4725,-0.5425,0.0175,-0.0314,0.9743,-0.0360,0.42,0.28,0.25,135712,138000,126995
42060544,0.2975,-0.5425,0.1050,-0.0316,0.9749,-0.0361,0.42,0.28,0.25,135715,138004,127001
42080080,-0.2450,-0.3675,0.0525,-0.0317,0.9748,-0.0364,0.42,0.28,0.25,135711,137996,127001
42100584,-0.1925,-0.2625,0.0350,-0.0317,0.9742,-0.0366,0.42,0.28,0.25,135712,137969,126994
42120116,0.1225,-0.2450,-0.0875,-0.0316,0.9733,-0.0368,0.42,0.28,0.25,135709,137974,126993
42140624,0.1750,-0.1400,-0.1750,-0.0314,0.9730,-0.0368,0.42,0.28,0.25,135714,138009,126978
42160156,-0.0700,-0.0875,-0.4550,-0.0312,0.9728,-0.0367,0.42,0.28,0.25,135714,138009,126978
42190428,-0.1925,-0.1750,-0.5075,-0.0310,0.9731,-0.0366,0.42,0.28,0.25,135710,137988,126977
42209960,-0.1925,-0.2800,-0.4025,-0.0311,0.9732,-0.0362,0.42,0.28,0.25,135703,138004,126982
42230468,-0.3325,-0.3850,-0.3150,-0.0312,0.9734,-0.0359,0.42,0.28,0.25,135704,137978,126975
42250000,-0.1925,-0.4900,-0.2800,-0.0311,0.9736,-0.0356,0.42,0.28,0.25,135707,137970,126988
42270508,0.2625,-0.5600,-0.1575,-0.0310,0.9739,-0.0354,0.42,0.28,0.25,135707,137964,126993
42290040,0.2100,-0.7000,-0.1400,-0.0307,0.9745,-0.0351,0.42,0.28,0.25,135703,137995,126997
42310544,0.1225,-0.5950,-0.1750,-0.0305,0.9747,-0.0350,0.42,0.28,0.25,135710,137994,126977
42330080,0.2275,-0.6650,-0.1575,-0.0304,0.9744,-0.0350,0.42,0.28,0.25,135713,137977,126986
42350584,0.3500,-0.6475,-0.2100,-0.0305,0.9740,-0.0350,0.42,0.28,0.25,135700,137963,126984
42370116,0.4025,-0.6650,-0.2100,-0.0305,0.9740,-0.0349,0.42,0.28,0.25,135700,137972,126993
42390624,-0.0875,-0.7175,-0.2275,-0.0307,0.9740,-0.0349,0.42,0.28,0.25,135713,137989,126986
42410156,-0.3500,-0.7700,-0.1050,-0.0310,0.9739,-0.0348,0.42,0.28,0.25,135708,137991,126986
42430664,-0.5250,-0.7350,-0.1575,-0.0310,0.9738,-0.0346,0.42,0.28,0.25,135705,137973,126992
42450196,-0.2100,-0.7350,-0.1750,-0.0309,0.9737,-0.0346,0.42,0.28,0.25,135705,137967,126989
42470704,0.0525,-0.6475,-0.2100,-0.0307,0.9736,-0.0350,0.42,0.28,0.25,135710,137974,126980
42490232,0.1400,-0.6650,-0.2975,-0.0306,0.9737,-0.0351,0.42,0.28,0.25,135714,137981,126979
42510744,0.1750,-0.6300,-0.4025,-0.0309,0.9737,-0.0350,0.42,0.28,0.25,135711,137992,126969
42530272,0.4725,-0.6125,-0.4900,-0.0314,0.9736,-0.0349,0.42,0.28,0.25,135712,137978,126988
42549804,0.4200,-0.5600,-0.5425,-0.0317,0.9736,-0.0349,0.42,0.28,0.25,135702,137960,126980
42570312,-0.0175,-0.4550,-0.5600,-0.0317,0.9738,-0.0350,0.42,0.28,0.25,135706,137967,126987
42589844,-0.1225,-0.3500,-0.5425,-0.0316,0.9739,-0.0349,0.42,0.28,0.25,135703,137984,126980
42610352,0.1575,-0.4025,-0.4200,-0.0314,0.9740,-0.0349,0.42,0.28,0.25,135710,137991,126973
42629880,0.2975,-0.4200,-0.2975,-0.0305,0.9738,-0.0348,0.42,0.28,0.25,135703,137979,126981
42650392,0.2975,-0.4725,-0.2100,-0.0299,0.9738,-0.0346,0.42,0.28,0.25,135700,137959,126987
42669920,0.1925,-0.5425,-0.1400,-0.0296,0.9740,-0.0343,0.42,0.28,0.25,135698,137957,126989
42690428,0.2975,-0.5950,-0.0700,-0.0298,0.9744,-0.0338,0.42,0.28,0.25,135709,137976,126983
42709960,0.2275,-0.6825,0.0000,-0.0300,0.9748,-0.0334,0.42,0.28,0.25,135706,137996,126975
42730468,0.3850,-0.6125,-0.0175,-0.0303,0.9749,-0.0333,0.42,0.28,0.25,135704,137976,126980
42750000,0.2800,-0.4900,-0.0350,-0.0305,0.9748,-0.0334,0.42,0.28,0.25,135704,137965,126981
42770508,0.1750,-0.4200,-0.0700,-0.0307,0.9745,-0.0337,0.42,0.28,0.25,135703,137967,126984
42790040,0.0875,-0.4550,-0.1925,-0.0307,0.9740,-0.0339,0.42,0.28,0.25,135705,137981,126984
42810544,0.0175,-0.4900,-0.2450,-0.0307,0.9736,-0.0339,0.42,0.28,0.25,135715,137994,126964
42830080,0.1050,-0.4900,-0.4375,-0.0306,0.9732,-0.0339,0.42,0.28,0.25,135703,137977,126976
42850584,0.0000,-0.5425,-0.4900,-0.0304,0.9726,-0.0339,0.42,0.28,0.25,135704,137965,126981
42870116,0.2450,-0.6475,-0.5600,-0.0304,0.9727,-0.0336,0.42,0.28,0.25,135698,137962,126983
42890624,0.3325,-0.7525,-0.5950,-0.0305,0.9731,-0.0334,0.42,0.28,0.25,135703,137993,126981
42910156,0.2450,-0.8925,-0.5250,-0.0306,0.9733,-0.0334,0.42,0.28,0.25,135698,137988,126962
42930664,0.1050,-0.9100,-0.5250,-0.0307,0.9738,-0.0334,0.42,0.28,0.25,135707,137980,126980
42950196,0.6300,-0.8750,-0.3675,-0.0307,0.9744,-0.0333,0.42,0.28,0.25,135698,137961,126984
42970704,0.6125,-0.8050,-0.1925,-0.0307,0.9753,-0.0334,0.42,0.28,0.25,135701,137963,126994
42990232,0.4725,-0.8225,-0.0525,-0.0306,0.9754,-0.0334,0.42,0.28,0.25,135700,137980,126975
43010744,0.3150,-0.6825,-0.0350,-0.0305,0.9751,-0.0334,0.42,0.28,0.25,135703,137996,126964
43030272,0.3325,-0.7700,0.0525,-0.0304,0.9749,-0.0336,0.42,0.28,0.25,135704,137970,126977
43049804,0.0875,-0.7175,0.0350,-0.0301,0.9745,-0.0337,0.42,0.28,0.25,135696,137957,126976
43070312,0.0700,-0.7000,-0.0700,-0.0303,0.9740,-0.0337,0.42,0.28,0.25,135698,137970,126988
43089844,0.4025,-0.7525,-0.1750,-0.0303,0.9734,-0.0338,0.42,0.28,0.25,135709,137987,126981
43110352,0.2450,-0.5950,-0.2625,-0.0303,0.9734,-0.0339,0.42,0.28,0.25,135711,137993,126984
43129880,0.0175,-0.6125,-0.3675,-0.0304,0.9736,-0.0338,0.42,0.28,0.25,135698,137979,126963
43150392,0.1400,-0.7525,-0.3325,-0.0305,0.9736,-0.0337,0.42,0.28,0.25,135695,137961,126994
43169920,0.2625,-0.7350,-0.4025,-0.0305,0.9734,-0.0334,0.42,0.28,0.25,135699,137957,126979
43200196,0.3850,-0.7000,-0.3850,-0.0309,0.9733,-0.0333,0.42,0.28,0.25,135705,137948,126978
43220704,0.0875,-0.7875,-0.4025,-0.0309,0.9734,-0.0337,0.42,0.28,0.25,135703,137960,126980
43240232,0.0000,-0.6300,-0.5075,-0.0307,0.9734,-0.0339,0.42,0.28,0.25,135706,137974,126977
43260744,0.1050,-0.5250,-0.5600,-0.0307,0.9736,-0.0340,0.42,0.28,0.25,135711,137992,126954
43280272,0.1225,-0.3150,-0.5950,-0.0305,0.9737,-0.0340,0.42,0.28,0.25,135709,137979,126966
43299804,-0.1400,-0.4025,-0.5425,-0.0299,0.9736,-0.0339,0.42,0.28,0.25,135708,137961,126981
43320312,0.4025,-0.6300,-0.4025,-0.0295,0.9736,-0.0332,0.42,0.28,0.25,135701,137959,126979
43339844,0.3150,-0.6825,-0.2800,-0.0295,0.9738,-0.0328,0.42,0.28,0.25,135705,137974,126977
43360352,0.2450,-0.8225,-0.1400,-0.0298,0.9744,-0.0326,0.42,0.28,0.25,135704,137990,126969
43379880,0.2975,-0.8575,0.0000,-0.0300,0.9750,-0.0322,0.42,0.28,0.25,135705,137983,126971
43400392,0.4725,-0.7700,-0.0175,-0.0304,0.9754,-0.0322,0.42,0.28,0.25,135706,137958,126972
43419920,0.0875,-0.7525,0.0525,-0.0303,0.9754,-0.0325,0.42,0.28,0.25,135699,137952,126991
43440428,0.0525,-0.7175,-0.0700,-0.0303,0.9747,-0.0327,0.42,0.28,0.25,135704,137970,126983
43459960,0.2450,-0.5950,-0.1925,-0.0300,0.9739,-0.0329,0.42,0.28,0.25,135704,137995,126968
43480468,0.1750,-0.5600,-0.3850,-0.0299,0.9733,-0.0333,0.42,0.28,0.25,135704,137981,126968
43500000,0.0525,-0.5250,-0.4725,-0.0300,0.9731,-0.0334,0.42,0.28,0.25,135707,137960,126972
43520508,0.1400,-0.5250,-0.5425,-0.0301,0.9731,-0.0337,0.42,0.28,0.25,135701,137955,126979
43540040,0.3500,-0.5950,-0.5425,-0.0304,0.9731,-0.0338,0.42,0.28,0.25,135704,137979,126979
43560544,0.2100,-0.6300,-0.4900,-0.0307,0.9734,-0.0342,0.42,0.28,0.25,135700,137986,126972
43580080,0.2975,-0.7000,-0.3500,-0.0309,0.9738,-0.0340,0.42,0.28,0.25,135707,137977,126973
43600584,0.5075,-0.6825,-0.2625,-0.0307,0.9742,-0.0339,0.42,0.28,0.25,135701,137959,126989
43620116,0.7525,-0.8225,-0.2450,-0.0307,0.9744,-0.0336,0.42,0.28,0.25,135703,137953,126979
43640624,0.8750,-0.7875,-0.2100,-0.0306,0.9745,-0.0334,0.42,0.28,0.25,135705,137980,126980
43660156,0.6300,-0.7525,-0.3150,-0.0305,0.9743,-0.0332,0.42,0.28,0.25,135704,137991,126966
43680664,0.2450,-0.8750,-0.3500,-0.0304,0.9739,-0.0329,0.42,0.28,0.25,135709,137980,126977
43700196,0.1925,-0.9100,-0.4900,-0.0304,0.9734,-0.0328,0.42,0.28,0.25,135699,137966,126983
43720704,0.2100,-0.9975,-0.5950,-0.0303,0.9730,-0.0329,0.42,0.28,0.25,135703,137960,126993
43740232,0.0350,-1.0675,-0.6475,-0.0303,0.9728,-0.0329,0.42,0.28,0.25,135707,137977,126989
43760744,0.1575,-1.0150,-0.6650,-0.0304,0.9730,-0.0329,0.42,0.28,0.25,135717,138000,126982
43780272,0.2450,-1.0325,-0.6125,-0.0306,0.9736,-0.0329,0.42,0.28,0.25,135708,137982,126972
43799804,0.2100,-1.0500,-0.5950,-0.0305,0.9739,-0.0333,0.42,0.28,0.25,135707,137962,126988
43820312,0.7175,-1.0675,-0.4725,-0.0305,0.9743,-0.0334,0.42,0.28,0.25,135699,137963,126987
43839844,1.1550,-1.0150,-0.4900,-0.0306,0.9747,-0.0337,0.42,0.28,0.25,135704,137976,126988
43860352,0.8050,-0.9975,-0.4725,-0.0305,0.9749,-0.0338,0.42,0.28,0.25,135709,137990,126969
43879880,0.4200,-0.9975,-0.3850,-0.0304,0.9747,-0.0337,0.42,0.28,0.25,135707,137981,126971
43900392,1.1375,-1.2425,-0.4900,-0.0305,0.9738,-0.0332,0.42,0.28,0.25,135703,137963,126994
43919920,1.0850,-1.2950,-0.6125,-0.0307,0.9738,-0.0331,0.42,0.28,0.25,135701,137969,126989
43940428,0.7700,-1.1900,-0.7875,-0.0309,0.9739,-0.0332,0.42,0.28,0.25,135709,137981,126989
43959960,0.5075,-1.2425,-0.8750,-0.0310,0.9737,-0.0334,0.42,0.28,0.25,135711,137999,126981
43980468,0.8750,-1.3650,-0.9100,-0.0309,0.9733,-0.0333,0.42,0.28,0.25,135702,137987,126986
44000000,0.4900,-1.4175,-0.8575,-0.0307,0.9731,-0.0332,0.42,0.28,0.25,135701,137970,126996
44020508,0.1750,-1.5575,-0.6650,-0.0305,0.9731,-0.0333,0.42,0.28,0.25,135699,137967,126976
44040040,0.5425,-1.6625,-0.5950,-0.0304,0.9733,-0.0332,0.42,0.28,0.25,135702,138000,126990
44060544,1.2250,-1.6450,-0.5600,-0.0306,0.9738,-0.0329,0.42,0.28,0.25,135711,138015,126986
44080080,1.1200,-1.6800,-0.4375,-0.0309,0.9748,-0.0329,0.42,0.28,0.25,135707,138003,126984
44100584,0.8925,-1.6275,-0.3675,-0.0312,0.9755,-0.0334,0.42,0.28,0.25,135702,137972,126996
44120116,0.9450,-1.4875,-0.3150,-0.0317,0.9754,-0.0342,0.42,0.28,0.25,135705,137966,126988
44140624,1.2950,-1.4700,-0.3150,-0.0320,0.9749,-0.0346,0.42,0.28,0.25,135714,137992,127003
44160156,1.1375,-1.3650,-0.4025,-0.0320,0.9743,-0.0351,0.42,0.28,0.25,135722,138008,127001
44180664,0.8575,-1.4000,-0.4200,-0.0321,0.9738,-0.0354,0.42,0.28,0.25,135713,138002,127003
44210936,0.9800,-1.4700,-0.5950,-0.0322,0.9733,-0.0356,0.42,0.28,0.25,135711,138009,127004
44231444,1.0675,-1.5050,-0.7350,-0.0325,0.9731,-0.0361,0.42,0.28,0.25,135713,137998,127019
44250976,0.8225,-1.6100,-0.7875,-0.0327,0.9731,-0.0365,0.42,0.28,0.25,135706,137983,127010
44271484,0.6650,-1.5400,-0.7000,-0.0329,0.9730,-0.0367,0.42,0.28,0.25,135716,137986,127008
44291016,0.8225,-1.6275,-0.6825,-0.0332,0.9731,-0.0367,0.42,0.28,0.25,135721,138003,127015
44311524,1.2600,-1.6625,-0.7000,-0.0334,0.9733,-0.0368,0.42,0.28,0.25,135718,138009,127004
44331056,1.2075,-1.5925,-0.7175,-0.0336,0.9737,-0.0370,0.42,0.28,0.25,135717,137999,127010
44351560,0.9275,-1.5225,-0.6825,-0.0336,0.9740,-0.0371,0.42,0.28,0.25,135719,137988,127019
44371092,0.8925,-1.6275,-0.6125,-0.0337,0.9739,-0.0372,0.42,0.28,0.25,135710,137993,127018
44391600,1.1025,-1.5575,-0.5425,-0.0337,0.9738,-0.0373,0.42,0.28,0.25,135719,138001,127015
44411132,0.7525,-1.6275,-0.4200,-0.0339,0.9737,-0.0377,0.42,0.28,0.25,135719,138015,127012
44431640,0.5425,-1.5050,-0.4375,-0.0340,0.9736,-0.0379,0.42,0.28,0.25,135718,138001,127028
44451172,0.7700,-1.4875,-0.4025,-0.0344,0.9738,-0.0383,0.42,0.28,0.25,135715,137998,127019
44471680,0.6300,-1.3475,-0.3150,-0.0344,0.9740,-0.0387,0.42,0.28,0.25,135719,137993,127025
44491208,0.7175,-1.3650,-0.2625,-0.0343,0.9743,-0.0389,0.42,0.28,0.25,135728,138011,127015
44511720,0.8050,-1.2950,-0.3150,-0.0342,0.9743,-0.0392,0.42,0.28,0.25,135723,138027,127022
44531248,1.1550,-1.1200,-0.2975,-0.0342,0.9743,-0.0394,0.42,0.28,0.25,135726,138009,127028
44551756,1.0325,-1.3300,-0.2100,-0.0344,0.9742,-0.0395,0.42,0.28,0.25,135728,137986,127034
44571288,0.8400,-1.2075,-0.2450,-0.0346,0.9737,-0.0397,0.42,0.28,0.25,135722,137997,127044
44590820,0.9625,-1.2250,-0.2800,-0.0351,0.9737,-0.0398,0.42,0.28,0.25,135724,138014,127037
44611328,0.9625,-1.1725,-0.4025,-0.0351,0.9736,-0.0401,0.42,0.28,0.25,135725,138031,127022
44630860,0.6650,-1.0325,-0.5425,-0.0351,0.9733,-0.0405,0.42,0.28,0.25,135723,138017,127038
44651368,0.3500,-0.9625,-0.5950,-0.0349,0.9727,-0.0410,0.42,0.28,0.25,135726,138000,127042
44670896,0.5600,-0.9100,-0.7175,-0.0345,0.9720,-0.0412,0.42,0.28,0.25,135718,138006,127037
44691408,0.4200,-0.9100,-0.6125,-0.0342,0.9716,-0.0412,0.42,0.28,0.25,135728,138027,127038
44710936,0.2800,-0.9275,-0.6475,-0.0342,0.9720,-0.0411,0.42,0.28,0.25,135732,138026,127029
44731444,0.1050,-0.9100,-0.4900,-0.0344,0.9727,-0.0410,0.42,0.28,0.25,135728,138025,127035
44750976,0.1050,-0.8575,-0.3850,-0.0349,0.9736,-0.0407,0.42,0.28,0.25,135719,138003,127028
44771484,0.1925,-0.7700,-0.2100,-0.0353,0.9744,-0.0407,0.42,0.28,0.25,135722,137996,127045
44791016,0.6300,-0.6125,-0.0875,-0.0356,0.9749,-0.0409,0.42,0.28,0.25,135726,138012,127037
44811524,0.4725,-0.5425,0.0700,-0.0359,0.9754,-0.0412,0.43,0.28,0.25,135730,138042,127031
44831056,-0.0700,-0.4375,0.1575,-0.0360,0.9751,-0.0417,0.42,0.28,0.25,135729,138020,127034
44851560,-0.1925,-0.3850,0.1575,-0.0360,0.9745,-0.0420,0.42,0.28,0.25,135726,138008,127042
44871092,0.2625,-0.3500,0.1575,-0.0357,0.9740,-0.0421,0.42,0.28,0.25,135729,137999,127046
44891600,0.3500,-0.1750,0.0875,-0.0355,0.9738,-0.0421,0.42,0.28,0.25,135730,138026,127026
44911132,-0.0525,-0.1575,-0.0175,-0.0355,0.9736,-0.0422,0.42,0.28,0.25,135731,138030,127032
44931640,0.0350,-0.2275,-0.0700,-0.0355,0.9730,-0.0422,0.42,0.28,0.25,135726,138012,127042
44951172,0.1050,-0.1050,-0.0700,-0.0356,0.9726,-0.0426,0.42,0.28,0.25,135714,137994,127040
44971680,-0.3850,0.0000,-0.0175,-0.0356,0.9726,-0.0429,0.42,0.28,0.25,135720,137992,127037
44991208,-0.5250,0.0350,-0.1225,-0.0356,0.9726,-0.0431,0.42,0.28,0.25,135729,138014,127032
45011720,-0.3325,0.1925,-0.3150,-0.0354,0.9727,-0.0427,0.42,0.28,0.25,135725,138025,127028
45031248,-0.1750,0.0700,-0.2975,-0.0350,0.9728,-0.0420,0.42,0.28,0.25,135716,138011,127028
45051756,-0.0700,0.0175,-0.3325,-0.0348,0.9728,-0.0415,0.42,0.28,0.25,135718,137999,127033
45071288,-0.0700,0.0175,-0.2800,-0.0348,0.9728,-0.0411,0.42,0.28,0.25,135714,137989,127025
45090820,-0.3325,-0.1575,-0.1575,-0.0348,0.9730,-0.0407,0.42,0.28,0.25,135717,138005,127033
45111328,-0.4550,-0.2625,-0.1750,-0.0349,0.9732,-0.0403,0.42,0.28,0.25,135727,138023,127020
45130860,-0.2100,-0.3325,-0.1225,-0.0351,0.9733,-0.0400,0.42,0.28,0.25,135721,138004,127008
45151368,-0.7525,-0.2275,0.0350,-0.0348,0.9736,-0.0400,0.42,0.28,0.25,135715,137983,127018
45170896,-0.9100,-0.2275,0.1225,-0.0344,0.9736,-0.0401,0.42,0.28,0.25,135715,137980,127024
45191408,-0.5250,-0.2275,0.0875,-0.0340,0.9736,-0.0401,0.42,0.28,0.25,135722,137990,127019
45221680,-0.1575,-0.0875,-0.0350,-0.0337,0.9738,-0.0400,0.42,0.28,0.25,135714,137989,127018
45241208,-0.6825,-0.0175,-0.1050,-0.0336,0.9739,-0.0400,0.42,0.28,0.25,135724,137998,127016
45261720,-0.5600,-0.1400,-0.0525,-0.0336,0.9733,-0.0393,0.42,0.28,0.25,135721,138007,127010
45281248,-0.1925,-0.2800,-0.0875,-0.0338,0.9732,-0.0387,0.42,0.28,0.25,135715,137999,127004
45301756,-0.4200,-0.2275,-0.1400,-0.0339,0.9734,-0.0384,0.42,0.28,0.25,135715,137989,127012
45321288,-0.6650,-0.2100,-0.1575,-0.0339,0.9736,-0.0386,0.42,0.28,0.25,135716,137977,127005
45340820,-0.4900,-0.0175,-0.2625,-0.0339,0.9733,-0.0384,0.42,0.28,0.25,135714,137995,127005
45361328,0.0175,0.0175,-0.2450,-0.0338,0.9732,-0.0383,0.42,0.28,0.25,135715,138004,127003
45380860,-0.6650,0.0350,-0.1925,-0.0331,0.9730,-0.0383,0.42,0.28,0.25,135719,137996,126998
45401368,-0.7175,-0.0525,-0.1575,-0.0327,0.9728,-0.0379,0.42,0.28,0.25,135714,137965,126997
45420896,-0.0875,-0.0700,-0.1750,-0.0326,0.9728,-0.0373,0.42,0.28,0.25,135712,137971,126992
45441408,0.1575,-0.1050,-0.1750,-0.0327,0.9732,-0.0367,0.42,0.28,0.25,135710,137993,127002
45460936,-0.1575,-0.1225,-0.1575,-0.0328,0.9737,-0.0362,0.42,0.28,0.25,135714,138003,126986
45481444,-0.4200,-0.1050,-0.2100,-0.0332,0.9743,-0.0356,0.42,0.28,0.25,135712,137987,126997
45500976,-0.3325,-0.0350,-0.1750,-0.0332,0.9742,-0.0353,0.42,0.28,0.25,135714,137974,127014
45521484,-0.4550,-0.1225,-0.1575,-0.0333,0.9742,-0.0353,0.42,0.28,0.25,135705,137967,127013
45541016,-0.6300,-0.0875,-0.1575,-0.0332,0.9742,-0.0353,0.42,0.28,0.25,135710,137986,126988
45561524,-0.3325,-0.0875,-0.0350,-0.0331,0.9743,-0.0350,0.42,0.28,0.25,135722,137995,126981
45581056,-0.1050,-0.1400,-0.0700,-0.0329,0.9743,-0.0350,0.42,0.28,0.25,135706,137998,126995
45601560,0.1925,-0.2450,-0.0175,-0.0326,0.9744,-0.0350,0.42,0.28,0.25,135710,137966,126990
45621092,0.3150,-0.1750,-0.0175,-0.0325,0.9748,-0.0349,0.42,0.28,0.25,135706,137971,126994
45641600,0.0700,-0.2450,0.0700,-0.0325,0.9750,-0.0349,0.42,0.28,0.25,135708,137980,126993
45661132,0.0175,-0.2275,0.0700,-0.0323,0.9748,-0.0349,0.42,0.28,0.25,135710,138005,126991
45681640,0.4900,-0.2800,0.1400,-0.0323,0.9745,-0.0346,0.42,0.28,0.25,135709,137976,126993
45701172,0.8050,-0.3500,0.1050,-0.0323,0.9743,-0.0344,0.42,0.28,0.25,135705,137967,126987
45721680,0.0000,-0.3850,-0.0525,-0.0323,0.9739,-0.0342,0.42,0.28,0.25,135709,137962,126993
45741208,-0.1925,-0.5250,-0.1400,-0.0322,0.9734,-0.0339,0.42,0.28,0.25,135712,137989,126981
45761720,-0.0875,-0.4725,-0.2975,-0.0321,0.9731,-0.0338,0.42,0.28,0.25,135714,137993,126981
45781248,0.0350,-0.5775,-0.4025,-0.0320,0.9728,-0.0338,0.42,0.28,0.25,135712,137975,126968
45801756,-0.1925,-0.4550,-0.4900,-0.0320,0.9730,-0.0338,0.42,0.28,0.25,135706,137955,126987
45821288,-0.3325,-0.5250,-0.4375,-0.0322,0.9733,-0.0337,0.42,0.28,0.25,135706,137950,126983
45840820,0.0000,-0.5075,-0.3500,-0.0322,0.9737,-0.0339,0.42,0.28,0.25,135710,137971,126986
45861328,0.2800,-0.4200,-0.2450,-0.0322,0.9739,-0.0340,0.42,0.28,0.25,135713,137985,126986
45880860,0.2100,-0.3325,-0.1750,-0.0321,0.9744,-0.0340,0.42,0.28,0.25,135714,137982,126982
45901368,0.2450,-0.3325,0.0175,-0.0318,0.9748,-0.0342,0.42,0.28,0.25,135709,137955,127000
45920896,0.6125,-0.2800,0.0350,-0.0317,0.9750,-0.0342,0.42,0.28,0.25,135703,137962,127009
45941408,0.3500,-0.2100,-0.0350,-0.0315,0.9748,-0.0343,0.42,0.28,0.25,135711,137971,126992
45960936,0.2100,-0.2450,-0.0175,-0.0314,0.9743,-0.0340,0.42,0.28,0.25,135709,137984,126990
45981444,0.4025,-0.3675,-0.1050,-0.0315,0.9737,-0.0337,0.42,0.28,0.25,135710,137974,126980
46000976,0.2450,-0.3500,-0.2975,-0.0315,0.9733,-0.0334,0.42,0.28,0.25,135703,137953,126997
46021484,0.0000,-0.2800,-0.5075,-0.0315,0.9731,-0.0334,0.42,0.28,0.25,135708,137953,126984
46041016,-0.1925,-0.2450,-0.5775,-0.0314,0.9727,-0.0334,0.42,0.28,0.25,135705,137960,126977
46061524,-0.4375,-0.2800,-0.7175,-0.0309,0.9726,-0.0333,0.42,0.28,0.25,135708,137984,126977
46081056,-0.2975,-0.3850,-0.5950,-0.0305,0.9726,-0.0331,0.42,0.28,0.25,135705,137985,126984
46101560,0.1225,-0.5250,-0.5250,-0.0301,0.9730,-0.0327,0.42,0.28,0.25,135695,137959,126974
46121092,0.4025,-0.7350,-0.4200,-0.0301,0.9737,-0.0322,0.42,0.28,0.25,135706,137957,126987
46141600,0.3850,-0.6825,-0.1925,-0.0304,0.9748,-0.0320,0.42,0.28,0.25,135699,137977,126989
46161132,0.2625,-0.8050,-0.0350,-0.0306,0.9755,-0.0317,0.42,0.28,0.25,135706,137993,126984
46181640,0.6825,-0.7875,0.1750,-0.0307,0.9755,-0.0320,0.42,0.28,0.25,135703,137980,126993
46201172,0.7000,-0.6300,0.1925,-0.0309,0.9753,-0.0323,0.42,0.28,0.25,135704,137963,126976
46231444,0.2275,-0.5250,-0.0700,-0.0306,0.9744,-0.0328,0.42,0.28,0.25,135703,137975,126989
46250976,-0.1400,-0.4200,-0.1925,-0.0305,0.9738,-0.0328,0.42,0.28,0.25,135698,137950,126975
46271484,-0.3325,-0.4025,-0.3325,-0.0305,0.9733,-0.0328,0.42,0.28,0.25,135702,137948,126983
46291016,0.1400,-0.5950,-0.5075,-0.0307,0.9727,-0.0327,0.42,0.28,0.25,135703,137967,126987
46311524,-0.2100,-0.5775,-0.5950,-0.0310,0.9726,-0.0329,0.42,0.28,0.25,135699,137987,126989
46331056,-0.4025,-0.7000,-0.5600,-0.0311,0.9728,-0.0328,0.42,0.28,0.25,135708,137977,126984
46351560,0.1750,-0.8050,-0.5425,-0.0312,0.9731,-0.0327,0.42,0.28,0.25,135703,137950,126988
46371092,0.7000,-0.9275,-0.4550,-0.0312,0.9734,-0.0329,0.42,0.28,0.25,135697,137953,126984
46391600,0.6300,-0.8400,-0.4550,-0.0312,0.9740,-0.0329,0.42,0.28,0.25,135701,137978,126975
46411132,0.3150,-0.8225,-0.3325,-0.0312,0.9747,-0.0327,0.42,0.28,0.25,135707,137982,126977
46431640,0.6300,-0.8400,-0.2100,-0.0311,0.9747,-0.0325,0.42,0.28,0.25,135703,137970,126977
46451172,0.7875,-0.8750,-0.2100,-0.0310,0.9744,-0.0323,0.42,0.28,0.25,135699,137971,126979
46471680,0.5775,-0.8225,-0.1925,-0.0309,0.9744,-0.0323,0.42,0.28,0.25,135698,137949,127000
46491208,-0.0525,-0.7525,-0.2800,-0.0310,0.9744,-0.0325,0.42,0.28,0.25,135711,137976,126983
46511720,-0.4725,-0.8050,-0.1925,-0.0310,0.9740,-0.0327,0.42,0.28,0.25,135704,137985,126973
46531248,0.1400,-0.7700,-0.2450,-0.0311,0.9737,-0.0326,0.42,0.28,0.25,135710,137979,126981
46551756,0.2625,-0.7700,-0.2275,-0.0311,0.9738,-0.0327,0.42,0.28,0.25,135706,137958,126977
46571288,-0.2100,-0.7000,-0.1925,-0.0310,0.9742,-0.0328,0.42,0.28,0.25,135701,137959,126968
46590820,-0.3850,-0.5950,-0.2100,-0.0309,0.9743,-0.0331,0.42,0.28,0.25,135703,137966,126983
46611328,0.3850,-0.6650,-0.2800,-0.0309,0.9742,-0.0331,0.42,0.28,0.25,135709,137988,126977
46630860,0.8925,-0.5950,-0.3325,-0.0310,0.9742,-0.0329,0.42,0.28,0.25,135704,137987,126968
46651368,0.5600,-0.7175,-0.3500,-0.0314,0.9740,-0.0328,0.42,0.28,0.25,135705,137958,126977
46670896,0.4375,-0.7700,-0.5075,-0.0317,0.9738,-0.0327,0.42,0.28,0.25,135704,137951,126987
46691408,0.2975,-0.7875,-0.5250,-0.0318,0.9736,-0.0327,0.42,0.28,0.25,135703,137971,126992
46710936,0.1400,-0.6300,-0.5775,-0.0320,0.9734,-0.0328,0.42,0.28,0.25,135705,137978,126972
46731444,0.1925,-0.4900,-0.5950,-0.0317,0.9734,-0.0328,0.42,0.28,0.25,135698,137974,126993
46750976,0.2275,-0.4025,-0.5775,-0.0314,0.9738,-0.0326,0.42,0.28,0.25,135705,137960,126980
46771484,0.1575,-0.3850,-0.5425,-0.0309,0.9740,-0.0325,0.42,0.28,0.25,135701,137952,126978
46791016,0.2100,-0.4900,-0.3325,-0.0305,0.9745,-0.0322,0.42,0.28,0.25,135698,137977,126989
46811524,0.2625,-0.6650,-0.0875,-0.0305,0.9750,-0.0318,0.42,0.28,0.25,135710,137982,126962
46831056,0.5250,-0.7000,0.0525,-0.0305,0.9753,-0.0315,0.42,0.28,0.25,135701,137979,126979
46851560,0.7350,-0.7875,0.2450,-0.0306,0.9756,-0.0314,0.42,0.28,0.25,135706,137951,126994
46871092,0.4550,-0.6475,0.2275,-0.0309,0.9760,-0.0315,0.42,0.28,0.25,135701,137956,126980
46891600,0.5600,-0.5425,0.0875,-0.0310,0.9756,-0.0316,0.42,0.28,0.25,135711,137972,126975
46911132,0.8050,-0.5075,0.0525,-0.0309,0.9750,-0.0318,0.42,0.28,0.25,135703,137989,126981
46931640,0.7175,-0.5425,-0.1225,-0.0310,0.9743,-0.0322,0.42,0.28,0.25,135709,137978,126977
46951172,0.0875,-0.4900,-0.2275,-0.0310,0.9738,-0.0327,0.42,0.28,0.25,135708,137963,126966
46971680,-0.1400,-0.4725,-0.3675,-0.0309,0.9731,-0.0329,0.42,0.28,0.25,135703,137959,126984
46991208,0.5075,-0.5425,-0.4025,-0.0310,0.9728,-0.0331,0.42,0.28,0.25,135701,137971,126971
47011720,0.6300,-0.5425,-0.4200,-0.0310,0.9730,-0.0334,0.42,0.28,0.25,135701,137976,126972
47031248,0.2450,-0.5600,-0.4025,-0.0310,0.9732,-0.0338,0.42,0.28,0.25,135698,137980,126970
47051756,0.1575,-0.5775,-0.4025,-0.0310,0.9733,-0.0337,0.42,0.28,0.25,135702,137966,126990
47071288,0.4025,-0.6650,-0.3325,-0.0310,0.9736,-0.0333,0.42,0.28,0.25,135698,137951,126981
47090820,0.6825,-0.7875,-0.3325,-0.0310,0.9738,-0.0328,0.42,0.28,0.25,135699,137973,126992
47111328,0.6825,-0.8050,-0.3325,-0.0310,0.9743,-0.0326,0.42,0.28,0.25,135699,137985,126989
47130860,0.4725,-0.8050,-0.2625,-0.0309,0.9744,-0.0325,0.42,0.28,0.25,135706,137987,126971
47151368,0.5425,-0.8750,-0.1750,-0.0310,0.9743,-0.0326,0.42,0.28,0.25,135701,137969,126986
47170896,0.4200,-0.8400,-0.2100,-0.0310,0.9743,-0.0326,0.42,0.28,0.25,135705,137961,126984
47191408,0.0875,-0.8750,-0.1400,-0.0307,0.9742,-0.0328,0.42,0.28,0.25,135705,137980,126977
47210936,0.1575,-0.7350,-0.1575,-0.0306,0.9738,-0.0332,0.42,0.28,0.25,135709,137991,126994
47241208,0.2100,-0.6300,-0.1750,-0.0305,0.9737,-0.0337,0.42,0.28,0.25,135702,137980,126988
47261720,-0.0525,-0.6475,-0.1750,-0.0304,0.9737,-0.0337,0.42,0.28,0.25,135712,137986,126982
47281248,-0.1925,-0.5250,-0.2625,-0.0303,0.9738,-0.0337,0.42,0.28,0.25,135703,137974,126993
47301756,0.2975,-0.5425,-0.3850,-0.0303,0.9737,-0.0334,0.42,0.28,0.25,135701,137952,126988
47321288,0.2975,-0.6125,-0.4375,-0.0303,0.9736,-0.0332,0.42,0.28,0.25,135702,137957,126989
47340820,-0.2275,-0.7175,-0.4200,-0.0304,0.9731,-0.0332,0.42,0.28,0.25,135702,137970,126998
47361328,-0.0350,-0.7525,-0.5425,-0.0307,0.9728,-0.0331,0.42,0.28,0.25,135711,137985,126979
47380860,0.5600,-0.7700,-0.6475,-0.0311,0.9727,-0.0331,0.42,0.28,0.25,135704,137986,126977
47401368,0.3675,-0.5950,-0.7700,-0.0312,0.9731,-0.0333,0.42,0.28,0.25,135700,137973,126973
47420896,-0.0350,-0.5075,-0.9275,-0.0315,0.9736,-0.0334,0.42,0.28,0.25,135696,137947,126981
47441408,0.1225,-0.5600,-0.9100,-0.0312,0.9733,-0.0333,0.42,0.28,0.25,135704,137962,126985
47460936,0.3850,-0.6650,-0.7525,-0.0307,0.9730,-0.0331,0.42,0.28,0.25,135706,137987,126984
47481444,0.3150,-0.9275,-0.6825,-0.0304,0.9728,-0.0326,0.42,0.28,0.25,135694,137979,126971
47500976,0.2625,-1.0325,-0.6650,-0.0300,0.9732,-0.0322,0.42,0.28,0.25,135699,137965,126981
47521484,0.4025,-1.2075,-0.6475,-0.0300,0.9738,-0.0317,0.42,0.28,0.25,135698,137956,126983
47541016,0.4900,-1.2775,-0.5950,-0.0301,0.9745,-0.0311,0.42,0.28,0.25,135696,137961,126992
47561524,0.6300,-1.3650,-0.4375,-0.0305,0.9750,-0.0307,0.42,0.28,0.25,135699,137997,126981
47581056,0.7525,-1.4000,-0.4200,-0.0306,0.9750,-0.0310,0.42,0.28,0.25,135705,137995,126978
47601560,0.9625,-1.4000,-0.3150,-0.0309,0.9749,-0.0314,0.42,0.28,0.25,135702,137973,126994
47621092,0.8575,-1.3300,-0.3850,-0.0309,0.9748,-0.0321,0.42,0.28,0.25,135700,137966,126993
47641600,0.7875,-1.4175,-0.4200,-0.0307,0.9745,-0.0325,0.42,0.28,0.25,135704,137981,126984
47661132,0.8400,-1.3650,-0.5075,-0.0310,0.9743,-0.0326,0.42,0.28,0.25,135707,137990,126985
47681640,0.9275,-1.4000,-0.5600,-0.0312,0.9739,-0.0327,0.42,0.28,0.25,135705,137990,126990
47701172,1.0850,-1.5400,-0.6125,-0.0315,0.9734,-0.0331,0.42,0.28,0.25,135703,137980,127003
47721680,0.8925,-1.6450,-0.6125,-0.0318,0.9731,-0.0334,0.42,0.28,0.25,135706,137960,126990
47741208,0.8050,-1.5225,-0.6300,-0.0322,0.9731,-0.0336,0.42,0.28,0.25,135701,137969,127005
47761720,0.7000,-1.5400,-0.7175,-0.0325,0.9728,-0.0338,0.42,0.28,0.25,135712,138000,126993
47781248,1.0325,-1.5925,-0.7875,-0.0327,0.9732,-0.0338,0.42,0.28,0.25,135707,137988,126990
47801756,1.0150,-1.5400,-0.8050,-0.0328,0.9734,-0.0338,0.42,0.28,0.25,135703,137974,126993
47821288,0.5950,-1.4875,-0.8400,-0.0329,0.9736,-0.0342,0.42,0.28,0.25,135695,137965,127007
47840820,0.6300,-1.5400,-0.6825,-0.0329,0.9732,-0.0343,0.42,0.28,0.25,135698,137979,126999
47861328,0.8925,-1.5400,-0.7525,-0.0329,0.9731,-0.0344,0.42,0.28,0.25,135706,138001,126986
47880860,0.8400,-1.4700,-0.7350,-0.0332,0.9734,-0.0348,0.42,0.28,0.25,135709,137999,126994
47901368,0.3850,-1.3825,-0.7175,-0.0334,0.9738,-0.0351,0.42,0.28,0.25,135705,137988,126975
47920896,0.7525,-1.3650,-0.6300,-0.0334,0.9738,-0.0351,0.42,0.28,0.25,135701,137981,126999
47941408,0.8750,-1.3650,-0.5075,-0.0334,0.9739,-0.0353,0.42,0.28,0.25,135707,137978,127006
47960936,0.8750,-1.3125,-0.4025,-0.0336,0.9743,-0.0356,0.42,0.28,0.25,135706,137995,126999
47981444,0.7000,-1.2600,-0.4375,-0.0336,0.9745,-0.0359,0.42,0.28,0.25,135713,137995,127002
48000976,0.9275,-1.1550,-0.3675,-0.0337,0.9744,-0.0361,0.42,0.28,0.25,135707,137995,126994
48021484,0.8575,-1.1200,-0.4375,-0.0337,0.9742,-0.0362,0.42,0.28,0.25,135706,137983,127012
48041016,0.8050,-1.2425,-0.3850,-0.0339,0.9740,-0.0361,0.42,0.28,0.25,135711,137980,127014
48061524,0.8750,-1.3300,-0.5250,-0.0340,0.9738,-0.0361,0.42,0.28,0.25,135716,138003,127017
48081056,0.9625,-1.2425,-0.6300,-0.0342,0.9734,-0.0362,0.42,0.28,0.25,135716,138017,127007
48101560,1.0500,-1.2250,-0.7875,-0.0342,0.9731,-0.0366,0.42,0.28,0.25,135718,137995,127020
48121092,0.7700,-1.1725,-0.8575,-0.0343,0.9728,-0.0368,0.42,0.28,0.25,135708,137994,127014
48141600,0.3500,-1.2600,-0.8750,-0.0342,0.9722,-0.0368,0.42,0.28,0.25,135706,137990,127006
48161132,0.5775,-1.3300,-0.8575,-0.0340,0.9721,-0.0366,0.42,0.28,0.25,135714,138018,127019
48181640,0.6825,-1.5225,-0.7525,-0.0339,0.9726,-0.0365,0.42,0.28,0.25,135718,138015,127015
48201172,0.6825,-1.4350,-0.7175,-0.0342,0.9734,-0.0361,0.42,0.28,0.25,135705,138000,127011
48241208,1.1375,-1.3650,-0.3500,-0.0346,0.9758,-0.0364,0.42,0.28,0.25,135712,137989,127028
48260744,1.1550,-1.2950,-0.2100,-0.0350,0.9759,-0.0368,0.42,0.28,0.25,135713,138002,127019
48280272,1.0325,-1.2600,-0.1400,-0.0350,0.9753,-0.0375,0.42,0.28,0.25,135718,138022,127019
48299804,1.0150,-1.1900,-0.1050,-0.0350,0.9745,-0.0378,0.42,0.28,0.25,135718,138007,127012
48320312,0.9450,-1.2075,-0.1925,-0.0351,0.9740,-0.0381,0.42,0.28,0.25,135714,137988,127037
48339844,0.9100,-1.2775,-0.2975,-0.0351,0.9737,-0.0382,0.42,0.28,0.25,135715,137989,127025
48360352,0.8225,-1.2075,-0.4375,-0.0353,0.9736,-0.0383,0.42,0.28,0.25,135712,138015,127025
48379880,0.9625,-1.2250,-0.5600,-0.0353,0.9730,-0.0387,0.42,0.28,0.25,135721,138021,127020
48400392,0.6825,-1.2950,-0.5600,-0.0355,0.9728,-0.0390,0.42,0.28,0.25,135717,138007,127028
48419920,0.7175,-1.3125,-0.4900,-0.0357,0.9730,-0.0393,0.42,0.28,0.25,135711,138001,127056
48440428,0.8400,-1.2425,-0.4375,-0.0361,0.9733,-0.0394,0.42,0.28,0.25,135716,137996,127037
48459960,0.7000,-1.1900,-0.4200,-0.0361,0.9737,-0.0395,0.42,0.28,0.25,135720,138018,127039
48480468,0.6125,-1.0850,-0.3150,-0.0361,0.9736,-0.0399,0.42,0.28,0.25,135719,138024,127039
48500000,0.6300,-0.9450,-0.2275,-0.0361,0.9733,-0.0400,0.42,0.28,0.25,135718,138017,127036
48520508,0.3850,-0.8925,-0.2275,-0.0361,0.9732,-0.0403,0.42,0.28,0.25,135712,137992,127037
48540040,0.2800,-0.8050,-0.2100,-0.0361,0.9733,-0.0405,0.42,0.28,0.25,135723,137995,127028
48560544,-0.1050,-0.5950,-0.1925,-0.0365,0.9736,-0.0409,0.42,0.28,0.25,135722,138015,127028
48580080,-0.3500,-0.4550,-0.1050,-0.0366,0.9736,-0.0412,0.42,0.28,0.25,135723,138020,127034
48600584,-0.3325,-0.2100,0.0350,-0.0367,0.9736,-0.0416,0.42,0.28,0.25,135727,138012,127019
48620116,-0.4025,0.0175,0.0700,-0.0366,0.9736,-0.0420,0.42,0.28,0.25,135717,137986,127048
48640624,-0.4550,0.0350,0.0175,-0.0366,0.9737,-0.0422,0.42,0.28,0.25,135722,137996,127024
48660156,-0.3325,0.1225,-0.0350,-0.0364,0.9736,-0.0423,0.42,0.28,0.25,135720,138011,127033
48680664,-0.2450,0.1575,0.0175,-0.0364,0.9731,-0.0423,0.42,0.28,0.25,135718,138024,127024
48700196,-0.3150,0.1575,-0.1050,-0.0364,0.9725,-0.0421,0.42,0.28,0.25,135719,138012,127019
48720704,-0.2625,0.0175,-0.3325,-0.0367,0.9726,-0.0415,0.42,0.28,0.25,135714,137991,127038
48740232,-0.4375,0.0700,-0.4550,-0.0367,0.9726,-0.0410,0.42,0.28,0.25,135717,137989,127023
48760744,-0.1575,0.0700,-0.5950,-0.0368,0.9725,-0.0407,0.42,0.28,0.25,135714,138006,127029
48780272,-0.1050,0.1050,-0.5250,-0.0367,0.9723,-0.0406,0.42,0.28,0.25,135720,138014,127008
48799804,-0.4200,0.0175,-0.4725,-0.0364,0.9723,-0.0405,0.42,0.28,0.25,135720,138003,127010
48820312,-0.5950,0.0175,-0.3675,-0.0357,0.9723,-0.0401,0.42,0.28,0.25,135710,137984,127014
48839844,-0.0525,-0.1750,-0.2275,-0.0351,0.9728,-0.0394,0.42,0.28,0.25,135710,137983,127028
48860352,0.0525,-0.1575,-0.0525,-0.0353,0.9737,-0.0388,0.42,0.28,0.25,135712,138007,127025
48879880,-0.1050,-0.1225,0.0525,-0.0351,0.9747,-0.0384,0.42,0.28,0.25,135716,138018,127000
48900392,0.0350,-0.2275,0.1925,-0.0354,0.9754,-0.0378,0.42,0.28,0.25,135717,137998,127014
48919920,-0.0525,-0.2450,0.2100,-0.0355,0.9756,-0.0376,0.42,0.28,0.25,135712,137977,127015
48940428,0.0350,-0.3150,0.2625,-0.0356,0.9749,-0.0375,0.42,0.28,0.25,135707,137986,127016
48959960,0.0175,-0.1925,0.2275,-0.0355,0.9743,-0.0376,0.42,0.28,0.25,135713,137993,127015
48980468,-0.2800,-0.2450,0.1050,-0.0353,0.9737,-0.0378,0.42,0.28,0.25,135718,138010,127011
49000000,-0.7700,-0.2975,-0.0350,-0.0349,0.9731,-0.0378,0.42,0.28,0.25,135710,137995,127005
49020508,-0.4900,-0.2100,-0.1925,-0.0348,0.9726,-0.0378,0.42,0.28,0.25,135713,137976,127001
49040040,-0.0350,-0.1925,-0.3325,-0.0346,0.9723,-0.0378,0.42,0.28,0.25,135716,137977,127010
49060544,-0.5600,-0.1750,-0.4025,-0.0345,0.9726,-0.0379,0.42,0.28,0.25,135714,137992,126988
49080080,-0.4900,-0.1400,-0.3500,-0.0345,0.9726,-0.0377,0.42,0.28,0.25,135710,138004,126995
49100584,-0.1225,-0.2100,-0.3150,-0.0348,0.9728,-0.0375,0.42,0.28,0.25,135708,137989,126994
49120116,0.1225,-0.2275,-0.1750,-0.0349,0.9733,-0.0372,0.42,0.28,0.25,135705,137970,126996
49140624,-0.1050,-0.2275,-0.1050,-0.0349,0.9740,-0.0370,0.42,0.28,0.25,135707,137980,127001
49160156,-0.2450,-0.1575,-0.0525,-0.0349,0.9747,-0.0368,0.42,0.28,0.25,135711,137995,126986
49180664,0.1225,-0.2275,0.0700,-0.0348,0.9748,-0.0365,0.42,0.28,0.25,135709,138003,127010
49200196,0.3850,-0.1925,0.1400,-0.0346,0.9745,-0.0365,0.42,0.28,0.25,135710,137995,126994
49220704,-0.1925,-0.0525,0.1750,-0.0344,0.9742,-0.0366,0.42,0.28,0.25,135709,137968,126996
49250976,-0.3850,-0.1575,0.1050,-0.0342,0.9736,-0.0362,0.42,0.28,0.25,135706,137973,126989
49271484,-0.3150,-0.1400,-0.1050,-0.0339,0.9733,-0.0357,0.42,0.28,0.25,135704,137969,126989
49291016,-0.6300,-0.0700,-0.1225,-0.0336,0.9733,-0.0356,0.42,0.28,0.25,135706,137975,126999
49311524,-0.2100,-0.2275,-0.2100,-0.0337,0.9736,-0.0355,0.42,0.28,0.25,135709,137986,126982
49331056,0.0350,-0.1225,-0.2100,-0.0337,0.9737,-0.0354,0.42,0.28,0.25,135712,138007,126981
49351560,-0.1225,-0.2100,-0.2100,-0.0337,0.9737,-0.0354,0.42,0.28,0.25,135702,137979,126986
49371092,-0.4025,-0.1750,-0.1575,-0.0337,0.9736,-0.0354,0.42,0.28,0.25,135702,137960,126983
49391600,-0.1225,-0.3500,-0.1925,-0.0339,0.9736,-0.0349,0.42,0.28,0.25,135704,137959,126981
49411132,0.1400,-0.3325,-0.2800,-0.0340,0.9739,-0.0348,0.42,0.28,0.25,135704,137983,126984
49431640,0.0525,-0.1575,-0.2450,-0.0340,0.9742,-0.0346,0.42,0.28,0.25,135710,137993,126976
49451172,0.0175,-0.0700,-0.2975,-0.0340,0.9743,-0.0349,0.42,0.28,0.25,135698,137977,126992
49471680,-0.2975,-0.0350,-0.1750,-0.0336,0.9743,-0.0349,0.42,0.28,0.25,135696,137953,126984
49491208,-0.3325,-0.1575,-0.1050,-0.0329,0.9740,-0.0346,0.42,0.28,0.25,135695,137969,126986
49511720,0.1925,-0.2975,-0.0350,-0.0323,0.9736,-0.0343,0.42,0.28,0.25,135706,137981,126963
49531248,0.4025,-0.2975,0.0000,-0.0321,0.9736,-0.0342,0.42,0.28,0.25,135711,138002,126967
49551756,0.0000,-0.3150,-0.0350,-0.0321,0.9738,-0.0340,0.42,0.28,0.25,135697,137974,126975
49571288,-0.0875,-0.3325,-0.0875,-0.0325,0.9743,-0.0336,0.42,0.28,0.25,135697,137963,126976
49590820,0.2450,-0.2800,-0.1225,-0.0327,0.9745,-0.0331,0.42,0.28,0.25,135701,137970,126980
49611328,0.1225,-0.3150,-0.1925,-0.0329,0.9745,-0.0327,0.42,0.28,0.25,135701,137978,126977
49630860,0.0000,-0.3500,-0.1225,-0.0331,0.9740,-0.0325,0.42,0.28,0.25,135708,137993,126973
49651368,0.2450,-0.4200,-0.1050,-0.0329,0.9738,-0.0325,0.42,0.28,0.25,135700,137984,126985
49670896,0.3325,-0.4550,-0.1575,-0.0328,0.9739,-0.0327,0.42,0.28,0.25,135696,137955,126984
49691408,0.0525,-0.4025,-0.2275,-0.0326,0.9740,-0.0331,0.42,0.28,0.25,135697,137970,126972
49710936,-0.0875,-0.3500,-0.2100,-0.0323,0.9738,-0.0334,0.42,0.28,0.25,135704,137976,126962
49731444,0.2450,-0.4025,-0.1750,-0.0318,0.9733,-0.0336,0.42,0.28,0.25,135700,137993,126963
49750976,0.5250,-0.4375,-0.2450,-0.0317,0.9732,-0.0334,0.42,0.28,0.25,135693,137962,126977
49771484,0.4900,-0.4725,-0.2625,-0.0317,0.9736,-0.0331,0.42,0.28,0.25,135693,137959,126968
49791016,0.2975,-0.5075,-0.2975,-0.0320,0.9739,-0.0327,0.42,0.28,0.25,135699,137950,126967
49811524,0.0525,-0.5250,-0.3150,-0.0320,0.9740,-0.0327,0.42,0.28,0.25,135697,137970,126977
49831056,0.2975,-0.6650,-0.2975,-0.0318,0.9739,-0.0325,0.42,0.28,0.25,135694,137973,126963
49851560,0.6300,-0.7875,-0.3675,-0.0318,0.9738,-0.0322,0.42,0.28,0.25,135696,137971,126968
49871092,0.0875,-0.6650,-0.3850,-0.0318,0.9739,-0.0322,0.42,0.28,0.25,135692,137954,126988
49891600,-0.3850,-0.7875,-0.4200,-0.0317,0.9739,-0.0322,0.42,0.28,0.25,135701,137966,126975
49911132,-0.1400,-0.7525,-0.3675,-0.0318,0.9738,-0.0320,0.42,0.28,0.25,135702,137976,126967
49931640,0.2625,-0.8575,-0.3325,-0.0320,0.9738,-0.0318,0.42,0.28,0.25,135698,137980,126964
49951172,0.2275,-0.8225,-0.2450,-0.0321,0.9739,-0.0320,0.42,0.28,0.25,135698,137972,126970
49971680,-0.0175,-0.7875,-0.1400,-0.0320,0.9743,-0.0323,0.42,0.28,0.25,135697,137941,126979
49991208,0.2275,-0.6650,-0.1750,-0.0317,0.9745,-0.0327,0.42,0.28,0.25,135700,137951,126989
50011720,0.5250,-0.5775,-0.2450,-0.0317,0.9744,-0.0329,0.42,0.28,0.25,135702,137977,126984
50031248,0.3675,-0.4900,-0.2800,-0.0316,0.9743,-0.0331,0.42,0.28,0.25,135701,137983,126966
50051756,0.4375,-0.5950,-0.2975,-0.0317,0.9739,-0.0329,0.42,0.28,0.25,135694,137958,126993
50071288,0.2275,-0.5775,-0.4200,-0.0321,0.9738,-0.0327,0.42,0.28,0.25,135699,137949,126987
50090820,-0.1400,-0.5775,-0.4725,-0.0326,0.9737,-0.0325,0.42,0.28,0.25,135691,137954,126975
50111328,0.1400,-0.4375,-0.4725,-0.0327,0.9736,-0.0325,0.42,0.28,0.25,135700,137980,126964
50130860,0.0700,-0.4200,-0.5075,-0.0327,0.9734,-0.0327,0.42,0.28,0.25,135705,137982,126967
50151368,-0.2275,-0.4025,-0.4375,-0.0322,0.9733,-0.0329,0.42,0.28,0.25,135697,137968,126972
50170896,-0.0700,-0.4550,-0.4550,-0.0320,0.9731,-0.0328,0.42,0.28,0.25,135695,137953,126963
50191408,0.3150,-0.5600,-0.3850,-0.0315,0.9736,-0.0323,0.42,0.28,0.25,135694,137961,126976
50210936,0.3325,-0.6825,-0.3150,-0.0315,0.9740,-0.0320,0.42,0.28,0.25,135697,137975,126971
50231444,0.3325,-0.7525,-0.2100,-0.0316,0.9745,-0.0316,0.42,0.28,0.25,135695,137979,126986
