36168944,0.3325,-1.0325,-0.6300,0.0688,-1.0228,0.0245,-0.31,-0.13,0.13,128980,125949,128917
36189452,0.2975,-1.0150,-0.5250,0.0687,-1.0226,0.0244,-0.31,-0.13,0.13,128981,125949,128907
36208984,0.0175,-1.0850,-0.4550,0.0683,-1.0224,0.0237,-0.31,-0.13,0.13,128969,125944,128903
36229492,0.2800,-1.0675,-0.3850,0.0686,-1.0221,0.0232,-0.31,-0.13,0.13,128971,125934,128895
36249024,0.6825,-1.0850,-0.3675,0.0691,-1.0219,0.0227,-0.31,-0.13,0.13,128975,125942,128898
36269532,0.4025,-0.9975,-0.2975,0.0692,-1.0215,0.0222,-0.31,-0.13,0.13,128977,125949,128907
36289064,0.3325,-0.8750,-0.4025,0.0694,-1.0211,0.0216,-0.31,-0.13,0.13,128974,125942,128900
36309568,0.4200,-0.8050,-0.3150,0.0697,-1.0209,0.0211,-0.31,-0.13,0.13,128971,125936,128911
36329100,0.2800,-0.7350,-0.3500,0.0694,-1.0210,0.0207,-0.31,-0.13,0.13,128969,125925,128896
36349608,0.7875,-0.6300,-0.3150,0.0684,-1.0219,0.0205,-0.31,-0.13,0.13,128974,125933,128902
36369140,0.8400,-0.5950,-0.2800,0.0682,-1.0225,0.0205,-0.31,-0.13,0.13,128980,125953,128912
36389648,1.1550,-0.6300,-0.3150,0.0682,-1.0228,0.0209,-0.31,-0.13,0.13,128980,125947,128909
36409180,0.1050,-0.5950,-0.3325,0.0684,-1.0226,0.0210,-0.31,-0.13,0.13,128978,125941,128902
36429688,-1.4000,-0.5775,-0.3325,0.0687,-1.0220,0.0207,-0.31,-0.13,0.13,128972,125931,128902
36449216,-1.1900,-0.8050,-0.4025,0.0688,-1.0222,0.0209,-0.31,-0.13,0.13,128973,125934,128903
36469728,-0.2275,-0.5600,-0.2800,0.0688,-1.0226,0.0205,-0.31,-0.13,0.13,128986,125942,128913
36489256,0.0525,-0.5250,-0.3150,0.0688,-1.0225,0.0200,-0.31,-0.13,0.13,128985,125947,128920
36508788,0.5075,-0.4200,-0.3850,0.0687,-1.0224,0.0194,-0.31,-0.13,0.13,128973,125936,128898
36529296,1.4875,-0.3850,-0.5075,0.0688,-1.0228,0.0194,-0.31,-0.13,0.13,128967,125930,128906
36548828,1.9775,-0.3500,-0.6825,0.0693,-1.0236,0.0199,-0.31,-0.13,0.13,128980,125941,128907
36569336,1.3650,-0.3325,-0.6475,0.0698,-1.0241,0.0205,-0.31,-0.13,0.13,128980,125947,128896
36588868,-0.7700,-0.3325,-0.6475,0.0703,-1.0244,0.0212,-0.31,-0.13,0.13,128987,125945,128915
36609376,-0.9450,-0.5425,-0.6125,0.0702,-1.0246,0.0217,-0.31,-0.13,0.13,128980,125935,128920
36628904,-0.6475,-0.5950,-0.6475,0.0698,-1.0244,0.0217,-0.31,-0.13,0.13,128978,125933,128922
36649416,-0.8925,-0.6650,-0.7525,0.0695,-1.0237,0.0215,-0.31,-0.13,0.13,128986,125930,128934
36668944,-0.8400,-0.6300,-0.7525,0.0697,-1.0230,0.0212,-0.31,-0.13,0.13,128990,125944,128911
36689452,0.4375,-0.5600,-0.8050,0.0697,-1.0224,0.0212,-0.31,-0.13,0.13,128994,125938,128921
36708984,0.6825,-0.6300,-0.7875,0.0697,-1.0222,0.0215,-0.31,-0.13,0.13,128990,125934,128913
36729492,0.7175,-0.6475,-0.8225,0.0695,-1.0222,0.0218,-0.31,-0.13,0.13,128987,125919,128912
36749024,-0.1400,-0.7000,-0.7175,0.0695,-1.0219,0.0222,-0.31,-0.13,0.13,128986,125934,128916
36769532,-0.7525,-0.7525,-0.6475,0.0695,-1.0219,0.0224,-0.31,-0.13,0.13,128998,125934,128916
36789064,-0.9625,-0.7350,-0.6475,0.0698,-1.0219,0.0226,-0.31,-0.13,0.13,128998,125940,128926
36809568,-0.2800,-0.8925,-0.6300,0.0699,-1.0220,0.0227,-0.31,-0.13,0.13,128996,125925,128917
36829100,-0.1750,-0.7875,-0.6475,0.0699,-1.0219,0.0223,-0.31,-0.13,0.13,128999,125917,128915
36849608,-0.2625,-0.7175,-0.6475,0.0700,-1.0216,0.0218,-0.31,-0.13,0.13,128998,125926,128929
36869140,0.2450,-0.6825,-0.5250,0.0702,-1.0214,0.0212,-0.31,-0.13,0.13,129015,125926,128921
36889648,0.1575,-0.6825,-0.4375,0.0704,-1.0210,0.0205,-0.31,-0.13,0.13,129004,125935,128922
36909180,-0.2800,-0.6825,-0.4200,0.0709,-1.0205,0.0200,-0.31,-0.13,0.13,128999,125921,128933
36929688,0.3150,-0.6475,-0.3150,0.0712,-1.0203,0.0195,-0.31,-0.13,0.13,128997,125912,128919
36949216,-0.2450,-0.5950,-0.3850,0.0711,-1.0200,0.0188,-0.31,-0.13,0.13,129002,125916,128932
36969728,-0.4375,-0.5950,-0.4375,0.0710,-1.0199,0.0184,-0.31,-0.13,0.13,129014,125931,128948
36989256,-0.1050,-0.5600,-0.4550,0.0710,-1.0202,0.0182,-0.31,-0.13,0.13,129008,125917,128923
37008788,0.1750,-0.5775,-0.4725,0.0706,-1.0204,0.0182,-0.31,-0.13,0.13,129011,125915,128920
37029296,0.1750,-0.4900,-0.4025,0.0706,-1.0208,0.0181,-0.32,-0.13,0.13,128999,125907,128936
37048828,-0.3675,-0.2800,-0.2975,0.0711,-1.0208,0.0181,-0.31,-0.13,0.13,129005,125921,128928
37069336,-0.7350,-0.2800,-0.1575,0.0714,-1.0205,0.0179,-0.31,-0.13,0.13,129011,125929,128948
37088868,-0.6300,-0.2275,-0.1225,0.0712,-1.0203,0.0178,-0.31,-0.13,0.13,129006,125925,128959
37109376,-0.1575,-0.2100,-0.1225,0.0711,-1.0203,0.0176,-0.32,-0.13,0.13,129012,125907,128951
37128904,0.2275,-0.2450,-0.1400,0.0712,-1.0198,0.0173,-0.32,-0.13,0.13,129002,125904,128955
37159180,0.4725,-0.1400,-0.1750,0.0712,-1.0194,0.0172,-0.31,-0.13,0.13,129005,125912,128955
37179688,1.3475,-0.1225,-0.2450,0.0714,-1.0204,0.0176,-0.32,-0.13,0.13,129000,125903,128936
37199216,1.9250,-0.2100,-0.2800,0.0714,-1.0214,0.0185,-0.31,-0.13,0.13,129007,125914,128939
37219728,1.5050,-0.2800,-0.4025,0.0711,-1.0221,0.0195,-0.31,-0.13,0.13,129011,125917,128928
37239256,-0.4375,-0.3850,-0.5950,0.0712,-1.0224,0.0200,-0.31,-0.13,0.13,129003,125931,128941
37258788,-0.9275,-0.4375,-0.6475,0.0710,-1.0228,0.0206,-0.31,-0.13,0.13,129012,125916,128942
37279296,-1.0850,-0.5775,-0.8575,0.0708,-1.0232,0.0207,-0.32,-0.13,0.13,129007,125902,128934
37298828,-0.9100,-0.5950,-0.9975,0.0706,-1.0228,0.0205,-0.31,-0.13,0.13,129016,125914,128947
37319336,-0.7350,-0.6125,-0.8400,0.0709,-1.0224,0.0204,-0.31,-0.13,0.13,129015,125922,128955
37338868,-0.2450,-0.7350,-0.7350,0.0715,-1.0218,0.0205,-0.31,-0.13,0.13,129021,125912,128960
37359376,0.3850,-0.9625,-0.6125,0.0720,-1.0214,0.0207,-0.32,-0.13,0.13,129015,125910,128950
37378904,-0.0175,-1.0150,-0.5075,0.0722,-1.0205,0.0207,-0.32,-0.13,0.13,129019,125901,128957
37399416,0.0175,-1.2775,-0.4725,0.0725,-1.0199,0.0214,-0.32,-0.13,0.13,129019,125911,128959
37418944,0.0175,-1.2600,-0.3675,0.0725,-1.0196,0.0216,-0.31,-0.13,0.13,129023,125927,128951
37439452,-0.4550,-1.3650,-0.2975,0.0725,-1.0193,0.0217,-0.31,-0.12,0.13,129024,125914,128966
37458984,-0.3850,-1.3825,-0.2100,0.0722,-1.0193,0.0218,-0.32,-0.13,0.13,129023,125901,128951
37479492,0.4025,-1.4350,-0.1050,0.0720,-1.0197,0.0218,-0.32,-0.13,0.13,129014,125898,128950
37499024,-0.1575,-1.3125,-0.1050,0.0717,-1.0193,0.0212,-0.32,-0.13,0.13,129019,125910,128942
37519532,-0.0875,-1.2250,-0.1225,0.0715,-1.0193,0.0206,-0.31,-0.13,0.13,129019,125917,128959
37539064,0.1750,-1.2075,-0.1750,0.0715,-1.0193,0.0199,-0.31,-0.13,0.13,129023,125925,128949
37559568,0.3500,-1.1025,-0.1925,0.0716,-1.0191,0.0192,-0.32,-0.13,0.13,129012,125907,128943
37579100,0.3325,-0.9975,-0.1750,0.0719,-1.0188,0.0183,-0.32,-0.13,0.13,129010,125905,128949
37599608,0.4375,-0.9450,-0.0525,0.0720,-1.0188,0.0177,-0.31,-0.13,0.13,129010,125917,128938
37619140,0.1750,-0.8400,-0.0875,0.0717,-1.0191,0.0167,-0.31,-0.13,0.13,129013,125920,128963
37639648,0.5425,-0.8575,-0.1400,0.0712,-1.0193,0.0163,-0.31,-0.13,0.13,129013,125923,128946
37659180,1.1025,-0.7875,-0.1575,0.0709,-1.0198,0.0161,-0.32,-0.13,0.13,129011,125899,128951
37679688,1.0675,-0.6825,-0.2275,0.0708,-1.0200,0.0159,-0.32,-0.13,0.13,129004,125900,128942
37699216,1.2425,-0.6825,-0.2100,0.0709,-1.0205,0.0159,-0.32,-0.13,0.13,129007,125910,128937
37719728,0.8575,-0.6300,-0.1575,0.0709,-1.0210,0.0157,-0.31,-0.13,0.13,129012,125921,128949
37739256,-0.6475,-0.6300,-0.1400,0.0710,-1.0207,0.0153,-0.31,-0.13,0.13,129013,125916,128945
37758788,-0.3675,-0.7000,-0.1050,0.0712,-1.0209,0.0153,-0.31,-0.13,0.13,129007,125915,128946
37779296,0.7350,-0.6125,0.0000,0.0714,-1.0210,0.0154,-0.32,-0.13,0.13,129002,125900,128947
37798828,0.8925,-0.5775,0.0350,0.0714,-1.0207,0.0150,-0.31,-0.13,0.13,129004,125913,128938
37819336,0.7525,-0.4025,-0.0350,0.0716,-1.0203,0.0148,-0.31,-0.13,0.13,129009,125925,128938
37838868,1.5225,-0.3150,-0.0350,0.0717,-1.0207,0.0150,-0.31,-0.13,0.13,129000,125927,128938
37859376,2.6950,-0.3675,-0.0875,0.0715,-1.0219,0.0162,-0.31,-0.13,0.13,128999,125918,128929
37878904,2.1700,-0.5250,-0.1575,0.0714,-1.0224,0.0170,-0.32,-0.13,0.13,128999,125906,128929
37899416,0.3150,-0.6475,-0.2625,0.0712,-1.0226,0.0176,-0.31,-0.13,0.13,128999,125922,128937
37918944,-1.2950,-0.7525,-0.3325,0.0711,-1.0227,0.0178,-0.31,-0.13,0.13,129006,125933,128946
37939452,-1.4175,-0.8225,-0.4200,0.0710,-1.0228,0.0181,-0.31,-0.13,0.13,129009,125933,128941
37958984,-0.2800,-0.8575,-0.5600,0.0708,-1.0226,0.0178,-0.31,-0.13,0.13,129005,125922,128934
37979492,0.4200,-0.9100,-0.5250,0.0710,-1.0221,0.0174,-0.32,-0.13,0.13,129004,125908,128937
37999024,0.7350,-0.7525,-0.4200,0.0714,-1.0218,0.0173,-0.31,-0.13,0.13,129007,125924,128934
38019532,1.3300,-0.6650,-0.4550,0.0714,-1.0216,0.0176,-0.31,-0.13,0.13,129010,125921,128936
38039064,1.5400,-0.7350,-0.4200,0.0712,-1.0216,0.0181,-0.31,-0.13,0.13,129005,125915,128946
38059568,1.3300,-0.7175,-0.3150,0.0712,-1.0219,0.0184,-0.32,-0.13,0.13,129005,125911,128928
38079100,0.7350,-0.8750,-0.3675,0.0710,-1.0221,0.0193,-0.32,-0.13,0.13,129000,125905,128943
38099608,0.5600,-0.9975,-0.3675,0.0709,-1.0220,0.0196,-0.31,-0.13,0.13,129006,125916,128921
38119140,0.2800,-1.0850,-0.3850,0.0710,-1.0218,0.0199,-0.31,-0.13,0.13,129005,125931,128928
38139648,0.3500,-1.1375,-0.3500,0.0709,-1.0219,0.0200,-0.31,-0.13,0.13,129004,125924,128919
38169920,0.3675,-1.0850,-0.2450,0.0706,-1.0221,0.0198,-0.31,-0.13,0.13,129009,125936,128924
38190428,0.4900,-1.0500,-0.1575,0.0711,-1.0221,0.0194,-0.31,-0.13,0.13,129003,125924,128913
38209960,0.7525,-1.0325,-0.1750,0.0715,-1.0220,0.0190,-0.32,-0.13,0.13,129001,125909,128912
38230468,0.3675,-0.9450,-0.1400,0.0719,-1.0216,0.0187,-0.31,-0.13,0.13,128996,125914,128911
38250000,0.1400,-0.8400,-0.2625,0.0722,-1.0216,0.0183,-0.31,-0.13,0.13,129005,125926,128929
38270508,0.2100,-0.7000,-0.2450,0.0725,-1.0216,0.0183,-0.31,-0.13,0.13,129009,125928,128929
38290040,0.9450,-0.5950,-0.3150,0.0721,-1.0222,0.0182,-0.31,-0.13,0.13,129005,125931,128922
38310544,0.8750,-0.6125,-0.4900,0.0717,-1.0226,0.0182,-0.32,-0.13,0.13,128999,125908,128911
38330080,0.3325,-0.5075,-0.5775,0.0716,-1.0226,0.0183,-0.31,-0.13,0.13,129000,125916,128926
38350584,-0.1225,-0.5950,-0.5775,0.0717,-1.0226,0.0188,-0.31,-0.13,0.13,129004,125930,128924
38370116,-0.0700,-0.5950,-0.4725,0.0720,-1.0226,0.0192,-0.31,-0.13,0.13,129011,125928,128929
38390624,-0.3325,-0.5600,-0.3850,0.0722,-1.0225,0.0194,-0.31,-0.13,0.13,129010,125926,128932
38410156,-0.7175,-0.5250,-0.2625,0.0720,-1.0214,0.0193,-0.31,-0.13,0.13,129006,125913,128923
38430664,-0.3500,-0.6475,-0.1750,0.0720,-1.0207,0.0194,-0.32,-0.13,0.13,129003,125908,128927
38450196,0.1225,-0.6650,-0.1225,0.0721,-1.0198,0.0193,-0.31,-0.13,0.13,129004,125927,128928
38470704,0.2100,-0.6475,-0.1400,0.0720,-1.0189,0.0192,-0.31,-0.13,0.13,129006,125928,128939
38490232,0.1575,-0.6300,0.0000,0.0719,-1.0186,0.0190,-0.31,-0.13,0.13,129000,125925,128941
38510744,2.4150,-0.5600,0.1050,0.0719,-1.0199,0.0198,-0.31,-0.13,0.13,128990,125913,128923
38530272,2.9575,-0.6125,-0.0700,0.0716,-1.0207,0.0203,-0.31,-0.13,0.13,128994,125939,128925
38549804,2.3450,-0.7000,-0.2100,0.0712,-1.0210,0.0206,-0.31,-0.13,0.13,129003,125938,128932
38570312,1.1375,-0.9100,-0.2275,0.0712,-1.0211,0.0209,-0.31,-0.13,0.13,129005,125939,128917
38589844,-0.0700,-0.9275,-0.3325,0.0712,-1.0215,0.0210,-0.31,-0.13,0.13,128995,125940,128903
38610352,-0.8575,-1.0150,-0.1400,0.0715,-1.0219,0.0209,-0.31,-0.13,0.13,128998,125919,128910
38629880,-0.5425,-1.0850,0.1225,0.0716,-1.0224,0.0207,-0.31,-0.13,0.13,128994,125927,128909
38650392,0.1750,-0.9625,0.1925,0.0720,-1.0225,0.0200,-0.31,-0.13,0.13,129001,125947,128915
38669920,0.0000,-0.9800,0.1925,0.0721,-1.0221,0.0196,-0.31,-0.13,0.13,128994,125933,128920
38690428,0.4025,-1.0150,0.0525,0.0722,-1.0221,0.0198,-0.31,-0.13,0.13,128994,125940,128921
38709960,1.1375,-0.9975,-0.1050,0.0721,-1.0226,0.0203,-0.31,-0.13,0.13,128988,125926,128903
38730468,0.9625,-1.1200,-0.2975,0.0717,-1.0228,0.0205,-0.31,-0.13,0.13,128993,125928,128898
38750000,-0.1750,-1.0850,-0.4375,0.0712,-1.0228,0.0210,-0.31,-0.13,0.13,128995,125935,128917
38770508,-0.1750,-1.1025,-0.4375,0.0712,-1.0231,0.0215,-0.31,-0.13,0.13,128996,125943,128909
38790040,-0.0525,-1.0850,-0.3850,0.0715,-1.0227,0.0217,-0.31,-0.13,0.13,128995,125935,128909
38810544,-0.0700,-1.0675,-0.1750,0.0715,-1.0221,0.0216,-0.31,-0.13,0.13,128991,125921,128912
38830080,0.6300,-1.0500,-0.1575,0.0715,-1.0215,0.0212,-0.31,-0.13,0.13,128987,125925,128904
38850584,1.3300,-0.9450,-0.1750,0.0715,-1.0209,0.0210,-0.31,-0.13,0.13,129001,125947,128899
38870116,2.2575,-0.8925,-0.1400,0.0709,-1.0209,0.0205,-0.31,-0.13,0.13,128996,125951,128904
38890624,1.7150,-0.7000,-0.1050,0.0708,-1.0209,0.0203,-0.31,-0.13,0.13,128994,125935,128891
38910156,1.5225,-0.7000,-0.2450,0.0708,-1.0211,0.0203,-0.31,-0.13,0.13,128985,125936,128900
38930664,1.1375,-0.8400,-0.4025,0.0705,-1.0216,0.0203,-0.31,-0.13,0.13,128992,125937,128894
38950196,0.0350,-0.7350,-0.5250,0.0704,-1.0219,0.0200,-0.31,-0.13,0.13,128988,125949,128888
38970704,-0.1575,-0.7700,-0.5250,0.0703,-1.0227,0.0196,-0.31,-0.13,0.13,128996,125949,128896
38990232,0.1050,-0.7350,-0.3500,0.0703,-1.0232,0.0193,-0.31,-0.13,0.13,128982,125946,128905
39010744,-0.0700,-0.5775,-0.4200,0.0705,-1.0235,0.0190,-0.31,-0.13,0.13,128987,125934,128898
39030272,0.5250,-0.5075,-0.2975,0.0708,-1.0236,0.0192,-0.31,-0.13,0.13,128993,125933,128883
39049804,-0.0350,-0.3325,-0.2625,0.0710,-1.0232,0.0192,-0.31,-0.13,0.13,128991,125940,128898
39070312,-0.3850,-0.3150,-0.2275,0.0708,-1.0228,0.0193,-0.31,-0.13,0.13,128991,125943,128907
39089844,-0.4725,-0.3850,-0.1575,0.0705,-1.0225,0.0195,-0.31,-0.13,0.13,128995,125937,128902
39110352,1.1025,-0.4900,-0.2275,0.0699,-1.0228,0.0207,-0.31,-0.13,0.13,128988,125936,128887
39129880,0.5600,-0.5425,-0.2800,0.0697,-1.0222,0.0211,-0.31,-0.13,0.13,128985,125936,128885
39169920,-0.3500,-0.5075,-0.4550,0.0699,-1.0211,0.0215,-0.31,-0.13,0.13,129004,125941,128899
39189452,1.4525,-0.5425,-0.3500,0.0702,-1.0216,0.0224,-0.31,-0.13,0.13,128992,125937,128907
39208984,1.9950,-0.4375,-0.3675,0.0704,-1.0218,0.0231,-0.31,-0.13,0.13,128989,125934,128887
39229492,0.6475,-0.4900,-0.1225,0.0709,-1.0216,0.0238,-0.31,-0.13,0.13,128991,125926,128885
39249024,0.4725,-0.6300,-0.1225,0.0705,-1.0219,0.0243,-0.31,-0.13,0.13,128991,125939,128889
39269532,-0.2975,-0.7700,-0.0875,0.0700,-1.0219,0.0242,-0.31,-0.13,0.13,128996,125948,128903
39289064,-0.2450,-0.9800,-0.0700,0.0699,-1.0216,0.0242,-0.31,-0.13,0.13,128995,125947,128909
39309568,0.1050,-0.9975,-0.1225,0.0698,-1.0214,0.0239,-0.31,-0.13,0.13,128985,125930,128887
39329100,0.4025,-1.0325,-0.1925,0.0697,-1.0214,0.0237,-0.31,-0.13,0.13,128979,125936,128882
39349608,0.4375,-0.9450,-0.2275,0.0700,-1.0213,0.0234,-0.31,-0.13,0.13,128989,125948,128898
39369140,0.7875,-0.9100,-0.2100,0.0705,-1.0216,0.0237,-0.31,-0.13,0.13,128996,125952,128887
39389648,0.7000,-0.9800,-0.2625,0.0704,-1.0219,0.0239,-0.31,-0.13,0.13,128990,125942,128890
39409180,-0.0700,-0.9275,-0.2800,0.0703,-1.0219,0.0240,-0.31,-0.13,0.13,128986,125937,128894
39429688,-0.0350,-1.0150,-0.2800,0.0695,-1.0225,0.0243,-0.31,-0.13,0.13,128979,125936,128885
39449216,0.2800,-1.0325,-0.3325,0.0698,-1.0231,0.0246,-0.31,-0.13,0.13,128989,125942,128895
39469728,0.4375,-1.0850,-0.3675,0.0700,-1.0231,0.0246,-0.31,-0.13,0.13,128995,125946,128898
39489256,-0.0350,-0.9800,-0.4375,0.0702,-1.0227,0.0242,-0.31,-0.13,0.13,128987,125938,128890
39508788,-0.5250,-0.9625,-0.5075,0.0700,-1.0225,0.0237,-0.31,-0.13,0.13,128987,125930,128885
39529296,0.1050,-0.8575,-0.4550,0.0699,-1.0226,0.0228,-0.31,-0.13,0.13,128988,125936,128882
39548828,1.1200,-0.8050,-0.5075,0.0702,-1.0225,0.0221,-0.31,-0.13,0.13,128993,125951,128883
39569336,1.4000,-0.7525,-0.4900,0.0705,-1.0222,0.0210,-0.31,-0.13,0.13,128994,125945,128886
39588868,0.4375,-0.6475,-0.5250,0.0710,-1.0220,0.0205,-0.31,-0.13,0.13,128994,125947,128889
39609376,-0.2975,-0.5775,-0.4900,0.0714,-1.0219,0.0204,-0.31,-0.13,0.13,128986,125927,128894
39628904,-0.0875,-0.6825,-0.4550,0.0711,-1.0224,0.0203,-0.31,-0.13,0.13,128987,125933,128891
39649416,-0.0525,-0.6300,-0.5250,0.0708,-1.0228,0.0200,-0.31,-0.13,0.13,128995,125942,128879
39668944,-0.1575,-0.5425,-0.5075,0.0708,-1.0231,0.0198,-0.31,-0.13,0.13,128995,125945,128886
39689452,-0.0875,-0.3675,-0.5250,0.0705,-1.0233,0.0196,-0.31,-0.13,0.13,128989,125944,128892
39708984,0.0700,-0.3325,-0.6125,0.0703,-1.0233,0.0199,-0.31,-0.13,0.13,128989,125928,128893
39729492,0.0350,-0.2100,-0.6300,0.0703,-1.0233,0.0200,-0.31,-0.13,0.13,128996,125925,128883
39749024,-0.7525,-0.1400,-0.6300,0.0705,-1.0226,0.0203,-0.31,-0.13,0.13,129005,125944,128898
39769532,-0.6125,-0.2800,-0.5250,0.0706,-1.0224,0.0206,-0.31,-0.13,0.13,129000,125934,128911
39789064,0.1575,-0.3325,-0.4550,0.0708,-1.0221,0.0211,-0.31,-0.13,0.13,129000,125931,128896
39809568,0.3150,-0.4025,-0.2800,0.0711,-1.0205,0.0212,-0.31,-0.13,0.13,128994,125926,128895
39829100,0.0875,-0.4200,-0.3150,0.0712,-1.0198,0.0211,-0.31,-0.13,0.13,128991,125918,128913
39849608,0.5425,-0.4025,-0.1750,0.0711,-1.0202,0.0214,-0.31,-0.13,0.13,128997,125938,128905
39869140,1.3650,-0.3325,-0.2100,0.0714,-1.0209,0.0220,-0.31,-0.13,0.13,129005,125937,128904
39889648,2.1350,-0.4025,-0.1050,0.0715,-1.0219,0.0229,-0.31,-0.13,0.13,128992,125933,128902
39909180,0.6825,-0.6300,-0.2275,0.0715,-1.0222,0.0237,-0.31,-0.13,0.13,128995,125920,128893
39929688,-0.4550,-0.7700,-0.2975,0.0715,-1.0222,0.0238,-0.31,-0.13,0.13,129000,125927,128891
39949216,-0.7175,-0.9450,-0.3850,0.0712,-1.0226,0.0238,-0.31,-0.13,0.13,128992,125937,128902
39969728,-0.5950,-1.0850,-0.4550,0.0710,-1.0230,0.0235,-0.31,-0.13,0.13,129002,125940,128900
39989256,-0.5075,-1.0850,-0.5425,0.0711,-1.0231,0.0231,-0.31,-0.13,0.13,129001,125942,128895
40008788,0.3675,-1.1550,-0.6300,0.0714,-1.0233,0.0227,-0.31,-0.13,0.13,128999,125923,128894
40029296,0.2450,-0.9975,-0.7000,0.0720,-1.0233,0.0220,-0.31,-0.13,0.13,129000,125925,128907
40048828,-0.1400,-0.8750,-0.8225,0.0722,-1.0233,0.0218,-0.31,-0.13,0.13,129007,125929,128896
40069336,-0.4200,-0.9100,-0.8575,0.0725,-1.0233,0.0220,-0.31,-0.13,0.13,129016,125942,128908
40088868,0.1050,-0.7875,-0.8400,0.0725,-1.0237,0.0223,-0.31,-0.13,0.13,129012,125934,128900
40109376,0.8050,-0.8575,-0.8925,0.0722,-1.0241,0.0229,-0.31,-0.13,0.13,129005,125915,128910
40128904,0.6300,-0.8925,-0.9450,0.0721,-1.0241,0.0232,-0.31,-0.13,0.13,129010,125919,128894
40149416,-0.1400,-0.8575,-1.0150,0.0720,-1.0235,0.0234,-0.31,-0.13,0.13,129014,125936,128895
40179688,-1.0150,-0.8050,-0.9275,0.0722,-1.0226,0.0231,-0.32,-0.13,0.13,129016,125908,128906
40199216,-0.8400,-0.9450,-0.8050,0.0726,-1.0222,0.0226,-0.31,-0.12,0.13,129027,125912,128908
40219728,-0.5425,-0.9275,-0.7350,0.0730,-1.0214,0.0222,-0.31,-0.12,0.13,129031,125931,128922
40239256,0.4725,-0.9800,-0.6650,0.0730,-1.0209,0.0217,-0.31,-0.12,0.13,129029,125913,128897
40258788,0.2275,-0.8750,-0.5950,0.0734,-1.0199,0.0207,-0.32,-0.13,0.13,129019,125898,128901
40279296,-0.2625,-0.8225,-0.5950,0.0738,-1.0196,0.0201,-0.32,-0.13,0.13,129018,125911,128915
40298828,0.1050,-0.7700,-0.6650,0.0736,-1.0199,0.0198,-0.31,-0.12,0.13,129033,125915,128907
40319336,0.3850,-0.6300,-0.6125,0.0732,-1.0204,0.0193,-0.31,-0.12,0.13,129035,125927,128912
40338868,1.3650,-0.5250,-0.6475,0.0727,-1.0214,0.0192,-0.31,-0.12,0.13,129028,125921,128910
40359376,1.0500,-0.4375,-0.7000,0.0727,-1.0216,0.0189,-0.32,-0.12,0.13,129026,125911,128891
40378904,-0.2275,-0.3850,-0.7000,0.0730,-1.0216,0.0188,-0.32,-0.13,0.13,129023,125903,128910
40399416,-0.5425,-0.4550,-0.5775,0.0731,-1.0219,0.0190,-0.31,-0.12,0.13,129035,125916,128913
40418944,-0.7350,-0.4550,-0.5075,0.0733,-1.0219,0.0189,-0.32,-0.12,0.13,129044,125909,128917
40439452,-1.0675,-0.4200,-0.4375,0.0734,-1.0214,0.0188,-0.31,-0.12,0.13,129038,125914,128921
40458984,-0.7000,-0.4025,-0.4725,0.0732,-1.0210,0.0188,-0.32,-0.12,0.13,129034,125904,128919
40479492,-0.2975,-0.4375,-0.5250,0.0738,-1.0203,0.0188,-0.32,-0.12,0.13,129036,125890,128927
40499024,-0.4900,-0.4550,-0.4900,0.0741,-1.0197,0.0185,-0.32,-0.12,0.13,129046,125907,128917
40519532,-0.2450,-0.3500,-0.4550,0.0742,-1.0197,0.0188,-0.31,-0.12,0.13,129041,125913,128930
40539064,1.3125,-0.2975,-0.3850,0.0739,-1.0202,0.0195,-0.32,-0.12,0.13,129040,125904,128919
40559568,2.3450,-0.3850,-0.2275,0.0738,-1.0208,0.0205,-0.32,-0.12,0.13,129033,125901,128923
40579100,1.1725,-0.4725,-0.1925,0.0739,-1.0205,0.0211,-0.32,-0.12,0.13,129036,125909,128912
40599608,-0.7175,-0.8400,-0.0875,0.0739,-1.0199,0.0215,-0.31,-0.12,0.13,129045,125913,128923
40619140,-1.5225,-0.9100,-0.1750,0.0739,-1.0196,0.0215,-0.32,-0.12,0.13,129039,125905,128925
40639648,-1.0850,-1.0325,-0.1400,0.0737,-1.0197,0.0214,-0.32,-0.12,0.13,129041,125908,128924
40659180,-0.4025,-1.0500,-0.0875,0.0737,-1.0198,0.0210,-0.32,-0.12,0.13,129033,125895,128923
40679688,-0.1400,-1.1025,-0.1400,0.0739,-1.0197,0.0205,-0.32,-0.12,0.13,129033,125906,128927
40699216,0.2625,-1.0675,-0.0700,0.0741,-1.0197,0.0204,-0.31,-0.12,0.13,129037,125917,128930
40719728,0.3325,-1.0150,-0.1050,0.0742,-1.0199,0.0203,-0.32,-0.12,0.13,129042,125909,128925
40739256,0.0525,-0.8225,-0.1225,0.0741,-1.0205,0.0204,-0.32,-0.12,0.13,129037,125901,128925
40758788,0.3850,-0.8400,-0.2625,0.0742,-1.0209,0.0205,-0.32,-0.12,0.13,129035,125905,128923
40779296,0.7000,-0.8750,-0.2975,0.0741,-1.0207,0.0207,-0.32,-0.12,0.13,129040,125905,128917
40798828,0.3150,-1.0150,-0.3150,0.0739,-1.0207,0.0211,-0.31,-0.12,0.13,129035,125915,128923
40819336,0.0875,-0.9800,-0.1750,0.0742,-1.0209,0.0212,-0.31,-0.12,0.13,129041,125916,128926
40838868,-0.2975,-0.9625,-0.2100,0.0742,-1.0211,0.0209,-0.32,-0.12,0.13,129040,125906,128932
40859376,0.3325,-0.8750,-0.2800,0.0744,-1.0211,0.0204,-0.32,-0.12,0.13,129025,125888,128921
40878904,0.7000,-0.8750,-0.2275,0.0748,-1.0210,0.0200,-0.32,-0.12,0.13,129033,125901,128912
40899416,0.4550,-0.7350,-0.2800,0.0749,-1.0205,0.0194,-0.31,-0.12,0.13,129042,125918,128934
40918944,-0.1925,-0.7000,-0.2800,0.0750,-1.0199,0.0188,-0.31,-0.12,0.13,129038,125916,128950
40939452,-0.1225,-0.8225,-0.2975,0.0750,-1.0194,0.0182,-0.32,-0.12,0.13,129032,125899,128936
40958984,0.5250,-0.7000,-0.2450,0.0742,-1.0194,0.0179,-0.32,-0.12,0.13,129032,125900,128927
40979492,0.4725,-0.7350,-0.2800,0.0733,-1.0194,0.0176,-0.32,-0.12,0.13,129029,125900,128924
40999024,0.9450,-0.7000,-0.1750,0.0727,-1.0197,0.0177,-0.31,-0.12,0.13,129035,125915,128933
41019532,0.8925,-0.5775,-0.1050,0.0723,-1.0199,0.0178,-0.31,-0.12,0.13,129036,125924,128942
41039064,0.1575,-0.6125,-0.1400,0.0720,-1.0199,0.0178,-0.31,-0.12,0.13,129036,125913,128938
41059568,-0.0700,-0.6300,-0.1225,0.0717,-1.0197,0.0181,-0.32,-0.13,0.13,129023,125901,128936
41079100,-0.0350,-0.5775,-0.0700,0.0716,-1.0192,0.0181,-0.32,-0.12,0.13,129026,125902,128934
41099608,0.1925,-0.6475,0.0525,0.0714,-1.0191,0.0179,-0.31,-0.12,0.13,129031,125917,128933
41119140,0.8050,-0.5250,0.0700,0.0715,-1.0191,0.0179,-0.31,-0.12,0.13,129037,125916,128929
41139648,1.2775,-0.5075,0.1050,0.0719,-1.0187,0.0177,-0.32,-0.12,0.13,129024,125911,128933
41159180,1.3300,-0.4725,0.1050,0.0721,-1.0185,0.0172,-0.31,-0.13,0.13,129019,125916,128913
41189452,1.9075,-0.4025,0.1925,0.0727,-1.0192,0.0173,-0.31,-0.12,0.13,129024,125916,128919
41208984,2.1700,-0.4725,0.2625,0.0732,-1.0200,0.0181,-0.32,-0.13,0.13,129016,125910,128908
41229492,1.9425,-0.5775,0.1750,0.0732,-1.0208,0.0187,-0.31,-0.13,0.13,129015,125918,128903
41249024,0.8050,-0.6650,0.0525,0.0730,-1.0211,0.0190,-0.31,-0.12,0.13,129025,125927,128920
41269532,-0.4025,-0.8050,-0.0700,0.0727,-1.0214,0.0193,-0.31,-0.12,0.13,129029,125931,128925
41289064,-0.0700,-1.0500,-0.0700,0.0722,-1.0224,0.0196,-0.31,-0.13,0.13,129020,125931,128917
41309568,-0.4375,-1.0325,-0.1225,0.0725,-1.0226,0.0194,-0.32,-0.13,0.13,129010,125904,128908
41329100,0.2800,-0.9450,-0.2625,0.0726,-1.0230,0.0194,-0.31,-0.13,0.13,129009,125919,128923
41349608,0.2800,-0.8750,-0.4025,0.0728,-1.0227,0.0192,-0.31,-0.13,0.13,129017,125932,128911
41369140,1.0500,-0.7700,-0.4900,0.0731,-1.0230,0.0196,-0.31,-0.12,0.13,129028,125929,128902
41389648,1.8550,-0.8050,-0.5600,0.0727,-1.0236,0.0201,-0.31,-0.13,0.13,129015,125921,128907
41409180,0.8750,-0.7000,-0.5950,0.0727,-1.0241,0.0206,-0.32,-0.13,0.13,129012,125905,128910
41429688,0.2975,-0.4725,-0.8050,0.0727,-1.0246,0.0210,-0.31,-0.13,0.13,129022,125924,128911
41449216,0.1575,-0.5600,-0.8050,0.0730,-1.0247,0.0212,-0.31,-0.12,0.13,129026,125930,128903
41469728,0.5425,-0.6475,-0.8750,0.0728,-1.0246,0.0215,-0.31,-0.12,0.13,129028,125925,128909
41489256,0.2625,-0.6300,-0.9100,0.0730,-1.0239,0.0214,-0.31,-0.13,0.13,129018,125917,128902
41508788,0.4725,-0.5600,-0.8050,0.0730,-1.0237,0.0212,-0.32,-0.13,0.13,129021,125906,128908
41529296,0.8575,-0.6125,-0.8925,0.0731,-1.0231,0.0209,-0.31,-0.12,0.13,129027,125921,128907
41548828,1.1025,-0.5075,-0.8400,0.0734,-1.0224,0.0205,-0.31,-0.12,0.13,129028,125932,128906
41569336,1.3300,-0.5775,-0.7525,0.0738,-1.0219,0.0203,-0.31,-0.12,0.13,129031,125932,128911
41588868,0.2275,-0.4550,-0.6650,0.0739,-1.0214,0.0198,-0.31,-0.12,0.13,129027,125923,128902
41609376,-0.0875,-0.3325,-0.6125,0.0741,-1.0211,0.0198,-0.32,-0.12,0.13,129026,125910,128908
41628904,0.8050,-0.3850,-0.6125,0.0733,-1.0216,0.0198,-0.31,-0.12,0.13,129028,125934,128895
41649416,0.2800,-0.2625,-0.5950,0.0730,-1.0219,0.0196,-0.31,-0.12,0.13,129042,125926,128916
41668944,0.5250,-0.2975,-0.5775,0.0733,-1.0219,0.0199,-0.31,-0.12,0.13,129036,125934,128913
41689452,0.4550,-0.2975,-0.5600,0.0733,-1.0216,0.0201,-0.31,-0.12,0.13,129029,125913,128907
41708984,-0.4200,-0.3675,-0.4900,0.0734,-1.0211,0.0204,-0.32,-0.12,0.13,129026,125908,128903
41729492,-0.2100,-0.3325,-0.4200,0.0734,-1.0213,0.0209,-0.31,-0.12,0.13,129027,125917,128910
41749024,-0.8400,-0.2450,-0.1925,0.0737,-1.0204,0.0207,-0.31,-0.12,0.13,129040,125914,128911
41769532,-0.3500,-0.2800,-0.0875,0.0737,-1.0198,0.0210,-0.31,-0.12,0.13,129036,125929,128920
41789064,0.4725,-0.3150,-0.0525,0.0734,-1.0194,0.0214,-0.31,-0.12,0.13,129032,125917,128917
41809568,0.4200,-0.3500,-0.0175,0.0733,-1.0187,0.0215,-0.32,-0.12,0.13,129030,125907,128904
41829100,0.4725,-0.3150,0.0000,0.0730,-1.0183,0.0215,-0.31,-0.12,0.13,129030,125922,128913
41849608,1.2075,-0.3500,0.0000,0.0728,-1.0187,0.0220,-0.31,-0.12,0.13,129035,125932,128916
41869140,2.2750,-0.2975,0.0175,0.0736,-1.0193,0.0232,-0.31,-0.12,0.13,129033,125934,128908
41889648,1.7500,-0.3325,-0.0700,0.0739,-1.0194,0.0239,-0.31,-0.12,0.13,129029,125922,128913
41909180,0.8925,-0.4375,-0.0175,0.0741,-1.0194,0.0242,-0.31,-0.12,0.13,129025,125918,128895
41929688,-0.1225,-0.5950,0.1050,0.0743,-1.0197,0.0244,-0.31,-0.13,0.13,129023,125926,128911
41949216,-0.0525,-0.7700,0.3150,0.0745,-1.0203,0.0244,-0.31,-0.13,0.13,129022,125938,128895
41969728,0.2100,-0.8400,0.4200,0.0745,-1.0207,0.0239,-0.31,-0.13,0.13,129021,125934,128919
41989256,-0.1925,-0.9100,0.2625,0.0747,-1.0205,0.0237,-0.31,-0.13,0.13,129018,125935,128909
42008788,-0.5425,-0.8575,0.1575,0.0749,-1.0205,0.0234,-0.31,-0.13,0.13,129015,125923,128904
42029296,-0.1225,-0.8750,0.0175,0.0750,-1.0209,0.0234,-0.31,-0.13,0.13,129013,125928,128906
42048828,0.3150,-0.8750,-0.0525,0.0749,-1.0215,0.0234,-0.31,-0.12,0.13,129025,125944,128898
42069336,0.5075,-0.8750,-0.1400,0.0752,-1.0221,0.0237,-0.31,-0.13,0.13,129020,125933,128904
42088868,1.0150,-0.8575,-0.3325,0.0753,-1.0228,0.0240,-0.31,-0.13,0.13,129018,125940,128895
42109376,0.8575,-0.7525,-0.5425,0.0749,-1.0237,0.0244,-0.31,-0.13,0.13,129009,125925,128881
42128904,0.7175,-0.7875,-0.7000,0.0748,-1.0241,0.0246,-0.31,-0.13,0.13,129014,125925,128886
42149416,0.2800,-0.8225,-0.6825,0.0748,-1.0241,0.0248,-0.31,-0.13,0.13,129021,125952,128900
42168944,0.2450,-0.8925,-0.6650,0.0745,-1.0238,0.0246,-0.31,-0.13,0.13,129021,125937,128912
42199216,0.0350,-0.9450,-0.6825,0.0743,-1.0233,0.0242,-0.31,-0.12,0.13,129029,125943,128886
42219728,0.1750,-1.0325,-0.5600,0.0742,-1.0224,0.0234,-0.31,-0.13,0.13,129021,125935,128896
42239256,0.1225,-1.0675,-0.5075,0.0744,-1.0215,0.0229,-0.31,-0.13,0.13,129023,125934,128903
42258788,0.2625,-1.1200,-0.4725,0.0748,-1.0209,0.0227,-0.31,-0.13,0.13,129017,125924,128893
42279296,0.3500,-1.1200,-0.4375,0.0745,-1.0204,0.0221,-0.31,-0.13,0.13,129021,125931,128902
42298828,0.5250,-0.9450,-0.3325,0.0742,-1.0203,0.0215,-0.31,-0.12,0.13,129025,125938,128890
42319336,0.9800,-0.9100,-0.2450,0.0737,-1.0203,0.0209,-0.31,-0.12,0.13,129026,125941,128883
42338868,0.7000,-0.7350,-0.1575,0.0737,-1.0203,0.0207,-0.31,-0.13,0.13,129019,125932,128890
42359376,0.4725,-0.7000,-0.0525,0.0736,-1.0207,0.0207,-0.31,-0.13,0.13,129008,125932,128874
42378904,0.1750,-0.5250,0.1400,0.0734,-1.0209,0.0211,-0.31,-0.13,0.13,129010,125923,128889
42399416,-0.1050,-0.5425,0.1050,0.0733,-1.0208,0.0212,-0.31,-0.13,0.13,129020,125943,128891
42418944,-0.4725,-0.6475,0.2275,0.0733,-1.0204,0.0212,-0.31,-0.13,0.13,129022,125937,128902
42439452,-0.1925,-0.4025,0.1050,0.0725,-1.0202,0.0212,-0.31,-0.13,0.13,129011,125927,128894
42458984,0.9100,-0.4550,0.1050,0.0720,-1.0202,0.0214,-0.31,-0.13,0.13,129004,125926,128887
42479492,0.9275,-0.3325,0.0525,0.0721,-1.0196,0.0212,-0.31,-0.13,0.13,129009,125935,128899
42499024,0.5775,-0.3325,0.0000,0.0721,-1.0191,0.0209,-0.31,-0.13,0.13,129013,125942,128903
42519532,0.9800,-0.2275,-0.0875,0.0721,-1.0193,0.0210,-0.31,-0.13,0.13,129016,125948,128900
42539064,2.0300,-0.1225,-0.0525,0.0726,-1.0199,0.0216,-0.31,-0.13,0.13,129002,125940,128882
42559568,2.4150,-0.2450,0.0175,0.0732,-1.0207,0.0228,-0.31,-0.13,0.13,129000,125939,128876
42579100,1.0500,-0.2625,-0.0175,0.0730,-1.0208,0.0233,-0.31,-0.13,0.13,128998,125936,128890
42599608,-0.2800,-0.4025,0.0000,0.0728,-1.0210,0.0237,-0.31,-0.13,0.13,129010,125955,128886
42619140,-0.2275,-0.6300,0.0175,0.0727,-1.0216,0.0240,-0.31,-0.13,0.13,129004,125949,128886
42639648,-0.1575,-0.5600,0.0700,0.0723,-1.0222,0.0242,-0.31,-0.13,0.13,129002,125941,128881
42659180,-0.1400,-0.6125,0.0875,0.0722,-1.0224,0.0242,-0.31,-0.13,0.13,128997,125938,128885
42679688,0.5950,-0.6825,-0.0350,0.0722,-1.0226,0.0244,-0.31,-0.13,0.13,128999,125947,128894
42699216,0.7000,-0.7875,-0.2450,0.0721,-1.0230,0.0246,-0.31,-0.13,0.13,129006,125957,128899
42719728,0.4200,-0.7525,-0.4200,0.0720,-1.0236,0.0249,-0.31,-0.13,0.13,129005,125948,128887
42739256,0.0875,-0.8050,-0.4725,0.0722,-1.0241,0.0253,-0.31,-0.13,0.13,128999,125941,128881
42758788,-0.1575,-0.6825,-0.4725,0.0723,-1.0243,0.0255,-0.31,-0.13,0.13,129001,125930,128882
42779296,0.0000,-0.7175,-0.6475,0.0726,-1.0243,0.0259,-0.31,-0.13,0.13,129004,125939,128886
42798828,0.4900,-0.8050,-0.6300,0.0726,-1.0243,0.0264,-0.31,-0.13,0.13,129007,125949,128870
42819336,0.1575,-0.9100,-0.5775,0.0726,-1.0238,0.0264,-0.31,-0.13,0.13,129017,125949,128886
42838868,-0.4025,-0.8925,-0.4725,0.0727,-1.0232,0.0261,-0.31,-0.13,0.13,129000,125927,128889
42859376,-0.5425,-1.0150,-0.4725,0.0730,-1.0226,0.0261,-0.31,-0.13,0.13,128998,125925,128891
42878904,0.0175,-0.9625,-0.2975,0.0727,-1.0224,0.0260,-0.31,-0.13,0.13,129003,125930,128890
42899416,-0.0700,-1.0675,-0.3675,0.0727,-1.0215,0.0254,-0.31,-0.13,0.13,129013,125946,128882
42918944,0.0350,-1.1025,-0.4025,0.0728,-1.0209,0.0251,-0.31,-0.13,0.13,129008,125950,128895
42939452,0.4025,-1.1025,-0.3150,0.0726,-1.0209,0.0249,-0.31,-0.13,0.13,129007,125937,128886
42958984,0.4200,-1.0325,-0.3675,0.0723,-1.0208,0.0244,-0.31,-0.13,0.13,129000,125928,128880
42979492,0.1925,-0.9975,-0.3500,0.0722,-1.0208,0.0240,-0.31,-0.13,0.13,129007,125939,128883
42999024,0.7175,-0.9100,-0.3675,0.0719,-1.0211,0.0237,-0.31,-0.13,0.13,129018,125952,128887
43019532,0.8750,-0.7875,-0.3850,0.0715,-1.0219,0.0231,-0.31,-0.13,0.13,129016,125933,128891
43039064,0.9275,-0.7000,-0.3325,0.0714,-1.0224,0.0229,-0.31,-0.13,0.13,129006,125933,128899
43059568,0.6650,-0.6300,-0.3325,0.0714,-1.0228,0.0231,-0.31,-0.13,0.13,129005,125933,128886
43079100,-0.1400,-0.5425,-0.3325,0.0712,-1.0228,0.0229,-0.31,-0.13,0.13,129001,125936,128887
43099608,-0.8575,-0.5950,-0.4550,0.0714,-1.0224,0.0226,-0.31,-0.13,0.13,129013,125948,128885
43119140,-0.3675,-0.6125,-0.4900,0.0712,-1.0220,0.0226,-0.31,-0.13,0.13,129015,125934,128893
43139648,0.4725,-0.5425,-0.4375,0.0710,-1.0214,0.0222,-0.31,-0.13,0.13,129005,125921,128865
43159180,0.5950,-0.4375,-0.3500,0.0710,-1.0207,0.0218,-0.31,-0.13,0.13,129001,125928,128874
43199216,2.1000,-0.3500,-0.2275,0.0717,-1.0207,0.0220,-0.31,-0.13,0.13,129013,125939,128868
43218752,2.2225,-0.2450,-0.1400,0.0727,-1.0209,0.0228,-0.31,-0.13,0.13,129007,125952,128869
43238280,2.0300,-0.3500,-0.0350,0.0732,-1.0214,0.0238,-0.31,-0.13,0.13,129009,125932,128877
43257812,0.2800,-0.4900,-0.0875,0.0730,-1.0222,0.0248,-0.31,-0.13,0.13,129000,125930,128861
43278320,-0.3850,-0.6300,-0.2100,0.0725,-1.0228,0.0251,-0.31,-0.13,0.13,129004,125927,128870
43297852,-0.3500,-0.7700,-0.4375,0.0720,-1.0231,0.0251,-0.31,-0.13,0.13,129010,125948,128874
43318360,0.0525,-0.8575,-0.5950,0.0716,-1.0233,0.0250,-0.31,-0.13,0.13,129018,125943,128881
43337888,0.3150,-0.8750,-0.7875,0.0717,-1.0236,0.0249,-0.31,-0.13,0.13,129018,125938,128879
43358400,0.5425,-0.8050,-0.7000,0.0725,-1.0236,0.0246,-0.31,-0.13,0.13,129005,125925,128876
43377928,-0.1400,-0.7175,-0.5775,0.0734,-1.0233,0.0242,-0.31,-0.13,0.13,129005,125934,128877
43398436,-0.4200,-0.6475,-0.5425,0.0741,-1.0233,0.0242,-0.31,-0.13,0.13,129019,125940,128879
43417968,0.5075,-0.6300,-0.5950,0.0742,-1.0238,0.0246,-0.31,-0.13,0.13,129016,125942,128890
43438476,0.0525,-0.6475,-0.7000,0.0743,-1.0238,0.0249,-0.31,-0.13,0.13,129014,125933,128883
43458008,0.6650,-0.7525,-0.8225,0.0741,-1.0241,0.0257,-0.31,-0.13,0.13,129017,125915,128871
43478516,-0.2800,-0.8575,-1.1900,0.0736,-1.0236,0.0261,-0.31,-0.13,0.13,129020,125938,128879
43498048,-0.0700,-0.9975,-1.1025,0.0732,-1.0241,0.0265,-0.31,-0.12,0.13,129024,125944,128885
43518552,-0.5425,-0.9100,-1.0850,0.0732,-1.0238,0.0264,-0.31,-0.12,0.13,129029,125928,128882
43538084,-0.5775,-0.8400,-0.9800,0.0734,-1.0237,0.0261,-0.31,-0.12,0.13,129026,125926,128874
43558592,-0.1050,-0.9100,-0.9100,0.0738,-1.0232,0.0256,-0.31,-0.12,0.13,129024,125920,128877
43578124,0.2975,-0.7875,-0.8925,0.0743,-1.0225,0.0253,-0.31,-0.12,0.13,129027,125921,128863
43598632,0.4025,-0.7350,-0.8925,0.0749,-1.0216,0.0246,-0.31,-0.12,0.13,129037,125931,128886
43618164,0.2275,-0.5950,-0.9100,0.0752,-1.0214,0.0244,-0.31,-0.12,0.13,129040,125925,128889
43638672,0.6300,-0.6650,-0.8575,0.0752,-1.0215,0.0242,-0.31,-0.12,0.13,129039,125920,128890
43658204,0.2275,-0.6650,-0.9975,0.0750,-1.0214,0.0239,-0.31,-0.12,0.13,129032,125914,128877
43678712,-0.4025,-0.6475,-0.8925,0.0749,-1.0215,0.0235,-0.31,-0.12,0.13,129044,125918,128885
43698240,-0.7525,-0.6825,-0.9275,0.0749,-1.0216,0.0232,-0.31,-0.12,0.13,129047,125925,128886
43718752,0.1750,-0.5075,-0.8050,0.0747,-1.0225,0.0233,-0.31,-0.12,0.13,129054,125925,128891
43738280,0.8400,-0.5075,-0.8050,0.0744,-1.0226,0.0234,-0.32,-0.12,0.13,129055,125909,128902
43757812,0.0875,-0.4025,-0.8575,0.0747,-1.0219,0.0234,-0.32,-0.12,0.13,129046,125909,128894
43778320,-0.7525,-0.4725,-0.9275,0.0745,-1.0207,0.0232,-0.31,-0.12,0.13,129048,125913,128894
43797852,-0.6475,-0.5425,-0.9800,0.0744,-1.0202,0.0234,-0.31,-0.12,0.13,129058,125925,128902
43818360,-0.0525,-0.4725,-0.8750,0.0744,-1.0202,0.0237,-0.31,-0.12,0.13,129061,125915,128899
43837888,-0.2800,-0.4025,-0.5425,0.0752,-1.0192,0.0235,-0.32,-0.12,0.13,129055,125911,128907
43858400,-0.3850,-0.3500,-0.4200,0.0760,-1.0183,0.0233,-0.32,-0.12,0.13,129058,125900,128901
43877928,0.4375,-0.4375,-0.2625,0.0765,-1.0183,0.0234,-0.31,-0.12,0.13,129055,125912,128898
43898436,1.4350,-0.4200,-0.1575,0.0767,-1.0188,0.0239,-0.32,-0.12,0.13,129057,125908,128898
43917968,1.6450,-0.4375,-0.0350,0.0766,-1.0196,0.0248,-0.31,-0.12,0.13,129063,125923,128902
43938476,0.8400,-0.6650,-0.0350,0.0764,-1.0203,0.0253,-0.32,-0.12,0.13,129061,125904,128877
43958008,-0.2625,-0.8225,-0.1400,0.0764,-1.0207,0.0253,-0.32,-0.12,0.13,129054,125898,128888
43978516,-1.0675,-0.9625,-0.2975,0.0761,-1.0208,0.0250,-0.32,-0.12,0.13,129056,125907,128904
43998048,-1.4175,-1.1025,-0.4725,0.0761,-1.0208,0.0246,-0.31,-0.12,0.13,129065,125913,128899
44018552,-1.0675,-1.1025,-0.6125,0.0764,-1.0207,0.0244,-0.32,-0.12,0.13,129062,125907,128912
44038084,-0.1050,-1.1900,-0.6650,0.0765,-1.0209,0.0242,-0.32,-0.12,0.13,129065,125894,128898
44058592,-0.1400,-1.0850,-0.6125,0.0769,-1.0207,0.0239,-0.32,-0.12,0.13,129057,125888,128888
44078124,-0.4375,-0.9800,-0.5075,0.0772,-1.0205,0.0239,-0.32,-0.12,0.13,129067,125902,128888
44098632,-0.1225,-0.9625,-0.3325,0.0776,-1.0209,0.0243,-0.31,-0.12,0.13,129070,125915,128912
44118164,0.4550,-0.8225,-0.4375,0.0777,-1.0210,0.0246,-0.32,-0.12,0.13,129067,125908,128903
44138672,0.5425,-0.8400,-0.5425,0.0776,-1.0207,0.0249,-0.32,-0.12,0.13,129068,125895,128907
44158204,0.5600,-0.9275,-0.5075,0.0775,-1.0204,0.0250,-0.32,-0.12,0.13,129066,125896,128903
44178712,0.5250,-0.9275,-0.4900,0.0767,-1.0204,0.0251,-0.32,-0.12,0.13,129069,125906,128914
44208984,0.5600,-0.8575,-0.4550,0.0764,-1.0209,0.0249,-0.32,-0.12,0.13,129065,125899,128884
44229492,0.4550,-0.9100,-0.4900,0.0766,-1.0208,0.0244,-0.32,-0.12,0.13,129070,125899,128897
44249024,-0.5250,-0.8750,-0.4725,0.0771,-1.0202,0.0239,-0.32,-0.12,0.13,129075,125910,128908
44269532,-1.1725,-0.8925,-0.3850,0.0776,-1.0198,0.0229,-0.32,-0.12,0.13,129075,125902,128914
44289064,-0.9100,-0.7525,-0.3500,0.0781,-1.0194,0.0223,-0.32,-0.12,0.13,129067,125891,128910
44309568,-0.6650,-0.7000,-0.3325,0.0781,-1.0192,0.0216,-0.32,-0.12,0.13,129059,125881,128910
44329100,-0.5775,-0.6475,-0.2975,0.0778,-1.0188,0.0210,-0.32,-0.12,0.13,129065,125891,128920
44349608,-0.3850,-0.4725,-0.1750,0.0773,-1.0187,0.0204,-0.32,-0.12,0.13,129079,125903,128925
44369140,-0.0875,-0.3150,-0.0525,0.0770,-1.0187,0.0200,-0.32,-0.12,0.13,129069,125897,128918
44389648,0.8400,-0.0875,0.1225,0.0764,-1.0187,0.0200,-0.32,-0.12,0.13,129065,125892,128914
44409180,0.6650,-0.0525,0.0875,0.0759,-1.0182,0.0201,-0.32,-0.12,0.13,129058,125889,128915
44429688,0.4200,-0.1225,0.1750,0.0756,-1.0177,0.0204,-0.32,-0.12,0.13,129060,125903,128923
44449216,-0.3150,-0.1925,0.2625,0.0754,-1.0170,0.0204,-0.32,-0.12,0.13,129065,125910,128919
44469728,-1.1375,-0.1400,0.2975,0.0753,-1.0161,0.0203,-0.32,-0.12,0.13,129061,125898,128927
44489256,-0.1575,-0.2800,0.4200,0.0753,-1.0159,0.0205,-0.32,-0.12,0.13,129047,125890,128927
44508788,1.2425,-0.2800,0.6475,0.0753,-1.0154,0.0204,-0.32,-0.12,0.13,129049,125900,128929
44529296,0.4025,-0.1400,0.7175,0.0754,-1.0148,0.0198,-0.32,-0.12,0.13,129049,125902,128919
44548828,0.9975,-0.2275,0.8400,0.0761,-1.0154,0.0201,-0.31,-0.12,0.13,129051,125912,128919
44569336,3.0975,-0.4025,1.0150,0.0763,-1.0174,0.0211,-0.31,-0.12,0.13,129048,125913,128915
44588868,2.8350,-0.2450,0.9625,0.0763,-1.0187,0.0217,-0.32,-0.12,0.13,129039,125907,128910
44609376,0.8750,-0.4550,0.9625,0.0764,-1.0198,0.0222,-0.32,-0.12,0.13,129031,125897,128912
44628904,-1.2775,-0.7000,0.7525,0.0760,-1.0214,0.0227,-0.31,-0.12,0.13,129029,125918,128937
44649416,-2.0475,-0.7350,0.4375,0.0758,-1.0224,0.0226,-0.31,-0.12,0.13,129036,125929,128943
44668944,-1.2075,-0.8925,0.1050,0.0754,-1.0235,0.0224,-0.31,-0.12,0.13,129029,125921,128928
44689452,-0.1575,-0.8400,-0.1575,0.0752,-1.0242,0.0221,-0.32,-0.12,0.13,129029,125911,128925
44708984,0.0525,-0.7875,-0.4025,0.0749,-1.0246,0.0216,-0.32,-0.12,0.13,129027,125902,128919
44729492,0.4200,-0.7525,-0.6125,0.0749,-1.0249,0.0217,-0.31,-0.12,0.13,129031,125916,128924
44749024,0.6475,-0.6825,-0.7700,0.0752,-1.0253,0.0218,-0.31,-0.12,0.13,129041,125919,128925
44769532,0.7175,-0.6825,-0.7875,0.0752,-1.0254,0.0221,-0.31,-0.12,0.13,129037,125922,128911
44789064,0.3850,-0.7175,-0.9100,0.0752,-1.0252,0.0222,-0.32,-0.12,0.13,129030,125908,128911
44809568,0.1750,-0.6475,-0.9450,0.0756,-1.0247,0.0223,-0.32,-0.12,0.13,129031,125909,128910
44829100,0.0175,-0.7525,-0.9100,0.0758,-1.0243,0.0224,-0.31,-0.12,0.13,129043,125916,128916
44849608,-0.1925,-0.5950,-0.8225,0.0752,-1.0236,0.0220,-0.31,-0.12,0.13,129038,125929,128922
44869140,0.4550,-0.6300,-0.7175,0.0747,-1.0231,0.0216,-0.32,-0.12,0.13,129036,125910,128914
44889648,1.3825,-0.6125,-0.6475,0.0743,-1.0226,0.0211,-0.32,-0.12,0.13,129032,125907,128920
44909180,1.8550,-0.5950,-0.6650,0.0739,-1.0222,0.0205,-0.32,-0.12,0.13,129031,125906,128908
44929688,1.5575,-0.6300,-0.5075,0.0734,-1.0219,0.0201,-0.31,-0.12,0.13,129041,125914,128913
44949216,1.1025,-0.5775,-0.4550,0.0732,-1.0215,0.0198,-0.31,-0.12,0.13,129043,125918,128919
44969728,-0.2625,-0.5950,-0.5775,0.0734,-1.0208,0.0190,-0.32,-0.12,0.13,129042,125906,128911
44989256,0.1400,-0.5600,-0.5250,0.0734,-1.0209,0.0188,-0.32,-0.12,0.13,129036,125902,128929
45008788,0.2450,-0.4900,-0.5250,0.0732,-1.0211,0.0185,-0.32,-0.12,0.13,129036,125906,128908
45029296,-0.0350,-0.3850,-0.5075,0.0733,-1.0211,0.0181,-0.31,-0.12,0.13,129043,125914,128932
45048828,-0.2100,-0.2100,-0.4725,0.0737,-1.0211,0.0179,-0.31,-0.12,0.13,129041,125924,128939
45069336,0.3675,-0.0350,-0.4550,0.0739,-1.0214,0.0181,-0.31,-0.12,0.13,129040,125919,128928
45088868,0.8050,0.1575,-0.3325,0.0742,-1.0216,0.0183,-0.32,-0.12,0.13,129040,125902,128921
45109376,0.3325,0.2275,-0.3325,0.0747,-1.0211,0.0188,-0.32,-0.12,0.13,129032,125898,128916
45128904,0.4900,0.1575,-0.3500,0.0745,-1.0208,0.0193,-0.31,-0.12,0.13,129041,125915,128923
45149416,0.2975,0.0875,-0.3150,0.0744,-1.0204,0.0196,-0.31,-0.12,0.13,129048,125919,128923
45168944,0.5075,0.0350,-0.3150,0.0744,-1.0200,0.0200,-0.31,-0.12,0.13,129046,125921,128920
45189452,0.6300,-0.1400,-0.2625,0.0747,-1.0194,0.0207,-0.31,-0.12,0.13,129041,125920,128913
45219728,1.4525,-0.0700,-0.2975,0.0750,-1.0196,0.0215,-0.31,-0.12,0.13,129036,125926,128908
45239256,2.3800,-0.0350,-0.3325,0.0754,-1.0202,0.0223,-0.31,-0.12,0.13,129035,125924,128916
45258788,2.3800,-0.1225,-0.2800,0.0759,-1.0208,0.0234,-0.31,-0.12,0.13,129032,125914,128911
45279296,1.2425,-0.2100,-0.1225,0.0763,-1.0213,0.0243,-0.31,-0.12,0.13,129032,125935,128909
45298828,-0.0175,-0.3850,-0.0875,0.0767,-1.0214,0.0249,-0.31,-0.12,0.13,129041,125939,128912
45319336,0.0175,-0.6650,-0.0875,0.0764,-1.0216,0.0254,-0.31,-0.12,0.13,129037,125929,128912
45338868,0.4025,-0.7875,-0.2100,0.0759,-1.0218,0.0254,-0.31,-0.12,0.13,129033,125922,128916
45359376,0.3850,-0.8750,-0.2800,0.0756,-1.0218,0.0251,-0.31,-0.12,0.13,129035,125918,128895
45378904,0.5075,-0.7875,-0.4200,0.0760,-1.0216,0.0251,-0.31,-0.12,0.13,129042,125933,128909
45399416,1.0325,-0.8050,-0.4375,0.0761,-1.0220,0.0251,-0.31,-0.12,0.13,129044,125938,128916
45418944,1.3650,-0.6650,-0.4900,0.0763,-1.0226,0.0253,-0.31,-0.12,0.13,129036,125928,128900
45439452,0.4550,-0.6650,-0.5425,0.0764,-1.0226,0.0255,-0.31,-0.12,0.13,129033,125919,128899
45458984,0.6300,-0.7875,-0.5950,0.0764,-1.0226,0.0260,-0.31,-0.12,0.13,129040,125921,128902
45479492,0.7175,-0.8750,-0.7000,0.0766,-1.0226,0.0264,-0.31,-0.12,0.13,129048,125934,128903
45499024,0.7700,-1.0150,-0.6650,0.0769,-1.0226,0.0268,-0.31,-0.12,0.13,129046,125935,128909
45519532,-0.1925,-1.1900,-0.6125,0.0771,-1.0221,0.0268,-0.31,-0.12,0.13,129045,125927,128899
45539064,-0.1925,-1.1725,-0.4900,0.0767,-1.0224,0.0270,-0.31,-0.12,0.13,129040,125914,128895
45559568,-0.3500,-1.2075,-0.4025,0.0764,-1.0221,0.0265,-0.31,-0.12,0.13,129040,125913,128894
45579100,-0.4025,-1.1550,-0.3675,0.0764,-1.0216,0.0259,-0.31,-0.12,0.13,129046,125919,128912
45599608,0.0350,-1.0325,-0.3675,0.0763,-1.0211,0.0253,-0.31,-0.12,0.13,129046,125934,128911
45619140,0.3325,-0.9275,-0.3850,0.0766,-1.0208,0.0246,-0.31,-0.12,0.13,129049,125931,128894
45639648,0.7350,-0.8750,-0.2625,0.0766,-1.0204,0.0244,-0.31,-0.12,0.13,129040,125913,128899
45659180,1.0325,-0.8050,-0.1575,0.0766,-1.0199,0.0240,-0.31,-0.12,0.13,129037,125921,128904
45679688,0.9275,-0.7525,-0.1575,0.0767,-1.0199,0.0239,-0.31,-0.12,0.13,129047,125925,128902
45699216,0.3325,-0.8050,-0.0875,0.0766,-1.0198,0.0239,-0.31,-0.12,0.13,129042,125939,128902
45719728,-0.3150,-0.8750,-0.2100,0.0761,-1.0200,0.0237,-0.31,-0.12,0.13,129036,125927,128899
45739256,-0.1925,-0.7175,-0.2975,0.0756,-1.0207,0.0237,-0.31,-0.12,0.13,129043,125916,128906
45758788,0.3850,-0.7000,-0.3325,0.0754,-1.0213,0.0234,-0.31,-0.12,0.13,129035,125914,128911
45779296,0.3500,-0.5600,-0.2100,0.0754,-1.0218,0.0234,-0.31,-0.12,0.13,129045,125934,128906
45798828,-0.1400,-0.5250,-0.1925,0.0754,-1.0216,0.0232,-0.31,-0.12,0.13,129050,125934,128900
45819336,-0.4725,-0.5775,-0.2100,0.0752,-1.0214,0.0229,-0.31,-0.12,0.13,129033,125925,128899
45838868,-0.4200,-0.4725,-0.2450,0.0755,-1.0211,0.0229,-0.31,-0.12,0.13,129036,125922,128895
45859376,0.1225,-0.4550,-0.1225,0.0758,-1.0209,0.0232,-0.31,-0.12,0.13,129034,125922,128903
45878904,0.3850,-0.3850,-0.0350,0.0758,-1.0207,0.0232,-0.31,-0.12,0.13,129045,125918,128898
45899416,0.4375,-0.4375,-0.1750,0.0758,-1.0204,0.0229,-0.31,-0.12,0.13,129047,125932,128913
45918944,0.7875,-0.4025,-0.2975,0.0761,-1.0205,0.0233,-0.31,-0.12,0.13,129043,125936,128900
45939452,1.6100,-0.3675,-0.3500,0.0764,-1.0210,0.0239,-0.31,-0.12,0.13,129030,125917,128891
45958984,1.0500,-0.3850,-0.3150,0.0767,-1.0213,0.0245,-0.31,-0.12,0.13,129032,125927,128891
45979492,0.4375,-0.4550,-0.2625,0.0769,-1.0216,0.0249,-0.31,-0.12,0.13,129040,125934,128906
45999024,-0.4900,-0.5775,-0.2450,0.0766,-1.0219,0.0251,-0.31,-0.12,0.13,129045,125941,128904
46019532,-0.6475,-0.7700,-0.2450,0.0756,-1.0222,0.0251,-0.31,-0.12,0.13,129039,125926,128911
46039064,-0.0875,-0.8575,-0.3150,0.0754,-1.0224,0.0253,-0.31,-0.12,0.13,129029,125913,128923
46059568,-0.4200,-0.8575,-0.4200,0.0756,-1.0219,0.0249,-0.31,-0.12,0.13,129037,125926,128919
46079100,-0.4375,-0.8050,-0.5250,0.0758,-1.0214,0.0245,-0.31,-0.12,0.13,129045,125927,128909
46099608,0.3850,-0.8750,-0.5600,0.0756,-1.0214,0.0245,-0.31,-0.12,0.13,129047,125941,128920
46119140,1.1200,-0.7175,-0.5075,0.0760,-1.0216,0.0249,-0.31,-0.12,0.13,129043,125929,128915
46139648,0.5950,-0.7700,-0.4200,0.0764,-1.0214,0.0251,-0.31,-0.12,0.13,129033,125921,128915
46159180,0.6300,-0.7525,-0.3325,0.0765,-1.0214,0.0255,-0.31,-0.12,0.13,129034,125924,128900
46179688,0.5600,-0.9100,-0.2800,0.0764,-1.0216,0.0261,-0.31,-0.12,0.13,129041,125933,128917
46199216,-0.1400,-0.9625,-0.3325,0.0761,-1.0215,0.0262,-0.31,-0.12,0.13,129041,125939,128909
46229492,-0.1750,-1.0325,-0.3675,0.0750,-1.0216,0.0261,-0.31,-0.12,0.13,129045,125923,128904
46249024,0.2100,-1.0500,-0.4375,0.0749,-1.0213,0.0257,-0.31,-0.12,0.13,129047,125933,128909
46269532,0.5950,-0.9975,-0.4200,0.0752,-1.0210,0.0253,-0.31,-0.12,0.13,129045,125922,128906
46289064,0.6475,-1.0325,-0.4200,0.0754,-1.0207,0.0246,-0.32,-0.12,0.13,129034,125911,128904
46309568,0.5075,-1.0325,-0.3850,0.0760,-1.0204,0.0243,-0.32,-0.12,0.13,129037,125910,128901
46329100,0.7700,-0.9450,-0.4200,0.0765,-1.0203,0.0238,-0.31,-0.12,0.13,129046,125927,128904
46349608,0.5775,-0.7875,-0.3500,0.0767,-1.0207,0.0229,-0.31,-0.12,0.13,129050,125926,128903
46369140,0.2100,-0.8050,-0.3325,0.0766,-1.0211,0.0227,-0.31,-0.12,0.13,129044,125925,128909
46389648,0.2975,-0.7175,-0.2100,0.0764,-1.0219,0.0224,-0.32,-0.12,0.13,129044,125906,128914
46409180,0.6475,-0.5775,-0.2975,0.0761,-1.0226,0.0226,-0.31,-0.12,0.13,129037,125912,128895
46429688,0.3500,-0.4550,-0.4725,0.0759,-1.0227,0.0224,-0.31,-0.12,0.13,129047,125929,128904
46449216,0.3150,-0.5075,-0.5425,0.0758,-1.0228,0.0227,-0.31,-0.12,0.13,129052,125935,128904
46469728,0.4725,-0.4200,-0.5950,0.0758,-1.0230,0.0229,-0.32,-0.12,0.13,129045,125909,128902
46489256,-0.2975,-0.4725,-0.5950,0.0758,-1.0226,0.0231,-0.31,-0.12,0.13,129039,125918,128890
46508788,-1.0325,-0.4550,-0.5775,0.0760,-1.0216,0.0229,-0.32,-0.12,0.13,129042,125911,128907
46529296,-0.5250,-0.5950,-0.4725,0.0761,-1.0214,0.0233,-0.31,-0.12,0.13,129051,125923,128915
46548828,0.0700,-0.4900,-0.5250,0.0761,-1.0211,0.0234,-0.31,-0.12,0.13,129057,125922,128916
46569336,0.4725,-0.3325,-0.3850,0.0760,-1.0207,0.0234,-0.31,-0.12,0.13,129050,125917,128910
46588868,1.0500,-0.3500,-0.4025,0.0761,-1.0200,0.0234,-0.31,-0.12,0.13,129048,125918,128903
46609376,1.8375,-0.2975,-0.3850,0.0764,-1.0202,0.0238,-0.31,-0.12,0.13,129047,125915,128889
46628904,2.8700,-0.3150,-0.3150,0.0769,-1.0207,0.0248,-0.31,-0.12,0.13,129051,125921,128889
46649416,2.0825,-0.4025,-0.2450,0.0772,-1.0209,0.0256,-0.31,-0.12,0.13,129059,125935,128889
46668944,0.4725,-0.5600,-0.1925,0.0770,-1.0210,0.0264,-0.31,-0.12,0.13,129050,125934,128882
46689452,-0.6125,-0.8050,-0.1750,0.0766,-1.0216,0.0271,-0.32,-0.12,0.13,129038,125910,128895
46708984,-0.2450,-0.9275,-0.2800,0.0761,-1.0219,0.0271,-0.31,-0.12,0.13,129043,125920,128885
46729492,-0.2800,-0.8925,-0.4200,0.0756,-1.0219,0.0266,-0.31,-0.12,0.13,129054,125938,128887
46749024,0.4550,-1.0325,-0.4550,0.0754,-1.0216,0.0262,-0.31,-0.12,0.13,129056,125938,128892
46769532,0.8225,-1.0675,-0.5775,0.0759,-1.0214,0.0259,-0.31,-0.12,0.13,129048,125922,128895
46789064,0.9450,-0.9625,-0.5425,0.0765,-1.0211,0.0256,-0.32,-0.12,0.13,129048,125911,128881
46809568,0.6650,-0.9275,-0.3850,0.0776,-1.0209,0.0259,-0.32,-0.12,0.13,129047,125909,128899
46829100,0.4375,-0.8050,-0.2450,0.0780,-1.0211,0.0261,-0.31,-0.12,0.13,129054,125931,128894
46849608,0.7175,-0.7350,-0.1400,0.0781,-1.0216,0.0266,-0.31,-0.12,0.13,129058,125932,128882
46869140,1.1025,-0.7700,-0.2100,0.0777,-1.0224,0.0270,-0.31,-0.12,0.13,129056,125931,128889
46889648,0.9625,-0.8400,-0.3675,0.0773,-1.0228,0.0273,-0.32,-0.12,0.13,129042,125906,128877
46909180,0.3150,-0.9800,-0.4725,0.0767,-1.0230,0.0277,-0.31,-0.12,0.13,129045,125912,128880
46929688,-0.5600,-1.0325,-0.6825,0.0763,-1.0231,0.0275,-0.31,-0.12,0.13,129056,125926,128900
46949216,-0.9450,-1.0500,-0.7175,0.0764,-1.0230,0.0270,-0.31,-0.12,0.13,129059,125936,128892
46969728,-0.5425,-1.0850,-0.7350,0.0765,-1.0231,0.0264,-0.32,-0.12,0.13,129056,125908,128901
46989256,-0.4725,-0.9275,-0.7350,0.0770,-1.0233,0.0256,-0.32,-0.12,0.13,129061,125905,128897
47008788,-0.5250,-0.8225,-0.6475,0.0778,-1.0233,0.0248,-0.32,-0.12,0.13,129058,125900,128908
47029296,-0.3150,-0.7350,-0.6825,0.0784,-1.0231,0.0240,-0.31,-0.12,0.13,129062,125924,128906
47048828,-0.7875,-0.5425,-0.7525,0.0786,-1.0224,0.0229,-0.31,-0.12,0.13,129072,125916,128906
47069336,-0.4200,-0.5250,-0.7350,0.0783,-1.0227,0.0226,-0.32,-0.12,0.13,129065,125906,128901
47088868,0.5775,-0.3325,-0.7000,0.0780,-1.0232,0.0226,-0.32,-0.12,0.13,129066,125898,128895
47109376,0.4550,-0.2100,-0.8750,0.0773,-1.0233,0.0224,-0.32,-0.12,0.13,129064,125899,128894
47128904,-0.0700,-0.2100,-0.9275,0.0771,-1.0233,0.0224,-0.31,-0.12,0.13,129071,125922,128898
47149416,-0.3850,-0.2800,-0.9100,0.0771,-1.0228,0.0229,-0.32,-0.12,0.13,129082,125911,128902
47168944,-0.6650,-0.3150,-0.7875,0.0773,-1.0222,0.0232,-0.32,-0.12,0.13,129077,125903,128917
47189452,-1.1725,-0.3675,-0.8225,0.0777,-1.0213,0.0231,-0.32,-0.12,0.13,129068,125895,128910
47208984,-1.4700,-0.3500,-0.6300,0.0780,-1.0203,0.0229,-0.32,-0.12,0.13,129068,125896,128903
47239256,-0.6125,-0.3150,-0.4900,0.0782,-1.0194,0.0232,-0.32,-0.12,0.13,129070,125883,128918
47258788,0.1050,-0.2800,-0.3500,0.0784,-1.0188,0.0233,-0.32,-0.12,0.13,129074,125893,128907
47279296,0.8925,-0.1750,-0.3675,0.0784,-1.0177,0.0229,-0.31,-0.12,0.13,129075,125912,128919
47298828,1.7500,-0.0875,-0.4550,0.0787,-1.0177,0.0232,-0.32,-0.12,0.13,129086,125910,128921
47319336,3.1850,-0.1050,-0.3150,0.0788,-1.0188,0.0242,-0.32,-0.12,0.13,129076,125903,128923
47338868,2.7125,-0.1050,-0.2625,0.0787,-1.0196,0.0250,-0.32,-0.12,0.13,129073,125897,128910
47359376,0.9975,-0.3150,-0.1575,0.0787,-1.0202,0.0257,-0.32,-0.12,0.13,129073,125899,128904
47378904,-1.1725,-0.7350,0.0875,0.0788,-1.0207,0.0265,-0.31,-0.12,0.13,129081,125914,128906
47399416,-1.6275,-0.9100,-0.0175,0.0789,-1.0210,0.0266,-0.32,-0.12,0.13,129081,125903,128923
47418944,-1.3650,-1.1025,-0.3850,0.0786,-1.0213,0.0264,-0.32,-0.12,0.13,129079,125910,128916
47439452,-0.7700,-1.1200,-0.7000,0.0782,-1.0215,0.0259,-0.32,-0.12,0.13,129078,125887,128915
47458984,0.3675,-1.2250,-0.8925,0.0780,-1.0218,0.0256,-0.32,-0.12,0.13,129081,125894,128901
47479492,0.3500,-1.1550,-0.9625,0.0781,-1.0218,0.0253,-0.32,-0.12,0.13,129088,125908,128924
47499024,-0.1400,-1.0675,-0.8750,0.0792,-1.0218,0.0254,-0.32,-0.12,0.13,129089,125906,128927
47519532,-0.1400,-0.9625,-0.7175,0.0802,-1.0219,0.0254,-0.32,-0.12,0.13,129088,125895,128923
47539064,-0.3150,-0.9100,-0.5075,0.0808,-1.0215,0.0255,-0.32,-0.12,0.13,129090,125884,128924
47559568,0.0875,-1.0150,-0.4375,0.0814,-1.0211,0.0257,-0.32,-0.12,0.13,129085,125901,128923
47579100,1.0150,-1.0150,-0.4200,0.0814,-1.0211,0.0259,-0.31,-0.12,0.13,129088,125913,128902
47599608,0.5250,-1.1200,-0.4025,0.0813,-1.0208,0.0259,-0.32,-0.12,0.13,129096,125905,128928
47619140,-0.2275,-1.1375,-0.4900,0.0804,-1.0207,0.0254,-0.32,-0.12,0.13,129091,125897,128918
47639648,0.0525,-1.1550,-0.3325,0.0802,-1.0209,0.0253,-0.32,-0.12,0.13,129084,125870,128919
47659180,-0.1575,-1.1725,-0.3675,0.0804,-1.0208,0.0246,-0.32,-0.12,0.13,129093,125890,128929
47679688,-0.6475,-1.0500,-0.4900,0.0806,-1.0200,0.0240,-0.32,-0.12,0.13,129091,125899,128923
47699216,-0.3150,-1.0675,-0.4375,0.0806,-1.0197,0.0232,-0.32,-0.12,0.13,129096,125901,128917
47719728,0.2625,-0.9450,-0.4725,0.0804,-1.0198,0.0222,-0.32,-0.12,0.13,129092,125888,128921
47739256,0.2275,-0.8050,-0.4025,0.0800,-1.0202,0.0215,-0.32,-0.12,0.13,129089,125874,128924
47758788,0.0000,-0.6825,-0.3850,0.0800,-1.0202,0.0210,-0.32,-0.12,0.13,129085,125891,128925
47779296,-0.1575,-0.6300,-0.3150,0.0800,-1.0204,0.0206,-0.32,-0.12,0.13,129094,125907,128923
47798828,0.0525,-0.4900,-0.2625,0.0798,-1.0208,0.0205,-0.32,-0.12,0.13,129095,125899,128938
47819336,-0.5425,-0.3675,-0.2275,0.0798,-1.0208,0.0203,-0.32,-0.12,0.13,129092,125880,128935
47838868,-0.6475,-0.3500,-0.1225,0.0795,-1.0208,0.0201,-0.32,-0.12,0.13,129089,125881,128936
47859376,-0.4900,-0.3150,-0.2275,0.0789,-1.0204,0.0200,-0.32,-0.12,0.13,129089,125886,128940
47878904,-0.8750,-0.2450,-0.2100,0.0786,-1.0199,0.0199,-0.32,-0.12,0.13,129093,125898,128955
47899416,-0.8050,-0.3325,-0.2450,0.0787,-1.0196,0.0201,-0.32,-0.12,0.13,129100,125894,128960
47918944,-0.6475,-0.3500,-0.3150,0.0788,-1.0191,0.0201,-0.32,-0.12,0.13,129090,125890,128945
47939452,-0.8750,-0.2450,-0.2800,0.0789,-1.0186,0.0199,-0.32,-0.12,0.13,129086,125877,128959
47958984,0.4725,-0.1750,-0.2625,0.0793,-1.0187,0.0200,-0.32,-0.12,0.13,129092,125886,128955
47979492,1.6275,-0.1925,-0.1750,0.0795,-1.0189,0.0206,-0.32,-0.12,0.13,129101,125896,128945
47999024,1.8725,-0.1925,-0.0175,0.0797,-1.0192,0.0214,-0.32,-0.12,0.13,129085,125890,128934
48019532,0.6125,-0.2100,0.0175,0.0795,-1.0189,0.0218,-0.32,-0.12,0.13,129088,125891,128944
48039064,-0.1575,-0.3675,0.1925,0.0793,-1.0187,0.0223,-0.32,-0.12,0.13,129084,125883,128944
48059568,-0.0525,-0.6300,0.1050,0.0791,-1.0187,0.0226,-0.32,-0.12,0.13,129091,125885,128938
48079100,-0.0525,-0.7875,0.0700,0.0786,-1.0180,0.0227,-0.32,-0.12,0.13,129092,125896,128945
48099608,-0.0700,-0.8925,0.0000,0.0784,-1.0175,0.0226,-0.32,-0.12,0.13,129088,125898,128950
48119140,0.4725,-0.8925,0.0350,0.0786,-1.0174,0.0227,-0.32,-0.12,0.13,129084,125896,128932
48139648,1.1375,-0.8225,0.0350,0.0788,-1.0177,0.0227,-0.32,-0.12,0.13,129078,125875,128938
48159180,1.5750,-0.8575,0.1575,0.0788,-1.0182,0.0231,-0.32,-0.12,0.13,129077,125893,128938
48179688,1.5575,-0.9275,0.1750,0.0787,-1.0192,0.0233,-0.32,-0.12,0.13,129085,125905,128941
48199216,1.7150,-0.9450,0.0700,0.0786,-1.0202,0.0234,-0.32,-0.12,0.13,129079,125907,128936
48219728,1.1900,-1.0675,-0.0525,0.0786,-1.0210,0.0237,-0.32,-0.12,0.13,129077,125895,128938
48250000,-0.0700,-1.1375,-0.1225,0.0791,-1.0216,0.0238,-0.32,-0.12,0.13,129078,125896,128929
48270508,-0.2450,-1.1725,-0.1400,0.0789,-1.0222,0.0235,-0.32,-0.12,0.13,129071,125888,128937
48290040,-0.1050,-1.1025,-0.3675,0.0789,-1.0228,0.0222,-0.32,-0.12,0.13,129073,125885,128938
48310544,0.1400,-1.0325,-0.4200,0.0791,-1.0230,0.0212,-0.32,-0.12,0.13,129080,125891,128931
48330080,0.5075,-1.0150,-0.4900,0.0792,-1.0228,0.0203,-0.31,-0.12,0.13,129076,125916,128942
48350584,0.6650,-0.7350,-0.5600,0.0794,-1.0226,0.0194,-0.32,-0.12,0.13,129079,125891,128946
48370116,1.0325,-0.6650,-0.5075,0.0795,-1.0227,0.0188,-0.32,-0.12,0.13,129074,125895,128912
48390624,0.9975,-0.6650,-0.4375,0.0794,-1.0228,0.0185,-0.32,-0.12,0.13,129074,125885,128902
48410156,0.0000,-0.5950,-0.4200,0.0792,-1.0228,0.0183,-0.32,-0.12,0.13,129080,125903,128910
48430664,-0.1400,-0.6300,-0.4725,0.0791,-1.0228,0.0183,-0.32,-0.12,0.13,129077,125910,128929
48450196,0.2800,-0.5425,-0.5075,0.0787,-1.0231,0.0184,-0.32,-0.12,0.13,129080,125895,128933
48470704,-0.0175,-0.5075,-0.5425,0.0781,-1.0228,0.0187,-0.32,-0.12,0.13,129077,125885,128925
48490232,-0.4550,-0.3850,-0.5425,0.0781,-1.0224,0.0187,-0.32,-0.12,0.13,129074,125881,128928
48510744,-0.0875,-0.4375,-0.4200,0.0783,-1.0214,0.0190,-0.32,-0.12,0.13,129075,125899,128954
48530272,-0.5425,-0.2450,-0.3150,0.0783,-1.0207,0.0188,-0.32,-0.12,0.13,129088,125900,128934
48549804,-0.3850,-0.0700,-0.0875,0.0783,-1.0204,0.0188,-0.32,-0.12,0.13,129084,125906,128945
48570312,0.5425,0.0175,-0.0350,0.0786,-1.0202,0.0192,-0.32,-0.12,0.13,129074,125895,128925
48589844,0.8225,0.0525,0.0525,0.0788,-1.0196,0.0193,-0.32,-0.12,0.13,129080,125891,128928
48610352,0.1050,0.1225,0.0350,0.0791,-1.0187,0.0192,-0.32,-0.12,0.13,129079,125900,128937
48629880,1.3825,0.2275,-0.0350,0.0789,-1.0187,0.0195,-0.32,-0.12,0.13,129081,125907,128949
48650392,2.8000,0.1050,-0.0350,0.0786,-1.0204,0.0214,-0.32,-0.12,0.13,129078,125911,128933
48669920,2.4325,-0.0875,-0.0350,0.0783,-1.0213,0.0224,-0.32,-0.12,0.13,129071,125910,128934
48690428,0.2450,-0.2625,-0.0525,0.0784,-1.0205,0.0231,-0.32,-0.12,0.13,129065,125902,128927
48709960,-1.7150,-0.5250,0.0700,0.0786,-1.0197,0.0233,-0.32,-0.12,0.13,129071,125895,128933
48730468,-2.0300,-0.6650,0.1750,0.0781,-1.0192,0.0229,-0.32,-0.12,0.13,129079,125909,128941
48750000,-0.7525,-0.6825,0.3325,0.0769,-1.0189,0.0221,-0.32,-0.12,0.13,129071,125911,128928
48770508,-0.3675,-0.5950,0.3675,0.0763,-1.0185,0.0210,-0.32,-0.12,0.13,129068,125892,128942
48790040,0.1750,-0.6125,0.4725,0.0756,-1.0187,0.0199,-0.32,-0.12,0.13,129069,125890,128950
48810544,0.5075,-0.4375,0.5950,0.0750,-1.0199,0.0194,-0.32,-0.12,0.13,129065,125906,128940
48830080,1.2775,-0.2275,0.5250,0.0745,-1.0219,0.0199,-0.31,-0.12,0.13,129070,125918,128945
48850584,1.7675,-0.0875,-0.0175,0.0748,-1.0239,0.0212,-0.31,-0.12,0.13,129062,125924,128942
48870116,1.3125,-0.0350,-0.5075,0.0772,-1.0252,0.0239,-0.32,-0.12,0.13,129058,125900,128942
48890624,0.4900,-0.2275,-1.1375,0.0793,-1.0249,0.0261,-0.32,-0.12,0.13,129053,125902,128929
48910156,0.5600,-0.6300,-1.6450,0.0808,-1.0246,0.0283,-0.32,-0.12,0.13,129066,125908,128932
48930664,0.8750,-1.0675,-1.7850,0.0820,-1.0238,0.0298,-0.31,-0.12,0.13,129075,125922,128924
48950196,0.7875,-1.5400,-1.6100,0.0828,-1.0228,0.0310,-0.32,-0.12,0.13,129076,125907,128930
48970704,0.0000,-2.4500,-0.8925,0.0832,-1.0213,0.0317,-0.32,-0.12,0.13,129074,125890,128911
48990232,-0.0350,-3.0275,-0.2450,0.0838,-1.0207,0.0321,-0.32,-0.12,0.13,129069,125894,128916
49010744,-0.1575,-3.5525,0.2800,0.0844,-1.0199,0.0321,-0.32,-0.12,0.13,129070,125902,128914
49030272,-1.2250,-3.7975,0.6125,0.0844,-1.0187,0.0315,-0.31,-0.12,0.13,129070,125915,128925
49049804,-1.7500,-3.9900,0.7700,0.0837,-1.0178,0.0305,-0.32,-0.12,0.13,129075,125909,128920
49070312,-1.2600,-4.0600,0.8750,0.0826,-1.0175,0.0292,-0.32,-0.12,0.13,129059,125902,128911
49089844,-0.6825,-3.7975,0.7525,0.0814,-1.0171,0.0273,-0.32,-0.12,0.13,129058,125897,128907
49110352,-0.0350,-3.6225,0.7350,0.0798,-1.0172,0.0248,-0.32,-0.12,0.13,129060,125907,128910
49129880,0.8050,-3.2725,0.5950,0.0788,-1.0176,0.0232,-0.31,-0.12,0.13,129067,125920,128900
49150392,0.5250,-2.7125,0.5075,0.0782,-1.0177,0.0215,-0.31,-0.12,0.13,129058,125921,128894
49169920,0.5600,-2.2925,0.5775,0.0781,-1.0181,0.0201,-0.32,-0.12,0.13,129047,125905,128894
49190428,0.6300,-1.7150,0.6125,0.0778,-1.0183,0.0187,-0.32,-0.12,0.13,129045,125907,128881
49209960,0.8575,-1.1200,0.7000,0.0770,-1.0192,0.0172,-0.32,-0.12,0.13,129048,125907,128891
49230468,1.7675,-0.8225,0.6475,0.0763,-1.0196,0.0168,-0.31,-0.12,0.13,129046,125920,128898
49260744,0.2100,-0.6650,0.5250,0.0753,-1.0187,0.0156,-0.31,-0.12,0.13,129040,125917,128891
49280272,-0.8050,-0.4200,0.5425,0.0745,-1.0183,0.0148,-0.31,-0.12,0.13,129043,125933,128899
49299804,0.5950,-0.2800,0.5775,0.0737,-1.0193,0.0144,-0.31,-0.12,0.13,129031,125921,128894
49320312,3.5875,-0.1400,0.6825,0.0728,-1.0214,0.0144,-0.31,-0.12,0.13,129024,125920,128877
49339844,2.8700,-0.2450,0.6300,0.0725,-1.0219,0.0146,-0.31,-0.13,0.13,129021,125931,128868
49360352,0.3150,-0.2450,0.7350,0.0726,-1.0221,0.0146,-0.31,-0.12,0.13,129026,125936,128877
49379880,-1.6100,-0.3850,0.5950,0.0725,-1.0227,0.0148,-0.31,-0.12,0.13,129024,125943,128886
49400392,-1.7325,-0.4375,0.5075,0.0721,-1.0238,0.0151,-0.31,-0.13,0.13,129019,125940,128892
49419920,-1.3650,-0.5250,0.3850,0.0717,-1.0250,0.0149,-0.31,-0.13,0.13,129012,125927,128886
49440428,-1.4700,-0.2975,0.0700,0.0715,-1.0257,0.0149,-0.31,-0.13,0.13,129016,125924,128895
49459960,-0.3675,-0.3675,-0.1575,0.0715,-1.0261,0.0155,-0.31,-0.13,0.13,129015,125932,128898
49480468,-0.3675,-0.1575,-0.4900,0.0716,-1.0260,0.0162,-0.31,-0.13,0.13,129019,125936,128898
49500000,-0.7875,-0.1750,-0.6300,0.0719,-1.0259,0.0172,-0.31,-0.13,0.13,129019,125932,128898
49520508,-0.7525,-0.1400,-0.7000,0.0721,-1.0260,0.0185,-0.31,-0.13,0.13,129011,125924,128900
49540040,-0.1750,-0.2100,-0.7700,0.0722,-1.0260,0.0200,-0.31,-0.13,0.13,129021,125917,128902
49560544,0.5425,-0.3325,-0.7525,0.0725,-1.0255,0.0217,-0.31,-0.13,0.13,129023,125931,128902
49580080,0.4200,-0.5250,-0.7000,0.0727,-1.0249,0.0227,-0.31,-0.12,0.13,129024,125937,128907
49600584,0.0350,-0.6650,-0.6650,0.0727,-1.0241,0.0234,-0.31,-0.12,0.13,129028,125923,128902
49620116,-0.1750,-0.8050,-0.7700,0.0727,-1.0233,0.0235,-0.31,-0.12,0.13,129027,125928,128906
49640624,-0.0350,-0.9975,-0.7875,0.0728,-1.0228,0.0233,-0.31,-0.12,0.13,129026,125930,128906
49660156,-0.0875,-0.9800,-0.7000,0.0732,-1.0227,0.0228,-0.31,-0.12,0.13,129028,125932,128887
49680664,0.5250,-0.9275,-0.6650,0.0733,-1.0231,0.0217,-0.31,-0.12,0.13,129034,125929,128909
49700196,0.7875,-0.7875,-0.6650,0.0736,-1.0231,0.0211,-0.31,-0.12,0.13,129029,125927,128896
49720704,1.1725,-0.7700,-0.8750,0.0741,-1.0227,0.0205,-0.31,-0.12,0.13,129025,125919,128891
49740232,0.9100,-0.8925,-0.9800,0.0744,-1.0224,0.0198,-0.32,-0.12,0.13,129032,125907,128891
49760744,0.5600,-0.8400,-1.0850,0.0744,-1.0221,0.0193,-0.31,-0.12,0.13,129037,125926,128898
49780272,0.8575,-0.8225,-1.0850,0.0739,-1.0228,0.0187,-0.31,-0.12,0.13,129039,125938,128895
49799804,0.7700,-0.8750,-0.9450,0.0739,-1.0233,0.0185,-0.31,-0.12,0.13,129047,125923,128891
49820312,-0.0350,-1.0675,-0.8225,0.0739,-1.0233,0.0184,-0.32,-0.12,0.13,129030,125904,128888
49839844,-1.5225,-1.1550,-0.8400,0.0743,-1.0226,0.0181,-0.32,-0.12,0.13,129040,125908,128890
49860352,-1.9950,-1.1900,-0.6125,0.0744,-1.0220,0.0178,-0.32,-0.12,0.13,129046,125906,128901
49879880,-1.2425,-1.1025,-0.5425,0.0741,-1.0221,0.0176,-0.31,-0.12,0.13,129052,125919,128910
49900392,0.0700,-0.9275,-0.6475,0.0737,-1.0219,0.0170,-0.32,-0.12,0.13,129053,125901,128910
49919920,0.3150,-0.8225,-0.6825,0.0737,-1.0213,0.0167,-0.32,-0.12,0.13,129045,125890,128906
49940428,-0.3675,-0.6650,-0.8225,0.0737,-1.0207,0.0162,-0.32,-0.12,0.13,129050,125894,128898
49959960,-0.0525,-0.4550,-0.9275,0.0739,-1.0209,0.0162,-0.32,-0.12,0.13,129059,125909,128907
49980468,1.3300,-0.3325,-0.8925,0.0744,-1.0216,0.0168,-0.31,-0.12,0.13,129056,125917,128894
50000000,1.6275,-0.2800,-0.8575,0.0749,-1.0219,0.0174,-0.32,-0.12,0.13,129062,125902,128901
50020508,-0.2100,-0.2275,-0.8400,0.0759,-1.0210,0.0178,-0.32,-0.12,0.13,129051,125896,128903
50040040,-0.5075,-0.3675,-0.8750,0.0756,-1.0207,0.0181,-0.32,-0.12,0.13,129058,125897,128902
50060544,-0.3150,-0.3150,-0.7000,0.0754,-1.0209,0.0179,-0.32,-0.12,0.13,129056,125911,128907
50080080,0.1750,-0.2625,-0.5950,0.0750,-1.0211,0.0178,-0.31,-0.12,0.13,129060,125912,128911
50100584,0.3675,-0.2800,-0.6475,0.0750,-1.0211,0.0178,-0.32,-0.12,0.13,129062,125905,128904
50120116,0.0175,-0.1925,-0.6650,0.0753,-1.0207,0.0176,-0.32,-0.12,0.13,129061,125894,128908
50140624,-0.4725,-0.3675,-0.6475,0.0761,-1.0199,0.0177,-0.32,-0.12,0.13,129062,125896,128914
50160156,0.2100,-0.4200,-0.6300,0.0766,-1.0198,0.0179,-0.32,-0.12,0.13,129062,125903,128915
50180664,-0.5775,-0.3675,-0.4725,0.0770,-1.0191,0.0177,-0.31,-0.12,0.13,129071,125916,128908
50200196,-0.7175,-0.5075,-0.4375,0.0773,-1.0189,0.0178,-0.32,-0.12,0.13,129059,125907,128923
50220704,1.2250,-0.6650,-0.2450,0.0776,-1.0197,0.0183,-0.32,-0.12,0.13,129058,125884,128906
50240232,0.9625,-0.7875,-0.0700,0.0776,-1.0202,0.0184,-0.32,-0.12,0.13,129065,125900,128916
50270508,-1.9075,-0.8925,0.0350,0.0775,-1.0200,0.0184,-0.32,-0.12,0.13,129055,125892,128916
50290040,-2.5200,-1.0500,0.1050,0.0776,-1.0207,0.0185,-0.32,-0.12,0.13,129065,125888,128919
50310544,-1.1375,-1.1550,-0.1050,0.0772,-1.0219,0.0187,-0.32,-0.12,0.13,129065,125902,128932
50330080,-0.4550,-1.1375,-0.3500,0.0771,-1.0225,0.0181,-0.32,-0.12,0.13,129068,125899,128936
50350584,-1.1725,-1.0150,-0.6475,0.0773,-1.0224,0.0168,-0.32,-0.12,0.13,129069,125886,128922
50370116,-0.2800,-1.1025,-0.5950,0.0776,-1.0226,0.0166,-0.32,-0.12,0.13,129061,125879,128905
50390624,-0.1050,-0.8750,-0.6475,0.0782,-1.0226,0.0160,-0.32,-0.12,0.13,129056,125881,128923
50410156,-1.1025,-0.7875,-0.7700,0.0786,-1.0221,0.0153,-0.32,-0.12,0.13,129074,125890,128934
50430664,-1.4700,-0.7175,-0.7525,0.0787,-1.0219,0.0149,-0.32,-0.12,0.13,129072,125896,128940
50450196,-0.2450,-0.6825,-0.7700,0.0783,-1.0227,0.0146,-0.32,-0.12,0.13,129079,125892,128940
50470704,1.4175,-0.5075,-0.7175,0.0782,-1.0232,0.0145,-0.32,-0.12,0.13,129069,125874,128922
50490232,0.9625,-0.5075,-0.6475,0.0784,-1.0228,0.0145,-0.32,-0.12,0.13,129071,125882,128927
50510744,-0.0700,-0.5775,-0.6125,0.0786,-1.0224,0.0146,-0.32,-0.12,0.13,129085,125893,128941
50530272,-1.0325,-0.6825,-0.7000,0.0788,-1.0219,0.0146,-0.32,-0.12,0.13,129083,125883,128938
50549804,-1.0500,-0.7700,-0.6300,0.0788,-1.0216,0.0146,-0.32,-0.12,0.13,129078,125880,128942
50570312,-0.4725,-0.8750,-0.6825,0.0786,-1.0214,0.0144,-0.32,-0.12,0.13,129071,125872,128935
50589844,0.0700,-0.8575,-0.7175,0.0783,-1.0204,0.0139,-0.32,-0.12,0.13,129081,125866,128950
50610352,-0.4375,-0.8400,-0.6125,0.0786,-1.0197,0.0132,-0.32,-0.12,0.13,129090,125881,128946
50629880,-0.3850,-0.7525,-0.5775,0.0786,-1.0196,0.0127,-0.32,-0.12,0.13,129086,125887,128944
50650392,0.2275,-0.7000,-0.4900,0.0787,-1.0203,0.0127,-0.32,-0.12,0.13,129089,125875,128949
50669920,0.9975,-0.5775,-0.4375,0.0788,-1.0210,0.0132,-0.32,-0.12,0.13,129080,125868,128929
50690428,1.1025,-0.8750,-0.3325,0.0787,-1.0216,0.0135,-0.32,-0.12,0.13,129085,125872,128932
50709960,-1.1375,-1.0325,-0.3675,0.0786,-1.0215,0.0133,-0.32,-0.12,0.13,129085,125875,128952
50730468,-1.9950,-1.0325,-0.4725,0.0783,-1.0215,0.0129,-0.32,-0.12,0.13,129088,125873,128957
50750000,-1.6800,-1.2250,-0.5425,0.0780,-1.0215,0.0126,-0.32,-0.12,0.13,129084,125875,128962
50770508,-1.3825,-1.2600,-0.6300,0.0777,-1.0211,0.0118,-0.32,-0.12,0.13,129083,125862,128943
50790040,-0.4550,-1.3475,-0.6825,0.0778,-1.0208,0.0113,-0.32,-0.12,0.13,129090,125863,128965
50810544,-0.2100,-1.2075,-0.6125,0.0783,-1.0197,0.0106,-0.32,-0.12,0.13,129098,125884,128950
50830080,-0.8750,-1.1200,-0.5250,0.0788,-1.0193,0.0105,-0.32,-0.12,0.13,129094,125879,128951
50850584,-0.3500,-0.9275,-0.3150,0.0791,-1.0194,0.0106,-0.32,-0.12,0.13,129090,125865,128952
50870116,0.6650,-0.9275,-0.2275,0.0788,-1.0199,0.0107,-0.32,-0.12,0.13,129092,125852,128940
50890624,0.5250,-0.8400,-0.1750,0.0787,-1.0197,0.0107,-0.32,-0.12,0.13,129089,125861,128944
50910156,0.7000,-0.9450,-0.2800,0.0788,-1.0194,0.0111,-0.32,-0.12,0.13,129090,125871,128946
50930664,0.8225,-1.0850,-0.3325,0.0784,-1.0192,0.0113,-0.32,-0.12,0.13,129098,125876,128955
50950196,0.4200,-1.0500,-0.2975,0.0782,-1.0192,0.0111,-0.32,-0.12,0.13,129098,125874,128945
50970704,0.1575,-1.1200,-0.2975,0.0786,-1.0196,0.0110,-0.32,-0.12,0.13,129094,125857,128946
50990232,0.6300,-1.0500,-0.1925,0.0792,-1.0200,0.0109,-0.32,-0.12,0.13,129094,125850,128948
51010744,0.6300,-1.1025,-0.3325,0.0797,-1.0202,0.0104,-0.32,-0.12,0.13,129103,125864,128953
51030272,0.2625,-1.0850,-0.2800,0.0800,-1.0200,0.0099,-0.32,-0.12,0.13,129100,125878,128955
51049804,0.2100,-0.9975,-0.3500,0.0803,-1.0205,0.0093,-0.32,-0.12,0.13,129102,125867,128939
51070312,-0.5250,-0.8750,-0.3150,0.0800,-1.0209,0.0089,-0.32,-0.12,0.13,129094,125851,128946
51089844,-0.3500,-0.9275,-0.3325,0.0798,-1.0216,0.0085,-0.32,-0.12,0.13,129094,125866,128953
51110352,-0.3150,-0.8050,-0.4025,0.0798,-1.0220,0.0083,-0.32,-0.12,0.13,129103,125872,128958
51129880,-0.5600,-0.8225,-0.5250,0.0797,-1.0221,0.0081,-0.32,-0.12,0.13,129105,125871,128954
51150392,-0.0700,-0.6475,-0.5425,0.0793,-1.0228,0.0082,-0.32,-0.12,0.13,129097,125856,128956
51169920,-0.2800,-0.5425,-0.5600,0.0792,-1.0231,0.0082,-0.32,-0.12,0.13,129100,125850,128958
51190428,-1.0325,-0.5425,-0.6475,0.0791,-1.0226,0.0081,-0.32,-0.12,0.13,129105,125852,128961
51209960,-1.5750,-0.6125,-0.6475,0.0791,-1.0219,0.0079,-0.32,-0.12,0.13,129110,125857,128972
51230468,-1.2775,-0.7000,-0.5950,0.0788,-1.0215,0.0079,-0.32,-0.12,0.13,129112,125859,128978
51250000,-0.2100,-0.6475,-0.5425,0.0788,-1.0213,0.0081,-0.32,-0.12,0.13,129108,125850,128969
51280272,-0.1750,-0.4900,-0.4550,0.0792,-1.0193,0.0078,-0.32,-0.12,0.13,129114,125849,128978
51299804,0.1925,-0.5075,-0.4900,0.0794,-1.0187,0.0079,-0.32,-0.12,0.13,129105,125840,128974
51320312,0.4725,-0.5775,-0.3150,0.0799,-1.0185,0.0085,-0.32,-0.12,0.13,129100,125840,128969
51339844,0.9975,-0.6300,-0.2100,0.0802,-1.0191,0.0093,-0.32,-0.12,0.13,129102,125848,128971
51360352,0.5775,-0.7350,-0.1575,0.0798,-1.0193,0.0098,-0.32,-0.12,0.13,129113,125849,128960
51379880,-1.5750,-0.8050,-0.1750,0.0794,-1.0188,0.0095,-0.32,-0.12,0.13,129113,125857,128988
51400392,-2.0825,-0.9450,-0.1575,0.0784,-1.0182,0.0090,-0.32,-0.12,0.13,129102,125838,128990
51419920,-1.0500,-0.8400,-0.1575,0.0778,-1.0176,0.0084,-0.32,-0.12,0.13,129092,125839,128983
51440428,0.2100,-0.6650,-0.1225,0.0773,-1.0172,0.0078,-0.32,-0.12,0.13,129101,125838,128969
51459960,0.9975,-0.6125,-0.0175,0.0771,-1.0167,0.0073,-0.32,-0.12,0.13,129107,125851,128973
51480468,1.2075,-0.6300,-0.0175,0.0772,-1.0164,0.0072,-0.32,-0.12,0.13,129105,125851,128978
51500000,2.0650,-0.7000,0.0700,0.0776,-1.0167,0.0073,-0.32,-0.12,0.13,129096,125853,128970
51520508,1.2950,-0.7700,0.2450,0.0782,-1.0170,0.0072,-0.32,-0.12,0.13,129090,125843,128962
51540040,0.4550,-0.6825,0.2800,0.0784,-1.0172,0.0071,-0.32,-0.12,0.13,129097,125850,128956
51560544,0.5775,-0.6475,0.3325,0.0787,-1.0177,0.0072,-0.32,-0.12,0.13,129101,125865,128965
51580080,1.1200,-0.6825,0.3850,0.0786,-1.0185,0.0071,-0.32,-0.12,0.13,129096,125874,128963
51600584,1.0850,-0.6300,0.1925,0.0786,-1.0191,0.0068,-0.32,-0.12,0.13,129087,125859,128954
51620116,0.9800,-0.6300,0.1050,0.0782,-1.0199,0.0061,-0.32,-0.12,0.13,129085,125847,128954
51640624,1.5400,-0.7175,0.1050,0.0780,-1.0209,0.0057,-0.32,-0.12,0.13,129088,125860,128958
51660156,0.9975,-0.6300,0.0000,0.0784,-1.0215,0.0051,-0.32,-0.12,0.13,129088,125873,128965
51680664,0.0350,-0.5775,-0.1050,0.0791,-1.0216,0.0046,-0.32,-0.12,0.13,129091,125868,128953
51700196,-0.1750,-0.5950,-0.1925,0.0797,-1.0221,0.0044,-0.32,-0.12,0.13,129086,125863,128959
51720704,-0.1050,-0.5425,-0.2800,0.0797,-1.0227,0.0043,-0.32,-0.12,0.13,129080,125860,128953
51740232,0.0700,-0.4200,-0.4375,0.0793,-1.0237,0.0039,-0.32,-0.12,0.13,129078,125866,128966
51760744,0.1575,-0.4200,-0.5425,0.0788,-1.0241,0.0039,-0.32,-0.12,0.13,129089,125869,128975
51780272,-0.2450,-0.2450,-0.6125,0.0787,-1.0241,0.0039,-0.32,-0.12,0.13,129089,125869,128978
51799804,0.0700,-0.1575,-0.6125,0.0786,-1.0243,0.0043,-0.32,-0.12,0.13,129090,125874,128976
51820312,0.2625,-0.0700,-0.6475,0.0787,-1.0241,0.0046,-0.32,-0.12,0.13,129078,125853,128962
51839844,0.2450,-0.0525,-0.6475,0.0788,-1.0233,0.0050,-0.32,-0.12,0.13,129084,125864,128963
51860352,0.5425,-0.1400,-0.5600,0.0788,-1.0219,0.0057,-0.32,-0.12,0.13,129089,125881,128970
51879880,0.1575,-0.1575,-0.4200,0.0786,-1.0207,0.0060,-0.32,-0.12,0.13,129091,125873,128967
51900392,0.2275,-0.2100,-0.3500,0.0782,-1.0198,0.0066,-0.32,-0.12,0.13,129092,125865,128972
51919920,1.1025,-0.3325,-0.2625,0.0778,-1.0194,0.0073,-0.32,-0.12,0.13,129087,125860,128976
51940428,1.4700,-0.4375,-0.2800,0.0777,-1.0188,0.0079,-0.32,-0.12,0.13,129084,125864,128971
51959960,0.5775,-0.4725,-0.1225,0.0778,-1.0182,0.0079,-0.32,-0.12,0.13,129088,125878,128979
51980468,0.8575,-0.5250,0.0700,0.0783,-1.0183,0.0085,-0.32,-0.12,0.13,129092,125877,128972
52000000,2.0300,-0.4375,0.1575,0.0784,-1.0191,0.0095,-0.32,-0.12,0.13,129086,125874,128966
52020508,2.3450,-0.5600,0.2450,0.0786,-1.0194,0.0101,-0.32,-0.12,0.13,129073,125877,128951
52040040,1.7850,-0.6475,0.3150,0.0786,-1.0198,0.0107,-0.32,-0.12,0.13,129074,125865,128946
52060544,0.9800,-0.8225,0.3150,0.0781,-1.0202,0.0110,-0.32,-0.12,0.13,129085,125880,128963
52080080,-0.0875,-1.1200,0.1225,0.0777,-1.0208,0.0111,-0.32,-0.12,0.13,129084,125891,128962
52100584,-0.1225,-1.2075,0.0175,0.0776,-1.0213,0.0110,-0.32,-0.12,0.13,129078,125876,128945
52120116,0.1925,-1.0675,-0.0875,0.0775,-1.0216,0.0106,-0.32,-0.12,0.13,129074,125882,128940
52140624,0.2100,-1.1200,-0.3150,0.0776,-1.0219,0.0104,-0.32,-0.12,0.13,129072,125883,128957
52160156,0.4375,-1.1725,-0.4375,0.0776,-1.0221,0.0105,-0.32,-0.12,0.13,129078,125896,128947
52180664,0.6300,-1.2600,-0.5075,0.0777,-1.0222,0.0106,-0.32,-0.12,0.13,129083,125881,128967
52200196,-0.2975,-1.2600,-0.4725,0.0783,-1.0221,0.0110,-0.32,-0.12,0.13,129077,125877,128959
52220704,0.1400,-1.1550,-0.4550,0.0786,-1.0224,0.0113,-0.32,-0.12,0.13,129073,125875,128949
52240232,0.5250,-1.1025,-0.4025,0.0788,-1.0225,0.0115,-0.32,-0.12,0.13,129075,125876,128948
52260744,0.7525,-1.0675,-0.3850,0.0788,-1.0224,0.0116,-0.32,-0.12,0.13,129082,125891,128949
52291016,1.2950,-1.0150,-0.3675,0.0786,-1.0224,0.0117,-0.32,-0.12,0.13,129083,125871,128936
52311524,1.1025,-1.0325,-0.3675,0.0783,-1.0221,0.0116,-0.32,-0.12,0.13,129084,125882,128929
52331056,1.0675,-1.0325,-0.4200,0.0784,-1.0220,0.0115,-0.32,-0.12,0.13,129079,125887,128931
52351560,0.0700,-1.0850,-0.3675,0.0786,-1.0214,0.0110,-0.32,-0.12,0.13,129079,125861,128936
52371092,-0.2800,-0.9975,-0.4900,0.0787,-1.0211,0.0104,-0.32,-0.12,0.13,129072,125870,128932
52391600,0.4550,-0.9975,-0.5075,0.0789,-1.0210,0.0100,-0.32,-0.12,0.13,129082,125884,128924
52411132,1.6450,-0.8750,-0.4200,0.0788,-1.0209,0.0092,-0.32,-0.12,0.13,129080,125894,128942
52431640,1.4000,-0.8400,-0.5250,0.0787,-1.0208,0.0085,-0.32,-0.12,0.13,129083,125881,128915
52451172,0.8925,-0.8050,-0.4025,0.0784,-1.0209,0.0083,-0.32,-0.12,0.13,129078,125872,128937
52471680,0.9450,-0.7875,-0.4025,0.0781,-1.0215,0.0083,-0.32,-0.12,0.13,129077,125876,128927
52491208,0.6650,-0.5425,-0.2975,0.0777,-1.0221,0.0083,-0.32,-0.12,0.13,129070,125884,128924
52511720,-0.3325,-0.4200,-0.3500,0.0769,-1.0224,0.0082,-0.32,-0.12,0.13,129092,125896,128927
52531248,-1.4350,-0.2800,-0.2975,0.0754,-1.0222,0.0076,-0.32,-0.12,0.13,129082,125888,128937
52551756,-0.4025,-0.1750,-0.3500,0.0755,-1.0221,0.0074,-0.32,-0.12,0.13,129075,125868,128937
52571288,0.5250,-0.2625,-0.3500,0.0761,-1.0215,0.0074,-0.32,-0.12,0.13,129078,125871,128918
52590820,0.8575,-0.2275,-0.3500,0.0773,-1.0207,0.0077,-0.32,-0.12,0.13,129080,125883,128925
52611328,0.7175,-0.1400,-0.3325,0.0782,-1.0198,0.0079,-0.32,-0.12,0.13,129083,125907,128933
52630860,0.9975,-0.3500,-0.2800,0.0787,-1.0194,0.0083,-0.32,-0.12,0.13,129082,125890,128934
52651368,1.2600,-0.2450,-0.3500,0.0787,-1.0199,0.0090,-0.32,-0.12,0.13,129076,125882,128927
52670896,1.2600,-0.2100,-0.1925,0.0787,-1.0205,0.0096,-0.32,-0.12,0.13,129074,125878,128937
52691408,1.2250,-0.2800,-0.1750,0.0788,-1.0211,0.0106,-0.32,-0.12,0.13,129075,125892,128932
52710936,0.7350,-0.2625,-0.0875,0.0789,-1.0216,0.0115,-0.32,-0.12,0.13,129084,125900,128916
52731444,-0.2275,-0.4200,-0.1925,0.0787,-1.0216,0.0120,-0.32,-0.12,0.13,129086,125895,128933
52750976,-0.8050,-0.5250,-0.2800,0.0786,-1.0215,0.0123,-0.32,-0.12,0.13,129081,125888,128927
52771484,0.2800,-0.7525,-0.4025,0.0781,-1.0213,0.0126,-0.32,-0.12,0.13,129076,125881,128920
52791016,0.7700,-0.6475,-0.4375,0.0782,-1.0209,0.0123,-0.32,-0.12,0.13,129081,125896,128929
52811524,1.0675,-0.5950,-0.4025,0.0788,-1.0205,0.0123,-0.32,-0.12,0.13,129081,125895,128941
52831056,1.2775,-0.5425,-0.3675,0.0794,-1.0202,0.0122,-0.32,-0.12,0.13,129085,125897,128918
52851560,1.1900,-0.5950,-0.3675,0.0798,-1.0202,0.0127,-0.32,-0.12,0.13,129075,125893,128920
52871092,1.0325,-0.6300,-0.3150,0.0803,-1.0207,0.0134,-0.32,-0.12,0.13,129069,125879,128920
52891600,0.8225,-0.7175,-0.4375,0.0803,-1.0209,0.0139,-0.32,-0.12,0.13,129083,125889,128923
52911132,0.8575,-0.7175,-0.5425,0.0798,-1.0214,0.0145,-0.32,-0.12,0.13,129092,125898,128908
52931640,1.2425,-0.7700,-0.5950,0.0792,-1.0220,0.0153,-0.32,-0.12,0.13,129081,125893,128923
52951172,1.1025,-0.8925,-0.5950,0.0783,-1.0224,0.0156,-0.32,-0.12,0.13,129079,125890,128919
52971680,0.9275,-0.9625,-0.5775,0.0780,-1.0226,0.0159,-0.32,-0.12,0.13,129084,125881,128910
52991208,0.4550,-1.0500,-0.7175,0.0783,-1.0227,0.0157,-0.32,-0.12,0.13,129082,125888,128919
53011720,-0.3325,-1.0325,-0.6125,0.0789,-1.0222,0.0150,-0.32,-0.12,0.13,129090,125898,128921
53031248,-0.2100,-0.9800,-0.5075,0.0794,-1.0218,0.0144,-0.32,-0.12,0.13,129089,125890,128906
53051756,0.6825,-1.0150,-0.3500,0.0798,-1.0216,0.0139,-0.32,-0.12,0.13,129081,125882,128911
53071288,1.1725,-0.8750,-0.3150,0.0800,-1.0214,0.0133,-0.32,-0.12,0.13,129086,125882,128909
53090820,0.8925,-0.8750,-0.2625,0.0800,-1.0209,0.0128,-0.32,-0.12,0.13,129085,125887,128907
53111328,0.0175,-0.8050,-0.2800,0.0798,-1.0209,0.0126,-0.32,-0.12,0.13,129089,125907,128917
53130860,-0.0525,-0.7000,-0.3500,0.0792,-1.0211,0.0127,-0.32,-0.12,0.13,129088,125891,128912
53151368,-0.0525,-0.7000,-0.4375,0.0788,-1.0215,0.0128,-0.32,-0.12,0.13,129090,125881,128902
53170896,-0.1050,-0.6825,-0.5075,0.0786,-1.0219,0.0129,-0.32,-0.12,0.13,129083,125879,128910
53191408,-0.2975,-0.6300,-0.4900,0.0784,-1.0218,0.0132,-0.32,-0.12,0.13,129093,125898,128916
53210936,-0.3675,-0.4375,-0.5075,0.0781,-1.0215,0.0133,-0.32,-0.12,0.13,129095,125903,128907
53231444,0.1050,-0.4025,-0.4900,0.0781,-1.0207,0.0134,-0.32,-0.12,0.13,129087,125880,128916
53250976,-0.4725,-0.3675,-0.2800,0.0786,-1.0199,0.0132,-0.32,-0.12,0.13,129086,125881,128907
53271484,-0.3850,-0.3500,-0.1925,0.0791,-1.0192,0.0131,-0.32,-0.12,0.13,129087,125874,128914
53301756,0.9625,-0.2275,-0.0175,0.0788,-1.0187,0.0132,-0.32,-0.12,0.13,129084,125875,128915
53321288,0.8925,-0.2450,0.1050,0.0786,-1.0182,0.0128,-0.32,-0.12,0.13,129087,125890,128914
53340820,-0.0350,-0.1575,0.1400,0.0791,-1.0185,0.0127,-0.32,-0.12,0.13,129084,125889,128918
53361328,0.6475,-0.2275,0.1925,0.0793,-1.0197,0.0137,-0.32,-0.12,0.13,129087,125900,128921
53380860,1.1725,-0.2975,0.1750,0.0794,-1.0209,0.0145,-0.32,-0.12,0.13,129088,125890,128924
53401368,0.3850,-0.5075,0.0175,0.0794,-1.0214,0.0150,-0.32,-0.12,0.13,129081,125892,128908
53420896,-0.0175,-0.7700,-0.0525,0.0788,-1.0219,0.0154,-0.32,-0.12,0.13,129078,125891,128923
53441408,-1.0675,-0.9450,-0.1925,0.0782,-1.0221,0.0151,-0.32,-0.12,0.13,129077,125898,128927
53460936,-1.4525,-0.9100,-0.2450,0.0778,-1.0221,0.0149,-0.32,-0.12,0.13,129088,125899,128920
53481444,-0.5600,-0.9800,-0.3325,0.0780,-1.0222,0.0148,-0.32,-0.12,0.13,129084,125893,128928
53500976,-0.2800,-0.8750,-0.4200,0.0782,-1.0221,0.0144,-0.32,-0.12,0.13,129082,125886,128935
53521484,-0.7700,-0.7700,-0.4725,0.0784,-1.0216,0.0140,-0.32,-0.12,0.13,129076,125876,128929
53541016,-0.0700,-0.9100,-0.4725,0.0789,-1.0218,0.0142,-0.32,-0.12,0.13,129090,125893,128923
53561524,1.0850,-1.0150,-0.5075,0.0798,-1.0216,0.0146,-0.32,-0.12,0.13,129091,125898,128932
53581056,0.9800,-0.9450,-0.4725,0.0799,-1.0213,0.0149,-0.32,-0.12,0.13,129088,125886,128927
53601560,0.6825,-0.9625,-0.3850,0.0798,-1.0211,0.0154,-0.32,-0.12,0.13,129085,125882,128924
53621092,0.6650,-1.0850,-0.4200,0.0793,-1.0215,0.0159,-0.32,-0.12,0.13,129077,125882,128896
53641600,0.2625,-1.1725,-0.4025,0.0791,-1.0218,0.0162,-0.32,-0.12,0.13,129089,125899,128910
53661132,-0.2275,-1.2775,-0.4550,0.0791,-1.0219,0.0165,-0.32,-0.12,0.13,129088,125893,128915
53681640,-0.8925,-1.3475,-0.5075,0.0786,-1.0214,0.0156,-0.32,-0.12,0.13,129089,125889,128920
53701172,-0.3850,-1.2775,-0.4725,0.0783,-1.0213,0.0148,-0.32,-0.12,0.13,129079,125893,128918
53721680,0.9975,-1.2250,-0.5075,0.0784,-1.0213,0.0140,-0.32,-0.12,0.13,129089,125876,128919
53741208,1.6100,-1.2250,-0.4550,0.0789,-1.0210,0.0132,-0.32,-0.12,0.13,129090,125892,128929
53761720,0.8575,-1.1900,-0.4900,0.0794,-1.0207,0.0124,-0.32,-0.12,0.13,129095,125910,128916
53781248,0.1400,-1.1725,-0.4025,0.0795,-1.0209,0.0117,-0.32,-0.12,0.13,129090,125884,128922
53801756,-0.6650,-0.9100,-0.5075,0.0800,-1.0211,0.0106,-0.32,-0.12,0.13,129086,125868,128911
53821288,0.2275,-0.8575,-0.3675,0.0795,-1.0224,0.0102,-0.32,-0.12,0.13,129091,125872,128906
53840820,-0.0700,-0.7525,-0.4725,0.0791,-1.0226,0.0094,-0.32,-0.12,0.13,129094,125881,128915
53861328,-0.6825,-0.5075,-0.5075,0.0789,-1.0227,0.0089,-0.32,-0.12,0.13,129090,125890,128932
53880860,0.2800,-0.5250,-0.5075,0.0788,-1.0231,0.0090,-0.32,-0.12,0.13,129099,125884,128927
53901368,0.0700,-0.4200,-0.6300,0.0787,-1.0233,0.0090,-0.32,-0.12,0.13,129091,125874,128927
53920896,-0.4375,-0.4200,-0.7000,0.0783,-1.0230,0.0092,-0.32,-0.12,0.13,129092,125871,128920
53941408,-0.5250,-0.4375,-0.7350,0.0781,-1.0226,0.0094,-0.32,-0.12,0.13,129104,125881,128920
53960936,-0.4725,-0.4200,-0.8225,0.0781,-1.0224,0.0096,-0.32,-0.12,0.13,129106,125889,128925
53981444,-0.2450,-0.4200,-0.8225,0.0784,-1.0219,0.0098,-0.32,-0.12,0.13,129109,125873,128939
54000976,-0.4200,-0.4200,-0.7525,0.0788,-1.0209,0.0098,-0.32,-0.12,0.13,129102,125857,128931
54021484,-0.2275,-0.2450,-0.4725,0.0798,-1.0199,0.0095,-0.32,-0.12,0.13,129105,125860,128930
54041016,0.7700,-0.1750,-0.2800,0.0808,-1.0199,0.0100,-0.32,-0.12,0.13,129110,125889,128946
54061524,1.8025,-0.1575,-0.1050,0.0815,-1.0203,0.0107,-0.32,-0.12,0.13,129109,125884,128935
54081056,1.2950,-0.1750,0.0175,0.0817,-1.0200,0.0115,-0.32,-0.12,0.13,129109,125880,128942
54101560,0.5075,-0.1925,-0.0525,0.0814,-1.0202,0.0122,-0.32,-0.12,0.13,129102,125868,128924
54121092,0.0000,-0.3850,-0.1925,0.0810,-1.0202,0.0127,-0.32,-0.12,0.13,129101,125867,128931
54141600,0.5250,-0.6825,-0.4725,0.0797,-1.0207,0.0132,-0.32,-0.12,0.13,129108,125875,128946
54161132,0.1575,-0.7700,-0.6650,0.0791,-1.0208,0.0131,-0.32,-0.12,0.13,129109,125884,128940
54181640,-0.1400,-0.8750,-0.7875,0.0789,-1.0210,0.0131,-0.32,-0.12,0.13,129106,125878,128940
54201172,-0.7525,-0.8925,-0.8225,0.0792,-1.0211,0.0129,-0.32,-0.12,0.13,129099,125861,128931
54221680,-0.9975,-0.9275,-0.8050,0.0799,-1.0210,0.0128,-0.32,-0.12,0.13,129109,125860,128937
54241208,-0.5600,-0.9100,-0.6825,0.0808,-1.0210,0.0127,-0.32,-0.12,0.13,129111,125878,128948
54261720,-0.1575,-0.8050,-0.4025,0.0813,-1.0209,0.0124,-0.32,-0.12,0.13,129112,125874,128948
54281248,0.2450,-0.8750,-0.4200,0.0813,-1.0208,0.0123,-0.32,-0.12,0.13,129114,125873,128949
54311524,0.9450,-0.8575,-0.3675,0.0813,-1.0208,0.0128,-0.32,-0.12,0.13,129116,125872,128958
54331056,0.7000,-0.8400,-0.4550,0.0810,-1.0209,0.0128,-0.32,-0.12,0.13,129107,125865,128939
54351560,0.1225,-0.9625,-0.5775,0.0806,-1.0208,0.0127,-0.32,-0.12,0.13,129106,125849,128931
54371092,0.3325,-1.0500,-0.5600,0.0805,-1.0210,0.0123,-0.32,-0.12,0.13,129114,125862,128937
54391600,0.2275,-1.0850,-0.5250,0.0808,-1.0210,0.0120,-0.32,-0.12,0.13,129116,125863,128952
54411132,-0.1925,-1.0500,-0.4200,0.0811,-1.0209,0.0116,-0.32,-0.12,0.13,129124,125870,128950
54431640,-0.5600,-0.9800,-0.3850,0.0817,-1.0204,0.0110,-0.32,-0.12,0.13,129122,125859,128949
54451172,-0.5075,-0.9450,-0.3850,0.0821,-1.0202,0.0105,-0.32,-0.12,0.13,129119,125854,128953
54471680,0.0350,-0.7875,-0.4550,0.0821,-1.0199,0.0096,-0.32,-0.12,0.13,129114,125864,128945
54491208,0.4025,-0.7000,-0.4900,0.0815,-1.0198,0.0090,-0.32,-0.12,0.13,129119,125867,128946
54511720,1.2075,-0.7000,-0.5250,0.0811,-1.0202,0.0088,-0.32,-0.12,0.13,129121,125870,128953
54531248,1.5925,-0.5775,-0.4550,0.0810,-1.0207,0.0088,-0.32,-0.12,0.13,129124,125862,128940
54551756,1.1025,-0.5250,-0.5250,0.0808,-1.0213,0.0090,-0.32,-0.12,0.13,129117,125859,128941
54571288,0.1925,-0.4550,-0.5950,0.0805,-1.0215,0.0090,-0.32,-0.12,0.13,129121,125861,128936
54590820,-0.5250,-0.4200,-0.5950,0.0808,-1.0216,0.0093,-0.32,-0.12,0.13,129121,125876,128942
54611328,-1.4700,-0.3675,-0.6650,0.0806,-1.0211,0.0088,-0.32,-0.12,0.13,129128,125866,128948
54630860,-0.9625,-0.3850,-0.6300,0.0806,-1.0209,0.0084,-0.32,-0.12,0.13,129123,125859,128959
54651368,-0.1400,-0.3850,-0.5075,0.0808,-1.0204,0.0083,-0.32,-0.12,0.13,129116,125850,128956
54670896,0.3500,-0.1925,-0.4550,0.0811,-1.0194,0.0081,-0.32,-0.12,0.13,129120,125854,128945
54691408,0.6475,-0.0525,-0.3850,0.0814,-1.0189,0.0078,-0.32,-0.12,0.13,129126,125861,128959
54710936,1.7150,-0.1750,-0.2450,0.0817,-1.0192,0.0087,-0.32,-0.12,0.13,129130,125869,128954
54731444,1.5050,-0.1750,-0.1050,0.0817,-1.0199,0.0095,-0.32,-0.12,0.13,129121,125867,128952
54750976,0.0175,-0.2275,-0.0350,0.0817,-1.0199,0.0102,-0.32,-0.12,0.13,129123,125858,128943
54771484,-0.7350,-0.4200,0.0350,0.0815,-1.0199,0.0110,-0.32,-0.12,0.13,129122,125852,128950
54791016,-1.4700,-0.5600,-0.0700,0.0813,-1.0193,0.0112,-0.32,-0.12,0.13,129131,125856,128976
54811524,-1.6450,-0.5775,-0.2100,0.0808,-1.0187,0.0111,-0.32,-0.12,0.13,129128,125854,128971
54831056,-0.3675,-0.7875,-0.2975,0.0802,-1.0180,0.0112,-0.32,-0.12,0.13,129128,125855,128965
54851560,0.1925,-0.8225,-0.3500,0.0799,-1.0175,0.0112,-0.32,-0.12,0.13,129120,125855,128965
54871092,0.5950,-0.7525,-0.2450,0.0803,-1.0171,0.0113,-0.32,-0.12,0.13,129129,125858,128963
54891600,0.4900,-0.7525,-0.0350,0.0810,-1.0166,0.0117,-0.32,-0.12,0.13,129123,125858,128969
54911132,0.0175,-0.7350,0.2450,0.0817,-1.0163,0.0118,-0.32,-0.12,0.13,129125,125870,128961
54931640,0.5425,-0.5775,0.5425,0.0820,-1.0163,0.0123,-0.32,-0.12,0.13,129110,125867,128967
54951172,1.4700,-0.6300,0.5775,0.0814,-1.0169,0.0126,-0.32,-0.12,0.13,129110,125861,128952
54971680,2.1175,-0.7175,0.5775,0.0810,-1.0175,0.0129,-0.32,-0.12,0.13,129109,125863,128952
54991208,1.9600,-0.8050,0.4550,0.0808,-1.0180,0.0132,-0.32,-0.12,0.13,129111,125883,128954
55011720,0.9800,-0.8925,0.3325,0.0803,-1.0186,0.0132,-0.32,-0.12,0.13,129113,125868,128950
55031248,0.2625,-1.0675,0.1050,0.0803,-1.0192,0.0129,-0.32,-0.12,0.13,129097,125867,128954
55051756,0.7000,-1.1725,0.0350,0.0803,-1.0207,0.0121,-0.32,-0.12,0.13,129095,125867,128941
55071288,0.3325,-1.1025,-0.0700,0.0806,-1.0209,0.0110,-0.32,-0.12,0.13,129094,125873,128936
55090820,0.3150,-1.0675,-0.0175,0.0811,-1.0210,0.0100,-0.32,-0.12,0.13,129103,125876,128945
55111328,0.4025,-1.0675,-0.1050,0.0814,-1.0211,0.0093,-0.32,-0.12,0.13,129100,125876,128955
55130860,0.6125,-1.0500,-0.0875,0.0814,-1.0215,0.0085,-0.32,-0.12,0.13,129102,125872,128945
55151368,0.2800,-0.9625,-0.0875,0.0815,-1.0216,0.0082,-0.32,-0.12,0.13,129092,125856,128953
55170896,0.6650,-0.8225,-0.2450,0.0810,-1.0224,0.0081,-0.32,-0.12,0.13,129097,125865,128936
55191408,0.7875,-0.7700,-0.3500,0.0800,-1.0228,0.0082,-0.32,-0.12,0.13,129102,125884,128940
55210936,0.2450,-0.7175,-0.3675,0.0799,-1.0231,0.0083,-0.32,-0.12,0.13,129111,125884,128942
55231444,-0.0175,-0.5775,-0.4550,0.0803,-1.0228,0.0087,-0.32,-0.12,0.13,129102,125870,128953
55250976,0.1400,-0.6300,-0.3500,0.0803,-1.0226,0.0092,-0.32,-0.12,0.13,129100,125859,128931
55271484,0.4375,-0.6475,-0.3850,0.0795,-1.0225,0.0093,-0.32,-0.12,0.13,129100,125866,128940
55291016,0.2975,-0.6650,-0.3150,0.0791,-1.0218,0.0093,-0.32,-0.12,0.13,129107,125877,128949
55321288,1.1200,-0.5250,-0.3325,0.0787,-1.0211,0.0098,-0.32,-0.12,0.13,129100,125869,128928
55340820,0.8225,-0.4900,-0.3150,0.0788,-1.0203,0.0094,-0.32,-0.12,0.13,129099,125875,128933
55361328,1.0150,-0.4025,-0.3675,0.0788,-1.0199,0.0092,-0.32,-0.12,0.13,129107,125889,128944
55380860,1.7500,-0.4200,-0.4550,0.0789,-1.0204,0.0094,-0.32,-0.12,0.13,129103,125875,128936
55401368,2.5200,-0.2450,-0.2975,0.0792,-1.0216,0.0104,-0.32,-0.12,0.13,129093,125867,128923
55420896,1.8900,-0.2275,-0.2800,0.0791,-1.0220,0.0109,-0.32,-0.12,0.13,129101,125871,128920
55441408,0.6825,-0.2975,-0.3150,0.0792,-1.0224,0.0112,-0.32,-0.12,0.13,129104,125886,128927
55460936,-0.1925,-0.4200,-0.2800,0.0791,-1.0226,0.0115,-0.32,-0.12,0.13,129098,125893,128941
55481444,-0.7175,-0.5425,-0.4375,0.0788,-1.0224,0.0115,-0.32,-0.12,0.13,129097,125876,128940
55500976,-0.3150,-0.5775,-0.4550,0.0788,-1.0222,0.0113,-0.32,-0.12,0.13,129091,125871,128923
55521484,0.1400,-0.6300,-0.5600,0.0792,-1.0216,0.0112,-0.32,-0.12,0.13,129099,125877,128936
55541016,0.4200,-0.6475,-0.5250,0.0794,-1.0211,0.0111,-0.32,-0.12,0.13,129102,125885,128931
55561524,0.1925,-0.6300,-0.5600,0.0798,-1.0208,0.0112,-0.32,-0.12,0.13,129108,125890,128934
55581056,0.0000,-0.4725,-0.4550,0.0799,-1.0208,0.0115,-0.32,-0.12,0.13,129105,125885,128933
55601560,0.9975,-0.5250,-0.4200,0.0798,-1.0215,0.0121,-0.32,-0.12,0.13,129093,125877,128933
55621092,1.1025,-0.3675,-0.4725,0.0800,-1.0218,0.0124,-0.32,-0.12,0.13,129101,125878,128935
55641600,1.1550,-0.2625,-0.4550,0.0800,-1.0218,0.0132,-0.32,-0.12,0.13,129102,125893,128941
55661132,0.9275,-0.4375,-0.5425,0.0798,-1.0216,0.0138,-0.32,-0.12,0.13,129114,125895,128933
55681640,1.4000,-0.5075,-0.5250,0.0794,-1.0220,0.0144,-0.32,-0.12,0.13,129101,125881,128920
55701172,0.8750,-0.6300,-0.5775,0.0795,-1.0220,0.0144,-0.32,-0.12,0.13,129099,125878,128919
55721680,-0.1575,-0.7350,-0.6650,0.0800,-1.0219,0.0143,-0.32,-0.12,0.13,129103,125885,128925
55741208,-0.6300,-0.7700,-0.5425,0.0806,-1.0220,0.0142,-0.32,-0.12,0.13,129104,125881,128920
55761720,-1.0500,-0.6125,-0.6125,0.0817,-1.0214,0.0134,-0.32,-0.12,0.13,129110,125883,128928
55781248,-0.3675,-0.6650,-0.5600,0.0822,-1.0209,0.0129,-0.32,-0.12,0.13,129109,125881,128923
55801756,0.8225,-0.3850,-0.4025,0.0822,-1.0209,0.0123,-0.32,-0.12,0.13,129100,125867,128920
55821288,1.6625,-0.2450,-0.4200,0.0816,-1.0210,0.0120,-0.32,-0.12,0.13,129102,125875,128907
55840820,1.6800,-0.1575,-0.5250,0.0813,-1.0209,0.0118,-0.32,-0.12,0.13,129117,125889,128931
55861328,1.2950,-0.2625,-0.6650,0.0808,-1.0209,0.0122,-0.32,-0.12,0.13,129109,125890,128916
55880860,-0.0350,-0.3675,-0.6650,0.0808,-1.0211,0.0127,-0.32,-0.12,0.13,129109,125888,128927
55901368,-0.7175,-0.4900,-0.6300,0.0808,-1.0214,0.0134,-0.32,-0.12,0.13,129105,125876,128911
55920896,-0.7350,-0.5425,-0.5950,0.0809,-1.0214,0.0138,-0.32,-0.12,0.13,129104,125869,128931
55941408,-0.9625,-0.6475,-0.4375,0.0808,-1.0205,0.0137,-0.32,-0.12,0.13,129120,125876,128932
55960936,-1.0150,-0.7175,-0.3150,0.0806,-1.0196,0.0134,-0.32,-0.12,0.13,129117,125884,128942
55981444,0.6825,-0.5950,-0.1400,0.0800,-1.0189,0.0138,-0.32,-0.12,0.13,129115,125880,128929
56000976,1.5050,-0.5250,-0.0350,0.0798,-1.0183,0.0139,-0.32,-0.12,0.13,129102,125869,128931
56021484,1.2775,-0.5600,0.0700,0.0803,-1.0177,0.0142,-0.32,-0.12,0.13,129106,125883,128923
56041016,1.3825,-0.6300,0.2100,0.0803,-1.0175,0.0146,-0.32,-0.12,0.13,129117,125894,128914
56061524,1.2250,-0.6650,0.1050,0.0803,-1.0177,0.0154,-0.32,-0.12,0.13,129109,125890,128924
56081056,1.2425,-0.6825,0.1575,0.0805,-1.0183,0.0162,-0.32,-0.12,0.13,129107,125891,128912
56101560,0.4200,-0.8575,0.3150,0.0806,-1.0191,0.0168,-0.32,-0.12,0.13,129094,125878,128914
56121092,-0.4025,-0.8750,0.4550,0.0809,-1.0193,0.0168,-0.32,-0.12,0.13,129096,125889,128907
56141600,-0.7350,-1.1550,0.4025,0.0813,-1.0194,0.0166,-0.32,-0.12,0.13,129110,125899,128912
56161132,-0.4725,-1.1375,0.3850,0.0815,-1.0194,0.0163,-0.32,-0.12,0.13,129098,125909,128923
56181640,0.1225,-1.2075,0.2975,0.0813,-1.0196,0.0159,-0.32,-0.12,0.13,129089,125898,128911
56201172,0.6475,-1.1025,0.0000,0.0808,-1.0198,0.0151,-0.32,-0.12,0.13,129086,125885,128907
56221680,0.6475,-1.0150,-0.0700,0.0810,-1.0204,0.0149,-0.32,-0.12,0.13,129094,125886,128911
56241208,0.5950,-0.9975,-0.0875,0.0811,-1.0211,0.0149,-0.32,-0.12,0.13,129103,125904,128903
56261720,0.2975,-0.9625,-0.1925,0.0813,-1.0219,0.0151,-0.32,-0.12,0.13,129091,125907,128912
56281248,0.2450,-0.8925,-0.2800,0.0813,-1.0226,0.0155,-0.32,-0.12,0.13,129090,125891,128923
56301756,0.5250,-0.9275,-0.4725,0.0809,-1.0235,0.0159,-0.32,-0.12,0.13,129085,125886,128911
56332032,-0.2800,-1.0850,-0.5250,0.0808,-1.0236,0.0160,-0.32,-0.12,0.13,129092,125883,128910
56352540,-0.6475,-1.0150,-0.5075,0.0808,-1.0233,0.0159,-0.32,-0.12,0.13,129093,125879,128915
56372072,-0.4550,-0.9975,-0.4375,0.0805,-1.0231,0.0154,-0.32,-0.12,0.13,129094,125892,128914
