30337890,-0.8750,-1.5925,-0.7350,-0.0229,-1.0226,-0.0185,-0.30,-0.04,-0.18,130456,126116,133998
30368164,-0.6650,-1.2600,-0.6825,-0.0231,-1.0221,-0.0204,-0.30,-0.04,-0.18,130443,126108,134019
30388672,-0.2100,-1.1900,-0.5950,-0.0231,-1.0219,-0.0215,-0.30,-0.04,-0.18,130459,126115,133994
30408204,0.1750,-0.9275,-0.4900,-0.0231,-1.0216,-0.0227,-0.30,-0.04,-0.18,130464,126116,134006
30428710,0.2625,-0.7175,-0.2625,-0.0229,-1.0211,-0.0237,-0.30,-0.04,-0.18,130451,126111,134010
30448242,-0.0525,-0.3850,-0.1050,-0.0227,-1.0204,-0.0250,-0.30,-0.04,-0.18,130444,126104,134008
30468750,-0.0700,-0.3150,0.0175,-0.0223,-1.0197,-0.0256,-0.30,-0.04,-0.18,130448,126107,133999
30488280,0.4375,-0.1575,0.1925,-0.0223,-1.0194,-0.0259,-0.30,-0.04,-0.18,130454,126107,134010
30507812,0.5075,0.0000,0.3675,-0.0224,-1.0193,-0.0261,-0.30,-0.04,-0.18,130458,126124,134011
30528320,0.1925,0.1050,0.5250,-0.0232,-1.0194,-0.0261,-0.30,-0.04,-0.18,130447,126113,134017
30547852,0.6825,0.1925,0.5775,-0.0237,-1.0194,-0.0257,-0.30,-0.04,-0.18,130434,126105,134015
30568360,1.2600,0.1750,0.7175,-0.0239,-1.0199,-0.0248,-0.30,-0.04,-0.18,130442,126120,134011
30587890,1.0500,0.1750,0.8400,-0.0239,-1.0202,-0.0242,-0.30,-0.04,-0.18,130452,126131,134004
30608398,0.9100,0.1225,0.8925,-0.0244,-1.0207,-0.0233,-0.30,-0.04,-0.18,130447,126120,133993
30627928,0.9800,0.1400,0.8225,-0.0243,-1.0210,-0.0226,-0.30,-0.04,-0.18,130435,126114,134008
30648436,1.2250,0.0000,0.8225,-0.0244,-1.0216,-0.0220,-0.30,-0.04,-0.18,130428,126111,134007
30667968,1.3300,-0.1225,0.8225,-0.0246,-1.0226,-0.0212,-0.30,-0.04,-0.18,130433,126119,134017
30688476,0.5425,-0.2275,0.4900,-0.0249,-1.0235,-0.0203,-0.30,-0.04,-0.18,130446,126129,133994
30708008,0.0875,-0.3500,0.3500,-0.0250,-1.0241,-0.0198,-0.30,-0.04,-0.18,130437,126124,134003
30728516,0.3500,-0.5075,0.2800,-0.0255,-1.0253,-0.0192,-0.30,-0.04,-0.18,130427,126117,134012
30748046,0.4900,-0.5075,0.1050,-0.0261,-1.0264,-0.0187,-0.30,-0.04,-0.18,130425,126108,134011
30768554,0.4200,-0.5250,-0.1225,-0.0265,-1.0271,-0.0183,-0.30,-0.04,-0.18,130426,126116,134008
30788084,0.4900,-0.4900,-0.3150,-0.0270,-1.0279,-0.0178,-0.30,-0.04,-0.18,130442,126126,134011
30808592,1.0150,-0.6475,-0.5775,-0.0279,-1.0288,-0.0174,-0.30,-0.04,-0.18,130431,126122,134008
30828124,1.0150,-0.5950,-0.8750,-0.0279,-1.0288,-0.0172,-0.30,-0.04,-0.18,130436,126118,133998
30848632,0.5775,-0.7875,-1.1025,-0.0278,-1.0288,-0.0172,-0.30,-0.04,-0.18,130430,126121,134010
30868164,0.6125,-0.7525,-1.1200,-0.0276,-1.0287,-0.0170,-0.30,-0.04,-0.18,130431,126113,134004
30888672,1.0150,-0.7000,-1.1550,-0.0272,-1.0283,-0.0168,-0.30,-0.04,-0.18,130451,126123,133981
30908204,0.9450,-0.9450,-1.0675,-0.0271,-1.0277,-0.0168,-0.30,-0.04,-0.18,130453,126117,133997
30928710,0.1925,-0.9450,-0.9625,-0.0271,-1.0263,-0.0172,-0.30,-0.04,-0.18,130448,126109,134007
30948242,-0.2800,-0.8750,-0.9275,-0.0270,-1.0252,-0.0176,-0.30,-0.04,-0.18,130436,126100,134011
30968750,0.0875,-0.7700,-0.7525,-0.0268,-1.0243,-0.0178,-0.30,-0.04,-0.18,130445,126111,134004
30988280,0.8400,-0.8225,-0.5600,-0.0268,-1.0233,-0.0181,-0.30,-0.04,-0.18,130461,126112,133995
31007812,0.9625,-0.6825,-0.3675,-0.0267,-1.0221,-0.0183,-0.30,-0.04,-0.18,130462,126123,133986
31028320,0.5600,-0.4725,-0.0700,-0.0270,-1.0208,-0.0190,-0.30,-0.04,-0.18,130445,126105,134002
31047852,0.5600,-0.4375,0.0000,-0.0270,-1.0200,-0.0194,-0.30,-0.04,-0.18,130435,126107,133994
31068360,0.5250,-0.2625,0.1750,-0.0267,-1.0194,-0.0195,-0.30,-0.04,-0.18,130443,126107,133994
31087890,0.2800,-0.2450,0.3675,-0.0262,-1.0189,-0.0199,-0.30,-0.04,-0.18,130447,126120,133985
31108398,0.2450,-0.0700,0.5250,-0.0260,-1.0186,-0.0201,-0.30,-0.04,-0.18,130452,126134,133998
31127928,0.2800,-0.0175,0.7175,-0.0259,-1.0183,-0.0204,-0.30,-0.04,-0.18,130449,126111,133999
31148436,0.6125,0.1225,0.7875,-0.0270,-1.0183,-0.0211,-0.30,-0.04,-0.18,130430,126113,134004
31167968,0.4375,0.3675,0.8050,-0.0275,-1.0185,-0.0215,-0.30,-0.04,-0.18,130437,126110,134008
31188476,0.7350,0.5600,0.8750,-0.0283,-1.0191,-0.0215,-0.30,-0.04,-0.18,130447,126116,133995
31208008,1.2075,0.6650,0.8225,-0.0289,-1.0198,-0.0217,-0.30,-0.04,-0.18,130444,126116,133995
31228516,1.7850,0.7350,0.7525,-0.0292,-1.0208,-0.0218,-0.30,-0.04,-0.18,130434,126115,133989
31248046,2.1000,0.7000,0.7350,-0.0292,-1.0215,-0.0215,-0.30,-0.04,-0.18,130428,126109,134005
31268554,1.3825,0.6650,0.5775,-0.0298,-1.0225,-0.0206,-0.30,-0.04,-0.18,130432,126122,133995
31288084,0.7000,0.6125,0.4025,-0.0298,-1.0228,-0.0199,-0.30,-0.04,-0.18,130442,126124,133987
31308592,0.5425,0.4550,0.2975,-0.0295,-1.0238,-0.0188,-0.30,-0.04,-0.18,130444,126134,133987
31328124,0.7175,0.2800,0.1925,-0.0293,-1.0250,-0.0176,-0.30,-0.04,-0.18,130437,126113,133994
31348632,1.0150,0.2100,0.0700,-0.0293,-1.0263,-0.0163,-0.30,-0.04,-0.18,130432,126121,133999
31378906,0.5250,-0.1050,-0.3150,-0.0300,-1.0275,-0.0145,-0.30,-0.04,-0.18,130436,126121,133981
31399414,0.1750,-0.3325,-0.5425,-0.0303,-1.0275,-0.0139,-0.30,-0.04,-0.18,130437,126115,133997
31418944,0.0525,-0.3850,-0.7000,-0.0301,-1.0275,-0.0133,-0.30,-0.04,-0.18,130439,126116,133993
31439452,0.6300,-0.5425,-0.7350,-0.0301,-1.0276,-0.0127,-0.30,-0.04,-0.18,130448,126120,133969
31458984,1.2250,-0.5600,-0.7000,-0.0303,-1.0279,-0.0124,-0.30,-0.04,-0.18,130447,126112,133977
31479492,0.5950,-0.5425,-0.7000,-0.0305,-1.0274,-0.0124,-0.30,-0.04,-0.18,130438,126116,133982
31499024,0.3850,-0.6300,-0.8225,-0.0309,-1.0269,-0.0123,-0.30,-0.04,-0.18,130432,126107,133999
31519532,1.2600,-0.7000,-0.7175,-0.0310,-1.0266,-0.0122,-0.30,-0.04,-0.18,130448,126116,133975
31539062,1.4875,-0.6300,-0.6125,-0.0309,-1.0260,-0.0122,-0.30,-0.04,-0.18,130455,126116,133980
31559570,1.5575,-0.6650,-0.5075,-0.0305,-1.0255,-0.0124,-0.30,-0.04,-0.18,130448,126112,133969
31579100,1.5750,-0.6825,-0.4025,-0.0299,-1.0250,-0.0124,-0.30,-0.04,-0.18,130444,126100,133967
31599608,1.4525,-0.7000,-0.2275,-0.0300,-1.0241,-0.0124,-0.30,-0.04,-0.18,130441,126102,133975
31619140,1.4175,-0.5950,-0.1400,-0.0299,-1.0233,-0.0122,-0.30,-0.04,-0.18,130445,126109,133978
31639648,1.5925,-0.7175,-0.0525,-0.0300,-1.0231,-0.0121,-0.30,-0.04,-0.18,130455,126114,133954
31659180,1.7675,-0.7875,0.0875,-0.0304,-1.0232,-0.0117,-0.30,-0.04,-0.18,130453,126113,133960
31679688,1.3650,-0.8225,0.1225,-0.0299,-1.0226,-0.0115,-0.30,-0.04,-0.18,130439,126104,133959
31699218,1.1025,-0.8050,0.1750,-0.0294,-1.0222,-0.0109,-0.30,-0.04,-0.18,130437,126100,133972
31719726,1.5400,-0.9275,0.2625,-0.0299,-1.0224,-0.0102,-0.30,-0.04,-0.18,130440,126099,133955
31739256,1.3475,-0.9450,0.2450,-0.0300,-1.0216,-0.0099,-0.30,-0.04,-0.18,130452,126100,133962
31758788,0.8400,-0.8925,0.1575,-0.0296,-1.0211,-0.0094,-0.30,-0.04,-0.18,130444,126104,133946
31779296,0.9450,-0.9275,0.2625,-0.0298,-1.0213,-0.0092,-0.30,-0.04,-0.18,130433,126094,133970
31798828,1.1550,-0.9975,0.4025,-0.0303,-1.0215,-0.0089,-0.30,-0.04,-0.18,130431,126089,133955
31819336,1.0325,-1.0150,0.4025,-0.0303,-1.0220,-0.0088,-0.30,-0.04,-0.18,130433,126102,133941
31838868,1.2075,-1.1200,0.2275,-0.0303,-1.0224,-0.0087,-0.30,-0.04,-0.18,130439,126103,133947
31859376,0.9100,-1.1375,0.0875,-0.0300,-1.0225,-0.0084,-0.30,-0.04,-0.18,130435,126101,133940
31878906,0.0700,-1.0500,-0.2450,-0.0295,-1.0224,-0.0084,-0.30,-0.04,-0.18,130427,126102,133946
31899414,-0.2975,-1.1900,-0.2975,-0.0296,-1.0228,-0.0085,-0.30,-0.04,-0.18,130425,126096,133959
31918944,-0.4900,-1.1900,-0.2450,-0.0299,-1.0238,-0.0085,-0.30,-0.04,-0.18,130428,126097,133945
31939452,-0.4200,-1.0850,-0.5250,-0.0303,-1.0243,-0.0085,-0.30,-0.04,-0.18,130444,126109,133945
31958984,-0.2975,-1.0325,-0.6300,-0.0305,-1.0243,-0.0085,-0.30,-0.04,-0.17,130433,126101,133937
31979492,0.2275,-0.9275,-0.5775,-0.0307,-1.0243,-0.0088,-0.30,-0.04,-0.18,130427,126084,133949
31999024,0.5425,-0.9100,-0.5600,-0.0310,-1.0241,-0.0088,-0.30,-0.04,-0.18,130429,126091,133958
32019532,0.5425,-0.9100,-0.5425,-0.0307,-1.0235,-0.0088,-0.30,-0.04,-0.18,130433,126099,133947
32039062,-0.0350,-0.8925,-0.5425,-0.0307,-1.0228,-0.0089,-0.30,-0.04,-0.18,130437,126105,133953
32059570,-0.5600,-0.8750,-0.4550,-0.0306,-1.0222,-0.0090,-0.30,-0.04,-0.18,130435,126117,133950
32079100,-0.5075,-0.8050,-0.4200,-0.0305,-1.0219,-0.0089,-0.30,-0.04,-0.18,130436,126105,133950
32099608,-0.1225,-0.9100,-0.3150,-0.0309,-1.0219,-0.0088,-0.30,-0.04,-0.18,130421,126092,133957
32119140,-0.0525,-0.7875,-0.1925,-0.0307,-1.0216,-0.0088,-0.30,-0.04,-0.18,130430,126103,133960
32139648,-0.2275,-0.8400,-0.1400,-0.0305,-1.0211,-0.0089,-0.30,-0.04,-0.17,130442,126115,133937
32159180,-0.6825,-0.8225,0.1750,-0.0305,-1.0210,-0.0090,-0.30,-0.04,-0.18,130437,126104,133962
32179688,-0.3500,-0.8050,0.1400,-0.0309,-1.0211,-0.0093,-0.30,-0.04,-0.18,130428,126099,133947
32199218,-0.1400,-0.8400,0.1400,-0.0307,-1.0211,-0.0093,-0.30,-0.04,-0.18,130419,126094,133970
32219726,-0.3500,-0.7175,0.0875,-0.0309,-1.0211,-0.0096,-0.30,-0.04,-0.18,130435,126108,133951
32239256,-0.4725,-0.6300,0.1050,-0.0311,-1.0215,-0.0098,-0.30,-0.04,-0.18,130431,126115,133952
32258788,-0.1925,-0.7175,0.0525,-0.0311,-1.0218,-0.0100,-0.30,-0.04,-0.18,130432,126123,133950
32279296,-0.1750,-0.7525,0.0875,-0.0314,-1.0224,-0.0100,-0.30,-0.04,-0.18,130422,126112,133964
32298828,-0.2800,-0.7000,0.0350,-0.0318,-1.0230,-0.0101,-0.30,-0.04,-0.18,130416,126108,133972
32319336,-0.6125,-0.7350,-0.0700,-0.0320,-1.0232,-0.0102,-0.30,-0.04,-0.18,130420,126120,133977
32338868,-0.6125,-0.7175,-0.1225,-0.0318,-1.0233,-0.0102,-0.30,-0.04,-0.18,130429,126121,133963
32378906,0.0875,-0.6475,-0.1750,-0.0317,-1.0247,-0.0105,-0.30,-0.04,-0.18,130422,126100,133977
32398436,0.1225,-0.6475,-0.3325,-0.0320,-1.0252,-0.0110,-0.30,-0.04,-0.18,130414,126110,133964
32417968,-0.2800,-0.5950,-0.4200,-0.0323,-1.0255,-0.0116,-0.30,-0.04,-0.18,130419,126109,133976
32438476,-0.2450,-0.6125,-0.6125,-0.0325,-1.0258,-0.0120,-0.30,-0.04,-0.18,130429,126113,133952
32458008,0.1925,-0.6825,-0.7175,-0.0325,-1.0260,-0.0121,-0.30,-0.04,-0.18,130438,126123,133968
32478516,-0.1225,-0.6300,-0.7875,-0.0326,-1.0259,-0.0124,-0.30,-0.04,-0.18,130425,126114,133969
32498046,-0.5250,-0.5425,-0.8750,-0.0325,-1.0260,-0.0127,-0.30,-0.04,-0.18,130419,126112,133977
32518554,-0.2450,-0.5775,-0.8050,-0.0329,-1.0263,-0.0126,-0.30,-0.04,-0.18,130431,126109,133986
32538084,0.2100,-0.6475,-0.8925,-0.0331,-1.0263,-0.0122,-0.30,-0.04,-0.18,130438,126113,133968
32558592,0.4725,-0.6125,-0.9275,-0.0332,-1.0258,-0.0118,-0.30,-0.04,-0.18,130446,126110,133969
32578124,0.7350,-0.6650,-0.8575,-0.0332,-1.0253,-0.0115,-0.30,-0.04,-0.18,130431,126102,133962
32598632,0.5775,-0.7525,-0.8400,-0.0328,-1.0246,-0.0112,-0.30,-0.04,-0.18,130429,126104,133975
32618164,0.1750,-0.8750,-0.6475,-0.0325,-1.0236,-0.0111,-0.30,-0.04,-0.18,130431,126105,133973
32638672,-0.3500,-1.0150,-0.4025,-0.0322,-1.0224,-0.0110,-0.30,-0.04,-0.18,130442,126116,133982
32658204,-0.6125,-1.1025,-0.2450,-0.0321,-1.0216,-0.0110,-0.30,-0.04,-0.18,130440,126112,133969
32678710,-0.6650,-1.1375,-0.1750,-0.0321,-1.0214,-0.0112,-0.30,-0.04,-0.18,130428,126109,133971
32698242,-0.5250,-1.2425,-0.0350,-0.0323,-1.0210,-0.0116,-0.30,-0.04,-0.18,130420,126104,133964
32718750,-0.4725,-1.1725,0.0000,-0.0322,-1.0208,-0.0121,-0.30,-0.04,-0.18,130428,126105,133984
32738280,-0.5250,-1.1900,0.0350,-0.0320,-1.0208,-0.0126,-0.30,-0.04,-0.18,130434,126123,133971
32757812,-0.3325,-1.0325,0.0875,-0.0317,-1.0210,-0.0134,-0.30,-0.04,-0.18,130436,126117,133971
32778320,-1.1025,-1.0500,0.1925,-0.0318,-1.0211,-0.0142,-0.30,-0.04,-0.18,130429,126122,133985
32797852,-1.5575,-0.9275,0.1575,-0.0320,-1.0214,-0.0150,-0.30,-0.04,-0.18,130418,126111,133986
32818360,-0.7175,-0.8400,0.0700,-0.0318,-1.0221,-0.0154,-0.30,-0.04,-0.18,130422,126124,133987
32837890,0.2450,-0.7875,0.0525,-0.0317,-1.0227,-0.0159,-0.30,-0.04,-0.18,130430,126126,133977
32858398,0.2975,-0.6300,-0.0525,-0.0316,-1.0232,-0.0162,-0.30,-0.04,-0.18,130427,126121,133991
32877928,-0.4025,-0.5950,-0.1050,-0.0311,-1.0235,-0.0166,-0.30,-0.04,-0.18,130424,126128,133993
32898436,-0.4725,-0.5075,-0.0875,-0.0309,-1.0238,-0.0165,-0.30,-0.04,-0.18,130417,126129,133997
32917968,0.1400,-0.4375,-0.1400,-0.0307,-1.0243,-0.0163,-0.30,-0.04,-0.18,130422,126130,133987
32938476,0.4900,-0.5425,-0.2450,-0.0306,-1.0244,-0.0163,-0.30,-0.04,-0.18,130430,126136,133995
32958008,-0.1925,-0.4550,-0.3150,-0.0305,-1.0242,-0.0163,-0.30,-0.04,-0.18,130428,126132,134000
32978516,-0.2975,-0.3850,-0.2975,-0.0310,-1.0239,-0.0165,-0.30,-0.04,-0.18,130427,126137,133999
32998046,0.2275,-0.4375,-0.2275,-0.0314,-1.0241,-0.0167,-0.30,-0.04,-0.18,130420,126117,134007
33018554,0.4725,-0.3325,-0.1750,-0.0315,-1.0237,-0.0168,-0.30,-0.04,-0.18,130421,126122,134008
33038084,0.2800,-0.2800,-0.1925,-0.0317,-1.0232,-0.0171,-0.30,-0.04,-0.18,130426,126125,133978
33058592,0.1925,-0.3850,-0.1050,-0.0317,-1.0226,-0.0172,-0.30,-0.04,-0.18,130431,126127,133997
33078124,0.0175,-0.4200,-0.0525,-0.0320,-1.0224,-0.0172,-0.30,-0.04,-0.18,130422,126131,134007
33098632,-0.2625,-0.5250,0.1050,-0.0321,-1.0225,-0.0171,-0.30,-0.04,-0.18,130416,126116,134003
33118164,-0.0525,-0.4200,0.1400,-0.0323,-1.0227,-0.0167,-0.30,-0.04,-0.18,130413,126121,134007
33138672,0.3500,-0.5250,0.1400,-0.0325,-1.0228,-0.0163,-0.30,-0.04,-0.18,130426,126135,133999
33158204,0.4900,-0.5775,0.0875,-0.0326,-1.0233,-0.0159,-0.30,-0.04,-0.18,130431,126137,133983
33178710,0.3850,-0.6300,0.0175,-0.0323,-1.0236,-0.0155,-0.30,-0.04,-0.18,130417,126138,134011
33198242,0.0175,-0.7700,-0.1400,-0.0322,-1.0238,-0.0153,-0.30,-0.04,-0.18,130413,126124,134016
33218750,-0.0700,-0.8925,-0.2800,-0.0318,-1.0241,-0.0149,-0.30,-0.04,-0.18,130413,126123,133999
33238280,-0.0875,-1.0675,-0.3675,-0.0317,-1.0241,-0.0146,-0.30,-0.04,-0.18,130425,126134,133998
33257812,-0.1925,-1.1725,-0.3675,-0.0322,-1.0244,-0.0146,-0.30,-0.04,-0.18,130428,126137,133996
33278320,-0.4375,-1.1550,-0.3500,-0.0329,-1.0248,-0.0149,-0.30,-0.04,-0.18,130418,126131,134007
33297852,-0.7875,-1.2425,-0.5775,-0.0331,-1.0250,-0.0151,-0.30,-0.04,-0.18,130413,126131,134017
33318360,-0.8050,-1.3300,-0.7525,-0.0332,-1.0254,-0.0155,-0.30,-0.04,-0.18,130407,126125,134010
33337890,-0.3325,-1.2950,-0.7875,-0.0331,-1.0259,-0.0160,-0.30,-0.04,-0.18,130423,126143,134004
33358398,-0.1750,-1.4000,-0.9800,-0.0327,-1.0258,-0.0163,-0.30,-0.04,-0.18,130427,126136,134000
33388672,-0.4900,-1.2425,-1.0150,-0.0322,-1.0257,-0.0173,-0.30,-0.04,-0.18,130425,126142,133995
33408204,-0.7700,-1.1550,-0.9800,-0.0318,-1.0250,-0.0179,-0.30,-0.04,-0.18,130428,126138,134016
33428710,-0.7350,-1.0850,-0.9625,-0.0317,-1.0246,-0.0187,-0.30,-0.04,-0.18,130421,126124,134021
33448242,-0.8050,-0.9275,-0.8400,-0.0318,-1.0239,-0.0200,-0.30,-0.04,-0.18,130417,126126,134011
33468750,-0.5425,-0.8225,-0.7875,-0.0316,-1.0233,-0.0207,-0.30,-0.04,-0.18,130418,126137,134017
33488280,-0.2800,-0.6825,-0.7175,-0.0321,-1.0231,-0.0215,-0.30,-0.04,-0.18,130426,126142,134016
33507812,-0.4375,-0.5950,-0.6475,-0.0322,-1.0226,-0.0221,-0.30,-0.04,-0.18,130435,126134,134021
33528320,-0.2275,-0.4550,-0.5775,-0.0321,-1.0221,-0.0224,-0.30,-0.04,-0.18,130428,126137,134020
33547852,0.6125,-0.3675,-0.4375,-0.0316,-1.0216,-0.0224,-0.30,-0.04,-0.18,130416,126124,134027
33568360,0.6650,-0.4375,-0.1225,-0.0315,-1.0210,-0.0224,-0.30,-0.04,-0.18,130423,126139,134020
33587888,0.4900,-0.3500,0.1575,-0.0317,-1.0205,-0.0224,-0.30,-0.04,-0.18,130432,126134,134021
33608400,0.1750,-0.3675,0.2275,-0.0315,-1.0202,-0.0223,-0.30,-0.04,-0.18,130434,126138,134008
33627928,0.2625,-0.4900,0.2625,-0.0312,-1.0202,-0.0222,-0.30,-0.04,-0.18,130423,126140,134021
33648436,0.5250,-0.4900,0.3675,-0.0312,-1.0205,-0.0220,-0.30,-0.04,-0.18,130413,126129,134033
33667968,-0.2450,-0.5950,0.2450,-0.0311,-1.0207,-0.0220,-0.30,-0.04,-0.18,130416,126133,134017
33688476,-0.5950,-0.7000,0.1750,-0.0310,-1.0214,-0.0218,-0.30,-0.04,-0.18,130427,126134,134011
33708008,-0.2625,-0.6125,0.0700,-0.0311,-1.0224,-0.0216,-0.30,-0.04,-0.18,130426,126141,134022
33728516,0.3150,-0.7000,0.0350,-0.0318,-1.0235,-0.0215,-0.30,-0.04,-0.18,130421,126141,134038
33748048,0.1225,-0.6650,-0.1050,-0.0325,-1.0243,-0.0215,-0.30,-0.04,-0.18,130409,126137,134023
33768552,0.2975,-0.7000,-0.2800,-0.0325,-1.0250,-0.0215,-0.30,-0.04,-0.18,130415,126130,134029
33788084,1.1375,-0.7350,-0.5425,-0.0325,-1.0260,-0.0211,-0.30,-0.04,-0.18,130422,126141,134012
33808592,0.8750,-0.7700,-0.6650,-0.0322,-1.0263,-0.0211,-0.30,-0.04,-0.18,130425,126147,134017
33828124,0.0525,-0.7525,-0.8050,-0.0317,-1.0261,-0.0212,-0.30,-0.04,-0.18,130423,126133,134025
33848632,-0.0175,-0.8050,-0.8225,-0.0315,-1.0261,-0.0212,-0.30,-0.04,-0.18,130419,126132,134019
33868164,0.4900,-0.9100,-0.8225,-0.0312,-1.0260,-0.0211,-0.30,-0.04,-0.18,130417,126130,134021
33888672,0.6125,-0.9275,-0.7175,-0.0312,-1.0255,-0.0211,-0.30,-0.04,-0.18,130433,126147,134017
33908204,0.2800,-1.0325,-0.5950,-0.0318,-1.0244,-0.0214,-0.30,-0.04,-0.18,130432,126148,134032
33928712,-0.1050,-0.9625,-0.5250,-0.0322,-1.0238,-0.0217,-0.30,-0.04,-0.18,130425,126127,134015
33948240,-0.1575,-0.8750,-0.4200,-0.0323,-1.0231,-0.0221,-0.30,-0.04,-0.18,130414,126127,134028
33968752,0.3500,-0.9275,-0.2800,-0.0325,-1.0224,-0.0222,-0.30,-0.04,-0.18,130420,126137,134025
33988280,0.9450,-0.9100,-0.0875,-0.0325,-1.0219,-0.0223,-0.30,-0.04,-0.18,130429,126139,134022
34007812,1.0500,-0.7350,0.0525,-0.0322,-1.0211,-0.0224,-0.30,-0.04,-0.18,130426,126147,134009
34028320,0.6300,-0.6825,0.2800,-0.0320,-1.0202,-0.0227,-0.30,-0.04,-0.18,130417,126129,134017
34047852,0.5075,-0.7700,0.5425,-0.0321,-1.0199,-0.0227,-0.30,-0.04,-0.18,130413,126135,134004
34068360,0.5950,-0.6825,0.5775,-0.0318,-1.0197,-0.0227,-0.30,-0.04,-0.18,130416,126135,134023
34087888,0.8400,-0.7175,0.7175,-0.0317,-1.0199,-0.0227,-0.30,-0.04,-0.18,130420,126140,134006
34108400,0.4025,-0.6125,0.7000,-0.0321,-1.0203,-0.0228,-0.30,-0.04,-0.18,130419,126141,133994
34127928,0.0700,-0.5775,0.5250,-0.0323,-1.0208,-0.0228,-0.30,-0.04,-0.18,130412,126144,134008
34148436,-0.6475,-0.4200,0.4550,-0.0326,-1.0213,-0.0234,-0.30,-0.04,-0.18,130401,126136,134011
34167968,0.8050,-0.2975,0.3675,-0.0326,-1.0226,-0.0232,-0.30,-0.04,-0.18,130405,126134,134011
34188476,1.9950,-0.3150,0.3500,-0.0326,-1.0236,-0.0231,-0.30,-0.04,-0.18,130409,126157,133986
34208008,1.6975,-0.2975,0.1400,-0.0328,-1.0242,-0.0231,-0.30,-0.04,-0.18,130415,126151,134012
34228516,1.3650,-0.2625,0.0350,-0.0328,-1.0248,-0.0229,-0.30,-0.04,-0.18,130405,126147,133999
34248048,1.2075,-0.2800,-0.2625,-0.0327,-1.0263,-0.0222,-0.30,-0.04,-0.18,130399,126128,134006
34268552,0.9625,-0.3500,-0.5425,-0.0325,-1.0268,-0.0217,-0.30,-0.04,-0.18,130400,126137,134009
34288084,0.5075,-0.5075,-0.8225,-0.0325,-1.0271,-0.0212,-0.30,-0.04,-0.18,130416,126146,133990
34308592,0.0525,-0.4725,-1.0850,-0.0327,-1.0276,-0.0207,-0.30,-0.04,-0.18,130419,126144,134000
34328124,0.3500,-0.6125,-1.1200,-0.0328,-1.0283,-0.0200,-0.30,-0.04,-0.18,130408,126146,134000
34348632,0.9275,-0.7000,-1.3475,-0.0328,-1.0287,-0.0192,-0.30,-0.04,-0.18,130409,126145,133999
34368164,0.9975,-0.8225,-1.4525,-0.0328,-1.0282,-0.0182,-0.30,-0.04,-0.18,130412,126142,134000
34398436,0.6125,-0.8925,-1.4700,-0.0328,-1.0272,-0.0173,-0.30,-0.04,-0.18,130410,126118,134001
34417968,0.1925,-1.0150,-1.4875,-0.0325,-1.0261,-0.0171,-0.30,-0.04,-0.18,130418,126124,133982
34438476,-0.3500,-1.0675,-1.3825,-0.0322,-1.0250,-0.0171,-0.30,-0.04,-0.18,130428,126127,133991
34458008,-0.4200,-1.1025,-1.1900,-0.0321,-1.0241,-0.0172,-0.30,-0.04,-0.18,130431,126129,133978
34478516,-0.5425,-1.0850,-0.9275,-0.0322,-1.0225,-0.0178,-0.30,-0.04,-0.18,130424,126128,134006
34498048,-0.1575,-1.0325,-0.7700,-0.0321,-1.0216,-0.0183,-0.30,-0.04,-0.18,130424,126115,133999
34518552,0.3150,-0.9450,-0.5775,-0.0322,-1.0211,-0.0188,-0.30,-0.04,-0.18,130431,126127,133994
34538084,0.4725,-0.8925,-0.3325,-0.0322,-1.0205,-0.0195,-0.30,-0.04,-0.18,130436,126130,133995
34558592,0.2975,-0.6300,-0.2275,-0.0320,-1.0202,-0.0201,-0.30,-0.04,-0.18,130436,126135,133999
34578124,0.2625,-0.5250,-0.1400,-0.0318,-1.0200,-0.0206,-0.30,-0.04,-0.18,130426,126130,133993
34598632,0.1050,-0.4725,0.0175,-0.0315,-1.0200,-0.0211,-0.30,-0.04,-0.18,130422,126116,134006
34618164,0.0350,-0.2625,0.0525,-0.0310,-1.0202,-0.0212,-0.30,-0.04,-0.18,130424,126125,134004
34638672,0.2450,-0.1925,0.0875,-0.0309,-1.0207,-0.0212,-0.30,-0.04,-0.18,130435,126135,133999
34658204,0.9450,-0.0700,0.0350,-0.0310,-1.0214,-0.0210,-0.30,-0.04,-0.18,130434,126136,133987
34678712,1.1025,-0.1575,0.0350,-0.0311,-1.0221,-0.0207,-0.30,-0.04,-0.18,130426,126128,134000
34698240,0.4725,-0.1225,-0.1575,-0.0311,-1.0224,-0.0203,-0.30,-0.04,-0.18,130421,126123,134010
34718752,0.2275,-0.1050,-0.2275,-0.0312,-1.0232,-0.0195,-0.30,-0.04,-0.18,130426,126130,133990
34738280,1.0675,-0.1925,-0.1925,-0.0312,-1.0242,-0.0188,-0.30,-0.04,-0.18,130429,126128,133987
34757812,1.7500,-0.2975,-0.2100,-0.0314,-1.0248,-0.0181,-0.30,-0.04,-0.18,130431,126126,133998
34778320,0.9275,-0.3675,-0.4375,-0.0312,-1.0248,-0.0177,-0.30,-0.04,-0.18,130429,126125,133986
34797852,-0.0350,-0.3500,-0.5425,-0.0312,-1.0247,-0.0173,-0.30,-0.04,-0.18,130427,126118,133990
34818360,0.9100,-0.4025,-0.6475,-0.0311,-1.0253,-0.0167,-0.30,-0.04,-0.18,130431,126117,133989
34837888,1.5750,-0.5600,-0.6650,-0.0309,-1.0257,-0.0165,-0.30,-0.04,-0.18,130437,126127,133991
34858400,0.6475,-0.7175,-0.7000,-0.0306,-1.0250,-0.0166,-0.30,-0.04,-0.18,130443,126133,133994
34877928,-0.3325,-0.6650,-0.7350,-0.0307,-1.0248,-0.0170,-0.30,-0.04,-0.18,130437,126135,133986
34898436,-0.2625,-0.6825,-0.7700,-0.0307,-1.0248,-0.0171,-0.30,-0.04,-0.18,130425,126117,133994
34917968,0.4200,-0.5950,-0.7525,-0.0307,-1.0249,-0.0171,-0.30,-0.04,-0.18,130432,126115,133999
34938476,0.6650,-0.5075,-0.7175,-0.0307,-1.0246,-0.0171,-0.30,-0.04,-0.18,130440,126123,133994
34958008,0.8050,-0.5425,-0.6475,-0.0310,-1.0246,-0.0173,-0.30,-0.04,-0.18,130451,126129,133989
34978516,0.9450,-0.5250,-0.6300,-0.0312,-1.0246,-0.0173,-0.30,-0.04,-0.18,130437,126109,133978
34998048,1.1375,-0.4725,-0.6475,-0.0312,-1.0242,-0.0172,-0.30,-0.04,-0.18,130431,126109,133994
35018552,1.3300,-0.3675,-0.6300,-0.0309,-1.0236,-0.0170,-0.30,-0.04,-0.18,130438,126111,133989
35038084,1.3650,-0.5075,-0.7000,-0.0303,-1.0230,-0.0167,-0.30,-0.04,-0.18,130442,126104,133988
35058592,0.8925,-0.5425,-0.3500,-0.0300,-1.0227,-0.0166,-0.30,-0.04,-0.18,130450,126112,133980
35078124,0.1575,-0.6300,-0.3325,-0.0298,-1.0221,-0.0165,-0.30,-0.04,-0.18,130449,126111,133986
35098632,0.1750,-0.6650,-0.3675,-0.0296,-1.0219,-0.0162,-0.30,-0.04,-0.18,130441,126096,133993
35118164,0.5950,-0.6650,-0.2625,-0.0295,-1.0219,-0.0159,-0.30,-0.04,-0.18,130441,126105,133976
35138672,0.5950,-0.7875,-0.2625,-0.0295,-1.0220,-0.0157,-0.30,-0.04,-0.18,130449,126120,133985
35158204,0.2450,-0.8050,-0.2275,-0.0295,-1.0220,-0.0159,-0.30,-0.04,-0.18,130455,126120,133967
35178712,-0.2975,-0.8575,-0.2450,-0.0294,-1.0221,-0.0159,-0.30,-0.04,-0.18,130438,126115,133994
35198240,0.0350,-0.7875,-0.2800,-0.0293,-1.0226,-0.0157,-0.30,-0.04,-0.18,130430,126100,133985
35218752,0.3150,-0.7875,-0.3850,-0.0292,-1.0228,-0.0159,-0.30,-0.04,-0.18,130447,126102,133990
35238280,0.1750,-0.6475,-0.3850,-0.0293,-1.0232,-0.0159,-0.30,-0.04,-0.18,130453,126104,133977
35257812,-0.0875,-0.7000,-0.5250,-0.0290,-1.0233,-0.0162,-0.30,-0.04,-0.18,130453,126107,133999
35278320,0.1225,-0.6125,-0.6475,-0.0288,-1.0236,-0.0163,-0.30,-0.04,-0.18,130449,126108,133990
35297852,0.5600,-0.5775,-0.6650,-0.0287,-1.0239,-0.0166,-0.30,-0.04,-0.18,130444,126099,133992
35318360,0.1225,-0.4550,-0.6825,-0.0284,-1.0239,-0.0170,-0.30,-0.04,-0.18,130447,126106,133993
35337888,-0.4725,-0.3500,-0.7700,-0.0285,-1.0239,-0.0172,-0.30,-0.04,-0.18,130454,126115,133989
35358400,-0.1050,-0.4375,-0.7875,-0.0288,-1.0239,-0.0173,-0.30,-0.04,-0.18,130460,126112,133995
35377928,0.3150,-0.3675,-0.8225,-0.0284,-1.0237,-0.0174,-0.30,-0.04,-0.18,130453,126099,133986
35408204,0.3850,-0.1925,-0.6475,-0.0287,-1.0233,-0.0176,-0.30,-0.04,-0.18,130463,126103,133984
35428712,0.8400,-0.1750,-0.5950,-0.0289,-1.0231,-0.0177,-0.30,-0.04,-0.18,130458,126102,134001
35448240,1.2075,-0.1750,-0.4200,-0.0288,-1.0228,-0.0176,-0.30,-0.04,-0.18,130456,126097,134002
35468752,0.8575,-0.3150,-0.4025,-0.0285,-1.0222,-0.0174,-0.30,-0.04,-0.18,130457,126103,133986
35488280,0.0525,-0.3500,-0.4025,-0.0281,-1.0214,-0.0173,-0.30,-0.04,-0.18,130465,126109,133984
35507812,-0.5600,-0.4375,-0.2800,-0.0277,-1.0210,-0.0171,-0.30,-0.04,-0.18,130466,126119,133986
35528320,-0.3500,-0.4200,-0.1400,-0.0277,-1.0214,-0.0166,-0.30,-0.04,-0.18,130456,126105,134002
35547852,-0.1925,-0.5600,-0.0525,-0.0279,-1.0218,-0.0166,-0.30,-0.04,-0.18,130455,126108,134011
35568360,0.1925,-0.4725,-0.0175,-0.0283,-1.0222,-0.0163,-0.30,-0.04,-0.18,130453,126106,134001
35587888,0.4025,-0.5950,-0.1575,-0.0288,-1.0226,-0.0162,-0.30,-0.04,-0.18,130462,126109,133986
35608400,0.8400,-0.6125,-0.1750,-0.0289,-1.0231,-0.0160,-0.30,-0.04,-0.18,130468,126112,133985
35627928,0.8575,-0.6125,-0.4025,-0.0288,-1.0233,-0.0156,-0.30,-0.04,-0.18,130460,126103,133994
35648436,0.2275,-0.7525,-0.3500,-0.0283,-1.0235,-0.0154,-0.30,-0.04,-0.18,130450,126097,133992
35667968,-0.3675,-0.8925,-0.3500,-0.0282,-1.0236,-0.0154,-0.30,-0.04,-0.18,130453,126102,134003
35688476,-0.5425,-0.9800,-0.3500,-0.0278,-1.0237,-0.0151,-0.30,-0.04,-0.18,130463,126108,133990
35708008,-0.3325,-1.0850,-0.5075,-0.0276,-1.0237,-0.0149,-0.30,-0.04,-0.18,130467,126116,134001
35728516,-0.1400,-1.1725,-0.5950,-0.0273,-1.0236,-0.0151,-0.30,-0.04,-0.18,130462,126103,133992
35748048,-0.0350,-1.1900,-0.5250,-0.0276,-1.0241,-0.0156,-0.30,-0.04,-0.18,130450,126097,133992
35768552,-0.2625,-1.1200,-0.5950,-0.0276,-1.0241,-0.0161,-0.30,-0.04,-0.18,130461,126105,134005
35788084,-0.5075,-1.0850,-0.5950,-0.0275,-1.0239,-0.0166,-0.30,-0.04,-0.18,130465,126100,133995
35808592,-0.4725,-0.9800,-0.5775,-0.0275,-1.0238,-0.0171,-0.30,-0.04,-0.18,130465,126115,133994
35828124,-0.2975,-0.9975,-0.5775,-0.0273,-1.0237,-0.0176,-0.30,-0.04,-0.18,130463,126108,133995
35848632,0.5950,-0.9975,-0.4900,-0.0273,-1.0235,-0.0181,-0.30,-0.04,-0.18,130449,126099,134005
35868164,0.7175,-0.8575,-0.4200,-0.0276,-1.0233,-0.0185,-0.30,-0.04,-0.18,130457,126101,133999
35888672,0.1575,-0.8400,-0.4900,-0.0276,-1.0231,-0.0190,-0.30,-0.04,-0.18,130463,126100,133993
35908204,-0.2625,-0.8575,-0.4375,-0.0273,-1.0228,-0.0193,-0.30,-0.04,-0.18,130472,126110,134008
35928712,-0.2275,-0.7175,-0.4200,-0.0271,-1.0226,-0.0193,-0.30,-0.04,-0.18,130465,126100,134008
35948240,0.5600,-0.7350,-0.4550,-0.0268,-1.0226,-0.0190,-0.30,-0.04,-0.18,130452,126092,134003
35968752,1.0150,-0.8750,-0.2975,-0.0268,-1.0222,-0.0189,-0.30,-0.04,-0.18,130455,126103,134005
35988280,-0.3500,-0.8750,-0.2450,-0.0265,-1.0216,-0.0189,-0.30,-0.04,-0.18,130463,126111,133991
36007812,-1.0500,-0.8225,-0.1750,-0.0264,-1.0216,-0.0189,-0.30,-0.04,-0.18,130472,126118,134001
36028320,-0.2275,-0.9100,-0.0700,-0.0265,-1.0221,-0.0189,-0.30,-0.04,-0.18,130460,126114,134003
36047852,0.2800,-0.9275,-0.0350,-0.0262,-1.0222,-0.0190,-0.30,-0.04,-0.18,130450,126107,134015
36068360,0.2800,-0.8400,-0.1050,-0.0261,-1.0222,-0.0194,-0.30,-0.04,-0.18,130453,126109,134007
36087888,0.0525,-0.9450,-0.0525,-0.0267,-1.0226,-0.0200,-0.30,-0.04,-0.18,130465,126114,134003
36108400,-0.4025,-0.8050,-0.2800,-0.0265,-1.0226,-0.0204,-0.30,-0.04,-0.18,130467,126112,133995
36127928,-0.4200,-0.7525,-0.2975,-0.0262,-1.0231,-0.0207,-0.30,-0.04,-0.18,130464,126118,134001
36148436,-0.3675,-0.6300,-0.2800,-0.0265,-1.0238,-0.0210,-0.30,-0.04,-0.18,130451,126101,134018
36167968,-0.1925,-0.5600,-0.2975,-0.0268,-1.0243,-0.0212,-0.30,-0.04,-0.18,130450,126102,134011
36188476,-0.0350,-0.4725,-0.3675,-0.0273,-1.0248,-0.0215,-0.30,-0.04,-0.18,130462,126119,134010
36208008,1.0150,-0.4200,-0.5950,-0.0278,-1.0250,-0.0215,-0.30,-0.04,-0.18,130471,126114,134006
36228516,1.1375,-0.3500,-0.5950,-0.0277,-1.0250,-0.0214,-0.30,-0.04,-0.18,130460,126113,134015
36248048,1.2075,-0.3850,-0.6300,-0.0276,-1.0249,-0.0210,-0.30,-0.04,-0.18,130456,126114,134006
36268552,0.9625,-0.4375,-0.4900,-0.0271,-1.0247,-0.0206,-0.30,-0.04,-0.18,130458,126106,133995
36288084,0.0875,-0.4900,-0.4900,-0.0268,-1.0242,-0.0203,-0.30,-0.04,-0.18,130460,126117,134002
36308592,-0.1575,-0.6125,-0.4900,-0.0268,-1.0237,-0.0195,-0.30,-0.04,-0.18,130468,126123,134002
36328124,0.4375,-0.7175,-0.4200,-0.0267,-1.0236,-0.0188,-0.30,-0.04,-0.18,130464,126111,134007
36348632,1.0500,-0.7525,-0.3675,-0.0268,-1.0236,-0.0183,-0.30,-0.04,-0.18,130456,126104,134024
36368164,0.7875,-0.8050,-0.2800,-0.0271,-1.0233,-0.0183,-0.30,-0.04,-0.18,130453,126105,133999
36408204,-0.5775,-0.7700,-0.2100,-0.0272,-1.0227,-0.0182,-0.30,-0.04,-0.18,130472,126117,133994
36427736,0.1750,-0.9100,-0.1750,-0.0272,-1.0230,-0.0181,-0.30,-0.04,-0.18,130463,126110,133990
36447264,0.4375,-0.9625,-0.1575,-0.0268,-1.0227,-0.0179,-0.30,-0.04,-0.18,130454,126109,134010
36466796,-0.1575,-0.9625,-0.2100,-0.0268,-1.0225,-0.0182,-0.30,-0.04,-0.18,130456,126097,134015
36487304,-0.2625,-0.9975,-0.1400,-0.0271,-1.0226,-0.0183,-0.30,-0.04,-0.18,130462,126118,134003
36506836,0.3150,-0.9800,-0.1575,-0.0272,-1.0228,-0.0183,-0.30,-0.04,-0.18,130467,126119,133997
36527344,0.2100,-0.9100,-0.0700,-0.0272,-1.0228,-0.0185,-0.30,-0.04,-0.18,130461,126110,134003
36546876,-0.0875,-0.8575,-0.1225,-0.0275,-1.0230,-0.0187,-0.30,-0.04,-0.18,130454,126102,134014
36567384,0.7000,-0.8925,-0.1225,-0.0276,-1.0231,-0.0187,-0.30,-0.04,-0.18,130443,126095,134012
36586912,0.7700,-0.8400,-0.1575,-0.0273,-1.0228,-0.0185,-0.30,-0.04,-0.18,130455,126122,134011
36607420,0.1925,-0.8050,-0.0350,-0.0272,-1.0225,-0.0185,-0.30,-0.04,-0.18,130462,126108,133998
36626952,-0.0350,-0.9100,0.0000,-0.0272,-1.0221,-0.0185,-0.30,-0.04,-0.18,130465,126118,133998
36647460,0.4550,-0.9625,0.0875,-0.0271,-1.0221,-0.0184,-0.30,-0.04,-0.18,130451,126112,134014
36666992,0.3675,-0.9450,0.1925,-0.0270,-1.0224,-0.0184,-0.30,-0.04,-0.18,130445,126117,134007
36687500,-0.0175,-1.0500,0.1925,-0.0271,-1.0224,-0.0185,-0.30,-0.04,-0.18,130453,126116,134003
36707032,-0.5425,-1.0500,0.0700,-0.0273,-1.0224,-0.0187,-0.30,-0.04,-0.18,130458,126134,133998
36727540,-0.6825,-0.9625,-0.0525,-0.0272,-1.0228,-0.0187,-0.30,-0.04,-0.18,130448,126118,133998
36747072,0.2100,-1.1200,-0.1050,-0.0273,-1.0238,-0.0183,-0.30,-0.04,-0.18,130445,126121,134020
36767576,0.6825,-1.0150,-0.0875,-0.0277,-1.0246,-0.0183,-0.30,-0.04,-0.18,130447,126116,134021
36787108,0.2975,-1.0325,-0.3500,-0.0277,-1.0246,-0.0182,-0.30,-0.04,-0.18,130444,126117,134007
36807616,0.2800,-1.1200,-0.3850,-0.0275,-1.0246,-0.0181,-0.30,-0.04,-0.18,130458,126129,133991
36827148,0.3500,-1.2075,-0.2975,-0.0273,-1.0246,-0.0177,-0.30,-0.04,-0.18,130443,126128,134006
36847656,0.0525,-1.2250,-0.3150,-0.0273,-1.0243,-0.0177,-0.30,-0.04,-0.18,130439,126113,133999
36867188,-0.2975,-1.2600,-0.2975,-0.0272,-1.0238,-0.0179,-0.30,-0.04,-0.18,130433,126112,134003
36887696,-0.5950,-1.3300,-0.2800,-0.0271,-1.0237,-0.0181,-0.30,-0.04,-0.18,130448,126120,134003
36907224,-0.3500,-1.2075,-0.2800,-0.0273,-1.0238,-0.0185,-0.30,-0.04,-0.18,130452,126125,134004
36927736,0.0350,-1.2250,-0.2625,-0.0276,-1.0241,-0.0190,-0.30,-0.04,-0.18,130448,126114,134008
36947264,-0.2275,-1.1025,-0.3150,-0.0276,-1.0241,-0.0198,-0.30,-0.04,-0.18,130437,126114,134011
36966796,-0.3500,-1.0675,-0.4025,-0.0276,-1.0241,-0.0203,-0.30,-0.04,-0.18,130431,126115,134012
36987304,-0.0350,-0.9975,-0.3325,-0.0275,-1.0238,-0.0207,-0.30,-0.04,-0.18,130450,126129,134017
37006836,-0.1050,-0.8050,-0.4025,-0.0275,-1.0237,-0.0214,-0.30,-0.04,-0.18,130455,126118,134011
37027344,-0.1050,-0.7000,-0.2975,-0.0273,-1.0235,-0.0222,-0.30,-0.04,-0.18,130445,126127,134010
37046876,-0.2275,-0.5775,-0.3675,-0.0272,-1.0230,-0.0224,-0.30,-0.04,-0.18,130439,126117,134020
37067384,-0.1225,-0.5775,-0.3500,-0.0273,-1.0228,-0.0228,-0.30,-0.04,-0.18,130435,126123,134017
37086912,0.0525,-0.4900,-0.2275,-0.0276,-1.0228,-0.0231,-0.30,-0.04,-0.18,130444,126129,134010
37107420,0.0875,-0.4900,-0.1925,-0.0276,-1.0226,-0.0232,-0.30,-0.04,-0.18,130453,126136,134003
37126952,-0.3850,-0.4025,-0.1575,-0.0276,-1.0220,-0.0232,-0.30,-0.04,-0.18,130449,126129,134010
37147460,-0.3850,-0.3500,-0.0350,-0.0279,-1.0218,-0.0231,-0.30,-0.04,-0.18,130440,126121,134020
37166992,0.4725,-0.3500,0.0700,-0.0281,-1.0219,-0.0228,-0.30,-0.04,-0.18,130433,126127,134007
37187500,0.3850,-0.3850,0.1225,-0.0279,-1.0215,-0.0228,-0.30,-0.04,-0.18,130443,126129,134015
37207032,-0.5600,-0.3325,0.1225,-0.0277,-1.0210,-0.0228,-0.30,-0.04,-0.18,130452,126141,134009
37227540,-0.5250,-0.4375,0.2800,-0.0279,-1.0213,-0.0226,-0.30,-0.04,-0.18,130445,126133,134023
37247072,0.5775,-0.4725,0.2975,-0.0281,-1.0218,-0.0222,-0.30,-0.04,-0.18,130434,126124,134014
37267576,0.2975,-0.4725,0.3150,-0.0281,-1.0214,-0.0221,-0.30,-0.04,-0.18,130429,126126,134029
37287108,-0.1750,-0.5950,0.3500,-0.0283,-1.0216,-0.0222,-0.30,-0.04,-0.18,130436,126134,134032
37307616,-0.1575,-0.6825,0.3150,-0.0285,-1.0221,-0.0222,-0.30,-0.04,-0.18,130440,126143,134020
37327148,-0.3675,-0.6650,0.2800,-0.0288,-1.0224,-0.0222,-0.30,-0.04,-0.18,130440,126140,134024
37347656,-0.6300,-0.7525,0.1225,-0.0290,-1.0227,-0.0222,-0.30,-0.04,-0.18,130429,126132,134037
37367188,-0.5075,-0.6300,0.0700,-0.0296,-1.0238,-0.0222,-0.30,-0.04,-0.18,130427,126130,134042
37387696,0.0175,-0.7350,-0.0175,-0.0298,-1.0246,-0.0220,-0.30,-0.04,-0.18,130434,126139,134033
37417968,0.0175,-0.7525,-0.2625,-0.0300,-1.0250,-0.0220,-0.30,-0.04,-0.18,130433,126129,134028
37438476,0.0700,-0.7875,-0.3850,-0.0303,-1.0253,-0.0220,-0.30,-0.04,-0.18,130441,126145,134028
37458008,0.1575,-0.8400,-0.5075,-0.0303,-1.0255,-0.0220,-0.30,-0.04,-0.18,130440,126141,134022
37478516,0.2450,-1.0150,-0.4725,-0.0300,-1.0258,-0.0221,-0.30,-0.04,-0.18,130436,126136,134026
37498048,0.0525,-0.9625,-0.4900,-0.0300,-1.0258,-0.0222,-0.30,-0.04,-0.18,130431,126130,134050
37518552,-0.2450,-1.0500,-0.5250,-0.0301,-1.0257,-0.0224,-0.30,-0.04,-0.18,130433,126137,134030
37538084,-0.3150,-1.0325,-0.6125,-0.0303,-1.0254,-0.0226,-0.30,-0.04,-0.18,130438,126135,134025
37558592,0.1575,-0.9450,-0.6300,-0.0301,-1.0250,-0.0227,-0.30,-0.04,-0.18,130444,126143,134028
37578124,0.1225,-1.0675,-0.5250,-0.0303,-1.0246,-0.0233,-0.30,-0.04,-0.18,130433,126134,134029
37598632,-0.5250,-0.9800,-0.5250,-0.0303,-1.0238,-0.0237,-0.30,-0.04,-0.18,130432,126128,134037
37618164,-0.3850,-0.9800,-0.4375,-0.0303,-1.0231,-0.0242,-0.30,-0.04,-0.18,130427,126139,134030
37638672,-0.1575,-0.9450,-0.3150,-0.0300,-1.0226,-0.0244,-0.30,-0.04,-0.18,130435,126146,134047
37658204,-0.0875,-0.9100,-0.2275,-0.0299,-1.0221,-0.0249,-0.30,-0.04,-0.18,130449,126140,134042
37678712,-0.2625,-0.7875,-0.0700,-0.0300,-1.0219,-0.0256,-0.30,-0.04,-0.18,130436,126149,134035
37698240,0.1400,-0.6300,0.0525,-0.0301,-1.0216,-0.0261,-0.30,-0.04,-0.18,130427,126140,134045
37718752,0.6475,-0.5600,0.0700,-0.0301,-1.0216,-0.0265,-0.30,-0.04,-0.18,130428,126138,134037
37738280,0.3150,-0.5425,0.2100,-0.0300,-1.0214,-0.0267,-0.30,-0.04,-0.18,130436,126142,134032
37757812,-0.2100,-0.4725,0.2275,-0.0300,-1.0211,-0.0268,-0.30,-0.04,-0.18,130444,126158,134039
37778320,-0.0175,-0.4550,0.2450,-0.0303,-1.0214,-0.0268,-0.30,-0.04,-0.18,130434,126145,134048
37797852,0.2275,-0.3850,0.2100,-0.0304,-1.0214,-0.0271,-0.30,-0.04,-0.18,130428,126134,134047
37818360,0.1050,-0.3850,0.2975,-0.0304,-1.0214,-0.0271,-0.30,-0.04,-0.18,130427,126144,134039
37837888,0.3675,-0.2625,0.2800,-0.0310,-1.0219,-0.0272,-0.30,-0.04,-0.18,130427,126155,134051
37858400,0.5600,-0.2275,0.2625,-0.0312,-1.0221,-0.0273,-0.30,-0.04,-0.18,130435,126150,134034
37877928,0.6125,-0.1925,0.2625,-0.0312,-1.0225,-0.0275,-0.30,-0.04,-0.18,130435,126148,134037
37898436,0.8575,-0.2625,0.2450,-0.0315,-1.0228,-0.0273,-0.30,-0.04,-0.18,130419,126147,134041
37917968,0.4200,-0.2800,0.2100,-0.0316,-1.0231,-0.0271,-0.30,-0.04,-0.18,130417,126142,134045
37938476,-0.1750,-0.2275,-0.0700,-0.0314,-1.0237,-0.0271,-0.30,-0.04,-0.18,130426,126159,134051
37958008,-0.1400,-0.3500,-0.1575,-0.0317,-1.0246,-0.0268,-0.30,-0.04,-0.18,130446,126158,134037
37978516,0.0700,-0.3325,-0.2975,-0.0320,-1.0253,-0.0266,-0.30,-0.04,-0.18,130426,126140,134050
37998048,0.5775,-0.2100,-0.5075,-0.0322,-1.0258,-0.0262,-0.30,-0.04,-0.18,130414,126155,134051
38018552,0.7175,-0.2275,-0.6125,-0.0326,-1.0261,-0.0260,-0.30,-0.04,-0.18,130425,126135,134056
38038084,0.9100,-0.4375,-0.7350,-0.0329,-1.0263,-0.0255,-0.30,-0.04,-0.18,130434,126160,134039
38058592,0.5950,-0.4375,-0.8925,-0.0328,-1.0258,-0.0251,-0.30,-0.04,-0.18,130441,126158,134037
38078124,0.0525,-0.5425,-0.9450,-0.0327,-1.0254,-0.0249,-0.30,-0.04,-0.18,130433,126147,134041
38098632,-0.0875,-0.6650,-0.8225,-0.0326,-1.0252,-0.0245,-0.30,-0.04,-0.18,130432,126134,134045
38118164,-0.1575,-0.8225,-0.8400,-0.0323,-1.0248,-0.0244,-0.30,-0.04,-0.18,130432,126142,134045
38138672,-0.2275,-0.9100,-0.7700,-0.0322,-1.0241,-0.0242,-0.30,-0.04,-0.18,130445,126149,134035
38158204,0.1575,-0.9450,-0.7000,-0.0322,-1.0232,-0.0239,-0.30,-0.04,-0.18,130448,126147,134046
38178712,0.1400,-1.0500,-0.6125,-0.0323,-1.0228,-0.0242,-0.30,-0.04,-0.18,130438,126146,134039
38198240,-0.5950,-1.0500,-0.5600,-0.0323,-1.0224,-0.0245,-0.30,-0.04,-0.18,130429,126136,134052
38218752,-0.8575,-1.0500,-0.4725,-0.0323,-1.0222,-0.0249,-0.30,-0.04,-0.18,130432,126141,134046
38238280,-0.1750,-0.9975,-0.4200,-0.0321,-1.0222,-0.0250,-0.30,-0.04,-0.18,130442,126156,134034
38257812,0.2275,-1.0500,-0.4200,-0.0316,-1.0219,-0.0251,-0.30,-0.04,-0.18,130453,126152,134034
38278320,-0.1575,-0.9975,-0.3325,-0.0312,-1.0215,-0.0254,-0.30,-0.04,-0.18,130434,126149,134033
38297852,-0.6300,-0.9450,-0.3325,-0.0312,-1.0216,-0.0259,-0.30,-0.04,-0.18,130430,126150,134058
38318360,-0.8050,-0.9800,-0.2625,-0.0312,-1.0218,-0.0264,-0.30,-0.04,-0.18,130427,126149,134046
38337888,-0.5075,-0.9975,-0.3325,-0.0310,-1.0222,-0.0266,-0.30,-0.04,-0.18,130444,126160,134050
38358400,-0.0350,-0.8400,-0.4025,-0.0307,-1.0224,-0.0267,-0.30,-0.04,-0.18,130442,126164,134037
38377928,0.1750,-0.7875,-0.4375,-0.0309,-1.0226,-0.0271,-0.30,-0.04,-0.18,130442,126156,134044
38398436,0.1050,-0.7525,-0.4200,-0.0312,-1.0227,-0.0276,-0.30,-0.04,-0.18,130428,126156,134057
38428712,-0.0350,-0.8050,-0.4200,-0.0306,-1.0224,-0.0276,-0.30,-0.04,-0.18,130429,126151,134056
38448240,0.1050,-0.8050,-0.3850,-0.0305,-1.0226,-0.0277,-0.30,-0.04,-0.18,130438,126151,134054
38468752,0.1400,-0.7000,-0.3325,-0.0305,-1.0224,-0.0278,-0.30,-0.04,-0.18,130424,126149,134043
38488280,0.0875,-0.7525,-0.3325,-0.0300,-1.0221,-0.0278,-0.30,-0.04,-0.18,130441,126158,134044
38507812,0.2625,-0.7875,-0.2275,-0.0301,-1.0224,-0.0279,-0.30,-0.04,-0.18,130441,126165,134035
38528320,0.0875,-0.8575,-0.3150,-0.0300,-1.0224,-0.0281,-0.30,-0.04,-0.18,130435,126159,134051
38547852,-0.4200,-0.8750,-0.3500,-0.0300,-1.0224,-0.0281,-0.30,-0.04,-0.18,130426,126146,134058
38568360,-0.1400,-0.8050,-0.3675,-0.0300,-1.0226,-0.0281,-0.30,-0.04,-0.18,130434,126149,134046
38587888,0.0700,-0.8400,-0.3325,-0.0299,-1.0228,-0.0279,-0.30,-0.04,-0.18,130438,126167,134035
38608400,0.6125,-0.9450,-0.2975,-0.0300,-1.0233,-0.0275,-0.30,-0.04,-0.18,130444,126155,134048
38627928,0.6650,-1.0150,-0.2450,-0.0300,-1.0236,-0.0273,-0.30,-0.04,-0.18,130435,126155,134054
38648436,0.5250,-1.0500,-0.3675,-0.0300,-1.0236,-0.0271,-0.30,-0.04,-0.18,130429,126144,134052
38667968,0.3850,-1.1025,-0.3675,-0.0299,-1.0236,-0.0268,-0.30,-0.04,-0.18,130429,126158,134055
38688476,0.3500,-1.1900,-0.4025,-0.0295,-1.0236,-0.0267,-0.30,-0.04,-0.18,130441,126153,134064
38708008,-0.1575,-1.2075,-0.4200,-0.0293,-1.0237,-0.0268,-0.30,-0.04,-0.18,130444,126156,134047
38728516,-0.1225,-1.3300,-0.4375,-0.0290,-1.0241,-0.0271,-0.30,-0.04,-0.18,130432,126155,134043
38748048,-0.1400,-1.3300,-0.4200,-0.0290,-1.0241,-0.0275,-0.30,-0.04,-0.18,130432,126141,134064
38768552,-0.3325,-1.2775,-0.5075,-0.0293,-1.0241,-0.0278,-0.30,-0.04,-0.18,130428,126154,134063
38788084,0.1575,-1.2075,-0.5425,-0.0295,-1.0243,-0.0283,-0.30,-0.04,-0.18,130433,126146,134055
38808592,0.5250,-1.1200,-0.5075,-0.0298,-1.0247,-0.0288,-0.30,-0.04,-0.18,130436,126156,134050
38828124,0.5425,-1.0850,-0.5600,-0.0298,-1.0244,-0.0293,-0.30,-0.04,-0.18,130431,126148,134045
38848632,0.4375,-0.8400,-0.5425,-0.0298,-1.0239,-0.0300,-0.30,-0.04,-0.18,130423,126143,134046
38868164,0.4200,-0.7525,-0.5250,-0.0295,-1.0237,-0.0303,-0.30,-0.04,-0.18,130433,126153,134064
38888672,0.3675,-0.7525,-0.4200,-0.0293,-1.0232,-0.0305,-0.30,-0.04,-0.18,130444,126163,134046
38908204,0.4550,-0.7175,-0.3325,-0.0290,-1.0226,-0.0305,-0.30,-0.04,-0.18,130439,126156,134042
38928712,0.8575,-0.7000,-0.1925,-0.0290,-1.0221,-0.0305,-0.30,-0.04,-0.18,130436,126160,134052
38948240,0.8925,-0.5950,-0.0700,-0.0288,-1.0216,-0.0305,-0.30,-0.04,-0.18,130423,126150,134058
38968752,0.4900,-0.4900,0.2100,-0.0287,-1.0205,-0.0300,-0.30,-0.04,-0.18,130421,126141,134054
38988280,0.2625,-0.4550,0.3675,-0.0290,-1.0200,-0.0298,-0.30,-0.04,-0.18,130437,126150,134042
39007812,0.7000,-0.5250,0.4725,-0.0294,-1.0199,-0.0293,-0.30,-0.04,-0.18,130441,126155,134035
39028320,1.1725,-0.5950,0.6475,-0.0294,-1.0194,-0.0287,-0.30,-0.04,-0.18,130427,126159,134046
39047852,0.9625,-0.7175,0.7700,-0.0288,-1.0189,-0.0281,-0.30,-0.04,-0.18,130424,126150,134055
39068360,0.5425,-0.7350,1.1725,-0.0288,-1.0188,-0.0275,-0.30,-0.04,-0.18,130419,126149,134046
39087888,0.8925,-0.8925,1.3475,-0.0288,-1.0191,-0.0270,-0.30,-0.04,-0.18,130416,126152,134045
39108400,1.3475,-0.9800,1.3825,-0.0287,-1.0194,-0.0264,-0.30,-0.04,-0.18,130422,126165,134030
39127928,1.2600,-1.0150,1.3125,-0.0289,-1.0196,-0.0261,-0.30,-0.04,-0.18,130411,126171,134030
39148436,0.4375,-1.0675,1.1725,-0.0295,-1.0202,-0.0262,-0.30,-0.04,-0.18,130397,126149,134048
39167968,0.0875,-1.1375,0.9975,-0.0301,-1.0209,-0.0264,-0.30,-0.04,-0.18,130401,126151,134046
39188476,-0.0175,-1.0500,0.7350,-0.0312,-1.0230,-0.0265,-0.30,-0.04,-0.18,130399,126167,134022
39208008,0.1925,-1.0850,0.5775,-0.0322,-1.0244,-0.0266,-0.30,-0.04,-0.18,130409,126170,134031
39228516,0.7875,-0.9975,0.2625,-0.0328,-1.0255,-0.0266,-0.30,-0.04,-0.18,130390,126169,134030
39248048,0.9450,-0.9800,0.0350,-0.0333,-1.0265,-0.0267,-0.30,-0.04,-0.18,130384,126150,134045
39268552,0.9450,-0.9975,-0.2800,-0.0336,-1.0270,-0.0267,-0.30,-0.04,-0.18,130388,126153,134038
39288084,0.7875,-0.9275,-0.4200,-0.0334,-1.0272,-0.0266,-0.30,-0.04,-0.18,130395,126152,134047
39308592,0.4900,-0.9800,-0.5425,-0.0329,-1.0272,-0.0264,-0.30,-0.04,-0.18,130399,126161,134015
39328124,0.3150,-1.0150,-0.6650,-0.0331,-1.0270,-0.0264,-0.30,-0.04,-0.18,130396,126161,134033
39348632,-0.1925,-1.0675,-0.7875,-0.0333,-1.0263,-0.0261,-0.30,-0.04,-0.18,130385,126154,134037
39368164,-0.5950,-1.0500,-0.9275,-0.0338,-1.0257,-0.0264,-0.30,-0.04,-0.18,130389,126153,134043
39388672,-0.4725,-1.0500,-1.0150,-0.0345,-1.0254,-0.0265,-0.30,-0.04,-0.18,130402,126163,134035
39408204,-0.1925,-1.0850,-1.1025,-0.0354,-1.0252,-0.0267,-0.30,-0.04,-0.18,130409,126165,134025
39438476,-0.5775,-0.9975,-1.1550,-0.0360,-1.0242,-0.0271,-0.30,-0.04,-0.18,130405,126170,134018
39458008,-0.7175,-1.0150,-1.1550,-0.0360,-1.0237,-0.0272,-0.30,-0.04,-0.18,130419,126163,134033
39478516,-1.1025,-1.0675,-1.0675,-0.0359,-1.0230,-0.0272,-0.30,-0.04,-0.18,130411,126160,134029
39498048,-0.8925,-1.0150,-0.9975,-0.0357,-1.0222,-0.0273,-0.30,-0.04,-0.18,130411,126154,134044
39518552,-0.6650,-0.9975,-0.9800,-0.0354,-1.0215,-0.0273,-0.30,-0.04,-0.18,130406,126158,134039
39538084,-0.7350,-1.0325,-0.7875,-0.0351,-1.0207,-0.0276,-0.30,-0.04,-0.18,130409,126168,134042
39558592,-0.8925,-1.1025,-0.5950,-0.0350,-1.0200,-0.0278,-0.30,-0.04,-0.18,130421,126160,134044
39578124,-0.9450,-0.9625,-0.4025,-0.0350,-1.0199,-0.0281,-0.30,-0.04,-0.18,130417,126176,134037
39598632,-0.9450,-0.9450,-0.2625,-0.0354,-1.0199,-0.0285,-0.30,-0.04,-0.18,130404,126164,134065
39618164,-0.4375,-0.9450,-0.1575,-0.0355,-1.0200,-0.0287,-0.30,-0.04,-0.18,130405,126151,134056
39638672,0.0525,-0.9450,-0.1050,-0.0350,-1.0200,-0.0290,-0.30,-0.04,-0.18,130412,126159,134064
39658204,-0.2450,-0.8400,0.0525,-0.0344,-1.0204,-0.0290,-0.30,-0.04,-0.18,130414,126167,134059
39678712,0.0350,-0.8925,0.1400,-0.0342,-1.0208,-0.0293,-0.30,-0.04,-0.18,130401,126168,134060
39698240,0.4375,-0.9625,0.1400,-0.0342,-1.0211,-0.0294,-0.30,-0.04,-0.18,130394,126170,134063
39718752,0.3150,-0.9975,0.0525,-0.0342,-1.0213,-0.0293,-0.30,-0.04,-0.18,130400,126173,134056
39738280,-0.3850,-1.0850,-0.1050,-0.0342,-1.0214,-0.0294,-0.30,-0.04,-0.18,130401,126175,134066
39757812,-1.5050,-1.0675,-0.1925,-0.0342,-1.0216,-0.0296,-0.30,-0.04,-0.18,130413,126177,134061
39778320,-1.3300,-1.1725,-0.1925,-0.0342,-1.0226,-0.0295,-0.30,-0.04,-0.18,130399,126173,134059
39797852,-0.0875,-1.0850,-0.3150,-0.0344,-1.0233,-0.0292,-0.30,-0.04,-0.18,130396,126164,134073
39818360,0.4025,-1.1725,-0.3675,-0.0349,-1.0238,-0.0293,-0.30,-0.04,-0.18,130394,126169,134066
39837888,0.1925,-1.2950,-0.2975,-0.0356,-1.0243,-0.0294,-0.30,-0.04,-0.18,130399,126181,134059
39858400,0.0175,-1.2600,-0.4375,-0.0361,-1.0247,-0.0294,-0.30,-0.04,-0.18,130403,126188,134065
39877928,1.1025,-1.3125,-0.6300,-0.0355,-1.0246,-0.0292,-0.30,-0.04,-0.18,130403,126171,134072
39898436,1.4175,-1.4525,-0.6650,-0.0351,-1.0246,-0.0292,-0.30,-0.04,-0.18,130391,126166,134068
39917968,0.2800,-1.5225,-0.8050,-0.0349,-1.0244,-0.0296,-0.30,-0.04,-0.18,130389,126160,134083
39938476,-1.4000,-1.5400,-0.8925,-0.0343,-1.0244,-0.0304,-0.30,-0.04,-0.18,130401,126174,134073
39958008,-1.7675,-1.4350,-1.1025,-0.0339,-1.0250,-0.0311,-0.30,-0.04,-0.18,130412,126176,134063
39978516,-0.7175,-1.3300,-1.3475,-0.0337,-1.0263,-0.0317,-0.30,-0.04,-0.18,130402,126170,134068
39998048,0.2100,-1.0675,-1.8725,-0.0337,-1.0275,-0.0332,-0.30,-0.04,-0.18,130397,126159,134082
40018552,0.0175,-0.9100,-2.1175,-0.0340,-1.0281,-0.0345,-0.30,-0.04,-0.18,130409,126158,134063
40038084,-0.2975,-0.6825,-2.4675,-0.0342,-1.0288,-0.0356,-0.30,-0.04,-0.18,130419,126169,134066
40058592,-0.2100,-0.4900,-2.7300,-0.0343,-1.0296,-0.0364,-0.30,-0.04,-0.18,130431,126163,134067
40078124,0.0175,-0.3150,-2.9925,-0.0344,-1.0297,-0.0368,-0.30,-0.04,-0.18,130434,126156,134076
40098632,0.3325,-0.1750,-3.3600,-0.0342,-1.0294,-0.0370,-0.30,-0.04,-0.18,130427,126139,134085
40118164,0.5425,-0.0700,-3.4475,-0.0329,-1.0288,-0.0366,-0.30,-0.04,-0.18,130438,126152,134081
40138672,0.4025,-0.1750,-3.3775,-0.0320,-1.0280,-0.0364,-0.30,-0.04,-0.18,130455,126149,134067
40158204,0.0525,-0.1925,-3.2375,-0.0307,-1.0269,-0.0357,-0.30,-0.04,-0.18,130462,126143,134061
40178712,-0.6125,-0.3850,-2.9750,-0.0293,-1.0252,-0.0351,-0.30,-0.04,-0.18,130467,126136,134073
40198240,-1.0150,-0.4200,-2.7125,-0.0279,-1.0232,-0.0346,-0.30,-0.04,-0.18,130460,126135,134082
40218752,-0.2450,-0.6475,-1.9950,-0.0268,-1.0209,-0.0342,-0.30,-0.04,-0.18,130466,126127,134077
40238280,-0.2100,-0.7350,-1.5400,-0.0259,-1.0188,-0.0339,-0.30,-0.04,-0.18,130472,126139,134093
40257812,-0.7700,-0.7350,-1.0325,-0.0246,-1.0169,-0.0338,-0.30,-0.04,-0.18,130486,126134,134081
40278320,-1.2950,-0.7175,-0.6125,-0.0242,-1.0155,-0.0340,-0.30,-0.04,-0.18,130478,126137,134090
40297852,-1.2600,-0.6125,-0.1400,-0.0239,-1.0146,-0.0343,-0.30,-0.04,-0.18,130471,126132,134099
40318360,-0.5250,-0.5600,0.2450,-0.0237,-1.0142,-0.0346,-0.30,-0.04,-0.18,130466,126130,134099
40337888,0.4550,-0.4550,0.5250,-0.0237,-1.0143,-0.0351,-0.30,-0.04,-0.18,130476,126151,134093
40358400,0.4900,-0.3325,0.5950,-0.0237,-1.0147,-0.0355,-0.30,-0.04,-0.18,130477,126153,134093
40377928,0.1750,-0.2800,0.6300,-0.0235,-1.0155,-0.0360,-0.30,-0.04,-0.18,130469,126147,134093
40398436,-0.0700,-0.2100,0.6825,-0.0234,-1.0169,-0.0364,-0.30,-0.04,-0.18,130453,126136,134102
40417968,0.3150,-0.1400,0.6825,-0.0231,-1.0185,-0.0364,-0.30,-0.04,-0.18,130451,126148,134097
40448240,1.1025,-0.1225,0.2975,-0.0231,-1.0218,-0.0357,-0.30,-0.04,-0.18,130453,126142,134097
40468752,1.1550,-0.1225,0.0000,-0.0231,-1.0232,-0.0354,-0.30,-0.04,-0.18,130453,126142,134097
40488280,0.8925,-0.2450,-0.4025,-0.0224,-1.0241,-0.0348,-0.30,-0.04,-0.18,130463,126147,134093
40507812,0.3500,-0.3675,-0.6125,-0.0216,-1.0247,-0.0343,-0.30,-0.04,-0.18,130468,126160,134091
40528320,0.4025,-0.5600,-0.7000,-0.0205,-1.0252,-0.0340,-0.30,-0.04,-0.18,130468,126140,134086
40547852,0.4375,-0.7700,-0.5950,-0.0199,-1.0258,-0.0340,-0.30,-0.04,-0.18,130456,126137,134101
40568360,-0.3850,-0.7525,-0.6125,-0.0193,-1.0250,-0.0342,-0.30,-0.04,-0.19,130462,126137,134111
40587888,-0.1925,-0.7875,-0.7000,-0.0193,-1.0248,-0.0344,-0.30,-0.04,-0.18,130463,126144,134099
40608400,0.4900,-0.8750,-0.7700,-0.0196,-1.0249,-0.0349,-0.30,-0.04,-0.18,130465,126146,134094
40627928,0.4900,-0.8400,-0.7525,-0.0195,-1.0247,-0.0354,-0.30,-0.04,-0.19,130463,126140,134110
40648436,-0.0525,-0.7525,-0.7350,-0.0193,-1.0241,-0.0361,-0.30,-0.04,-0.19,130453,126138,134107
40667968,-0.2275,-0.7175,-0.6650,-0.0192,-1.0238,-0.0368,-0.30,-0.04,-0.19,130461,126134,134104
40688476,-0.5600,-0.6475,-0.7175,-0.0184,-1.0230,-0.0378,-0.30,-0.04,-0.18,130464,126147,134103
40708008,-0.2975,-0.5600,-0.7175,-0.0181,-1.0227,-0.0383,-0.30,-0.04,-0.18,130478,126154,134102
40728516,0.0700,-0.4025,-0.6300,-0.0179,-1.0227,-0.0390,-0.30,-0.04,-0.18,130471,126146,134102
40748048,-0.0350,-0.3150,-0.5950,-0.0177,-1.0226,-0.0398,-0.30,-0.04,-0.19,130461,126132,134110
40768552,-0.1400,-0.0700,-0.6825,-0.0173,-1.0225,-0.0403,-0.30,-0.04,-0.19,130468,126142,134107
40788084,-0.6650,0.0175,-0.7350,-0.0173,-1.0226,-0.0407,-0.30,-0.04,-0.19,130480,126144,134107
40808592,-0.3500,0.3500,-0.8400,-0.0173,-1.0227,-0.0410,-0.30,-0.04,-0.19,130480,126157,134111
40828124,0.5600,0.3500,-0.8575,-0.0173,-1.0228,-0.0407,-0.30,-0.04,-0.18,130482,126152,134102
40848632,1.0850,0.3325,-0.8400,-0.0168,-1.0225,-0.0405,-0.30,-0.04,-0.19,130470,126135,134114
40868164,0.5600,0.2275,-0.7175,-0.0162,-1.0220,-0.0401,-0.30,-0.04,-0.19,130475,126142,134120
40888672,0.8925,0.1750,-0.4900,-0.0157,-1.0216,-0.0395,-0.30,-0.04,-0.18,130484,126140,134099
40908204,1.4700,0.0000,0.0175,-0.0151,-1.0207,-0.0386,-0.30,-0.04,-0.19,130483,126148,134112
40928712,1.3650,-0.2100,0.2975,-0.0150,-1.0200,-0.0379,-0.30,-0.04,-0.18,130478,126145,134090
40948240,0.6300,-0.4900,0.5075,-0.0153,-1.0194,-0.0376,-0.30,-0.04,-0.19,130475,126125,134108
40968752,-0.5600,-0.6125,0.6125,-0.0156,-1.0187,-0.0372,-0.30,-0.04,-0.18,130469,126132,134102
40988280,-0.8575,-0.6825,0.7000,-0.0159,-1.0186,-0.0371,-0.30,-0.04,-0.19,130476,126146,134110
41007812,-0.8050,-0.7175,0.7875,-0.0163,-1.0188,-0.0368,-0.30,-0.04,-0.18,130484,126162,134094
41028320,0.0000,-0.7525,0.9975,-0.0176,-1.0193,-0.0370,-0.30,-0.04,-0.19,130473,126151,134111
41047852,0.4900,-0.5600,0.9625,-0.0184,-1.0196,-0.0373,-0.30,-0.04,-0.19,130458,126152,134117
41068360,0.6125,-0.4725,1.0500,-0.0192,-1.0197,-0.0376,-0.30,-0.04,-0.18,130464,126153,134103
41087888,0.8050,-0.3500,1.0500,-0.0199,-1.0202,-0.0377,-0.30,-0.04,-0.18,130462,126160,134094
41108400,0.8400,-0.3500,1.1025,-0.0205,-1.0204,-0.0381,-0.30,-0.04,-0.18,130470,126171,134095
41127928,0.4550,-0.2100,0.9975,-0.0211,-1.0209,-0.0383,-0.30,-0.04,-0.19,130462,126164,134104
41148436,0.9100,-0.0525,1.0325,-0.0223,-1.0221,-0.0383,-0.30,-0.04,-0.19,130451,126164,134125
41167968,1.6100,0.0000,0.9100,-0.0228,-1.0228,-0.0379,-0.30,-0.04,-0.19,130445,126158,134109
41188476,2.1875,0.0350,0.8050,-0.0234,-1.0236,-0.0376,-0.30,-0.04,-0.18,130459,126168,134091
41208008,1.9950,-0.0175,0.6475,-0.0239,-1.0243,-0.0371,-0.30,-0.04,-0.18,130453,126162,134091
41228516,1.4700,-0.1225,0.4375,-0.0242,-1.0246,-0.0365,-0.30,-0.04,-0.19,130450,126167,134108
41248048,0.9275,-0.2275,0.3325,-0.0242,-1.0248,-0.0356,-0.30,-0.04,-0.18,130441,126148,134097
41268552,0.8575,-0.4900,0.2100,-0.0243,-1.0250,-0.0343,-0.30,-0.04,-0.19,130441,126153,134108
41288084,0.3150,-0.5600,0.0350,-0.0243,-1.0248,-0.0334,-0.30,-0.04,-0.18,130451,126177,134098
41308592,-0.1050,-0.7525,-0.0175,-0.0246,-1.0246,-0.0327,-0.30,-0.04,-0.18,130457,126173,134095
41328124,-0.1750,-0.8050,-0.1750,-0.0256,-1.0246,-0.0322,-0.30,-0.04,-0.18,130446,126171,134100
41348632,-0.3150,-0.8925,-0.2275,-0.0265,-1.0246,-0.0320,-0.30,-0.04,-0.19,130439,126158,134107
41368164,0.4025,-0.9625,-0.3500,-0.0268,-1.0246,-0.0315,-0.30,-0.04,-0.18,130438,126156,134102
41388672,0.4200,-0.9100,-0.2975,-0.0273,-1.0243,-0.0314,-0.30,-0.04,-0.19,130447,126156,134104
41408204,0.0525,-0.9975,-0.3325,-0.0275,-1.0238,-0.0312,-0.30,-0.04,-0.18,130453,126162,134094
41428712,0.4550,-1.0325,-0.2975,-0.0275,-1.0235,-0.0311,-0.30,-0.04,-0.18,130448,126154,134094
41458984,0.5250,-1.1550,-0.2625,-0.0268,-1.0228,-0.0312,-0.30,-0.04,-0.18,130459,126177,134082
41479492,-0.7875,-1.2250,-0.1575,-0.0271,-1.0224,-0.0322,-0.30,-0.04,-0.18,130446,126156,134097
41499024,-1.0500,-1.1550,-0.1925,-0.0272,-1.0220,-0.0329,-0.30,-0.04,-0.19,130436,126163,134106
41519532,-0.2100,-1.1725,-0.1575,-0.0272,-1.0221,-0.0336,-0.30,-0.04,-0.18,130439,126174,134089
41539064,0.2450,-1.0500,-0.2100,-0.0273,-1.0224,-0.0344,-0.30,-0.04,-0.18,130449,126165,134085
41559568,-0.3500,-0.9100,-0.1575,-0.0276,-1.0224,-0.0355,-0.30,-0.04,-0.18,130447,126173,134090
41579100,-0.9625,-0.8925,-0.3150,-0.0276,-1.0224,-0.0364,-0.30,-0.04,-0.18,130442,126171,134103
41599608,-0.6825,-0.6475,-0.3325,-0.0278,-1.0230,-0.0376,-0.30,-0.04,-0.18,130435,126155,134098
41619140,0.0875,-0.5250,-0.4025,-0.0282,-1.0235,-0.0379,-0.30,-0.04,-0.19,130436,126169,134116
41639648,0.4025,-0.4900,-0.4025,-0.0285,-1.0237,-0.0383,-0.30,-0.04,-0.19,130451,126177,134111
41659180,0.4900,-0.2975,-0.4550,-0.0285,-1.0237,-0.0386,-0.30,-0.04,-0.19,130457,126180,134107
41679688,0.7000,-0.3325,-0.4550,-0.0284,-1.0237,-0.0386,-0.30,-0.04,-0.19,130439,126164,134115
41699216,0.9100,-0.2275,-0.3850,-0.0283,-1.0235,-0.0384,-0.30,-0.04,-0.19,130440,126163,134111
41719728,0.5950,-0.3500,-0.4375,-0.0281,-1.0228,-0.0381,-0.30,-0.04,-0.19,130444,126162,134109
41739256,0.2100,-0.2975,-0.4025,-0.0279,-1.0226,-0.0378,-0.30,-0.04,-0.18,130453,126176,134091
41758788,-0.1750,-0.3850,-0.4200,-0.0279,-1.0226,-0.0375,-0.30,-0.04,-0.18,130452,126181,134098
41779296,0.2275,-0.4375,-0.3500,-0.0279,-1.0228,-0.0370,-0.30,-0.04,-0.19,130449,126174,134104
41798828,0.7525,-0.5775,-0.3325,-0.0281,-1.0231,-0.0365,-0.30,-0.04,-0.18,130438,126156,134099
41819336,0.6125,-0.7000,-0.4375,-0.0278,-1.0228,-0.0359,-0.30,-0.04,-0.19,130443,126161,134106
41838868,0.1750,-0.9100,-0.2975,-0.0276,-1.0227,-0.0356,-0.30,-0.04,-0.18,130448,126183,134087
41859376,0.2625,-0.8750,-0.2800,-0.0276,-1.0227,-0.0354,-0.30,-0.04,-0.18,130455,126181,134098
41878904,0.4025,-0.9800,-0.2100,-0.0272,-1.0230,-0.0353,-0.30,-0.04,-0.18,130451,126161,134100
41899416,0.1400,-1.1025,-0.1750,-0.0273,-1.0231,-0.0353,-0.30,-0.04,-0.19,130428,126161,134106
41918944,-0.2625,-1.0850,-0.3150,-0.0275,-1.0232,-0.0354,-0.30,-0.04,-0.18,130440,126158,134102
41939452,0.1925,-0.9975,-0.4375,-0.0276,-1.0241,-0.0357,-0.30,-0.04,-0.18,130445,126174,134099
41958984,0.6475,-0.9275,-0.5600,-0.0276,-1.0248,-0.0360,-0.30,-0.04,-0.18,130456,126175,134095
41979492,0.9450,-0.8400,-0.6125,-0.0275,-1.0254,-0.0365,-0.30,-0.04,-0.18,130453,126166,134102
41999024,0.4550,-0.6825,-0.7525,-0.0272,-1.0255,-0.0370,-0.30,-0.04,-0.18,130442,126158,134099
42019532,0.9275,-0.6650,-0.8050,-0.0268,-1.0259,-0.0372,-0.30,-0.04,-0.18,130447,126161,134103
42039064,1.2600,-0.5600,-0.8750,-0.0266,-1.0259,-0.0373,-0.30,-0.04,-0.18,130455,126161,134095
42059568,1.0675,-0.4550,-0.9450,-0.0256,-1.0253,-0.0377,-0.30,-0.04,-0.18,130458,126163,134090
42079100,0.6650,-0.4025,-0.9275,-0.0257,-1.0250,-0.0378,-0.30,-0.04,-0.18,130455,126167,134095
42099608,0.4375,-0.3150,-0.8750,-0.0259,-1.0247,-0.0382,-0.30,-0.04,-0.18,130451,126152,134091
42119140,0.5775,-0.1750,-0.9975,-0.0259,-1.0242,-0.0382,-0.30,-0.04,-0.19,130457,126152,134107
42139648,1.3125,-0.1400,-0.9275,-0.0256,-1.0237,-0.0379,-0.30,-0.04,-0.18,130468,126157,134090
42159180,1.7675,-0.1050,-0.8575,-0.0256,-1.0231,-0.0377,-0.30,-0.04,-0.18,130473,126157,134087
42179688,1.0325,-0.0875,-0.7000,-0.0255,-1.0219,-0.0376,-0.30,-0.04,-0.18,130460,126151,134082
42199216,0.0700,-0.0175,-0.6650,-0.0253,-1.0211,-0.0373,-0.30,-0.04,-0.18,130456,126138,134097
42219728,0.1050,0.0350,-0.4200,-0.0253,-1.0211,-0.0367,-0.30,-0.04,-0.18,130461,126146,134102
42239256,1.1550,-0.0175,-0.3325,-0.0254,-1.0214,-0.0361,-0.30,-0.04,-0.18,130466,126149,134087
42258788,1.7150,0.0175,-0.1750,-0.0255,-1.0214,-0.0354,-0.30,-0.04,-0.18,130472,126159,134087
42279296,1.4525,-0.0350,-0.1750,-0.0259,-1.0210,-0.0345,-0.30,-0.04,-0.18,130462,126145,134085
42298828,1.2425,-0.1400,-0.1050,-0.0256,-1.0207,-0.0338,-0.30,-0.04,-0.18,130462,126141,134088
42319336,0.7875,-0.1925,-0.1225,-0.0251,-1.0205,-0.0331,-0.30,-0.04,-0.18,130457,126142,134084
42338868,0.7875,-0.2625,-0.0700,-0.0249,-1.0209,-0.0323,-0.30,-0.04,-0.18,130470,126155,134074
42359376,0.3500,-0.4200,-0.0700,-0.0249,-1.0214,-0.0317,-0.30,-0.04,-0.18,130481,126161,134085
42378904,-0.0175,-0.5075,-0.1750,-0.0249,-1.0216,-0.0312,-0.30,-0.04,-0.18,130467,126153,134087
42399416,0.5075,-0.6125,-0.3850,-0.0251,-1.0226,-0.0303,-0.30,-0.04,-0.18,130460,126145,134090
42418944,0.8750,-0.7350,-0.4550,-0.0251,-1.0232,-0.0296,-0.30,-0.04,-0.18,130465,126141,134093
42439452,0.6825,-0.8400,-0.4550,-0.0251,-1.0237,-0.0294,-0.30,-0.04,-0.18,130474,126156,134076
42469728,0.2275,-0.9625,-0.6475,-0.0249,-1.0244,-0.0292,-0.30,-0.04,-0.18,130464,126140,134084
42489256,0.0175,-1.1200,-0.7700,-0.0246,-1.0249,-0.0289,-0.30,-0.04,-0.18,130476,126149,134085
42508788,-0.1050,-1.2425,-0.9625,-0.0245,-1.0252,-0.0288,-0.30,-0.04,-0.18,130477,126151,134080
42529296,-0.2975,-1.2775,-1.1375,-0.0242,-1.0252,-0.0290,-0.30,-0.04,-0.18,130474,126136,134091
42548828,0.0175,-1.2250,-1.1900,-0.0243,-1.0255,-0.0293,-0.30,-0.04,-0.18,130468,126131,134082
42569336,0.3675,-1.2775,-1.1550,-0.0240,-1.0255,-0.0298,-0.30,-0.04,-0.18,130479,126142,134084
42588868,0.0525,-1.2250,-1.1200,-0.0238,-1.0252,-0.0301,-0.30,-0.04,-0.18,130482,126140,134084
42609376,-0.1225,-1.1900,-1.0850,-0.0238,-1.0247,-0.0305,-0.30,-0.04,-0.18,130485,126142,134081
42628904,0.8925,-1.1025,-0.9450,-0.0239,-1.0241,-0.0307,-0.30,-0.04,-0.18,130474,126133,134085
42649416,1.1375,-1.0675,-0.9275,-0.0237,-1.0233,-0.0309,-0.30,-0.04,-0.18,130476,126115,134080
42668944,0.5425,-1.0150,-0.7875,-0.0229,-1.0226,-0.0311,-0.30,-0.04,-0.18,130477,126124,134081
42689452,0.7000,-0.9800,-0.6475,-0.0229,-1.0224,-0.0312,-0.30,-0.04,-0.18,130494,126132,134060
42708984,1.0500,-0.9800,-0.4725,-0.0227,-1.0219,-0.0315,-0.30,-0.04,-0.18,130490,126141,134072
42729492,1.1025,-1.0325,-0.3150,-0.0224,-1.0214,-0.0315,-0.30,-0.04,-0.18,130482,126133,134067
42749024,0.7700,-1.0325,-0.2275,-0.0220,-1.0205,-0.0315,-0.30,-0.04,-0.18,130474,126114,134081
42769532,0.1575,-1.1375,-0.3325,-0.0215,-1.0199,-0.0315,-0.30,-0.04,-0.18,130485,126118,134089
42789064,-0.6825,-1.1725,-0.3150,-0.0212,-1.0198,-0.0316,-0.30,-0.04,-0.18,130484,126128,134081
42809568,-0.9975,-1.2075,-0.2275,-0.0210,-1.0202,-0.0317,-0.30,-0.04,-0.18,130488,126139,134082
42829100,-0.4200,-1.1725,-0.1225,-0.0212,-1.0210,-0.0318,-0.30,-0.04,-0.18,130473,126131,134064
42849608,1.0325,-1.0675,-0.0700,-0.0215,-1.0219,-0.0320,-0.30,-0.04,-0.18,130479,126123,134072
42869140,1.1025,-0.9625,-0.1575,-0.0215,-1.0221,-0.0322,-0.30,-0.04,-0.18,130470,126116,134086
42889648,1.0675,-0.9100,-0.1750,-0.0214,-1.0224,-0.0325,-0.30,-0.04,-0.18,130485,126134,134068
42909180,0.8050,-0.9450,-0.2450,-0.0209,-1.0225,-0.0326,-0.30,-0.04,-0.18,130487,126141,134069
42929688,0.4550,-0.9450,-0.2450,-0.0205,-1.0225,-0.0327,-0.30,-0.04,-0.18,130479,126130,134084
42949216,0.1050,-0.8925,-0.3150,-0.0200,-1.0226,-0.0328,-0.30,-0.04,-0.18,130472,126122,134097
42969728,-0.5075,-0.8575,-0.4375,-0.0196,-1.0227,-0.0332,-0.30,-0.04,-0.18,130476,126125,134082
42989256,-0.5075,-0.7000,-0.6300,-0.0198,-1.0230,-0.0336,-0.30,-0.04,-0.18,130485,126127,134077
43008788,0.0350,-0.5950,-0.6650,-0.0198,-1.0232,-0.0339,-0.30,-0.04,-0.18,130485,126136,134084
43029296,0.6125,-0.4550,-0.7350,-0.0200,-1.0233,-0.0344,-0.30,-0.04,-0.18,130481,126119,134088
43048828,0.2625,-0.4375,-0.6300,-0.0206,-1.0231,-0.0350,-0.30,-0.04,-0.18,130482,126116,134097
43069336,-0.2275,-0.1925,-0.5775,-0.0205,-1.0224,-0.0355,-0.30,-0.04,-0.18,130483,126128,134092
43088868,0.7525,-0.0350,-0.4200,-0.0205,-1.0219,-0.0355,-0.30,-0.04,-0.18,130486,126133,134082
43109376,0.9450,-0.0525,-0.2800,-0.0203,-1.0213,-0.0354,-0.30,-0.04,-0.18,130490,126134,134084
43128904,0.3500,0.0525,-0.1575,-0.0200,-1.0202,-0.0354,-0.30,-0.04,-0.18,130481,126131,134095
43149416,0.0700,0.0525,-0.0525,-0.0203,-1.0199,-0.0351,-0.30,-0.04,-0.18,130473,126128,134079
43168944,0.5425,0.1400,0.1050,-0.0205,-1.0203,-0.0349,-0.30,-0.04,-0.18,130488,126127,134095
43189452,0.7700,0.1575,0.1925,-0.0206,-1.0204,-0.0345,-0.30,-0.04,-0.18,130488,126128,134073
43208984,0.4200,0.2100,0.1925,-0.0210,-1.0209,-0.0339,-0.30,-0.04,-0.18,130491,126145,134069
43229492,0.9625,0.1225,0.1925,-0.0214,-1.0214,-0.0332,-0.30,-0.04,-0.18,130483,126139,134090
43249024,1.1725,0.0525,0.1050,-0.0215,-1.0216,-0.0327,-0.30,-0.04,-0.19,130473,126127,134108
43269532,0.4375,0.0175,0.0350,-0.0212,-1.0218,-0.0322,-0.30,-0.04,-0.18,130482,126130,134094
43289064,-0.1225,-0.0875,0.0175,-0.0214,-1.0222,-0.0317,-0.30,-0.04,-0.18,130487,126148,134078
43309568,0.5950,-0.1925,-0.0175,-0.0216,-1.0232,-0.0307,-0.30,-0.04,-0.18,130486,126138,134091
43329100,0.9625,-0.3675,-0.1050,-0.0217,-1.0238,-0.0304,-0.30,-0.04,-0.18,130481,126129,134080
43349608,0.9625,-0.4200,-0.1400,-0.0222,-1.0243,-0.0301,-0.30,-0.04,-0.18,130479,126125,134090
43369140,0.5425,-0.5775,-0.3325,-0.0226,-1.0246,-0.0300,-0.30,-0.04,-0.18,130483,126133,134082
43389648,-0.0350,-0.6125,-0.5775,-0.0226,-1.0246,-0.0296,-0.30,-0.04,-0.18,130490,126151,134077
43409180,0.0000,-0.7525,-0.6125,-0.0224,-1.0250,-0.0293,-0.30,-0.04,-0.18,130495,126140,134084
43429688,0.4375,-0.8225,-0.7000,-0.0227,-1.0257,-0.0288,-0.30,-0.04,-0.18,130484,126130,134089
43449216,0.7875,-0.8925,-0.6825,-0.0229,-1.0258,-0.0285,-0.30,-0.04,-0.18,130479,126117,134096
43479492,0.8750,-1.0500,-0.8400,-0.0233,-1.0254,-0.0283,-0.30,-0.04,-0.18,130488,126127,134082
43499024,0.8750,-1.0675,-0.8225,-0.0233,-1.0249,-0.0278,-0.30,-0.04,-0.18,130485,126118,134079
43519532,0.8750,-1.1025,-0.7525,-0.0231,-1.0243,-0.0278,-0.30,-0.04,-0.18,130488,126121,134082
43539064,0.3500,-1.1900,-0.7000,-0.0227,-1.0238,-0.0277,-0.30,-0.04,-0.18,130494,126125,134080
43559568,0.0350,-1.2950,-0.6125,-0.0224,-1.0228,-0.0276,-0.30,-0.03,-0.18,130504,126131,134069
43579100,-0.1225,-1.3825,-0.5775,-0.0227,-1.0225,-0.0276,-0.30,-0.04,-0.18,130491,126127,134088
43599608,-0.1750,-1.4525,-0.4900,-0.0229,-1.0221,-0.0276,-0.30,-0.04,-0.18,130476,126124,134089
43619140,0.2100,-1.5225,-0.4550,-0.0231,-1.0222,-0.0278,-0.30,-0.04,-0.18,130490,126122,134073
43639648,0.4200,-1.4700,-0.4375,-0.0229,-1.0222,-0.0281,-0.30,-0.04,-0.18,130492,126122,134073
43659180,0.0700,-1.5050,-0.4550,-0.0229,-1.0226,-0.0287,-0.30,-0.04,-0.18,130492,126139,134067
43679688,-0.2450,-1.4350,-0.4725,-0.0227,-1.0226,-0.0290,-0.30,-0.04,-0.18,130484,126134,134078
43699216,-0.3150,-1.4350,-0.5775,-0.0224,-1.0227,-0.0293,-0.30,-0.04,-0.18,130483,126134,134073
43719728,-0.1925,-1.4525,-0.7000,-0.0221,-1.0231,-0.0295,-0.30,-0.04,-0.18,130482,126111,134075
43739256,-0.1925,-1.4525,-0.8050,-0.0217,-1.0236,-0.0299,-0.30,-0.04,-0.18,130493,126131,134062
43758788,-0.3850,-1.3475,-0.9100,-0.0214,-1.0238,-0.0301,-0.30,-0.04,-0.18,130496,126128,134073
43779296,-0.2100,-1.2775,-0.9625,-0.0210,-1.0244,-0.0305,-0.30,-0.04,-0.18,130488,126124,134073
43798828,-0.4900,-1.2600,-1.0850,-0.0206,-1.0247,-0.0307,-0.30,-0.04,-0.18,130479,126113,134070
43819336,-0.6650,-1.1200,-1.1200,-0.0204,-1.0248,-0.0309,-0.30,-0.04,-0.18,130487,126116,134081
43838868,-0.3150,-1.0150,-1.2075,-0.0203,-1.0250,-0.0307,-0.30,-0.03,-0.18,130499,126131,134080
43859376,0.1050,-1.0850,-1.2950,-0.0198,-1.0248,-0.0307,-0.30,-0.03,-0.18,130499,126137,134067
43878904,0.3150,-1.0850,-1.2250,-0.0192,-1.0246,-0.0306,-0.30,-0.04,-0.18,130494,126119,134072
43899416,-0.0700,-0.9975,-1.1200,-0.0190,-1.0241,-0.0306,-0.30,-0.04,-0.18,130484,126108,134092
43918944,0.1225,-1.0500,-1.0325,-0.0190,-1.0237,-0.0306,-0.30,-0.04,-0.18,130485,126106,134081
43939452,0.0700,-1.0850,-0.9975,-0.0187,-1.0232,-0.0305,-0.30,-0.03,-0.18,130505,126128,134060
43958984,-0.2450,-1.0500,-0.9275,-0.0183,-1.0226,-0.0305,-0.30,-0.03,-0.18,130506,126132,134071
43979492,-0.4200,-1.1200,-0.8400,-0.0178,-1.0221,-0.0304,-0.30,-0.03,-0.18,130503,126121,134090
43999024,-0.4900,-1.2250,-0.7175,-0.0173,-1.0216,-0.0305,-0.30,-0.04,-0.18,130495,126119,134090
44019532,-0.8575,-1.2075,-0.5250,-0.0171,-1.0209,-0.0306,-0.30,-0.04,-0.18,130493,126113,134083
44039064,-0.7875,-1.0850,-0.4550,-0.0173,-1.0208,-0.0309,-0.30,-0.03,-0.18,130500,126123,134090
44059568,-0.5775,-1.0675,-0.2625,-0.0176,-1.0209,-0.0311,-0.30,-0.03,-0.18,130507,126136,134089
44079100,0.1050,-1.1025,-0.1925,-0.0176,-1.0209,-0.0312,-0.30,-0.04,-0.18,130496,126127,134082
44099608,0.6475,-1.0675,-0.1225,-0.0178,-1.0214,-0.0315,-0.30,-0.04,-0.18,130486,126117,134085
44119140,-0.3325,-0.9100,-0.2100,-0.0176,-1.0211,-0.0320,-0.30,-0.04,-0.18,130496,126125,134077
44139648,-0.2275,-1.0150,-0.2100,-0.0172,-1.0211,-0.0318,-0.30,-0.04,-0.18,130497,126124,134081
44159180,0.7700,-1.1200,-0.1400,-0.0167,-1.0219,-0.0317,-0.30,-0.03,-0.18,130504,126132,134081
44179688,0.5950,-1.1375,-0.1750,-0.0162,-1.0220,-0.0318,-0.30,-0.04,-0.19,130494,126132,134104
44199216,-0.5600,-1.1900,-0.2450,-0.0159,-1.0220,-0.0320,-0.30,-0.04,-0.18,130489,126113,134098
44219728,-0.9625,-1.2775,-0.2975,-0.0157,-1.0226,-0.0321,-0.30,-0.04,-0.18,130488,126123,134085
44239256,-0.1050,-1.3125,-0.3500,-0.0161,-1.0236,-0.0325,-0.30,-0.04,-0.18,130493,126123,134085
44258788,0.0175,-1.2425,-0.4725,-0.0163,-1.0241,-0.0327,-0.30,-0.03,-0.18,130501,126134,134084
44279296,-0.3150,-1.2425,-0.6125,-0.0162,-1.0241,-0.0332,-0.30,-0.04,-0.18,130491,126117,134090
44298828,-0.2975,-1.2425,-0.6125,-0.0162,-1.0242,-0.0334,-0.30,-0.04,-0.18,130488,126123,134101
44319336,-0.1225,-1.2250,-0.6300,-0.0160,-1.0241,-0.0337,-0.30,-0.04,-0.18,130488,126119,134088
44338868,-0.2975,-1.1900,-0.6825,-0.0156,-1.0237,-0.0340,-0.30,-0.04,-0.18,130492,126137,134069
44359376,-0.7700,-1.2075,-0.6125,-0.0154,-1.0233,-0.0348,-0.30,-0.03,-0.18,130503,126141,134090
44378904,-1.2600,-1.1725,-0.5600,-0.0153,-1.0230,-0.0354,-0.30,-0.03,-0.18,130500,126133,134098
44399416,-0.6825,-0.9800,-0.5250,-0.0151,-1.0228,-0.0357,-0.30,-0.04,-0.19,130489,126116,134110
44418944,-0.3150,-0.9450,-0.4550,-0.0154,-1.0227,-0.0365,-0.30,-0.04,-0.18,130482,126128,134102
44439452,-0.5425,-0.8050,-0.4025,-0.0155,-1.0220,-0.0371,-0.30,-0.04,-0.18,130496,126133,134085
44458984,-0.3850,-0.7350,-0.2975,-0.0159,-1.0216,-0.0376,-0.30,-0.03,-0.19,130500,126135,134108
44489256,0.0525,-0.5250,0.0175,-0.0156,-1.0205,-0.0383,-0.30,-0.04,-0.18,130493,126123,134093
44508788,0.3150,-0.4900,0.2275,-0.0159,-1.0202,-0.0386,-0.30,-0.03,-0.19,130501,126128,134107
44529296,0.2975,-0.4725,0.4200,-0.0159,-1.0197,-0.0386,-0.30,-0.04,-0.18,130483,126133,134101
44548828,0.7350,-0.3150,0.5250,-0.0159,-1.0197,-0.0386,-0.30,-0.04,-0.19,130480,126111,134106
44569336,0.7000,-0.3675,0.8225,-0.0159,-1.0197,-0.0386,-0.30,-0.04,-0.19,130483,126122,134107
44588868,0.1925,-0.3675,0.7875,-0.0156,-1.0194,-0.0384,-0.30,-0.04,-0.19,130483,126135,134108
44609376,0.3325,-0.4375,0.8225,-0.0160,-1.0203,-0.0383,-0.30,-0.04,-0.19,130493,126136,134104
44628904,0.1225,-0.5075,0.7175,-0.0163,-1.0208,-0.0382,-0.30,-0.04,-0.19,130487,126131,134111
44649416,-0.2975,-0.4725,0.5950,-0.0165,-1.0215,-0.0381,-0.30,-0.04,-0.18,130472,126124,134097
44668944,0.2800,-0.4200,0.6125,-0.0168,-1.0226,-0.0377,-0.30,-0.04,-0.18,130465,126128,134099
44689452,1.3650,-0.5250,0.4725,-0.0173,-1.0239,-0.0371,-0.30,-0.04,-0.18,130479,126141,134095
44708984,1.0325,-0.5425,0.2100,-0.0176,-1.0246,-0.0368,-0.30,-0.04,-0.18,130484,126152,134091
44729492,0.1225,-0.5075,0.0700,-0.0177,-1.0248,-0.0366,-0.30,-0.04,-0.18,130477,126143,134101
44749024,0.0000,-0.6475,-0.0875,-0.0177,-1.0253,-0.0365,-0.30,-0.04,-0.19,130467,126134,134107
44769532,0.6650,-0.6475,-0.1750,-0.0177,-1.0260,-0.0362,-0.30,-0.04,-0.18,130466,126125,134098
44789064,0.8925,-0.7700,-0.2800,-0.0178,-1.0263,-0.0361,-0.30,-0.04,-0.18,130481,126137,134085
44809568,0.0175,-0.7350,-0.5250,-0.0182,-1.0260,-0.0364,-0.30,-0.04,-0.18,130479,126147,134090
44829100,0.3325,-0.7875,-0.6125,-0.0187,-1.0263,-0.0366,-0.30,-0.04,-0.18,130484,126130,134097
44849608,0.9275,-0.8225,-0.6300,-0.0189,-1.0261,-0.0367,-0.30,-0.04,-0.19,130471,126130,134107
44869140,0.5425,-0.7175,-0.6475,-0.0192,-1.0257,-0.0371,-0.30,-0.04,-0.18,130471,126130,134097
44889648,0.2275,-0.7000,-0.5950,-0.0190,-1.0250,-0.0373,-0.30,-0.04,-0.18,130484,126145,134087
44909180,0.0700,-0.6825,-0.5775,-0.0188,-1.0243,-0.0375,-0.30,-0.04,-0.18,130488,126147,134095
44929688,0.4200,-0.5775,-0.4025,-0.0184,-1.0232,-0.0376,-0.30,-0.04,-0.18,130484,126134,134094
44949216,0.6650,-0.5075,-0.2450,-0.0185,-1.0225,-0.0376,-0.30,-0.04,-0.18,130469,126132,134094
44969728,0.2975,-0.5075,-0.1400,-0.0188,-1.0216,-0.0378,-0.30,-0.04,-0.18,130475,126135,134085
44989256,-0.0175,-0.4200,-0.0175,-0.0193,-1.0211,-0.0381,-0.30,-0.04,-0.18,130484,126137,134090
45008788,0.5250,-0.3325,0.1400,-0.0195,-1.0210,-0.0381,-0.30,-0.04,-0.18,130491,126145,134080
45029296,1.0150,-0.3150,0.2275,-0.0198,-1.0207,-0.0379,-0.30,-0.04,-0.19,130486,126139,134106
45048828,0.7000,-0.2100,0.2450,-0.0204,-1.0204,-0.0377,-0.30,-0.04,-0.19,130468,126132,134110
45069336,0.6825,-0.1750,0.2975,-0.0207,-1.0204,-0.0372,-0.30,-0.04,-0.18,130474,126131,134095
45088868,1.0500,-0.2975,0.3150,-0.0207,-1.0204,-0.0367,-0.30,-0.04,-0.18,130476,126138,134081
45109376,0.4550,-0.3325,0.2800,-0.0205,-1.0204,-0.0364,-0.30,-0.04,-0.18,130481,126140,134089
45128904,0.2100,-0.4025,0.3500,-0.0205,-1.0207,-0.0357,-0.30,-0.04,-0.18,130474,126148,134091
45149416,1.2075,-0.5775,0.3850,-0.0211,-1.0216,-0.0350,-0.30,-0.04,-0.18,130463,126130,134089
45168944,1.0500,-0.6825,0.2100,-0.0211,-1.0220,-0.0345,-0.30,-0.04,-0.18,130464,126137,134082
45189452,0.4025,-0.7700,0.1050,-0.0212,-1.0225,-0.0340,-0.30,-0.04,-0.18,130475,126144,134086
45208984,0.0525,-0.9450,0.0000,-0.0212,-1.0228,-0.0337,-0.30,-0.04,-0.18,130481,126152,134073
45229492,-0.2975,-0.9625,-0.1225,-0.0212,-1.0232,-0.0333,-0.30,-0.04,-0.18,130471,126144,134076
45249024,-0.4550,-1.1025,-0.2100,-0.0215,-1.0238,-0.0331,-0.30,-0.04,-0.18,130462,126145,134087
45269532,0.2800,-1.0850,-0.2975,-0.0224,-1.0249,-0.0328,-0.30,-0.04,-0.18,130466,126146,134084
45289064,0.2100,-1.1025,-0.4375,-0.0227,-1.0254,-0.0329,-0.30,-0.04,-0.18,130474,126155,134087
45309568,-0.0875,-1.1375,-0.5950,-0.0229,-1.0255,-0.0332,-0.30,-0.04,-0.18,130475,126153,134077
45329100,0.5775,-0.9975,-0.6825,-0.0232,-1.0259,-0.0332,-0.30,-0.04,-0.18,130466,126141,134088
45349608,1.1550,-1.0150,-0.8575,-0.0228,-1.0260,-0.0332,-0.30,-0.04,-0.18,130461,126126,134076
45369140,0.9975,-1.0150,-0.8925,-0.0224,-1.0257,-0.0334,-0.30,-0.04,-0.18,130465,126136,134078
45389648,-0.1225,-1.0500,-0.9975,-0.0220,-1.0248,-0.0339,-0.30,-0.04,-0.18,130471,126143,134080
45409180,-0.2625,-1.0150,-0.8925,-0.0220,-1.0246,-0.0340,-0.30,-0.04,-0.18,130483,126153,134085
45429688,0.1925,-0.9975,-0.7700,-0.0218,-1.0246,-0.0340,-0.30,-0.04,-0.18,130482,126134,134091
45449216,0.5250,-0.9625,-0.7875,-0.0220,-1.0244,-0.0343,-0.30,-0.04,-0.18,130469,126127,134080
45469728,0.2975,-0.9625,-0.7000,-0.0222,-1.0242,-0.0345,-0.30,-0.04,-0.18,130474,126125,134077
45500000,0.1400,-0.8925,-0.7175,-0.0217,-1.0236,-0.0349,-0.30,-0.04,-0.18,130467,126114,134086
45520508,0.5250,-0.7700,-0.7175,-0.0211,-1.0232,-0.0349,-0.30,-0.04,-0.18,130478,126118,134084
45540040,0.6300,-0.8225,-0.5425,-0.0205,-1.0230,-0.0349,-0.30,-0.04,-0.18,130493,126133,134075
45560544,0.3500,-0.7700,-0.4550,-0.0200,-1.0224,-0.0351,-0.30,-0.04,-0.18,130482,126138,134091
45580080,0.0175,-0.7175,-0.4200,-0.0198,-1.0219,-0.0353,-0.30,-0.04,-0.18,130477,126121,134085
45600584,0.1050,-0.6300,-0.3500,-0.0198,-1.0214,-0.0354,-0.30,-0.04,-0.18,130467,126121,134088
45620116,0.6650,-0.6825,-0.1750,-0.0200,-1.0219,-0.0355,-0.30,-0.04,-0.18,130473,126125,134085
45640624,0.2100,-0.4375,-0.1225,-0.0203,-1.0219,-0.0356,-0.30,-0.04,-0.18,130481,126140,134084
45660156,-0.1925,-0.4025,-0.1575,-0.0205,-1.0216,-0.0357,-0.30,-0.04,-0.18,130486,126132,134073
45680664,0.6650,-0.3500,-0.1925,-0.0206,-1.0219,-0.0355,-0.30,-0.04,-0.18,130481,126120,134089
45700196,1.7675,-0.4725,-0.1925,-0.0205,-1.0218,-0.0351,-0.30,-0.04,-0.18,130474,126118,134084
45720704,0.3150,-0.4025,0.0000,-0.0195,-1.0210,-0.0351,-0.30,-0.04,-0.18,130480,126138,134097
45740232,-0.1400,-0.4375,0.1225,-0.0195,-1.0209,-0.0350,-0.30,-0.04,-0.18,130486,126139,134093
45760744,0.5250,-0.4550,0.1750,-0.0195,-1.0211,-0.0349,-0.30,-0.04,-0.18,130486,126138,134078
45780272,1.0150,-0.4725,0.2625,-0.0196,-1.0211,-0.0345,-0.30,-0.04,-0.18,130474,126136,134076
45799804,0.8925,-0.4550,0.1925,-0.0200,-1.0211,-0.0346,-0.30,-0.04,-0.18,130467,126129,134082
45820312,0.4550,-0.4900,0.1925,-0.0206,-1.0213,-0.0348,-0.30,-0.04,-0.18,130473,126140,134081
45839844,0.2975,-0.4900,0.1575,-0.0206,-1.0219,-0.0348,-0.30,-0.04,-0.18,130477,126142,134078
45860352,0.4725,-0.5250,0.1400,-0.0204,-1.0224,-0.0345,-0.30,-0.04,-0.18,130485,126146,134084
45879880,0.6650,-0.5075,0.1225,-0.0205,-1.0231,-0.0343,-0.30,-0.04,-0.18,130470,126137,134075
45900392,0.6475,-0.5600,0.1050,-0.0204,-1.0233,-0.0339,-0.30,-0.04,-0.18,130467,126132,134089
45919920,0.7000,-0.5950,-0.0175,-0.0203,-1.0236,-0.0334,-0.30,-0.04,-0.18,130469,126130,134086
45940428,0.3850,-0.7700,-0.1225,-0.0205,-1.0241,-0.0332,-0.30,-0.04,-0.18,130484,126137,134064
45959960,0.2625,-0.7175,-0.2100,-0.0205,-1.0244,-0.0331,-0.30,-0.04,-0.18,130479,126133,134088
45980468,0.5950,-0.7700,-0.3150,-0.0204,-1.0247,-0.0328,-0.30,-0.04,-0.18,130465,126132,134084
46000000,0.7350,-0.7875,-0.3850,-0.0207,-1.0252,-0.0328,-0.30,-0.04,-0.18,130467,126131,134085
46020508,0.3150,-0.8925,-0.5250,-0.0210,-1.0250,-0.0328,-0.30,-0.04,-0.18,130474,126124,134086
46040040,0.1575,-0.8575,-0.6475,-0.0209,-1.0247,-0.0327,-0.30,-0.04,-0.18,130481,126124,134092
46060544,0.7175,-0.9975,-0.7175,-0.0212,-1.0248,-0.0325,-0.30,-0.04,-0.18,130484,126132,134071
46080080,0.4200,-1.0850,-0.6825,-0.0212,-1.0246,-0.0327,-0.30,-0.04,-0.18,130470,126128,134079
46100584,-0.2800,-1.0500,-0.7525,-0.0211,-1.0241,-0.0328,-0.30,-0.04,-0.18,130466,126127,134077
46120116,-0.4725,-1.1025,-0.7175,-0.0210,-1.0241,-0.0329,-0.30,-0.04,-0.18,130474,126123,134088
46140624,-0.2450,-1.1375,-0.6300,-0.0211,-1.0241,-0.0331,-0.30,-0.04,-0.18,130483,126131,134085
46160156,-0.1925,-1.0500,-0.7350,-0.0207,-1.0238,-0.0332,-0.30,-0.04,-0.18,130494,126139,134075
46180664,-0.0175,-0.9975,-0.7000,-0.0203,-1.0235,-0.0334,-0.30,-0.04,-0.18,130480,126121,134088
46200196,0.1575,-0.9625,-0.7525,-0.0200,-1.0233,-0.0340,-0.30,-0.04,-0.18,130474,126122,134086
46220704,-0.0875,-0.8925,-0.7000,-0.0198,-1.0228,-0.0345,-0.30,-0.04,-0.18,130471,126127,134082
46240232,-0.5250,-0.7350,-0.6300,-0.0193,-1.0222,-0.0349,-0.30,-0.04,-0.18,130487,126137,134093
46260744,-0.3150,-0.6650,-0.5250,-0.0194,-1.0219,-0.0353,-0.30,-0.04,-0.18,130484,126134,134073
46280272,0.1925,-0.5950,-0.4550,-0.0199,-1.0216,-0.0356,-0.30,-0.04,-0.18,130480,126124,134092
46299804,-0.2100,-0.3675,-0.4025,-0.0200,-1.0205,-0.0364,-0.30,-0.04,-0.18,130473,126121,134098
46320312,-0.5425,-0.2975,-0.3150,-0.0201,-1.0202,-0.0366,-0.30,-0.04,-0.18,130484,126117,134093
46339844,0.2275,-0.1925,-0.1750,-0.0205,-1.0205,-0.0368,-0.30,-0.04,-0.18,130487,126129,134080
46360352,1.3475,-0.1400,0.0525,-0.0206,-1.0208,-0.0370,-0.30,-0.04,-0.18,130488,126132,134073
46379880,1.3300,-0.1225,0.1225,-0.0207,-1.0207,-0.0370,-0.30,-0.04,-0.18,130485,126126,134086
46400392,0.2275,-0.2450,0.1225,-0.0205,-1.0199,-0.0367,-0.30,-0.04,-0.18,130474,126124,134081
46419920,-0.5075,-0.2625,0.1575,-0.0201,-1.0197,-0.0365,-0.30,-0.04,-0.18,130480,126123,134082
46440428,-0.3675,-0.3500,0.1750,-0.0198,-1.0198,-0.0361,-0.30,-0.04,-0.18,130487,126129,134082
46459960,-0.1925,-0.4375,0.2450,-0.0201,-1.0205,-0.0356,-0.30,-0.04,-0.18,130487,126142,134076
46480468,-0.4550,-0.3150,0.2275,-0.0209,-1.0213,-0.0356,-0.30,-0.04,-0.18,130480,126133,134082
46510744,0.3675,-0.5425,-0.0525,-0.0217,-1.0226,-0.0346,-0.30,-0.04,-0.18,130490,126132,134094
46530272,1.1725,-0.6125,-0.1225,-0.0218,-1.0232,-0.0340,-0.30,-0.04,-0.18,130479,126136,134081
46549804,0.8050,-0.6650,-0.2275,-0.0214,-1.0233,-0.0337,-0.30,-0.04,-0.18,130470,126126,134097
46570312,0.3850,-0.7700,-0.3150,-0.0210,-1.0232,-0.0333,-0.30,-0.04,-0.18,130481,126137,134101
46589844,0.0875,-1.0325,-0.3325,-0.0207,-1.0233,-0.0328,-0.30,-0.04,-0.18,130485,126137,134088
46610352,-0.6300,-1.1375,-0.3675,-0.0207,-1.0233,-0.0327,-0.30,-0.04,-0.18,130483,126141,134075
46629880,-1.4175,-1.2075,-0.3675,-0.0211,-1.0235,-0.0328,-0.30,-0.04,-0.18,130482,126129,134103
46650392,-0.8575,-1.4175,-0.5775,-0.0216,-1.0241,-0.0328,-0.30,-0.04,-0.18,130465,126138,134102
46669920,-0.2975,-1.4525,-0.6125,-0.0217,-1.0243,-0.0331,-0.30,-0.04,-0.18,130472,126140,134091
46690428,-0.3500,-1.4000,-0.7350,-0.0216,-1.0241,-0.0337,-0.30,-0.04,-0.18,130486,126143,134082
46709960,-0.4375,-1.3300,-0.6825,-0.0216,-1.0239,-0.0344,-0.30,-0.04,-0.18,130485,126143,134101
46730468,-0.4900,-1.2950,-0.5075,-0.0217,-1.0237,-0.0350,-0.30,-0.04,-0.19,130484,126135,134108
46750000,-0.4550,-1.2250,-0.5075,-0.0217,-1.0228,-0.0361,-0.30,-0.04,-0.19,130468,126130,134110
46770508,-0.3500,-1.1725,-0.4900,-0.0217,-1.0224,-0.0370,-0.30,-0.04,-0.19,130471,126143,134119
46790040,-0.4375,-1.0675,-0.4550,-0.0216,-1.0221,-0.0377,-0.30,-0.04,-0.18,130486,126130,134102
46810544,-0.1925,-0.9275,-0.4375,-0.0212,-1.0219,-0.0382,-0.30,-0.04,-0.19,130482,126141,134119
46830080,0.0875,-0.8750,-0.2975,-0.0210,-1.0216,-0.0386,-0.30,-0.04,-0.19,130482,126132,134110
46850584,-0.4025,-0.8400,-0.2450,-0.0206,-1.0214,-0.0390,-0.30,-0.04,-0.19,130471,126137,134119
46870116,-0.3850,-0.7525,-0.2100,-0.0205,-1.0215,-0.0393,-0.30,-0.04,-0.19,130474,126140,134120
46890624,-0.0525,-0.7350,-0.1750,-0.0203,-1.0213,-0.0395,-0.30,-0.04,-0.18,130486,126150,134102
46910156,-0.1750,-0.8225,-0.1225,-0.0195,-1.0209,-0.0395,-0.30,-0.04,-0.19,130480,126149,134116
46930664,-0.5425,-0.7700,0.0000,-0.0190,-1.0207,-0.0398,-0.30,-0.04,-0.18,130466,126144,134099
46950196,-0.1750,-0.8225,0.2275,-0.0194,-1.0209,-0.0399,-0.30,-0.04,-0.19,130465,126145,134124
46970704,-0.3675,-0.7700,0.2800,-0.0198,-1.0208,-0.0405,-0.30,-0.04,-0.19,130471,126154,134117
46990232,-0.7700,-0.8400,0.1575,-0.0199,-1.0209,-0.0407,-0.30,-0.04,-0.19,130474,126165,134108
47010744,-0.5600,-0.8225,0.0525,-0.0203,-1.0214,-0.0410,-0.30,-0.04,-0.19,130484,126161,134121
47030272,-0.1925,-0.7875,0.0175,-0.0203,-1.0219,-0.0412,-0.30,-0.04,-0.19,130465,126158,134125
47049804,-0.4200,-0.8225,-0.1225,-0.0203,-1.0222,-0.0414,-0.30,-0.04,-0.19,130454,126152,134138
47070312,-0.6125,-0.7350,-0.1750,-0.0203,-1.0228,-0.0412,-0.30,-0.04,-0.19,130471,126151,134124
47089844,-0.4200,-0.7700,-0.1750,-0.0205,-1.0235,-0.0410,-0.30,-0.04,-0.19,130468,126176,134112
47110352,-0.0875,-0.8400,-0.2625,-0.0201,-1.0239,-0.0405,-0.30,-0.04,-0.19,130470,126170,134130
47129880,0.3675,-0.9100,-0.2800,-0.0203,-1.0243,-0.0403,-0.30,-0.04,-0.19,130469,126164,134125
47150392,0.1925,-0.9800,-0.3150,-0.0203,-1.0244,-0.0403,-0.30,-0.04,-0.19,130457,126156,134128
47169920,-0.3675,-0.9625,-0.4900,-0.0201,-1.0246,-0.0401,-0.30,-0.04,-0.19,130461,126159,134121
47190428,0.0175,-0.9800,-0.5425,-0.0201,-1.0250,-0.0400,-0.30,-0.04,-0.19,130465,126176,134120
47209960,0.3150,-1.1375,-0.6475,-0.0200,-1.0253,-0.0400,-0.30,-0.04,-0.19,130476,126169,134121
47230468,0.1925,-1.1550,-0.6650,-0.0200,-1.0252,-0.0401,-0.30,-0.04,-0.19,130465,126156,134123
47250000,0.2100,-1.1900,-0.7175,-0.0203,-1.0250,-0.0403,-0.30,-0.04,-0.19,130461,126146,134133
47270508,0.0350,-1.1725,-0.7525,-0.0200,-1.0246,-0.0403,-0.30,-0.04,-0.19,130465,126155,134126
47290040,0.0175,-1.2425,-0.7350,-0.0203,-1.0243,-0.0405,-0.30,-0.04,-0.19,130471,126160,134125
47310544,-0.2275,-1.2600,-0.7175,-0.0204,-1.0239,-0.0410,-0.30,-0.04,-0.19,130475,126161,134121
47330080,-0.2275,-1.2425,-0.5425,-0.0203,-1.0233,-0.0415,-0.30,-0.04,-0.19,130469,126157,134121
47350584,0.1575,-1.2250,-0.5075,-0.0204,-1.0232,-0.0418,-0.30,-0.04,-0.19,130460,126151,134124
47370116,0.5950,-1.1900,-0.3850,-0.0204,-1.0228,-0.0421,-0.30,-0.04,-0.19,130461,126159,134132
47390624,0.5775,-1.1025,-0.3675,-0.0203,-1.0224,-0.0426,-0.30,-0.04,-0.19,130475,126164,134115
47410156,0.4900,-1.0675,-0.2450,-0.0204,-1.0221,-0.0429,-0.30,-0.04,-0.19,130471,126151,134108
47430664,0.4375,-0.8925,-0.2275,-0.0200,-1.0216,-0.0432,-0.30,-0.04,-0.19,130462,126152,134128
47450196,0.1225,-0.8050,-0.1225,-0.0196,-1.0211,-0.0434,-0.30,-0.04,-0.19,130454,126146,134130
47470704,-0.0175,-0.7875,-0.0700,-0.0196,-1.0209,-0.0436,-0.30,-0.04,-0.19,130463,126156,134133
47490232,0.5600,-0.7175,0.0700,-0.0198,-1.0207,-0.0437,-0.30,-0.04,-0.19,130470,126165,134126
47520508,0.8750,-0.7000,0.2100,-0.0200,-1.0204,-0.0437,-0.30,-0.04,-0.19,130457,126152,134107
47540040,0.8400,-0.6300,0.2100,-0.0203,-1.0204,-0.0437,-0.30,-0.04,-0.18,130464,126166,134102
47560544,0.8925,-0.5950,0.3675,-0.0207,-1.0205,-0.0437,-0.30,-0.04,-0.19,130466,126164,134117
47580080,0.9450,-0.5950,0.3850,-0.0209,-1.0204,-0.0434,-0.30,-0.04,-0.19,130467,126162,134109
47600584,0.9100,-0.5950,0.4550,-0.0209,-1.0204,-0.0432,-0.30,-0.04,-0.19,130450,126156,134120
47620116,0.7525,-0.6825,0.4375,-0.0207,-1.0204,-0.0428,-0.30,-0.04,-0.19,130445,126164,134117
47640624,0.4375,-0.6825,0.4375,-0.0210,-1.0205,-0.0427,-0.30,-0.04,-0.19,130464,126167,134113
47660156,-0.0700,-0.7350,0.3675,-0.0212,-1.0207,-0.0425,-0.30,-0.04,-0.19,130458,126172,134115
47680664,0.0525,-0.8225,0.3675,-0.0218,-1.0216,-0.0420,-0.30,-0.04,-0.19,130447,126161,134113
47700196,0.7700,-0.7525,0.2975,-0.0220,-1.0224,-0.0415,-0.30,-0.04,-0.19,130438,126153,134119
47720704,0.7875,-0.8225,0.2450,-0.0221,-1.0226,-0.0412,-0.30,-0.04,-0.19,130445,126164,134125
47740232,0.7525,-0.8575,0.2275,-0.0224,-1.0231,-0.0410,-0.30,-0.04,-0.18,130455,126174,134096
47760744,0.2275,-0.8575,0.1400,-0.0224,-1.0233,-0.0410,-0.30,-0.04,-0.19,130448,126180,134109
47780272,0.3325,-0.8750,-0.0700,-0.0223,-1.0238,-0.0407,-0.30,-0.04,-0.19,130443,126161,134111
47799804,0.7175,-0.8050,-0.1225,-0.0223,-1.0244,-0.0407,-0.30,-0.04,-0.19,130437,126157,134129
47820312,0.5425,-0.9450,-0.2450,-0.0224,-1.0246,-0.0409,-0.30,-0.04,-0.19,130437,126162,134107
47839844,0.2450,-0.8575,-0.3675,-0.0224,-1.0246,-0.0409,-0.30,-0.04,-0.18,130449,126177,134103
47860352,0.4550,-0.8750,-0.4200,-0.0226,-1.0246,-0.0409,-0.30,-0.04,-0.19,130456,126172,134104
47879880,0.7000,-0.9450,-0.4550,-0.0228,-1.0248,-0.0410,-0.30,-0.04,-0.18,130445,126173,134092
47900392,0.1925,-0.9100,-0.4900,-0.0227,-1.0243,-0.0412,-0.30,-0.04,-0.19,130435,126160,134115
47919920,-0.0875,-0.9275,-0.4900,-0.0229,-1.0238,-0.0414,-0.30,-0.04,-0.19,130442,126162,134109
47940428,-0.1050,-0.8925,-0.4550,-0.0227,-1.0236,-0.0414,-0.30,-0.04,-0.19,130450,126174,134117
47959960,0.4200,-0.8750,-0.3850,-0.0224,-1.0233,-0.0415,-0.30,-0.04,-0.18,130447,126176,134099
47980468,0.4550,-0.8050,-0.3675,-0.0224,-1.0228,-0.0416,-0.30,-0.04,-0.19,130440,126169,134111
48000000,0.0175,-0.6650,-0.2800,-0.0224,-1.0222,-0.0420,-0.30,-0.04,-0.19,130438,126154,134120
48020508,-0.1225,-0.6475,-0.0875,-0.0224,-1.0215,-0.0422,-0.30,-0.04,-0.19,130445,126167,134116
48040040,-0.1925,-0.4725,-0.0350,-0.0224,-1.0211,-0.0425,-0.30,-0.04,-0.18,130447,126177,134098
48060544,0.0525,-0.4200,0.0000,-0.0226,-1.0209,-0.0427,-0.30,-0.04,-0.19,130457,126179,134108
48080080,0.9275,-0.2100,0.1750,-0.0229,-1.0209,-0.0429,-0.30,-0.04,-0.19,130441,126172,134107
48100584,1.3125,-0.2275,0.2100,-0.0227,-1.0205,-0.0431,-0.30,-0.04,-0.19,130430,126160,134112
48120116,0.7000,-0.1750,0.2800,-0.0226,-1.0199,-0.0432,-0.30,-0.04,-0.19,130440,126160,134109
48140624,0.4900,-0.0700,0.5075,-0.0229,-1.0203,-0.0432,-0.30,-0.04,-0.18,130450,126175,134100
48160156,0.7525,-0.1225,0.5250,-0.0229,-1.0204,-0.0431,-0.30,-0.04,-0.18,130446,126173,134103
48180664,0.8050,-0.1050,0.5250,-0.0229,-1.0204,-0.0428,-0.30,-0.04,-0.19,130434,126163,134124
48200196,0.5075,-0.0875,0.5075,-0.0231,-1.0207,-0.0427,-0.30,-0.04,-0.19,130428,126163,134116
48220704,0.5950,-0.1225,0.5075,-0.0233,-1.0213,-0.0425,-0.30,-0.04,-0.19,130428,126155,134108
48240232,-0.0875,-0.1400,0.2275,-0.0237,-1.0220,-0.0422,-0.30,-0.04,-0.18,130443,126172,134091
48260744,-0.0350,-0.1225,0.1400,-0.0242,-1.0227,-0.0418,-0.30,-0.04,-0.19,130438,126184,134104
48280272,0.8750,-0.0875,0.0700,-0.0245,-1.0236,-0.0412,-0.30,-0.04,-0.19,130431,126168,134117
48299804,1.2425,-0.2100,0.0000,-0.0249,-1.0242,-0.0407,-0.30,-0.04,-0.19,130428,126177,134116
48320312,0.9100,-0.2625,-0.0875,-0.0254,-1.0246,-0.0403,-0.30,-0.04,-0.19,130437,126164,134107
48339844,0.5775,-0.3500,-0.2100,-0.0256,-1.0247,-0.0399,-0.30,-0.04,-0.18,130439,126173,134100
48360352,0.8225,-0.5075,-0.3850,-0.0254,-1.0246,-0.0389,-0.30,-0.04,-0.18,130441,126177,134085
48379880,1.0675,-0.5425,-0.4725,-0.0254,-1.0247,-0.0383,-0.30,-0.04,-0.18,130437,126175,134103
48400392,0.6125,-0.7350,-0.4725,-0.0254,-1.0243,-0.0379,-0.30,-0.04,-0.19,130429,126161,134108
48419920,-0.2450,-0.8575,-0.4375,-0.0254,-1.0237,-0.0377,-0.30,-0.04,-0.19,130428,126157,134111
48440428,-0.2450,-0.9975,-0.4025,-0.0256,-1.0233,-0.0376,-0.30,-0.04,-0.18,130439,126180,134099
48459960,0.1225,-1.0500,-0.3500,-0.0259,-1.0232,-0.0373,-0.30,-0.04,-0.19,130442,126174,134107
48480468,-0.0875,-1.1200,-0.3325,-0.0259,-1.0224,-0.0375,-0.30,-0.04,-0.19,130434,126164,134117
48500000,-0.4025,-1.1200,-0.2975,-0.0259,-1.0221,-0.0378,-0.30,-0.04,-0.19,130425,126169,134111
48530272,-0.0175,-1.1200,-0.1225,-0.0256,-1.0215,-0.0382,-0.30,-0.04,-0.19,130432,126173,134111
48549804,-0.1050,-1.1550,-0.0875,-0.0254,-1.0211,-0.0386,-0.30,-0.04,-0.19,130429,126168,134115
48570312,0.0175,-1.1025,0.0175,-0.0251,-1.0207,-0.0392,-0.30,-0.04,-0.19,130423,126168,134104
48589844,0.2800,-0.9625,0.1575,-0.0255,-1.0204,-0.0400,-0.30,-0.04,-0.19,130436,126181,134113
48610352,0.0525,-0.8575,0.1925,-0.0259,-1.0203,-0.0407,-0.30,-0.04,-0.19,130432,126187,134113
48629880,0.1400,-0.7525,0.1925,-0.0260,-1.0204,-0.0411,-0.30,-0.04,-0.19,130435,126173,134111
48650392,-0.0175,-0.7175,0.2450,-0.0262,-1.0207,-0.0416,-0.30,-0.04,-0.19,130418,126177,134124
48669920,0.2625,-0.5075,0.2100,-0.0261,-1.0209,-0.0417,-0.30,-0.04,-0.19,130419,126176,134104
48690428,0.9100,-0.4725,0.1750,-0.0262,-1.0214,-0.0417,-0.30,-0.04,-0.19,130428,126189,134108
48709960,0.7700,-0.5075,0.0700,-0.0262,-1.0221,-0.0417,-0.30,-0.04,-0.19,130427,126179,134118
48730468,0.1400,-0.4550,0.0525,-0.0264,-1.0226,-0.0420,-0.30,-0.04,-0.19,130425,126174,134104
48750000,0.0875,-0.4725,-0.0175,-0.0266,-1.0231,-0.0420,-0.30,-0.04,-0.19,130415,126170,134115
48770508,0.8925,-0.4900,-0.0875,-0.0267,-1.0238,-0.0417,-0.30,-0.04,-0.19,130418,126168,134107
48790040,1.4350,-0.4375,-0.1750,-0.0266,-1.0243,-0.0415,-0.30,-0.04,-0.18,130427,126181,134098
48810544,1.0325,-0.5075,-0.3325,-0.0264,-1.0246,-0.0414,-0.30,-0.04,-0.18,130432,126187,134103
48830080,0.3325,-0.5950,-0.5425,-0.0262,-1.0248,-0.0412,-0.30,-0.04,-0.18,130425,126171,134100
48850584,0.1750,-0.5425,-0.6125,-0.0261,-1.0250,-0.0410,-0.30,-0.04,-0.19,130417,126168,134104
48870116,0.1400,-0.5600,-0.7000,-0.0264,-1.0257,-0.0406,-0.30,-0.04,-0.19,130427,126169,134119
48890624,0.3500,-0.5250,-0.7525,-0.0267,-1.0263,-0.0405,-0.30,-0.04,-0.18,130431,126179,134098
48910156,0.5775,-0.5425,-0.8225,-0.0268,-1.0265,-0.0403,-0.30,-0.04,-0.18,130439,126177,134098
48930664,1.0850,-0.4550,-1.0850,-0.0272,-1.0265,-0.0398,-0.30,-0.04,-0.19,130429,126161,134111
48950196,1.2950,-0.4375,-1.1200,-0.0270,-1.0260,-0.0394,-0.30,-0.04,-0.18,130428,126164,134102
48970704,1.5575,-0.4550,-1.1200,-0.0266,-1.0257,-0.0390,-0.30,-0.04,-0.18,130433,126162,134091
48990232,1.2425,-0.5425,-0.9975,-0.0261,-1.0250,-0.0388,-0.30,-0.04,-0.18,130452,126168,134083
49010744,0.4025,-0.5425,-0.9275,-0.0260,-1.0241,-0.0387,-0.30,-0.04,-0.18,130448,126152,134086
49030272,0.4375,-0.5950,-0.8050,-0.0259,-1.0235,-0.0384,-0.30,-0.04,-0.18,130445,126157,134103
49049804,1.1725,-0.6475,-0.6475,-0.0261,-1.0226,-0.0381,-0.30,-0.04,-0.18,130436,126149,134103
49070312,0.9975,-0.6125,-0.5950,-0.0262,-1.0219,-0.0379,-0.30,-0.04,-0.18,130438,126154,134086
49089844,0.3325,-0.6825,-0.5250,-0.0264,-1.0211,-0.0381,-0.30,-0.04,-0.18,130445,126159,134090
49110352,0.0000,-0.6650,-0.4200,-0.0265,-1.0207,-0.0382,-0.30,-0.04,-0.18,130449,126163,134100
49129880,0.4025,-0.6825,-0.3325,-0.0262,-1.0203,-0.0381,-0.30,-0.04,-0.18,130444,126145,134090
49150392,0.8575,-0.5775,-0.2275,-0.0261,-1.0199,-0.0381,-0.30,-0.04,-0.18,130431,126147,134093
49169920,0.4025,-0.5250,-0.1050,-0.0257,-1.0191,-0.0382,-0.30,-0.04,-0.18,130436,126154,134089
49190428,0.4200,-0.5075,0.1575,-0.0256,-1.0189,-0.0383,-0.30,-0.04,-0.18,130444,126154,134089
49209960,0.7175,-0.4725,0.2800,-0.0259,-1.0192,-0.0383,-0.30,-0.04,-0.18,130451,126168,134086
49230468,0.8225,-0.3850,0.2975,-0.0260,-1.0193,-0.0383,-0.30,-0.04,-0.18,130445,126155,134095
49250000,0.2975,-0.3850,0.3675,-0.0257,-1.0194,-0.0381,-0.30,-0.04,-0.18,130431,126144,134102
49270508,0.6650,-0.2800,0.3325,-0.0261,-1.0202,-0.0381,-0.30,-0.04,-0.18,130440,126155,134100
49290040,1.1375,-0.3500,0.2625,-0.0261,-1.0207,-0.0378,-0.30,-0.04,-0.18,130436,126156,134086
49310544,0.7350,-0.3850,0.1750,-0.0259,-1.0208,-0.0376,-0.30,-0.04,-0.18,130445,126154,134091
49330080,0.0525,-0.2800,0.1400,-0.0259,-1.0211,-0.0375,-0.30,-0.04,-0.18,130434,126153,134093
49350584,-0.0175,-0.2800,0.1225,-0.0264,-1.0216,-0.0375,-0.30,-0.04,-0.18,130433,126160,134086
49370116,0.3675,-0.3675,0.1050,-0.0265,-1.0221,-0.0373,-0.30,-0.04,-0.18,130430,126146,134091
49390624,1.1200,-0.4025,0.0175,-0.0268,-1.0227,-0.0368,-0.30,-0.04,-0.18,130444,126166,134070
49410156,0.8050,-0.4375,0.0175,-0.0268,-1.0228,-0.0366,-0.30,-0.04,-0.18,130445,126164,134078
49430664,0.2975,-0.5600,-0.0175,-0.0266,-1.0226,-0.0364,-0.30,-0.04,-0.18,130431,126167,134087
49450196,-0.2450,-0.6300,-0.0875,-0.0265,-1.0226,-0.0361,-0.30,-0.04,-0.18,130429,126160,134096
49470704,0.1925,-0.6300,0.0000,-0.0265,-1.0231,-0.0356,-0.30,-0.04,-0.18,130433,126159,134082
49490232,0.5775,-0.7000,0.0175,-0.0270,-1.0235,-0.0354,-0.30,-0.04,-0.18,130440,126159,134074
49510744,0.3850,-0.6475,-0.0700,-0.0270,-1.0235,-0.0349,-0.30,-0.04,-0.18,130434,126168,134073
49541016,1.4000,-0.7700,-0.0525,-0.0272,-1.0238,-0.0345,-0.30,-0.04,-0.18,130438,126158,134076
49561524,1.4525,-0.8400,-0.0350,-0.0273,-1.0238,-0.0344,-0.30,-0.04,-0.18,130434,126166,134081
49581056,0.6300,-0.8225,-0.2100,-0.0268,-1.0231,-0.0343,-0.30,-0.04,-0.18,130432,126164,134083
49601560,0.1225,-0.8750,-0.0175,-0.0266,-1.0230,-0.0343,-0.30,-0.04,-0.18,130427,126148,134086
49621092,0.1575,-0.9450,-0.0875,-0.0266,-1.0230,-0.0343,-0.30,-0.04,-0.18,130430,126166,134076
49641600,0.1575,-0.9800,-0.0525,-0.0268,-1.0228,-0.0344,-0.30,-0.04,-0.18,130433,126171,134069
49661132,0.1750,-0.9975,-0.1225,-0.0268,-1.0226,-0.0344,-0.30,-0.04,-0.18,130435,126169,134066
49681640,0.5425,-0.8750,-0.0875,-0.0273,-1.0228,-0.0348,-0.30,-0.04,-0.18,130426,126147,134082
49701172,0.4900,-0.9450,0.0175,-0.0278,-1.0228,-0.0351,-0.30,-0.04,-0.18,130420,126149,134077
49721680,0.2275,-0.7875,-0.1225,-0.0276,-1.0226,-0.0357,-0.30,-0.04,-0.18,130423,126155,134085
49741208,0.4375,-0.7175,-0.0700,-0.0271,-1.0224,-0.0359,-0.30,-0.04,-0.18,130433,126161,134072
49761720,0.7350,-0.6825,0.0350,-0.0270,-1.0221,-0.0361,-0.30,-0.04,-0.18,130427,126165,134074
49781248,0.5075,-0.6125,-0.0700,-0.0270,-1.0218,-0.0364,-0.30,-0.04,-0.18,130419,126164,134081
49801756,-0.1400,-0.5425,0.1050,-0.0271,-1.0214,-0.0367,-0.30,-0.04,-0.18,130417,126157,134082
49821288,0.0700,-0.4550,0.1225,-0.0271,-1.0213,-0.0367,-0.30,-0.04,-0.18,130422,126164,134078
49840820,0.1225,-0.4725,0.1225,-0.0270,-1.0211,-0.0367,-0.30,-0.04,-0.18,130429,126177,134064
49861328,0.3325,-0.3500,0.2275,-0.0273,-1.0211,-0.0368,-0.30,-0.04,-0.18,130425,126167,134072
49880860,0.4375,-0.3500,0.2100,-0.0275,-1.0208,-0.0368,-0.30,-0.04,-0.18,130420,126168,134089
49901368,0.8750,-0.2800,0.2100,-0.0273,-1.0203,-0.0367,-0.30,-0.04,-0.18,130413,126155,134087
49920896,0.5250,-0.3500,0.3150,-0.0273,-1.0203,-0.0366,-0.30,-0.04,-0.18,130416,126172,134065
49941408,0.0000,-0.2800,0.4550,-0.0278,-1.0204,-0.0366,-0.30,-0.04,-0.18,130420,126180,134076
49960936,0.1925,-0.4200,0.4725,-0.0284,-1.0203,-0.0364,-0.30,-0.04,-0.18,130430,126180,134068
49981444,0.7525,-0.4900,0.4200,-0.0285,-1.0207,-0.0360,-0.30,-0.04,-0.18,130410,126166,134081
50000976,0.6475,-0.5075,0.4900,-0.0288,-1.0209,-0.0357,-0.30,-0.04,-0.18,130401,126160,134083
50021484,-0.1225,-0.6125,0.3500,-0.0289,-1.0209,-0.0356,-0.30,-0.04,-0.18,130417,126168,134070
50041016,-0.9275,-0.6650,0.2275,-0.0287,-1.0210,-0.0354,-0.30,-0.04,-0.18,130414,126193,134092
50061524,-0.5775,-0.7875,0.2975,-0.0288,-1.0219,-0.0350,-0.30,-0.04,-0.18,130419,126182,134070
50081056,0.1750,-0.8225,0.2625,-0.0295,-1.0235,-0.0346,-0.30,-0.04,-0.18,130407,126178,134094
50101560,0.0875,-0.6825,0.0700,-0.0298,-1.0238,-0.0345,-0.30,-0.04,-0.18,130398,126175,134100
50121092,0.1925,-0.8225,-0.1225,-0.0303,-1.0244,-0.0344,-0.30,-0.04,-0.18,130409,126183,134079
50141600,0.7700,-0.9100,-0.3150,-0.0305,-1.0250,-0.0342,-0.30,-0.04,-0.18,130413,126183,134079
50161132,0.5950,-0.8225,-0.4375,-0.0304,-1.0255,-0.0340,-0.30,-0.04,-0.18,130409,126184,134078
50181640,-0.1050,-1.0150,-0.6300,-0.0295,-1.0253,-0.0340,-0.30,-0.04,-0.18,130406,126171,134098
50201172,-0.1050,-1.1200,-0.5950,-0.0295,-1.0253,-0.0340,-0.30,-0.04,-0.18,130395,126165,134085
50221680,-0.7700,-1.1550,-0.6300,-0.0295,-1.0250,-0.0342,-0.30,-0.04,-0.18,130406,126170,134089
50241208,-1.2775,-1.1550,-0.7175,-0.0295,-1.0243,-0.0344,-0.30,-0.04,-0.18,130414,126188,134083
50261720,-0.8750,-1.1200,-0.7525,-0.0298,-1.0241,-0.0348,-0.30,-0.04,-0.18,130415,126183,134090
50281248,0.0525,-1.0500,-0.6475,-0.0303,-1.0239,-0.0354,-0.30,-0.04,-0.18,130405,126176,134078
50301756,0.0875,-0.9625,-0.4725,-0.0310,-1.0232,-0.0366,-0.30,-0.04,-0.18,130403,126169,134092
50321288,-0.7175,-0.7875,-0.3675,-0.0312,-1.0224,-0.0373,-0.30,-0.04,-0.18,130405,126177,134090
50340820,-0.8225,-0.6825,-0.2800,-0.0312,-1.0219,-0.0382,-0.30,-0.04,-0.18,130408,126181,134085
50361328,0.1225,-0.5600,-0.1400,-0.0311,-1.0216,-0.0386,-0.30,-0.04,-0.18,130413,126177,134092
50380860,0.7875,-0.4200,-0.0525,-0.0310,-1.0213,-0.0390,-0.30,-0.04,-0.18,130416,126178,134091
50401368,0.5425,-0.3150,-0.0350,-0.0307,-1.0205,-0.0394,-0.30,-0.04,-0.18,130403,126176,134089
50420896,0.5425,-0.1400,0.1750,-0.0306,-1.0202,-0.0397,-0.30,-0.04,-0.18,130403,126174,134083
50441408,0.2100,-0.1225,0.2625,-0.0304,-1.0199,-0.0395,-0.30,-0.04,-0.18,130416,126197,134074
50460936,-0.0875,-0.0175,0.4025,-0.0303,-1.0194,-0.0393,-0.30,-0.04,-0.18,130416,126183,134079
50481444,0.3150,-0.0175,0.4725,-0.0305,-1.0193,-0.0390,-0.30,-0.04,-0.18,130405,126186,134088
50500976,0.9275,-0.0700,0.6475,-0.0310,-1.0196,-0.0390,-0.30,-0.04,-0.18,130400,126181,134092
50521484,0.1225,-0.0175,0.7000,-0.0312,-1.0196,-0.0389,-0.30,-0.04,-0.18,130402,126193,134098
50551756,0.4550,-0.0350,0.7350,-0.0320,-1.0205,-0.0387,-0.30,-0.04,-0.18,130392,126182,134091
