34896484,-0.5600,3.2550,-1.8025,-0.5344,-0.0234,0.8491,-0.20,0.14,0.32,133431,127859,125754
34916016,0.7350,3.5175,-1.7150,-0.5348,-0.0244,0.8484,-0.20,0.14,0.32,133430,127862,125774
34936524,1.2950,3.7450,-1.7150,-0.5356,-0.0248,0.8477,-0.20,0.14,0.32,133417,127859,125752
34956056,0.9275,3.8150,-1.7850,-0.5367,-0.0248,0.8470,-0.20,0.14,0.32,133411,127865,125754
34976560,0.6125,3.7975,-1.8725,-0.5383,-0.0248,0.8467,-0.20,0.14,0.32,133412,127866,125779
34996092,0.5075,3.4475,-1.9775,-0.5401,-0.0249,0.8464,-0.20,0.14,0.32,133407,127853,125775
35016600,0.7000,3.0625,-1.8725,-0.5434,-0.0249,0.8464,-0.20,0.14,0.32,133392,127848,125756
35036132,1.3125,2.9575,-1.8900,-0.5458,-0.0251,0.8467,-0.20,0.14,0.32,133382,127855,125762
35056640,2.0300,2.7825,-1.7850,-0.5483,-0.0256,0.8470,-0.20,0.14,0.32,133386,127852,125769
35076172,3.3600,2.5900,-1.6800,-0.5507,-0.0264,0.8477,-0.20,0.14,0.32,133382,127864,125763
35096680,4.8650,2.4500,-1.5750,-0.5530,-0.0268,0.8484,-0.20,0.14,0.32,133383,127870,125782
35116208,4.7950,2.1350,-1.3825,-0.5558,-0.0262,0.8491,-0.20,0.14,0.32,133374,127876,125753
35136720,3.1500,1.9950,-1.3650,-0.5610,-0.0239,0.8501,-0.19,0.14,0.33,133372,127880,125740
35156248,0.3675,1.8725,-1.2950,-0.5635,-0.0216,0.8503,-0.20,0.14,0.32,133371,127872,125758
35176756,-2.2925,1.6625,-1.1550,-0.5650,-0.0196,0.8499,-0.20,0.14,0.32,133378,127870,125769
35196288,-3.1150,1.6450,-0.9975,-0.5656,-0.0183,0.8491,-0.20,0.14,0.32,133371,127871,125772
35215820,-1.5400,1.4875,-0.7350,-0.5653,-0.0177,0.8484,-0.20,0.14,0.32,133366,127872,125750
35236328,2.1700,1.2075,-0.1925,-0.5638,-0.0168,0.8467,-0.20,0.14,0.33,133351,127862,125740
35255860,3.3075,1.0850,0.1050,-0.5619,-0.0151,0.8452,-0.20,0.14,0.32,133365,127862,125756
35276368,2.7475,0.9800,0.4550,-0.5600,-0.0128,0.8438,-0.20,0.14,0.32,133360,127877,125772
35295896,1.0325,1.1725,0.7875,-0.5584,-0.0104,0.8429,-0.20,0.14,0.32,133359,127877,125765
35316408,-1.0325,1.3825,1.0675,-0.5575,-0.0081,0.8423,-0.20,0.14,0.32,133341,127876,125750
35335936,-2.2925,1.4875,1.2250,-0.5563,-0.0066,0.8419,-0.20,0.14,0.32,133334,127870,125763
35356444,-2.1525,1.2600,1.1375,-0.5544,-0.0063,0.8419,-0.20,0.14,0.32,133329,127861,125778
35375976,0.0000,0.8225,0.9975,-0.5544,-0.0076,0.8425,-0.20,0.14,0.32,133325,127859,125775
35396484,2.5025,0.4200,0.8225,-0.5551,-0.0089,0.8433,-0.20,0.14,0.32,133319,127871,125775
35416016,4.0950,0.0875,0.7000,-0.5568,-0.0102,0.8441,-0.20,0.14,0.32,133312,127873,125765
35436524,4.8475,-0.2450,0.6650,-0.5592,-0.0111,0.8451,-0.20,0.14,0.33,133306,127876,125745
35456056,5.4250,-0.3325,0.6475,-0.5623,-0.0117,0.8462,-0.19,0.14,0.32,133304,127898,125753
35476560,4.1475,-0.7175,0.4200,-0.5664,-0.0117,0.8468,-0.19,0.14,0.32,133304,127918,125760
35496092,2.7475,-0.8575,0.3325,-0.5683,-0.0113,0.8466,-0.19,0.14,0.32,133304,127919,125754
35516600,1.4525,-1.0325,0.2275,-0.5695,-0.0115,0.8459,-0.19,0.14,0.32,133293,127916,125750
35536132,0.8925,-1.1200,0.1400,-0.5706,-0.0115,0.8452,-0.19,0.14,0.33,133298,127904,125724
35556640,1.5400,-1.2425,0.0525,-0.5712,-0.0117,0.8441,-0.19,0.14,0.33,133302,127919,125730
35576172,3.1500,-1.1025,0.0350,-0.5712,-0.0120,0.8425,-0.19,0.14,0.33,133307,127924,125737
35596680,4.0075,-1.0675,0.0875,-0.5705,-0.0115,0.8398,-0.19,0.14,0.33,133305,127940,125729
35616208,3.5700,-0.8925,0.1400,-0.5696,-0.0102,0.8374,-0.19,0.14,0.33,133299,127944,125713
35636720,2.1350,-0.4900,0.2450,-0.5683,-0.0085,0.8350,-0.19,0.14,0.33,133293,127932,125708
35656248,1.3475,-0.2625,0.3850,-0.5671,-0.0073,0.8329,-0.19,0.14,0.33,133294,127943,125728
35676756,1.5925,0.1225,0.4550,-0.5660,-0.0063,0.8313,-0.19,0.14,0.33,133300,127943,125720
35696288,2.5375,0.6475,0.5950,-0.5651,-0.0052,0.8296,-0.19,0.14,0.33,133294,127962,125724
35715820,2.3275,0.8925,0.6825,-0.5649,-0.0044,0.8289,-0.19,0.14,0.33,133288,127964,125700
35736328,1.5925,1.1200,0.7000,-0.5647,-0.0037,0.8281,-0.19,0.13,0.33,133276,127958,125705
35755860,1.3300,1.0850,0.6475,-0.5650,-0.0033,0.8278,-0.19,0.13,0.33,133269,127956,125713
35776368,1.3825,1.0675,0.5950,-0.5655,-0.0028,0.8276,-0.19,0.13,0.33,133273,127951,125725
35795896,1.1900,1.0150,0.4200,-0.5660,-0.0023,0.8276,-0.19,0.13,0.33,133271,127950,125708
35816408,-0.8225,0.9450,0.2275,-0.5669,-0.0015,0.8279,-0.19,0.13,0.33,133254,127945,125702
35835936,-1.4700,1.0500,-0.0350,-0.5677,-0.0013,0.8284,-0.19,0.13,0.33,133253,127947,125707
35856444,-0.3850,0.9100,-0.1750,-0.5682,-0.0017,0.8291,-0.19,0.13,0.33,133250,127949,125730
35886720,0.8750,0.8225,-0.4375,-0.5689,-0.0021,0.8301,-0.19,0.13,0.33,133248,127955,125704
35906248,0.7175,0.7875,-0.5425,-0.5693,-0.0018,0.8302,-0.19,0.13,0.33,133239,127937,125725
35926756,0.6650,0.6475,-0.7000,-0.5701,-0.0013,0.8307,-0.19,0.13,0.33,133254,127937,125733
35946288,1.1900,0.6650,-0.7875,-0.5707,-0.0011,0.8317,-0.19,0.13,0.33,133250,127945,125738
35965820,1.2600,0.6650,-0.8400,-0.5712,-0.0006,0.8325,-0.19,0.13,0.33,133243,127947,125725
35986328,0.7700,0.6650,-0.9975,-0.5713,-0.0001,0.8333,-0.19,0.13,0.33,133239,127942,125708
36005860,0.4900,0.4200,-1.0325,-0.5711,0.0004,0.8337,-0.19,0.13,0.33,133242,127934,125726
36026368,0.6825,0.3325,-1.0850,-0.5711,0.0005,0.8342,-0.19,0.13,0.33,133241,127952,125737
36045896,1.7325,-0.0700,-0.9975,-0.5719,0.0005,0.8355,-0.19,0.13,0.33,133241,127946,125724
36066408,2.3975,-0.4375,-0.9800,-0.5724,0.0007,0.8362,-0.19,0.13,0.33,133238,127951,125704
36085936,1.9425,-0.7525,-0.9450,-0.5727,0.0013,0.8364,-0.19,0.13,0.33,133240,127951,125704
36106444,0.4900,-0.9975,-0.8225,-0.5729,0.0023,0.8364,-0.19,0.13,0.33,133252,127940,125716
36125976,-0.5775,-1.2250,-0.7875,-0.5736,0.0029,0.8368,-0.19,0.13,0.33,133259,127944,125726
36146484,-0.7700,-1.3825,-0.5775,-0.5740,0.0033,0.8372,-0.19,0.13,0.33,133255,127953,125730
36166016,-0.9800,-1.4875,-0.5425,-0.5745,0.0035,0.8372,-0.19,0.13,0.33,133252,127948,125724
36186524,-1.2600,-1.6800,-0.3850,-0.5744,0.0038,0.8367,-0.19,0.13,0.33,133253,127947,125715
36206056,-1.7675,-1.7325,-0.3850,-0.5738,0.0039,0.8359,-0.19,0.13,0.33,133258,127952,125726
36226560,-2.1700,-1.8375,-0.4200,-0.5729,0.0038,0.8350,-0.19,0.13,0.33,133271,127936,125747
36246092,-1.6975,-1.7150,-0.4200,-0.5723,0.0033,0.8341,-0.19,0.13,0.33,133272,127932,125737
36266600,0.0875,-1.4000,-0.4025,-0.5717,0.0023,0.8337,-0.19,0.13,0.33,133267,127926,125734
36286132,0.4375,-1.4000,-0.5075,-0.5711,0.0020,0.8331,-0.19,0.13,0.33,133266,127932,125719
36306640,-0.0875,-1.1900,-0.4900,-0.5708,0.0018,0.8324,-0.19,0.13,0.33,133271,127929,125733
36326172,-0.4200,-1.1375,-0.5600,-0.5712,0.0015,0.8320,-0.19,0.13,0.33,133273,127930,125742
36346680,0.1750,-0.9450,-0.5600,-0.5719,0.0010,0.8317,-0.19,0.13,0.33,133274,127932,125732
36366208,0.6125,-0.9100,-0.6650,-0.5721,0.0006,0.8311,-0.19,0.13,0.33,133269,127924,125726
36386720,0.6300,-0.6825,-0.7175,-0.5722,0.0001,0.8298,-0.19,0.13,0.33,133272,127927,125712
36406248,0.2975,-0.4725,-0.7525,-0.5719,0.0000,0.8289,-0.19,0.13,0.33,133274,127918,125734
36426756,0.0350,-0.2275,-0.7175,-0.5719,-0.0001,0.8279,-0.19,0.13,0.33,133275,127932,125742
36446288,-0.0875,0.0525,-0.7700,-0.5717,-0.0004,0.8272,-0.19,0.13,0.33,133276,127929,125743
36465820,-0.0175,0.1400,-0.7525,-0.5713,-0.0009,0.8264,-0.19,0.13,0.33,133269,127927,125733
36486328,0.4200,0.5075,-0.7875,-0.5713,-0.0015,0.8258,-0.19,0.13,0.33,133266,127920,125724
36505860,2.0475,0.6475,-0.8400,-0.5723,-0.0026,0.8262,-0.19,0.13,0.33,133270,127927,125733
36526368,2.6600,0.8225,-0.8750,-0.5733,-0.0029,0.8264,-0.19,0.13,0.33,133269,127933,125728
36545896,2.6075,0.8925,-0.8575,-0.5740,-0.0029,0.8266,-0.19,0.13,0.33,133274,127944,125732
36566408,2.0825,0.7700,-0.8400,-0.5745,-0.0027,0.8264,-0.19,0.13,0.33,133261,127937,125717
36585936,1.2600,0.6125,-0.8050,-0.5744,-0.0020,0.8264,-0.19,0.13,0.33,133256,127948,125713
36606444,-0.1400,0.5250,-0.7000,-0.5741,-0.0013,0.8267,-0.19,0.13,0.33,133263,127924,125721
36625976,-1.1550,0.7700,-0.7350,-0.5743,-0.0001,0.8279,-0.19,0.13,0.33,133266,127936,125737
36646484,-1.8725,0.8925,-0.5950,-0.5744,0.0005,0.8291,-0.19,0.13,0.33,133260,127916,125737
36666016,-1.9250,0.8050,-0.5425,-0.5740,0.0009,0.8305,-0.19,0.13,0.33,133258,127915,125725
36686524,-1.6450,0.6300,-0.5600,-0.5735,0.0010,0.8316,-0.19,0.13,0.33,133251,127917,125728
36706056,-1.1550,0.3325,-0.4900,-0.5733,0.0010,0.8327,-0.19,0.13,0.33,133252,127918,125742
36726560,0.2275,-0.2275,-0.4550,-0.5734,0.0010,0.8342,-0.19,0.13,0.32,133263,127925,125749
36746092,1.2425,-0.5425,-0.2975,-0.5734,0.0011,0.8353,-0.19,0.13,0.33,133261,127928,125745
36766600,1.8200,-0.9625,-0.2800,-0.5733,0.0013,0.8363,-0.19,0.13,0.33,133248,127924,125724
36786132,1.1025,-1.2075,-0.1575,-0.5733,0.0020,0.8369,-0.19,0.13,0.33,133251,127910,125721
36806640,-0.4725,-1.3475,-0.1225,-0.5734,0.0024,0.8372,-0.19,0.13,0.32,133258,127911,125749
36826172,-1.7150,-1.6800,-0.1575,-0.5735,0.0024,0.8374,-0.19,0.13,0.32,133260,127920,125753
36846680,-1.5750,-1.8725,-0.2800,-0.5741,0.0010,0.8374,-0.19,0.13,0.32,133264,127913,125751
36866208,-0.3850,-2.0650,-0.4375,-0.5752,-0.0002,0.8377,-0.19,0.13,0.33,133257,127916,125729
36896484,0.8400,-2.1350,-0.5600,-0.5766,-0.0015,0.8374,-0.19,0.13,0.32,133266,127912,125750
36916016,0.2450,-2.1875,-0.7000,-0.5771,-0.0016,0.8364,-0.19,0.13,0.33,133271,127906,125727
36936524,-0.6650,-2.1525,-0.7700,-0.5773,-0.0016,0.8355,-0.19,0.13,0.33,133268,127902,125716
36956056,-0.6650,-2.0825,-0.8575,-0.5774,-0.0016,0.8345,-0.19,0.13,0.33,133277,127908,125742
36976560,-0.2800,-1.8725,-0.8750,-0.5768,-0.0017,0.8325,-0.19,0.14,0.32,133288,127909,125757
36996092,0.8225,-1.6625,-0.7700,-0.5766,-0.0020,0.8317,-0.19,0.14,0.32,133288,127913,125759
37016600,1.7150,-1.4175,-0.6825,-0.5761,-0.0018,0.8306,-0.19,0.13,0.33,133278,127911,125730
37036132,1.9600,-1.2950,-0.5775,-0.5756,-0.0015,0.8296,-0.19,0.14,0.33,133284,127918,125724
37056640,1.1375,-1.0325,-0.5425,-0.5749,-0.0007,0.8284,-0.19,0.14,0.33,133287,127921,125743
37076172,-0.2625,-0.8225,-0.5600,-0.5739,0.0002,0.8270,-0.19,0.14,0.33,133291,127918,125740
37096680,-0.1050,-0.7700,-0.4200,-0.5732,0.0001,0.8266,-0.19,0.14,0.33,133290,127926,125734
37116208,0.7875,-0.6825,-0.2800,-0.5725,-0.0005,0.8264,-0.19,0.13,0.33,133280,127921,125725
37136720,1.5925,-0.5950,-0.2975,-0.5722,-0.0010,0.8264,-0.19,0.14,0.33,133284,127924,125732
37156248,1.7325,-0.5775,-0.2800,-0.5722,-0.0013,0.8267,-0.19,0.13,0.33,133281,127923,125723
37176756,1.0850,-0.4550,-0.2975,-0.5727,-0.0015,0.8268,-0.19,0.14,0.33,133290,127923,125738
37196288,-0.5950,-0.4025,-0.2975,-0.5733,-0.0015,0.8270,-0.19,0.14,0.33,133285,127929,125728
37215820,-0.8225,-0.4375,-0.3675,-0.5738,-0.0021,0.8276,-0.19,0.13,0.33,133272,127921,125723
37236328,-0.2450,-0.5075,-0.4025,-0.5744,-0.0028,0.8284,-0.19,0.13,0.33,133272,127913,125728
37255860,0.0525,-0.5250,-0.4375,-0.5746,-0.0034,0.8291,-0.19,0.13,0.33,133274,127917,125728
37276368,0.3675,-0.5075,-0.5250,-0.5744,-0.0037,0.8300,-0.19,0.13,0.33,133283,127925,125733
37295896,0.3150,-0.5775,-0.5425,-0.5744,-0.0037,0.8309,-0.19,0.13,0.33,133278,127917,125728
37316408,0.5600,-0.6125,-0.4200,-0.5761,-0.0034,0.8323,-0.19,0.13,0.33,133267,127930,125724
37335936,0.2975,-0.8750,-0.3325,-0.5768,-0.0027,0.8323,-0.19,0.13,0.33,133274,127924,125724
37356444,-1.0325,-1.1725,-0.1225,-0.5758,-0.0015,0.8316,-0.19,0.13,0.33,133272,127917,125738
37375976,-3.4825,-1.4700,0.1225,-0.5733,-0.0002,0.8303,-0.19,0.14,0.33,133288,127910,125747
37396484,-4.7075,-1.3825,0.3150,-0.5699,-0.0001,0.8302,-0.19,0.13,0.33,133282,127905,125744
37416016,-0.3675,-0.9975,0.8225,-0.5680,-0.0012,0.8316,-0.19,0.13,0.33,133275,127906,125740
37436524,4.5325,-0.9800,0.9975,-0.5696,-0.0029,0.8348,-0.19,0.13,0.33,133264,127905,125718
37456056,5.4075,-1.1900,1.2775,-0.5719,-0.0020,0.8352,-0.19,0.13,0.33,133267,127929,125736
37476560,1.5750,-1.6100,1.4000,-0.5739,0.0002,0.8344,-0.19,0.13,0.33,133272,127931,125736
37496092,-2.1700,-1.9775,1.6800,-0.5754,0.0020,0.8337,-0.19,0.13,0.33,133265,127923,125728
37516600,-3.3775,-2.1875,1.8725,-0.5767,0.0021,0.8341,-0.19,0.13,0.33,133267,127909,125720
37536132,-1.4525,-1.9600,1.9600,-0.5758,0.0002,0.8350,-0.19,0.13,0.33,133259,127912,125732
37556640,1.3300,-1.8025,1.9775,-0.5744,-0.0015,0.8357,-0.19,0.13,0.33,133263,127922,125747
37576172,3.0450,-1.6450,1.9775,-0.5736,-0.0027,0.8359,-0.19,0.13,0.32,133261,127943,125751
37596680,3.3600,-1.5575,1.9250,-0.5739,-0.0035,0.8357,-0.19,0.13,0.33,133255,127947,125722
37616208,2.5900,-1.8200,1.8550,-0.5746,-0.0039,0.8350,-0.19,0.13,0.33,133251,127939,125707
37636720,1.5925,-2.4325,1.5575,-0.5749,-0.0043,0.8342,-0.19,0.13,0.33,133251,127942,125713
37656248,0.6475,-2.6775,1.2775,-0.5740,-0.0054,0.8335,-0.19,0.13,0.33,133255,127959,125725
37676756,1.5050,-2.7825,1.0850,-0.5734,-0.0063,0.8340,-0.19,0.13,0.33,133262,127959,125730
37696288,2.8700,-2.6600,0.8400,-0.5732,-0.0072,0.8350,-0.19,0.13,0.33,133259,127963,125707
37715820,3.3075,-2.6600,0.5250,-0.5729,-0.0073,0.8357,-0.19,0.13,0.33,133256,127975,125707
37736328,1.5925,-2.6775,0.2975,-0.5719,-0.0061,0.8358,-0.19,0.13,0.33,133260,127967,125699
37755860,-1.5925,-2.5900,-0.1050,-0.5704,-0.0046,0.8353,-0.19,0.13,0.33,133266,127956,125713
37776368,-3.2200,-2.3275,-0.4550,-0.5678,-0.0037,0.8353,-0.19,0.14,0.33,133284,127967,125712
37795896,-1.3475,-2.2575,-0.5950,-0.5663,-0.0040,0.8361,-0.19,0.13,0.33,133280,127962,125724
37816408,1.3125,-1.9775,-0.5250,-0.5651,-0.0044,0.8364,-0.19,0.13,0.33,133282,127964,125705
37835936,2.7300,-2.0650,-0.6300,-0.5643,-0.0044,0.8361,-0.19,0.13,0.33,133282,127972,125695
37856444,2.1525,-1.9950,-0.6825,-0.5632,-0.0037,0.8350,-0.19,0.14,0.33,133297,127978,125710
37875976,0.7875,-2.1525,-0.8575,-0.5619,-0.0032,0.8337,-0.19,0.14,0.33,133300,127972,125718
37906248,0.5950,-2.0475,-0.9625,-0.5608,-0.0032,0.8327,-0.19,0.14,0.33,133298,127971,125701
37926756,1.1550,-1.7150,-0.9625,-0.5616,-0.0034,0.8334,-0.19,0.14,0.33,133313,127974,125703
37946288,1.0500,-1.5225,-1.2075,-0.5633,-0.0034,0.8341,-0.19,0.14,0.33,133309,127974,125697
37965820,0.0875,-1.5225,-1.4875,-0.5646,-0.0029,0.8341,-0.19,0.14,0.33,133313,127961,125681
37986328,-2.1700,-1.6975,-1.8375,-0.5655,-0.0020,0.8335,-0.19,0.14,0.33,133315,127955,125691
38005860,-2.2925,-1.6275,-1.7325,-0.5663,-0.0009,0.8328,-0.19,0.14,0.33,133323,127945,125709
38026368,-1.4700,-1.3650,-1.6625,-0.5663,-0.0001,0.8327,-0.19,0.14,0.33,133343,127947,125709
38045896,-0.0350,-0.9625,-1.4700,-0.5660,0.0007,0.8325,-0.19,0.14,0.33,133342,127946,125721
38066408,0.2975,-0.6125,-1.1900,-0.5646,0.0023,0.8319,-0.19,0.14,0.33,133325,127940,125703
38085936,-1.2075,-0.1750,-0.9275,-0.5628,0.0045,0.8303,-0.19,0.14,0.33,133336,127940,125706
38106444,-2.2400,0.3325,-0.5075,-0.5621,0.0066,0.8292,-0.19,0.14,0.33,133335,127930,125719
38125976,-1.2425,0.5425,-0.2275,-0.5612,0.0071,0.8289,-0.19,0.14,0.33,133339,127935,125730
38146484,0.0350,0.7875,0.1050,-0.5602,0.0071,0.8289,-0.19,0.14,0.33,133331,127920,125721
38166016,0.9625,0.9800,0.3675,-0.5596,0.0071,0.8291,-0.19,0.14,0.33,133323,127930,125703
38186524,0.7875,1.1725,0.5600,-0.5588,0.0072,0.8292,-0.19,0.14,0.33,133313,127929,125707
38206056,0.5775,1.4175,0.7175,-0.5585,0.0070,0.8297,-0.19,0.14,0.33,133305,127935,125715
38226560,1.5400,1.5050,0.8925,-0.5595,0.0056,0.8316,-0.19,0.14,0.33,133315,127946,125726
38246092,1.8200,1.4875,0.9975,-0.5601,0.0049,0.8325,-0.19,0.14,0.33,133302,127939,125728
38266600,0.9450,1.3475,0.9100,-0.5611,0.0044,0.8335,-0.19,0.14,0.33,133288,127933,125709
38286132,-0.6125,1.2425,0.9975,-0.5623,0.0041,0.8346,-0.19,0.14,0.33,133285,127931,125712
38306640,-1.6800,1.2075,0.7875,-0.5634,0.0034,0.8358,-0.19,0.14,0.33,133285,127927,125728
38326172,-1.8900,1.1550,0.6825,-0.5640,0.0027,0.8369,-0.19,0.14,0.33,133287,127926,125737
38346680,-0.9450,1.1200,0.6300,-0.5641,0.0012,0.8386,-0.19,0.13,0.33,133271,127929,125733
38366208,-0.7700,0.9275,0.6475,-0.5636,0.0009,0.8391,-0.19,0.13,0.33,133267,127918,125727
38386720,-1.0850,0.8050,0.5600,-0.5634,0.0007,0.8396,-0.19,0.13,0.33,133267,127914,125729
38406248,-1.2775,0.4200,0.5600,-0.5633,0.0010,0.8397,-0.19,0.13,0.33,133262,127919,125723
38426756,-1.7850,0.1400,0.5075,-0.5636,0.0011,0.8396,-0.19,0.13,0.32,133263,127914,125763
38446288,-1.8200,-0.1050,0.5075,-0.5649,0.0011,0.8396,-0.19,0.13,0.33,133262,127909,125746
38465820,-1.8900,-0.1400,0.5075,-0.5658,0.0012,0.8396,-0.19,0.13,0.33,133245,127908,125737
38486328,-2.9050,-0.2450,0.4025,-0.5651,0.0013,0.8389,-0.19,0.13,0.33,133248,127903,125738
38505860,-2.6775,-0.0525,0.4550,-0.5643,0.0005,0.8384,-0.19,0.13,0.32,133253,127900,125753
38526368,-0.3325,-0.0525,0.5600,-0.5641,-0.0013,0.8386,-0.19,0.13,0.32,133247,127903,125762
38545896,2.5900,-0.0175,0.4200,-0.5650,-0.0032,0.8390,-0.19,0.13,0.33,133245,127913,125738
38566408,3.8850,-0.2275,0.1925,-0.5668,-0.0045,0.8392,-0.19,0.13,0.33,133239,127905,125733
38585936,1.6625,-0.4025,-0.0700,-0.5680,-0.0044,0.8386,-0.19,0.13,0.33,133230,127918,125745
38606444,-0.5600,-0.5950,-0.3500,-0.5686,-0.0044,0.8383,-0.19,0.13,0.33,133244,127911,125743
38625976,-1.2950,-0.7350,-0.5950,-0.5690,-0.0050,0.8381,-0.19,0.13,0.32,133250,127916,125755
38646484,-0.7875,-0.8575,-0.7875,-0.5694,-0.0059,0.8384,-0.19,0.13,0.32,133253,127897,125751
38666016,0.0175,-0.8050,-0.8575,-0.5694,-0.0066,0.8385,-0.19,0.13,0.33,133248,127912,125734
38686524,-0.7350,-0.8575,-1.1025,-0.5680,-0.0068,0.8374,-0.19,0.13,0.33,133245,127895,125746
38706056,-1.2075,-0.8575,-1.3475,-0.5673,-0.0070,0.8367,-0.19,0.13,0.32,133261,127899,125754
38726560,-1.0675,-0.7700,-1.4700,-0.5664,-0.0071,0.8364,-0.19,0.13,0.32,133258,127906,125763
38746092,-0.5950,-0.6825,-1.6450,-0.5658,-0.0073,0.8361,-0.19,0.13,0.32,133258,127895,125754
38766600,0.2275,-0.5775,-1.6800,-0.5662,-0.0078,0.8362,-0.19,0.13,0.33,133255,127898,125745
38786132,1.5575,-0.5775,-1.7675,-0.5671,-0.0084,0.8366,-0.19,0.13,0.32,133252,127888,125748
38806640,2.5725,-0.7000,-1.9075,-0.5689,-0.0084,0.8369,-0.19,0.13,0.32,133262,127891,125759
38826172,1.9250,-0.8400,-1.9425,-0.5701,-0.0077,0.8367,-0.19,0.13,0.32,133273,127896,125766
38846680,0.6475,-1.0325,-1.9250,-0.5714,-0.0066,0.8362,-0.19,0.13,0.33,133278,127903,125746
38866208,0.1400,-1.0850,-1.8375,-0.5727,-0.0056,0.8357,-0.19,0.13,0.33,133275,127887,125744
38886720,-0.1400,-1.2075,-1.5050,-0.5732,-0.0044,0.8348,-0.19,0.13,0.32,133275,127894,125750
38916992,-1.7325,-0.9800,-1.0850,-0.5728,-0.0012,0.8322,-0.19,0.13,0.33,133283,127881,125739
38937500,-2.1525,-0.6825,-0.7525,-0.5725,0.0001,0.8308,-0.20,0.14,0.32,133287,127863,125759
38957032,-1.9075,-0.3850,-0.3850,-0.5721,0.0012,0.8296,-0.20,0.14,0.32,133290,127870,125787
38977540,-1.8025,-0.0875,0.0000,-0.5712,0.0022,0.8281,-0.20,0.14,0.32,133288,127874,125781
38997072,-1.7675,0.1925,0.3325,-0.5706,0.0029,0.8269,-0.20,0.13,0.32,133278,127866,125779
39017576,-0.7000,0.4550,0.8050,-0.5695,0.0029,0.8259,-0.20,0.13,0.32,133268,127862,125756
39037108,0.0000,0.5775,0.9625,-0.5693,0.0029,0.8259,-0.20,0.13,0.32,133266,127859,125767
39057616,0.1575,0.7525,1.0675,-0.5695,0.0028,0.8264,-0.20,0.13,0.32,133271,127857,125780
39077148,-0.0525,0.8400,1.0675,-0.5702,0.0024,0.8272,-0.20,0.13,0.32,133266,127857,125778
39097656,-0.7700,0.6825,1.1725,-0.5707,0.0020,0.8280,-0.20,0.13,0.32,133253,127864,125782
39117188,-1.5575,0.5600,0.9800,-0.5711,0.0012,0.8290,-0.20,0.13,0.32,133243,127865,125775
39137696,-1.2950,0.4025,0.9100,-0.5708,-0.0009,0.8306,-0.20,0.13,0.32,133245,127847,125767
39157224,0.3850,0.3325,0.7875,-0.5711,-0.0029,0.8322,-0.20,0.13,0.32,133245,127858,125795
39177736,2.2225,0.1750,0.6650,-0.5719,-0.0049,0.8337,-0.20,0.13,0.32,133241,127864,125779
39197264,2.8525,-0.0525,0.5775,-0.5727,-0.0061,0.8350,-0.20,0.13,0.32,133230,127870,125763
39216796,2.0650,-0.3500,0.4025,-0.5734,-0.0068,0.8359,-0.20,0.13,0.32,133224,127872,125761
39237304,0.3675,-0.6650,0.2800,-0.5740,-0.0068,0.8366,-0.20,0.13,0.32,133234,127861,125754
39256836,-0.7000,-1.1550,0.0700,-0.5751,-0.0076,0.8378,-0.20,0.13,0.32,133225,127873,125780
39277344,-0.5250,-1.4700,0.0175,-0.5755,-0.0082,0.8385,-0.20,0.13,0.32,133233,127872,125797
39296876,-0.7175,-1.6800,-0.0175,-0.5756,-0.0085,0.8388,-0.20,0.13,0.32,133229,127874,125779
39317384,-1.2075,-1.8725,0.0175,-0.5749,-0.0084,0.8385,-0.20,0.13,0.32,133233,127864,125763
39336912,-2.3450,-1.9425,-0.0175,-0.5734,-0.0083,0.8381,-0.20,0.13,0.32,133232,127859,125773
39357420,-2.2750,-1.9075,-0.1050,-0.5706,-0.0088,0.8377,-0.20,0.13,0.32,133244,127862,125787
39376952,-1.0150,-1.8375,-0.0875,-0.5693,-0.0098,0.8375,-0.20,0.13,0.32,133248,127848,125790
39397460,0.2450,-1.8550,-0.1400,-0.5688,-0.0107,0.8377,-0.20,0.13,0.32,133243,127848,125761
39416992,1.2075,-1.8900,-0.1925,-0.5693,-0.0116,0.8378,-0.20,0.13,0.32,133242,127845,125773
39437500,1.5225,-1.9425,-0.3500,-0.5707,-0.0120,0.8381,-0.20,0.13,0.32,133245,127862,125766
39457032,0.6125,-2.1875,-0.5250,-0.5722,-0.0118,0.8381,-0.20,0.13,0.32,133259,127859,125778
39477540,-1.1200,-2.3100,-0.6475,-0.5734,-0.0115,0.8379,-0.20,0.13,0.32,133259,127855,125796
39497072,-1.1725,-2.2925,-0.6650,-0.5736,-0.0115,0.8378,-0.20,0.13,0.32,133260,127852,125776
39517576,-0.5250,-2.3275,-0.6825,-0.5734,-0.0112,0.8374,-0.20,0.13,0.32,133262,127857,125770
39537108,0.2975,-2.2750,-0.5425,-0.5727,-0.0110,0.8364,-0.20,0.13,0.32,133268,127852,125769
39557616,0.7175,-2.1525,-0.4900,-0.5716,-0.0104,0.8352,-0.20,0.13,0.32,133282,127858,125776
39577148,0.8050,-2.0475,-0.3675,-0.5704,-0.0098,0.8341,-0.20,0.13,0.32,133279,127856,125792
39597656,0.1050,-1.6975,-0.2450,-0.5685,-0.0085,0.8324,-0.20,0.13,0.32,133279,127861,125772
39617188,-0.1750,-1.4350,-0.2450,-0.5678,-0.0084,0.8316,-0.20,0.13,0.32,133279,127854,125774
39637696,0.4725,-1.1725,-0.2625,-0.5672,-0.0087,0.8311,-0.20,0.13,0.32,133282,127867,125778
39657224,0.8750,-0.9275,-0.2625,-0.5666,-0.0092,0.8308,-0.20,0.14,0.32,133285,127852,125792
39677736,0.7875,-0.7000,-0.4025,-0.5656,-0.0095,0.8306,-0.20,0.14,0.32,133290,127863,125772
39697264,0.5775,-0.5600,-0.5250,-0.5649,-0.0101,0.8303,-0.20,0.13,0.32,133278,127854,125776
39716796,1.4525,-0.3500,-0.7000,-0.5647,-0.0115,0.8306,-0.20,0.13,0.32,133273,127868,125763
39737304,2.1350,-0.3500,-0.7875,-0.5656,-0.0122,0.8309,-0.20,0.13,0.32,133272,127865,125765
39756836,2.6425,-0.3325,-1.0325,-0.5672,-0.0127,0.8316,-0.20,0.13,0.32,133280,127871,125783
39777344,2.3800,-0.3675,-1.0500,-0.5690,-0.0126,0.8319,-0.19,0.14,0.32,133290,127879,125778
39796876,1.1550,-0.4900,-1.0325,-0.5702,-0.0120,0.8319,-0.20,0.13,0.32,133281,127877,125770
39817384,0.3675,-0.5950,-0.9275,-0.5718,-0.0107,0.8322,-0.20,0.13,0.32,133279,127867,125752
39836912,0.9625,-0.6475,-0.6825,-0.5728,-0.0098,0.8322,-0.20,0.13,0.32,133283,127865,125752
39857420,0.4550,-0.7525,-0.4550,-0.5730,-0.0078,0.8320,-0.20,0.14,0.32,133295,127864,125789
39876952,-1.1550,-0.6300,-0.1925,-0.5729,-0.0052,0.8317,-0.20,0.14,0.32,133297,127866,125779
39897460,-3.2900,-0.4725,0.1225,-0.5719,-0.0027,0.8312,-0.20,0.14,0.32,133291,127853,125773
39927736,-3.8850,-0.1925,0.7000,-0.5684,-0.0002,0.8306,-0.20,0.14,0.32,133291,127841,125791
39947264,-1.5575,-0.1925,0.9275,-0.5666,-0.0004,0.8308,-0.20,0.13,0.32,133276,127841,125783
39966796,0.6650,-0.1400,1.1900,-0.5652,-0.0005,0.8313,-0.20,0.13,0.32,133271,127836,125779
39987304,1.6100,-0.1575,1.3650,-0.5645,-0.0005,0.8319,-0.20,0.13,0.32,133267,127846,125782
40006836,1.2250,-0.1925,1.4525,-0.5640,-0.0005,0.8324,-0.20,0.13,0.32,133269,127846,125784
40027344,0.4900,-0.3500,1.3825,-0.5639,-0.0009,0.8333,-0.20,0.13,0.32,133269,127840,125797
40046876,-0.0525,-0.4900,1.3300,-0.5644,-0.0020,0.8344,-0.20,0.13,0.32,133258,127853,125786
40067384,0.3850,-0.6300,1.0850,-0.5653,-0.0046,0.8364,-0.20,0.13,0.32,133250,127846,125769
40086912,0.9975,-0.9450,0.7875,-0.5656,-0.0066,0.8379,-0.20,0.13,0.32,133247,127850,125787
40107420,0.4550,-1.1900,0.4025,-0.5653,-0.0085,0.8389,-0.20,0.13,0.32,133247,127860,125795
40126952,-0.2450,-1.2950,0.0700,-0.5652,-0.0102,0.8398,-0.20,0.13,0.32,133250,127850,125797
40147460,-0.3325,-1.3475,-0.2625,-0.5658,-0.0124,0.8412,-0.20,0.13,0.32,133250,127864,125782
40166992,1.6975,-1.7325,-0.8050,-0.5672,-0.0159,0.8430,-0.20,0.13,0.32,133247,127853,125778
40187500,1.9425,-2.0125,-1.1900,-0.5683,-0.0171,0.8435,-0.20,0.13,0.32,133257,127863,125791
40207032,1.6450,-2.3275,-1.5225,-0.5693,-0.0177,0.8436,-0.20,0.13,0.32,133267,127867,125785
40227540,0.4550,-2.5200,-1.7500,-0.5696,-0.0177,0.8433,-0.20,0.13,0.32,133276,127862,125787
40247072,0.1225,-2.6250,-1.8900,-0.5702,-0.0176,0.8429,-0.20,0.13,0.32,133282,127859,125796
40267576,1.0500,-2.5550,-1.9075,-0.5705,-0.0173,0.8425,-0.20,0.13,0.32,133283,127868,125763
40287108,0.9975,-2.3800,-1.7150,-0.5700,-0.0154,0.8408,-0.20,0.14,0.32,133292,127860,125779
40307616,-0.2275,-2.1525,-1.5050,-0.5695,-0.0129,0.8391,-0.20,0.14,0.32,133305,127870,125797
40327148,-1.4875,-1.9600,-1.2775,-0.5690,-0.0106,0.8373,-0.20,0.14,0.32,133310,127871,125806
40347656,-1.9075,-1.7675,-0.9450,-0.5683,-0.0083,0.8356,-0.20,0.14,0.32,133307,127859,125786
40367188,-1.9075,-1.5925,-0.6300,-0.5673,-0.0060,0.8336,-0.20,0.14,0.32,133298,127850,125779
40387696,-2.2225,-1.1025,-0.0525,-0.5656,-0.0028,0.8308,-0.20,0.14,0.32,133311,127835,125799
40407224,-2.6425,-0.8400,0.2450,-0.5644,-0.0011,0.8291,-0.20,0.14,0.32,133313,127846,125795
40427736,-2.1350,-0.3850,0.5950,-0.5634,0.0000,0.8279,-0.20,0.14,0.32,133307,127834,125795
40447264,-1.3825,-0.0525,0.9100,-0.5622,0.0007,0.8269,-0.20,0.14,0.32,133302,127835,125791
40466796,-0.5775,0.3675,1.1900,-0.5617,0.0010,0.8263,-0.20,0.14,0.32,133287,127831,125781
40487304,-0.1225,0.6300,1.4175,-0.5614,0.0010,0.8262,-0.20,0.14,0.32,133293,127839,125812
40506836,0.0350,0.9275,1.4525,-0.5614,0.0005,0.8264,-0.20,0.14,0.32,133284,127833,125814
40527344,0.1225,1.2250,1.2950,-0.5624,-0.0013,0.8279,-0.20,0.13,0.32,133279,127828,125805
40546876,0.5250,1.2600,1.2075,-0.5625,-0.0028,0.8292,-0.20,0.13,0.32,133268,127833,125801
40567384,0.6300,1.2075,0.9975,-0.5625,-0.0044,0.8303,-0.20,0.13,0.32,133251,127832,125800
40586912,0.9975,1.1550,0.7875,-0.5632,-0.0062,0.8316,-0.20,0.13,0.32,133250,127842,125782
40607420,2.0125,1.1025,0.6125,-0.5647,-0.0082,0.8331,-0.20,0.13,0.32,133254,127844,125805
40626952,3.1500,0.7350,0.3150,-0.5664,-0.0106,0.8357,-0.20,0.13,0.32,133243,127860,125792
40647460,2.1350,0.5075,0.1575,-0.5672,-0.0112,0.8366,-0.20,0.13,0.32,133234,127862,125784
40666992,0.5950,0.3675,0.0700,-0.5677,-0.0112,0.8372,-0.20,0.13,0.32,133231,127855,125775
40687500,-0.8225,0.2450,0.1225,-0.5682,-0.0112,0.8373,-0.20,0.13,0.32,133227,127844,125800
40707032,-0.8750,0.1225,0.1225,-0.5693,-0.0115,0.8377,-0.20,0.13,0.32,133234,127854,125797
40727540,0.3850,0.0525,0.2450,-0.5705,-0.0117,0.8381,-0.20,0.13,0.32,133233,127867,125788
40747072,1.0150,-0.0350,0.7350,-0.5723,-0.0107,0.8383,-0.20,0.13,0.32,133224,127860,125787
40767576,-0.1575,-0.1050,1.0675,-0.5735,-0.0095,0.8379,-0.20,0.13,0.32,133221,127856,125774
40787108,-1.3825,-0.2975,1.4175,-0.5744,-0.0081,0.8372,-0.20,0.13,0.32,133221,127851,125786
40807616,-2.2750,-0.6300,1.7500,-0.5736,-0.0066,0.8361,-0.20,0.13,0.32,133220,127860,125802
40827148,-3.2725,-0.8925,2.0125,-0.5721,-0.0050,0.8345,-0.20,0.13,0.32,133216,127849,125809
40847656,-6.3525,-1.1025,2.2225,-0.5673,-0.0031,0.8317,-0.20,0.13,0.32,133208,127837,125783
40867188,-7.7700,-0.9625,2.2925,-0.5645,-0.0028,0.8307,-0.20,0.13,0.32,133203,127814,125800
40887696,-7.6300,-0.5425,2.3625,-0.5622,-0.0037,0.8305,-0.20,0.13,0.32,133202,127803,125822
40907224,-6.1250,-0.2975,2.2225,-0.5607,-0.0051,0.8308,-0.20,0.13,0.32,133201,127795,125848
40937500,-3.3950,0.0525,1.8375,-0.5613,-0.0081,0.8317,-0.20,0.13,0.32,133182,127782,125842
40957032,-2.6775,0.2275,1.5225,-0.5621,-0.0098,0.8320,-0.20,0.13,0.32,133191,127791,125859
40977540,-2.8175,0.4375,0.9275,-0.5636,-0.0121,0.8328,-0.20,0.13,0.32,133186,127787,125862
40997072,-1.0500,0.7000,0.5425,-0.5657,-0.0144,0.8341,-0.20,0.13,0.32,133178,127780,125865
41017576,1.8025,0.8050,0.0525,-0.5673,-0.0166,0.8357,-0.20,0.13,0.32,133165,127771,125846
41037108,4.1125,0.8225,-0.1750,-0.5688,-0.0185,0.8369,-0.20,0.13,0.32,133165,127783,125849
41057616,5.2850,0.8225,-0.4375,-0.5702,-0.0195,0.8377,-0.20,0.13,0.32,133167,127800,125845
41077148,4.5675,0.7525,-0.6125,-0.5711,-0.0195,0.8373,-0.20,0.13,0.32,133165,127803,125838
41097656,3.1675,0.6825,-0.8225,-0.5721,-0.0192,0.8361,-0.20,0.13,0.32,133156,127815,125812
41117188,3.5525,0.7000,-0.7875,-0.5734,-0.0190,0.8355,-0.20,0.13,0.32,133149,127825,125822
41137696,4.1825,0.7525,-0.6825,-0.5740,-0.0187,0.8347,-0.20,0.13,0.32,133148,127821,125814
41157224,3.0800,0.7525,-0.5600,-0.5733,-0.0174,0.8329,-0.20,0.13,0.32,133155,127833,125830
41177736,0.0000,0.8750,-0.4900,-0.5718,-0.0159,0.8305,-0.20,0.13,0.32,133150,127824,125821
41197264,-1.5750,1.1900,-0.1575,-0.5714,-0.0155,0.8286,-0.20,0.13,0.32,133142,127816,125824
41216796,1.3125,1.2775,-0.0700,-0.5722,-0.0166,0.8291,-0.20,0.13,0.32,133132,127821,125809
41237304,3.3600,1.1725,-0.0175,-0.5724,-0.0168,0.8290,-0.20,0.13,0.32,133133,127826,125818
41256836,2.0825,1.1375,-0.0525,-0.5724,-0.0161,0.8283,-0.20,0.13,0.32,133134,127830,125821
41277344,-0.8750,1.0325,-0.0875,-0.5724,-0.0151,0.8274,-0.20,0.13,0.32,133131,127829,125820
41296876,-2.6950,1.1025,-0.1400,-0.5738,-0.0145,0.8274,-0.20,0.13,0.32,133125,127825,125825
41317384,0.6650,1.1725,-0.2275,-0.5768,-0.0154,0.8298,-0.20,0.12,0.32,133117,127822,125816
41336912,2.8175,1.0500,-0.2800,-0.5769,-0.0153,0.8308,-0.20,0.12,0.32,133120,127826,125823
41357420,1.6450,0.9100,-0.4550,-0.5758,-0.0139,0.8306,-0.20,0.12,0.32,133118,127827,125830
41376952,-0.6475,1.0150,-0.5600,-0.5758,-0.0124,0.8305,-0.20,0.12,0.32,133118,127831,125838
41397460,0.0875,1.0675,-0.4550,-0.5778,-0.0120,0.8316,-0.20,0.12,0.32,133111,127821,125825
41416992,2.2925,0.9275,-0.5425,-0.5785,-0.0117,0.8327,-0.20,0.12,0.32,133106,127832,125816
41437500,2.1525,0.5250,-0.4900,-0.5768,-0.0099,0.8313,-0.20,0.12,0.32,133106,127823,125820
41457032,-0.5425,0.5250,-0.5075,-0.5758,-0.0081,0.8294,-0.20,0.12,0.32,133100,127831,125843
41477540,-1.0675,0.6825,-0.4900,-0.5767,-0.0077,0.8285,-0.20,0.12,0.32,133099,127829,125840
41497072,0.4375,0.8225,-0.4200,-0.5773,-0.0081,0.8283,-0.20,0.12,0.32,133096,127839,125819
41517576,1.6450,0.6650,-0.5075,-0.5766,-0.0084,0.8272,-0.20,0.12,0.32,133086,127832,125816
41537108,0.7175,0.7700,-0.6475,-0.5756,-0.0084,0.8252,-0.20,0.12,0.32,133089,127830,125831
41557616,-0.6825,1.0500,-0.7875,-0.5778,-0.0095,0.8240,-0.20,0.12,0.32,133096,127822,125842
41577148,0.6300,1.1900,-0.9800,-0.5793,-0.0112,0.8237,-0.20,0.12,0.32,133098,127813,125838
41597656,1.0325,1.0850,-1.1200,-0.5802,-0.0123,0.8231,-0.20,0.12,0.32,133075,127825,125827
41617188,0.1750,1.0850,-1.3125,-0.5806,-0.0129,0.8218,-0.20,0.12,0.32,133079,127816,125824
41637696,-0.9800,1.2425,-1.5050,-0.5819,-0.0137,0.8211,-0.20,0.12,0.32,133080,127819,125830
41657224,0.3325,1.4175,-1.6625,-0.5843,-0.0155,0.8218,-0.20,0.12,0.32,133085,127808,125857
41677736,1.0850,1.3125,-1.8200,-0.5844,-0.0163,0.8218,-0.20,0.12,0.32,133089,127818,125844
41697264,0.1400,1.2250,-1.8550,-0.5836,-0.0161,0.8207,-0.20,0.12,0.32,133084,127797,125841
41716796,-1.7675,1.2250,-1.8725,-0.5829,-0.0155,0.8192,-0.20,0.12,0.32,133076,127806,125831
41737304,-1.5925,1.3650,-1.8375,-0.5839,-0.0157,0.8195,-0.20,0.12,0.32,133075,127796,125839
41756836,0.7700,1.3475,-1.7325,-0.5850,-0.0161,0.8206,-0.20,0.12,0.32,133083,127803,125846
41777344,1.0675,1.1900,-1.5750,-0.5851,-0.0148,0.8209,-0.20,0.12,0.32,133089,127800,125842
41796876,-1.4875,1.1025,-1.4525,-0.5854,-0.0129,0.8206,-0.20,0.12,0.32,133082,127795,125851
41817384,-3.4475,1.2250,-1.2775,-0.5863,-0.0113,0.8208,-0.20,0.12,0.32,133077,127779,125841
41836912,-2.1875,1.1200,-1.0150,-0.5883,-0.0107,0.8224,-0.20,0.12,0.32,133077,127777,125849
41857420,-0.1925,0.7175,-0.8225,-0.5890,-0.0102,0.8235,-0.20,0.12,0.32,133087,127784,125855
41876952,-0.6650,0.4375,-0.5950,-0.5883,-0.0089,0.8233,-0.20,0.12,0.32,133084,127767,125872
41897460,-3.0625,0.3325,-0.2800,-0.5876,-0.0070,0.8223,-0.20,0.12,0.32,133077,127762,125868
41916992,-1.5225,0.2975,0.0000,-0.5885,-0.0072,0.8233,-0.20,0.12,0.32,133068,127759,125859
41947264,0.2450,0.0700,0.2800,-0.5884,-0.0071,0.8235,-0.20,0.12,0.32,133069,127748,125863
41966796,-1.1550,0.0875,0.4200,-0.5879,-0.0065,0.8226,-0.20,0.12,0.32,133059,127752,125855
41987304,-2.8525,0.1575,0.5950,-0.5884,-0.0062,0.8215,-0.20,0.12,0.32,133062,127741,125888
42006836,-0.7525,0.2450,0.7175,-0.5907,-0.0081,0.8218,-0.20,0.12,0.32,133066,127754,125886
42027344,1.0325,0.1050,0.8050,-0.5915,-0.0089,0.8218,-0.20,0.12,0.32,133056,127747,125880
42046876,0.2625,0.1050,0.8750,-0.5919,-0.0093,0.8212,-0.20,0.12,0.32,133052,127746,125876
42067384,-0.9975,0.1225,0.8925,-0.5927,-0.0095,0.8206,-0.20,0.12,0.32,133042,127751,125870
42086912,-1.6450,-0.0525,0.9275,-0.5930,-0.0102,0.8202,-0.20,0.12,0.32,133036,127745,125883
42107420,-0.8925,-0.0350,0.8575,-0.5929,-0.0113,0.8200,-0.20,0.12,0.32,133044,127747,125885
42126952,0.4375,-0.1400,0.9450,-0.5930,-0.0132,0.8201,-0.20,0.12,0.32,133043,127749,125890
42147460,0.1575,-0.1750,0.9800,-0.5929,-0.0139,0.8198,-0.20,0.12,0.32,133038,127746,125871
42166992,-1.3125,-0.2625,0.8575,-0.5922,-0.0140,0.8186,-0.20,0.12,0.32,133034,127749,125877
42187500,-2.5900,-0.2625,0.8400,-0.5923,-0.0146,0.8179,-0.20,0.12,0.32,133029,127741,125883
42207032,-1.6450,-0.2275,0.7525,-0.5934,-0.0161,0.8180,-0.20,0.12,0.32,133037,127740,125892
42227540,-0.2800,-0.2800,0.5075,-0.5941,-0.0183,0.8179,-0.20,0.12,0.32,133032,127748,125889
42247072,-0.8050,-0.3150,0.2625,-0.5935,-0.0193,0.8169,-0.20,0.12,0.32,133019,127736,125884
42267576,-1.6275,-0.1575,0.0350,-0.5928,-0.0201,0.8154,-0.20,0.12,0.32,133019,127729,125883
42287108,-1.8375,0.0525,-0.1225,-0.5926,-0.0212,0.8142,-0.20,0.12,0.32,133022,127727,125896
42307616,-0.8225,0.3675,-0.2800,-0.5934,-0.0227,0.8133,-0.20,0.12,0.32,133028,127729,125911
42327148,0.7700,0.7000,-0.4200,-0.5937,-0.0242,0.8120,-0.20,0.12,0.32,133022,127735,125904
42347656,0.4200,1.2775,-0.8575,-0.5932,-0.0251,0.8086,-0.20,0.12,0.32,133011,127716,125895
42367188,1.1725,1.6800,-0.9800,-0.5939,-0.0262,0.8070,-0.20,0.12,0.32,133003,127730,125884
42387696,2.5900,1.9600,-1.1550,-0.5949,-0.0273,0.8059,-0.20,0.12,0.32,133007,127740,125889
42407224,3.8325,2.2575,-1.2775,-0.5956,-0.0277,0.8050,-0.20,0.12,0.32,133012,127732,125887
42427736,3.4825,2.4850,-1.3650,-0.5966,-0.0271,0.8041,-0.20,0.12,0.32,133000,127743,125880
42447264,1.2250,2.8175,-1.5575,-0.5972,-0.0259,0.8032,-0.20,0.12,0.32,132994,127731,125901
42466796,-1.2250,3.1850,-1.5400,-0.5991,-0.0244,0.8034,-0.20,0.12,0.32,132991,127727,125883
42487304,0.4025,3.0975,-1.4525,-0.6011,-0.0244,0.8051,-0.20,0.12,0.32,132989,127723,125898
42506836,1.4350,2.9750,-1.5225,-0.6013,-0.0240,0.8061,-0.20,0.12,0.31,133001,127721,125922
42527344,0.3325,2.8525,-1.4875,-0.6010,-0.0228,0.8062,-0.21,0.12,0.31,132990,127711,125914
42546876,-0.4900,2.7475,-1.4175,-0.6016,-0.0220,0.8069,-0.21,0.12,0.32,132974,127713,125899
42567384,0.5425,2.6775,-1.2600,-0.6027,-0.0215,0.8083,-0.21,0.12,0.32,132974,127704,125884
42586912,1.3125,2.3625,-0.9100,-0.6027,-0.0200,0.8093,-0.20,0.12,0.32,132975,127714,125905
42607420,-0.0175,2.0650,-0.8400,-0.6022,-0.0185,0.8093,-0.21,0.12,0.32,132974,127706,125910
42626952,-1.7850,1.9250,-0.5950,-0.6029,-0.0171,0.8096,-0.21,0.12,0.32,132972,127705,125906
42647460,-1.9075,1.8025,-0.4025,-0.6043,-0.0163,0.8106,-0.21,0.12,0.32,132958,127702,125910
42666992,-1.0150,1.5750,-0.2450,-0.6057,-0.0159,0.8115,-0.21,0.11,0.32,132954,127688,125905
42687500,-1.4350,1.1725,-0.0350,-0.6062,-0.0148,0.8111,-0.21,0.11,0.31,132952,127693,125930
42707032,-3.0450,1.0500,0.0525,-0.6063,-0.0140,0.8095,-0.21,0.12,0.31,132965,127679,125940
42727540,-2.8525,1.2425,0.2625,-0.6077,-0.0140,0.8089,-0.21,0.11,0.31,132948,127684,125936
42747072,-0.9625,1.4000,0.5075,-0.6084,-0.0142,0.8083,-0.21,0.11,0.31,132936,127684,125939
42767576,0.3500,1.3475,0.8050,-0.6084,-0.0138,0.8068,-0.21,0.11,0.31,132929,127676,125931
42787108,-0.4725,1.5400,1.0150,-0.6076,-0.0129,0.8043,-0.21,0.11,0.31,132924,127678,125931
42807616,-1.9075,1.8900,1.3650,-0.6078,-0.0124,0.8015,-0.21,0.11,0.31,132927,127677,125953
42827148,-0.7525,2.1525,1.4875,-0.6093,-0.0129,0.8013,-0.21,0.11,0.31,132913,127681,125953
42847656,1.2600,2.2225,1.7325,-0.6106,-0.0139,0.8017,-0.21,0.11,0.31,132896,127679,125940
42867188,1.6975,2.1700,1.8375,-0.6113,-0.0144,0.8018,-0.21,0.11,0.31,132888,127672,125921
42887696,0.4900,2.1175,1.9250,-0.6121,-0.0146,0.8019,-0.21,0.11,0.31,132885,127683,125951
42907224,-0.5600,1.9600,1.9075,-0.6122,-0.0150,0.8023,-0.21,0.11,0.31,132882,127689,125948
42927736,0.3325,1.7150,1.9075,-0.6148,-0.0166,0.8035,-0.21,0.11,0.31,132875,127696,125944
42958008,1.6100,1.3475,1.7675,-0.6160,-0.0185,0.8046,-0.21,0.11,0.31,132866,127694,125952
42978516,-0.7000,0.8750,1.5925,-0.6161,-0.0187,0.8041,-0.21,0.11,0.31,132851,127694,125939
42998048,-2.6775,0.6475,1.4000,-0.6168,-0.0190,0.8040,-0.21,0.11,0.31,132848,127681,125938
43018552,-1.5925,0.3675,1.3300,-0.6183,-0.0201,0.8046,-0.21,0.11,0.31,132833,127680,125929
43038084,0.6825,-0.0525,1.1725,-0.6207,-0.0227,0.8059,-0.21,0.11,0.31,132835,127685,125938
43058592,0.2975,-0.4025,1.0325,-0.6202,-0.0233,0.8051,-0.21,0.11,0.31,132840,127687,125959
43078124,-2.4325,-0.5075,0.8225,-0.6200,-0.0229,0.8040,-0.21,0.11,0.31,132833,127672,125957
43098632,-2.5200,-0.5250,0.6825,-0.6217,-0.0238,0.8046,-0.21,0.11,0.31,132821,127674,125944
43118164,-1.0500,-0.6650,0.5600,-0.6223,-0.0246,0.8054,-0.21,0.11,0.31,132824,127675,125951
43138672,-1.3125,-1.0150,0.2275,-0.6209,-0.0249,0.8050,-0.21,0.11,0.31,132826,127677,125974
43158204,-2.5200,-1.1375,0.0525,-0.6201,-0.0250,0.8042,-0.21,0.11,0.31,132832,127672,125976
43178712,-1.4350,-1.2600,0.0700,-0.6212,-0.0260,0.8048,-0.21,0.11,0.31,132828,127680,125955
43198240,0.8925,-1.5925,-0.1925,-0.6217,-0.0272,0.8056,-0.21,0.11,0.31,132827,127668,125952
43218752,2.0300,-1.9075,-0.3325,-0.6217,-0.0278,0.8057,-0.21,0.11,0.31,132827,127674,125944
43238280,1.3475,-2.1175,-0.5250,-0.6210,-0.0276,0.8050,-0.21,0.11,0.31,132839,127677,125974
43257812,-0.5950,-2.1350,-0.7000,-0.6205,-0.0272,0.8036,-0.21,0.11,0.31,132847,127676,125983
43278320,-0.5425,-2.0650,-0.8050,-0.6199,-0.0270,0.8026,-0.21,0.11,0.31,132841,127677,125964
43297852,-0.3850,-2.1000,-0.9100,-0.6187,-0.0270,0.8008,-0.21,0.11,0.31,132843,127662,125960
43318360,-0.0525,-1.8375,-0.9450,-0.6183,-0.0270,0.7991,-0.21,0.11,0.31,132846,127662,125955
43337888,0.4375,-1.5575,-0.9275,-0.6196,-0.0271,0.7981,-0.21,0.11,0.31,132860,127667,125961
43358400,0.8575,-1.2250,-1.0325,-0.6212,-0.0270,0.7976,-0.21,0.11,0.31,132862,127672,125968
43377928,0.6125,-1.1725,-1.2425,-0.6215,-0.0264,0.7965,-0.21,0.11,0.31,132867,127668,125947
43398436,-0.9625,-1.1375,-1.3125,-0.6204,-0.0257,0.7950,-0.21,0.11,0.31,132859,127665,125946
43417968,-0.9450,-1.0325,-1.3825,-0.6200,-0.0256,0.7941,-0.21,0.11,0.31,132861,127665,125951
43438476,0.9625,-0.9275,-1.2950,-0.6204,-0.0259,0.7942,-0.21,0.11,0.31,132867,127666,125947
43458008,3.0450,-0.7525,-1.1375,-0.6202,-0.0256,0.7947,-0.21,0.11,0.31,132876,127677,125956
43478516,1.4175,-0.4550,-0.9975,-0.6194,-0.0244,0.7942,-0.21,0.11,0.31,132870,127665,125946
43498048,-1.3125,-0.2800,-0.9625,-0.6176,-0.0221,0.7932,-0.21,0.11,0.31,132865,127669,125946
43518552,-1.6625,-0.2275,-0.8225,-0.6176,-0.0217,0.7937,-0.21,0.11,0.31,132868,127656,125950
43538084,0.0875,-0.2275,-0.7175,-0.6181,-0.0220,0.7948,-0.21,0.11,0.31,132868,127672,125960
43558592,2.1000,-0.3325,-0.5775,-0.6188,-0.0222,0.7959,-0.21,0.11,0.31,132876,127672,125968
43578124,2.1350,-0.4550,-0.5425,-0.6190,-0.0217,0.7964,-0.21,0.11,0.31,132880,127667,125951
43598632,-0.5600,-0.5600,-0.4725,-0.6184,-0.0200,0.7963,-0.21,0.11,0.31,132864,127658,125947
43618164,-1.2075,-0.5950,-0.3500,-0.6187,-0.0198,0.7967,-0.21,0.11,0.31,132864,127664,125950
43638672,0.1050,-0.6475,-0.2625,-0.6196,-0.0203,0.7979,-0.21,0.11,0.31,132880,127673,125948
43658204,1.8200,-0.6475,-0.1225,-0.6199,-0.0205,0.7990,-0.21,0.11,0.31,132878,127676,125965
43678712,1.2425,-0.7000,-0.0525,-0.6190,-0.0201,0.7991,-0.21,0.11,0.31,132873,127673,125956
43698240,-0.2625,-0.7875,0.0175,-0.6185,-0.0195,0.7989,-0.21,0.11,0.31,132863,127673,125938
43718752,-0.0175,-0.9450,0.1750,-0.6188,-0.0198,0.7996,-0.21,0.11,0.31,132879,127666,125944
43738280,1.3125,-1.1200,0.2625,-0.6190,-0.0201,0.8003,-0.21,0.11,0.31,132868,127670,125957
43757812,1.1550,-1.1725,0.2275,-0.6190,-0.0199,0.8007,-0.21,0.11,0.31,132877,127674,125968
43778320,-0.8400,-1.2425,0.2625,-0.6185,-0.0194,0.8003,-0.21,0.11,0.31,132878,127677,125956
43797852,-2.0300,-1.1900,0.1750,-0.6182,-0.0194,0.8002,-0.21,0.11,0.31,132863,127674,125952
43818360,-1.0675,-1.2425,0.1400,-0.6181,-0.0205,0.8007,-0.21,0.11,0.31,132872,127662,125942
43837888,1.6275,-1.3650,0.1575,-0.6176,-0.0222,0.8011,-0.21,0.11,0.31,132871,127677,125961
43858400,2.1875,-1.4175,0.0350,-0.6172,-0.0228,0.8008,-0.21,0.11,0.31,132879,127682,125949
43877928,2.0650,-1.4350,0.0350,-0.6173,-0.0229,0.8003,-0.21,0.11,0.31,132870,127683,125956
43898436,1.6450,-1.4350,0.0000,-0.6173,-0.0228,0.7998,-0.21,0.11,0.31,132867,127682,125931
43917968,0.2275,-1.4175,-0.0525,-0.6168,-0.0224,0.7989,-0.21,0.11,0.31,132863,127687,125951
43938476,-1.6625,-1.4000,-0.1050,-0.6160,-0.0222,0.7975,-0.21,0.11,0.31,132876,127674,125944
43968752,-0.6300,-1.2250,-0.2275,-0.6156,-0.0234,0.7959,-0.21,0.11,0.31,132870,127674,125955
43988280,0.4375,-1.0500,-0.3150,-0.6163,-0.0244,0.7956,-0.21,0.11,0.31,132877,127675,125961
44007812,0.5250,-0.8225,-0.4900,-0.6171,-0.0246,0.7947,-0.21,0.11,0.31,132876,127685,125961
44028320,-0.7000,-0.5600,-0.6825,-0.6173,-0.0246,0.7937,-0.21,0.11,0.31,132882,127671,125948
44047852,-1.3125,-0.3325,-0.8750,-0.6177,-0.0249,0.7929,-0.21,0.11,0.31,132873,127667,125954
44068360,0.0700,0.0350,-1.0675,-0.6173,-0.0256,0.7920,-0.21,0.11,0.31,132876,127657,125964
44087888,0.7350,0.2625,-1.0850,-0.6167,-0.0260,0.7912,-0.21,0.11,0.31,132875,127670,125978
44108400,1.5925,0.4550,-1.1200,-0.6165,-0.0261,0.7906,-0.21,0.11,0.31,132883,127663,125961
44127928,2.2575,0.7700,-1.1550,-0.6165,-0.0259,0.7902,-0.21,0.11,0.31,132870,127668,125963
44148436,2.1525,1.0325,-1.1550,-0.6171,-0.0255,0.7903,-0.21,0.11,0.31,132867,127678,125944
44167968,1.2075,1.2775,-1.2075,-0.6176,-0.0246,0.7904,-0.21,0.11,0.31,132870,127665,125951
44188476,-0.3675,1.3475,-1.2600,-0.6176,-0.0238,0.7903,-0.21,0.11,0.31,132872,127672,125960
44208008,-0.0175,1.2775,-1.1900,-0.6184,-0.0238,0.7909,-0.21,0.11,0.31,132873,127677,125977
44228516,2.2050,1.2075,-1.0150,-0.6198,-0.0242,0.7924,-0.21,0.11,0.31,132861,127668,125970
44248048,1.9075,1.0150,-0.9800,-0.6193,-0.0234,0.7926,-0.21,0.11,0.31,132859,127668,125942
44268552,-0.5425,0.9450,-0.9975,-0.6190,-0.0222,0.7925,-0.21,0.11,0.31,132854,127654,125958
44288084,-0.7700,0.9100,-0.7875,-0.6196,-0.0220,0.7935,-0.21,0.11,0.31,132863,127658,125976
44308592,0.2100,0.8050,-0.7875,-0.6204,-0.0222,0.7952,-0.21,0.11,0.31,132867,127656,125986
44328124,0.3150,0.7350,-0.7175,-0.6205,-0.0222,0.7959,-0.21,0.11,0.31,132853,127654,125971
44348632,-0.2800,0.4375,-0.7000,-0.6207,-0.0221,0.7965,-0.21,0.11,0.31,132854,127647,125956
44368164,0.0000,0.3675,-0.5775,-0.6215,-0.0223,0.7978,-0.21,0.11,0.31,132850,127653,125961
44388672,1.1550,0.1225,-0.5425,-0.6226,-0.0227,0.7991,-0.21,0.11,0.31,132854,127662,125973
44408204,0.4025,-0.3675,-0.5250,-0.6229,-0.0220,0.8002,-0.21,0.11,0.31,132855,127655,125987
44428712,-0.2975,-0.3850,-0.5250,-0.6234,-0.0214,0.8011,-0.21,0.11,0.31,132851,127653,125972
44448240,-0.6475,-0.5950,-0.4375,-0.6239,-0.0210,0.8020,-0.21,0.11,0.31,132850,127653,125954
44468752,-0.0525,-0.8225,-0.3150,-0.6238,-0.0207,0.8028,-0.21,0.11,0.31,132855,127654,125971
44488280,0.4200,-1.1900,-0.2275,-0.6238,-0.0204,0.8032,-0.21,0.11,0.31,132861,127656,125984
44507812,0.3850,-1.5050,-0.1575,-0.6234,-0.0199,0.8035,-0.21,0.11,0.31,132861,127652,125989
44528320,-0.5775,-1.8550,0.0350,-0.6224,-0.0190,0.8030,-0.21,0.11,0.31,132857,127670,125973
44547852,0.0350,-1.8725,0.2100,-0.6222,-0.0189,0.8029,-0.21,0.11,0.31,132850,127662,125957
44568360,0.8400,-1.8900,0.4550,-0.6220,-0.0190,0.8026,-0.21,0.11,0.31,132847,127652,125965
44587888,0.9100,-2.0125,0.5425,-0.6215,-0.0192,0.8020,-0.21,0.11,0.31,132863,127666,125976
44608400,0.2800,-1.9775,0.5425,-0.6213,-0.0193,0.8012,-0.21,0.11,0.31,132861,127684,125981
44627928,0.1050,-1.9775,0.5075,-0.6216,-0.0196,0.8004,-0.21,0.11,0.31,132860,127667,125969
44648436,0.5250,-2.0125,0.4550,-0.6221,-0.0207,0.7996,-0.21,0.11,0.31,132846,127657,125943
44667968,0.5250,-2.0825,0.4900,-0.6224,-0.0212,0.7989,-0.21,0.11,0.31,132845,127659,125961
44688476,0.3675,-1.9775,0.3675,-0.6228,-0.0220,0.7982,-0.21,0.11,0.31,132860,127670,125976
44708008,0.2625,-1.9250,0.2975,-0.6227,-0.0224,0.7975,-0.21,0.11,0.31,132861,127683,125990
44728516,-0.1575,-1.8550,0.1925,-0.6223,-0.0228,0.7967,-0.21,0.11,0.31,132863,127669,125972
44748048,-0.4375,-1.8200,0.1050,-0.6220,-0.0232,0.7958,-0.21,0.11,0.31,132860,127671,125951
44768552,-0.1050,-1.7325,-0.0175,-0.6212,-0.0239,0.7945,-0.21,0.11,0.31,132858,127670,125960
44788084,0.2975,-1.4700,0.0175,-0.6205,-0.0242,0.7935,-0.21,0.11,0.31,132859,127678,125986
44808592,0.8925,-1.2600,0.0000,-0.6204,-0.0243,0.7930,-0.21,0.11,0.31,132868,127680,125978
44828124,1.0850,-1.0325,0.0525,-0.6202,-0.0242,0.7923,-0.21,0.11,0.31,132858,127684,125957
44848632,0.4200,-0.9100,0.0000,-0.6202,-0.0237,0.7917,-0.21,0.11,0.31,132849,127672,125944
44868164,-0.1575,-0.6475,0.0875,-0.6205,-0.0233,0.7910,-0.21,0.11,0.31,132859,127682,125949
44888672,0.0525,-0.5425,0.0700,-0.6206,-0.0232,0.7909,-0.21,0.11,0.31,132857,127678,125973
44908204,0.0525,-0.4025,0.0875,-0.6206,-0.0229,0.7909,-0.21,0.11,0.31,132855,127679,125985
44928712,-0.7350,-0.3675,0.0350,-0.6201,-0.0224,0.7908,-0.21,0.11,0.31,132849,127682,125963
44948240,-1.2250,-0.3150,-0.0350,-0.6193,-0.0224,0.7906,-0.21,0.11,0.31,132839,127678,125952
44978516,-0.2975,-0.0700,-0.1050,-0.6183,-0.0231,0.7913,-0.21,0.11,0.31,132843,127670,125957
44998048,0.4375,0.0525,-0.1225,-0.6184,-0.0234,0.7921,-0.21,0.11,0.31,132838,127675,125956
45018552,1.0500,-0.0525,-0.1575,-0.6184,-0.0239,0.7932,-0.21,0.11,0.31,132838,127673,125959
45038084,1.7325,-0.0875,-0.1750,-0.6187,-0.0244,0.7943,-0.21,0.11,0.31,132845,127677,125982
45058592,1.5925,-0.2975,-0.1925,-0.6189,-0.0244,0.7952,-0.21,0.11,0.31,132844,127681,125974
45078124,1.3125,-0.4025,-0.3325,-0.6200,-0.0245,0.7965,-0.21,0.11,0.31,132845,127673,125966
45098632,1.2775,-0.5950,-0.3500,-0.6209,-0.0249,0.7984,-0.21,0.11,0.31,132833,127681,125959
45118164,0.7525,-0.8750,-0.4725,-0.6202,-0.0249,0.7990,-0.21,0.11,0.31,132833,127677,125953
45138672,0.3150,-1.0150,-0.5425,-0.6190,-0.0250,0.7992,-0.21,0.11,0.31,132840,127683,125964
45158204,0.0350,-1.1025,-0.6125,-0.6173,-0.0256,0.7991,-0.21,0.11,0.31,132844,127680,125968
45178712,0.7175,-1.0850,-0.5950,-0.6166,-0.0264,0.7996,-0.21,0.11,0.31,132845,127683,125951
45198240,2.5550,-1.1025,-0.7175,-0.6168,-0.0273,0.8006,-0.21,0.11,0.31,132834,127690,125942
45218752,2.9750,-1.2950,-0.9275,-0.6174,-0.0278,0.8009,-0.21,0.11,0.31,132846,127695,125945
45238280,1.1375,-1.3825,-1.0325,-0.6179,-0.0273,0.8007,-0.21,0.11,0.31,132856,127698,125955
45257812,-0.1925,-1.5575,-1.1375,-0.6193,-0.0270,0.8007,-0.21,0.11,0.31,132858,127695,125958
45278320,0.2625,-1.6450,-1.1725,-0.6206,-0.0270,0.8009,-0.21,0.11,0.31,132864,127695,125948
45297852,2.1350,-1.7675,-1.0675,-0.6222,-0.0266,0.8014,-0.21,0.11,0.31,132860,127708,125926
45318360,2.6425,-2.0125,-0.8575,-0.6237,-0.0253,0.8014,-0.21,0.11,0.31,132857,127710,125936
45337888,0.0525,-2.2050,-0.6300,-0.6246,-0.0206,0.7996,-0.21,0.11,0.31,132875,127709,125935
45358400,-2.9575,-2.1875,-0.2625,-0.6246,-0.0171,0.7980,-0.21,0.11,0.31,132875,127701,125951
45377928,-4.6550,-2.1700,0.1225,-0.6240,-0.0142,0.7965,-0.21,0.11,0.31,132877,127700,125952
45398436,-4.3750,-2.1350,0.6300,-0.6226,-0.0120,0.7952,-0.21,0.11,0.31,132877,127676,125952
45417968,-3.4825,-1.9600,1.1375,-0.6204,-0.0102,0.7940,-0.21,0.11,0.31,132876,127680,125952
45438476,-3.0100,-1.3300,1.7325,-0.6163,-0.0083,0.7924,-0.21,0.11,0.31,132876,127687,125977
45458008,-3.1500,-0.8750,2.0650,-0.6135,-0.0079,0.7915,-0.21,0.11,0.31,132873,127673,125985
45478516,-2.3275,-0.4900,2.2050,-0.6110,-0.0088,0.7913,-0.21,0.11,0.31,132862,127670,125968
45498048,-0.4200,-0.3150,2.1875,-0.6090,-0.0110,0.7919,-0.21,0.11,0.31,132847,127672,125965
45518552,1.8200,-0.2275,2.1350,-0.6087,-0.0139,0.7931,-0.21,0.11,0.31,132838,127685,125969
45538084,3.7450,-0.2625,1.7675,-0.6094,-0.0171,0.7948,-0.21,0.11,0.31,132843,127692,125942
45558592,4.4800,-0.6300,1.1900,-0.6117,-0.0212,0.7974,-0.21,0.11,0.31,132834,127706,125949
45578124,3.4125,-0.8750,0.7000,-0.6137,-0.0237,0.7991,-0.21,0.11,0.31,132831,127704,125939
45598632,2.0650,-1.1025,0.1925,-0.6156,-0.0257,0.8008,-0.20,0.11,0.31,132831,127714,125941
45618164,1.2950,-1.3825,-0.2800,-0.6171,-0.0279,0.8024,-0.20,0.11,0.31,132832,127717,125930
45638672,1.8200,-1.4700,-0.6475,-0.6185,-0.0300,0.8040,-0.20,0.11,0.31,132844,127725,125945
45658204,2.4850,-1.7150,-0.9450,-0.6199,-0.0315,0.8051,-0.20,0.11,0.31,132849,127725,125950
45678712,1.4875,-1.9250,-1.1725,-0.6199,-0.0320,0.8047,-0.20,0.11,0.31,132853,127729,125937
45698240,0.0700,-2.0125,-1.1900,-0.6194,-0.0312,0.8036,-0.20,0.11,0.31,132850,127724,125915
45718752,-0.3325,-2.0125,-1.1375,-0.6198,-0.0303,0.8026,-0.20,0.11,0.31,132857,127719,125919
45738280,-0.3150,-1.9075,-0.9975,-0.6201,-0.0285,0.8018,-0.21,0.11,0.31,132862,127707,125925
45757812,-1.4525,-1.8900,-0.7175,-0.6198,-0.0261,0.8000,-0.20,0.11,0.31,132873,127724,125944
45778320,-4.6725,-1.6275,-0.3500,-0.6187,-0.0232,0.7976,-0.20,0.11,0.31,132872,127715,125925
45797852,-5.8625,-1.3125,-0.0350,-0.6163,-0.0194,0.7947,-0.21,0.11,0.31,132872,127693,125935
45818360,-5.6525,-0.9975,0.2450,-0.6139,-0.0179,0.7931,-0.21,0.11,0.31,132873,127685,125959
45837888,-3.8850,-0.5600,0.5775,-0.6115,-0.0173,0.7923,-0.21,0.11,0.31,132879,127675,125977
45858400,-1.4350,-0.1575,0.8400,-0.6098,-0.0172,0.7921,-0.21,0.11,0.31,132875,127686,125983
45877928,0.1575,0.1925,0.8400,-0.6088,-0.0172,0.7924,-0.21,0.11,0.31,132870,127689,125972
45898436,0.3325,0.5075,0.8050,-0.6088,-0.0172,0.7935,-0.21,0.11,0.31,132855,127679,125956
45917968,0.0350,0.5600,0.6300,-0.6098,-0.0173,0.7947,-0.21,0.11,0.31,132852,127676,125963
45938476,-0.4025,0.4900,0.4025,-0.6109,-0.0181,0.7961,-0.21,0.11,0.31,132856,127678,125986
45958008,-0.0525,0.4025,0.1750,-0.6121,-0.0193,0.7976,-0.21,0.11,0.31,132855,127688,125988
45988280,2.1175,0.1225,-0.1225,-0.6141,-0.0216,0.8004,-0.21,0.11,0.31,132847,127681,125985
46007812,2.3450,-0.0875,-0.4200,-0.6148,-0.0226,0.8015,-0.21,0.11,0.31,132854,127683,125974
46028320,1.2250,-0.3675,-0.5950,-0.6149,-0.0234,0.8028,-0.21,0.11,0.31,132843,127692,125970
46047852,1.4525,-0.4375,-0.7350,-0.6148,-0.0243,0.8035,-0.21,0.11,0.31,132835,127682,125960
46068360,2.2925,-0.6475,-0.8050,-0.6149,-0.0251,0.8043,-0.21,0.11,0.31,132840,127692,125952
46087888,2.8350,-0.8750,-0.9100,-0.6151,-0.0256,0.8047,-0.21,0.11,0.31,132850,127694,125962
46108400,2.1175,-1.0500,-0.9100,-0.6156,-0.0254,0.8047,-0.21,0.11,0.31,132853,127712,125967
46127928,-0.8575,-1.2775,-0.9625,-0.6155,-0.0246,0.8042,-0.21,0.11,0.31,132855,127696,125962
46148436,-1.9775,-1.2600,-0.9450,-0.6148,-0.0239,0.8035,-0.21,0.11,0.31,132847,127684,125944
46167968,-1.5750,-1.0675,-0.8225,-0.6143,-0.0244,0.8032,-0.21,0.11,0.31,132855,127683,125961
46188476,0.0000,-1.1725,-0.7350,-0.6137,-0.0249,0.8030,-0.21,0.11,0.31,132863,127690,125960
46208008,0.9275,-1.0850,-0.6475,-0.6133,-0.0249,0.8024,-0.21,0.11,0.31,132869,127682,125963
46228516,0.6125,-1.1375,-0.6475,-0.6134,-0.0243,0.8018,-0.21,0.11,0.31,132864,127673,125956
46248048,-1.1725,-1.0150,-0.5600,-0.6146,-0.0231,0.8011,-0.21,0.11,0.31,132855,127680,125952
46268552,-1.9600,-1.0675,-0.5075,-0.6150,-0.0223,0.8008,-0.21,0.11,0.31,132866,127684,125960
46288084,-2.1350,-0.9450,-0.4025,-0.6149,-0.0220,0.8004,-0.21,0.11,0.31,132869,127670,125976
46308592,-1.4350,-0.8750,-0.3850,-0.6144,-0.0217,0.8002,-0.21,0.11,0.31,132873,127671,125982
46328124,-0.4900,-0.8050,-0.2275,-0.6139,-0.0216,0.8001,-0.21,0.11,0.31,132868,127669,125977
46348632,0.5775,-0.6475,-0.0175,-0.6138,-0.0217,0.8001,-0.21,0.11,0.31,132866,127668,125957
46368164,1.4350,-0.5425,0.1225,-0.6143,-0.0214,0.7997,-0.21,0.11,0.31,132867,127661,125972
46388672,0.8750,-0.5600,0.0350,-0.6148,-0.0207,0.7991,-0.21,0.11,0.31,132867,127691,125985
46408204,-0.2800,-0.4550,0.1050,-0.6151,-0.0203,0.7989,-0.21,0.11,0.31,132861,127680,125970
46428712,-1.0500,-0.2625,0.0525,-0.6152,-0.0200,0.7986,-0.21,0.11,0.31,132861,127669,125974
46448240,-0.8750,-0.2100,0.1225,-0.6149,-0.0203,0.7986,-0.21,0.11,0.31,132858,127679,125974
46468752,0.8400,-0.1750,0.1575,-0.6143,-0.0217,0.7987,-0.21,0.11,0.31,132853,127678,125978
46488280,1.7500,-0.1575,0.1575,-0.6140,-0.0224,0.7987,-0.21,0.11,0.31,132859,127680,125986
46507812,2.3450,-0.2975,0.0525,-0.6139,-0.0231,0.7987,-0.21,0.11,0.31,132853,127692,125978
46528320,2.3275,-0.1925,0.0525,-0.6138,-0.0235,0.7987,-0.21,0.11,0.31,132848,127694,125957
46547852,2.1350,-0.2450,-0.0175,-0.6146,-0.0240,0.7989,-0.21,0.11,0.31,132842,127690,125949
46568360,1.8550,-0.4200,-0.0175,-0.6151,-0.0243,0.7991,-0.21,0.11,0.31,132838,127690,125960
46587888,0.5075,-0.5075,-0.1575,-0.6154,-0.0243,0.7991,-0.21,0.11,0.31,132852,127692,125975
46608400,-0.4900,-0.6825,-0.1050,-0.6160,-0.0242,0.7991,-0.21,0.11,0.31,132857,127692,125962
46627928,-1.0850,-0.7000,-0.1575,-0.6163,-0.0242,0.7991,-0.21,0.11,0.31,132854,127675,125969
46648436,-1.5050,-0.6650,-0.1750,-0.6166,-0.0242,0.7993,-0.21,0.11,0.31,132841,127691,125959
46667968,-1.6450,-0.7000,-0.2275,-0.6168,-0.0242,0.7993,-0.21,0.11,0.31,132858,127675,125961
46688476,-1.7325,-0.6825,-0.1925,-0.6170,-0.0240,0.7996,-0.21,0.11,0.31,132856,127671,125985
46708008,-2.5375,-0.6475,-0.3850,-0.6161,-0.0234,0.7992,-0.21,0.11,0.31,132856,127660,126002
46728516,-2.4150,-0.5775,-0.4025,-0.6150,-0.0234,0.7989,-0.21,0.11,0.31,132852,127662,125981
46748048,-1.3475,-0.6650,-0.5075,-0.6140,-0.0237,0.7989,-0.21,0.11,0.31,132853,127658,125973
46768552,-0.1750,-0.4025,-0.4725,-0.6127,-0.0242,0.7990,-0.21,0.11,0.31,132848,127654,125986
46788084,0.6125,-0.3150,-0.5250,-0.6118,-0.0245,0.7991,-0.21,0.11,0.31,132851,127650,125999
46808592,1.1900,-0.1750,-0.6650,-0.6115,-0.0249,0.7995,-0.21,0.11,0.31,132860,127663,125993
46828124,1.7850,0.0000,-0.7700,-0.6120,-0.0254,0.8004,-0.21,0.11,0.31,132853,127651,125987
46848632,1.6100,-0.0875,-0.9100,-0.6129,-0.0256,0.8011,-0.21,0.11,0.31,132842,127654,125978
46868164,1.3125,-0.2800,-1.0850,-0.6139,-0.0259,0.8015,-0.21,0.11,0.31,132843,127659,125980
46888672,1.0325,-0.4725,-1.1550,-0.6151,-0.0261,0.8023,-0.21,0.11,0.31,132857,127667,125993
46908204,1.0675,-0.7000,-1.1725,-0.6160,-0.0261,0.8030,-0.21,0.11,0.31,132857,127661,125987
46928712,0.9625,-0.8750,-1.1725,-0.6163,-0.0256,0.8035,-0.21,0.11,0.31,132862,127664,125981
46948240,0.0175,-1.0325,-1.1025,-0.6161,-0.0250,0.8032,-0.21,0.11,0.31,132853,127656,125958
46988280,-0.3150,-1.1200,-0.8400,-0.6160,-0.0240,0.8030,-0.21,0.11,0.31,132862,127658,125986
47006836,-0.8750,-1.1900,-0.7000,-0.6151,-0.0234,0.8023,-0.21,0.11,0.31,132874,127663,125995
47027344,-1.2425,-1.2425,-0.5775,-0.6144,-0.0232,0.8015,-0.21,0.11,0.31,132871,127651,125980
47046876,-0.7525,-1.3125,-0.4200,-0.6144,-0.0231,0.8011,-0.21,0.11,0.31,132866,127651,125972
47067384,-0.0875,-1.1025,-0.2800,-0.6150,-0.0229,0.8007,-0.21,0.11,0.31,132866,127637,125975
47086912,-0.5075,-0.9100,-0.1750,-0.6154,-0.0226,0.8003,-0.21,0.11,0.31,132865,127645,125982
47107420,-1.6625,-0.8575,-0.1575,-0.6154,-0.0220,0.8000,-0.21,0.11,0.31,132874,127640,125997
47126952,-2.1875,-0.7700,-0.0875,-0.6152,-0.0220,0.7995,-0.21,0.11,0.31,132869,127637,125993
47147460,-1.2425,-0.7350,-0.0350,-0.6150,-0.0227,0.7992,-0.21,0.11,0.31,132857,127641,125972
47166992,0.2100,-0.7875,0.0175,-0.6146,-0.0238,0.7992,-0.21,0.11,0.31,132862,127634,125978
47187500,1.9250,-0.7350,0.0175,-0.6146,-0.0248,0.7991,-0.21,0.11,0.31,132867,127645,125993
47207032,1.9425,-0.7175,0.0700,-0.6150,-0.0251,0.7991,-0.21,0.11,0.31,132866,127635,125995
47227540,1.2075,-0.6825,0.0525,-0.6152,-0.0251,0.7989,-0.21,0.11,0.31,132862,127647,125980
47247072,0.1400,-0.7525,0.0700,-0.6157,-0.0254,0.7986,-0.21,0.11,0.31,132853,127647,125967
47267576,-0.6825,-0.6825,-0.0175,-0.6162,-0.0257,0.7985,-0.21,0.11,0.31,132862,127648,125984
47287108,-0.2100,-0.5600,-0.0525,-0.6168,-0.0265,0.7987,-0.21,0.11,0.31,132859,127651,125993
47307616,0.6300,-0.6125,-0.0700,-0.6173,-0.0278,0.7992,-0.21,0.11,0.31,132866,127648,126007
47327148,0.6825,-0.5950,-0.1400,-0.6172,-0.0283,0.7992,-0.21,0.11,0.31,132866,127655,125980
47347656,0.2275,-0.6650,-0.1925,-0.6171,-0.0283,0.7989,-0.21,0.11,0.31,132859,127641,125951
47367188,-0.1225,-0.6125,-0.3150,-0.6167,-0.0284,0.7989,-0.21,0.11,0.31,132854,127647,125972
47387696,0.2800,-0.6825,-0.2450,-0.6165,-0.0288,0.7991,-0.21,0.11,0.31,132863,127647,125993
47407224,0.7000,-0.6650,-0.3675,-0.6156,-0.0288,0.7993,-0.21,0.11,0.31,132866,127657,125995
47427736,0.6300,-0.7350,-0.3675,-0.6150,-0.0288,0.7993,-0.21,0.11,0.31,132875,127653,125980
47447264,0.9275,-0.6475,-0.3675,-0.6149,-0.0289,0.7998,-0.21,0.11,0.31,132862,127645,125967
47466796,1.4700,-0.7525,-0.3500,-0.6151,-0.0288,0.8003,-0.21,0.11,0.31,132856,127663,125977
47487304,1.1725,-0.7000,-0.3850,-0.6154,-0.0287,0.8007,-0.21,0.11,0.31,132870,127651,125985
47506836,0.2100,-0.8225,-0.4550,-0.6152,-0.0282,0.8006,-0.21,0.11,0.31,132873,127660,125994
47527344,0.5775,-0.8400,-0.3850,-0.6156,-0.0282,0.8012,-0.21,0.11,0.31,132870,127659,125982
47546876,1.5225,-0.9625,-0.3325,-0.6159,-0.0283,0.8018,-0.21,0.11,0.31,132863,127655,125977
47567384,1.9250,-1.0325,-0.3150,-0.6161,-0.0279,0.8023,-0.21,0.11,0.31,132870,127655,125972
47586912,1.1550,-1.1550,-0.3150,-0.6159,-0.0271,0.8022,-0.21,0.11,0.31,132864,127664,125976
47607420,-0.3325,-1.2075,-0.3325,-0.6157,-0.0262,0.8020,-0.21,0.11,0.31,132878,127664,125986
47626952,-0.7525,-1.2775,-0.2450,-0.6159,-0.0257,0.8023,-0.21,0.11,0.31,132874,127660,125970
47647460,0.6300,-1.2775,-0.2275,-0.6160,-0.0255,0.8028,-0.21,0.11,0.31,132869,127651,125964
47666992,1.3475,-1.3475,-0.1050,-0.6159,-0.0253,0.8026,-0.21,0.11,0.31,132869,127654,125960
47687500,1.1375,-1.3650,0.0350,-0.6154,-0.0246,0.8020,-0.21,0.11,0.31,132882,127667,125990
47707032,0.7000,-1.4000,0.0525,-0.6149,-0.0239,0.8017,-0.21,0.11,0.31,132881,127670,125986
47727540,0.5600,-1.4000,0.1925,-0.6146,-0.0233,0.8013,-0.21,0.11,0.31,132882,127666,125973
47747072,0.4375,-1.1900,0.2450,-0.6146,-0.0227,0.8013,-0.21,0.11,0.31,132872,127654,125965
47767576,-0.4725,-1.1550,0.2975,-0.6143,-0.0217,0.8006,-0.21,0.11,0.31,132867,127659,125985
47787108,-1.4000,-1.0850,0.3325,-0.6137,-0.0212,0.7998,-0.21,0.11,0.31,132877,127661,125980
47807616,-1.4875,-1.0500,0.4025,-0.6128,-0.0211,0.7991,-0.21,0.11,0.31,132883,127652,125981
47827148,-1.0850,-0.9975,0.3150,-0.6117,-0.0215,0.7985,-0.21,0.11,0.31,132873,127660,125960
47847656,-0.7525,-0.9625,0.2975,-0.6110,-0.0220,0.7982,-0.21,0.11,0.31,132874,127640,125947
47867188,-0.1050,-0.7350,0.2275,-0.6107,-0.0229,0.7982,-0.21,0.11,0.31,132868,127644,125976
47887696,-0.2275,-0.6825,0.1400,-0.6107,-0.0235,0.7982,-0.21,0.11,0.31,132878,127650,125989
47907224,-0.6475,-0.5425,-0.0175,-0.6105,-0.0243,0.7982,-0.21,0.11,0.31,132873,127660,125991
47927736,-0.9625,-0.4025,-0.2100,-0.6102,-0.0254,0.7984,-0.21,0.11,0.31,132873,127662,125991
47947264,-0.5075,-0.3325,-0.4200,-0.6104,-0.0266,0.7987,-0.21,0.11,0.31,132863,127649,125974
47966796,0.9450,-0.2450,-0.6125,-0.6109,-0.0282,0.7993,-0.21,0.11,0.31,132865,127645,125964
47997072,0.7175,-0.2800,-1.0325,-0.6117,-0.0296,0.8001,-0.21,0.11,0.31,132869,127653,125980
48017576,-1.4175,-0.2275,-1.3475,-0.6117,-0.0298,0.8000,-0.21,0.11,0.31,132871,127642,125981
48037108,-2.4325,-0.2625,-1.6450,-0.6116,-0.0306,0.8002,-0.21,0.11,0.31,132877,127628,125997
48057616,-1.2775,-0.1925,-1.8375,-0.6111,-0.0321,0.8007,-0.21,0.11,0.31,132878,127639,125998
48077148,1.2950,-0.2800,-2.0125,-0.6107,-0.0337,0.8015,-0.21,0.11,0.31,132884,127638,125981
48097656,3.3600,-0.2800,-2.2225,-0.6116,-0.0343,0.8025,-0.21,0.11,0.31,132882,127639,125980
48117188,1.6975,-0.5075,-2.3100,-0.6123,-0.0331,0.8026,-0.21,0.11,0.31,132883,127637,125980
48137696,-1.0500,-0.5950,-2.4325,-0.6129,-0.0312,0.8024,-0.21,0.11,0.31,132900,127627,126003
48157224,-2.7825,-0.7000,-2.3100,-0.6137,-0.0298,0.8024,-0.21,0.11,0.31,132898,127626,125999
48177736,-2.9575,-0.8400,-2.1175,-0.6144,-0.0288,0.8026,-0.21,0.11,0.31,132897,127619,126006
48197264,-2.5200,-0.9450,-1.9775,-0.6148,-0.0278,0.8025,-0.21,0.11,0.31,132900,127607,125996
48216796,-2.0125,-0.8050,-1.6800,-0.6146,-0.0264,0.8018,-0.21,0.11,0.31,132910,127594,126002
48237304,-1.9075,-0.7175,-1.4875,-0.6144,-0.0253,0.8008,-0.21,0.11,0.31,132917,127610,126023
48256836,-1.8025,-0.7350,-1.2775,-0.6140,-0.0244,0.8001,-0.21,0.11,0.31,132917,127598,126023
48277344,-1.7325,-0.5075,-1.0850,-0.6134,-0.0239,0.7993,-0.21,0.11,0.31,132913,127595,126022
48296876,-1.3300,-0.2975,-0.9450,-0.6132,-0.0238,0.7987,-0.21,0.11,0.31,132904,127583,126017
48317384,0.5950,-0.1750,-0.6650,-0.6131,-0.0239,0.7986,-0.21,0.11,0.31,132905,127602,126015
48336912,0.6300,-0.1050,-0.5075,-0.6124,-0.0238,0.7981,-0.21,0.11,0.31,132913,127597,126022
48357420,-0.5600,0.0000,-0.3150,-0.6123,-0.0237,0.7976,-0.21,0.11,0.31,132913,127602,126015
48376952,-1.4875,0.0700,-0.1925,-0.6124,-0.0239,0.7974,-0.21,0.11,0.31,132901,127598,126020
48397460,-1.5400,-0.0350,-0.1400,-0.6127,-0.0246,0.7976,-0.21,0.11,0.31,132899,127574,126015
48416992,-1.5925,-0.0350,-0.0875,-0.6134,-0.0254,0.7982,-0.21,0.11,0.31,132895,127581,126019
48437500,-2.4500,-0.0875,-0.2100,-0.6141,-0.0267,0.7991,-0.21,0.11,0.31,132900,127578,126052
48457032,-2.8700,-0.0700,-0.1750,-0.6141,-0.0278,0.7996,-0.21,0.11,0.31,132904,127578,126052
48477540,-2.4150,-0.2625,-0.1750,-0.6140,-0.0294,0.8003,-0.21,0.11,0.31,132890,127564,126047
48497072,-1.2950,-0.4200,-0.2975,-0.6140,-0.0311,0.8011,-0.21,0.11,0.31,132882,127561,126038
48517576,-0.4375,-0.5950,-0.2800,-0.6144,-0.0323,0.8017,-0.21,0.11,0.31,132883,127565,126035
48537108,-0.7350,-0.6825,-0.3325,-0.6146,-0.0333,0.8023,-0.21,0.11,0.31,132891,127563,126058
48557616,-2.2400,-0.8925,-0.4025,-0.6145,-0.0344,0.8024,-0.21,0.11,0.31,132893,127560,126060
48577148,-2.6600,-0.9975,-0.4375,-0.6144,-0.0356,0.8028,-0.22,0.11,0.31,132886,127547,126046
48597656,-2.3800,-1.1025,-0.4375,-0.6144,-0.0368,0.8032,-0.22,0.11,0.31,132875,127549,126051
48617188,-2.1700,-1.1200,-0.5075,-0.6141,-0.0383,0.8037,-0.22,0.11,0.31,132883,127546,126057
48637696,-1.9425,-1.1900,-0.5425,-0.6141,-0.0397,0.8042,-0.22,0.11,0.31,132894,127549,126066
48657224,-1.9950,-1.2600,-0.6300,-0.6140,-0.0407,0.8047,-0.21,0.11,0.30,132892,127550,126078
48677736,-2.6775,-1.5050,-0.7525,-0.6141,-0.0422,0.8048,-0.22,0.11,0.31,132889,127542,126073
48697264,-2.7300,-1.6625,-0.8050,-0.6144,-0.0434,0.8050,-0.22,0.11,0.30,132887,127523,126080
48716796,-2.5375,-1.9075,-0.9100,-0.6144,-0.0447,0.8051,-0.22,0.11,0.30,132888,127516,126078
48737304,-2.0125,-1.9950,-1.0150,-0.6144,-0.0459,0.8052,-0.22,0.11,0.30,132902,127525,126095
48756836,-1.2425,-2.1000,-1.0325,-0.6144,-0.0471,0.8051,-0.22,0.11,0.30,132906,127526,126096
48777344,-1.1025,-2.2575,-1.0850,-0.6145,-0.0479,0.8047,-0.22,0.11,0.30,132900,127530,126078
48796876,-1.7675,-2.2575,-1.1375,-0.6145,-0.0487,0.8040,-0.22,0.11,0.30,132900,127516,126078
48817384,-1.9775,-2.3800,-1.1375,-0.6148,-0.0493,0.8037,-0.22,0.11,0.30,132911,127509,126093
48836912,-1.8375,-2.2050,-1.1025,-0.6150,-0.0500,0.8035,-0.22,0.11,0.30,132920,127502,126089
48857420,-1.9250,-2.1000,-1.1025,-0.6150,-0.0506,0.8029,-0.22,0.11,0.30,132925,127506,126099
48876952,-1.8550,-1.9950,-1.1375,-0.6149,-0.0512,0.8025,-0.22,0.11,0.30,132920,127503,126103
48897460,-0.9975,-1.9075,-1.1375,-0.6144,-0.0525,0.8020,-0.22,0.11,0.30,132916,127494,126089
48916992,-0.3325,-1.8375,-1.0850,-0.6138,-0.0531,0.8017,-0.22,0.11,0.30,132924,127499,126103
48937500,0.1400,-1.8025,-1.0850,-0.6135,-0.0537,0.8015,-0.22,0.11,0.30,132931,127501,126103
48957032,0.1225,-1.6975,-1.0325,-0.6133,-0.0540,0.8011,-0.22,0.11,0.30,132941,127500,126115
48977540,-0.1925,-1.6625,-0.9450,-0.6131,-0.0543,0.8006,-0.22,0.11,0.30,132934,127502,126097
49007812,0.5950,-1.3475,-0.9450,-0.6121,-0.0554,0.8006,-0.22,0.11,0.30,132945,127498,126104
49028320,1.9250,-1.2950,-0.8225,-0.6124,-0.0561,0.8012,-0.22,0.11,0.30,132935,127501,126100
49047852,2.2400,-1.2600,-0.7525,-0.6132,-0.0561,0.8018,-0.22,0.11,0.30,132940,127494,126076
49068360,1.2600,-1.2425,-0.7000,-0.6137,-0.0556,0.8019,-0.22,0.11,0.30,132946,127500,126086
49087888,-0.2450,-1.1900,-0.6300,-0.6139,-0.0549,0.8022,-0.22,0.11,0.30,132952,127505,126100
49108400,-0.8050,-1.1025,-0.4900,-0.6137,-0.0543,0.8024,-0.22,0.11,0.30,132953,127499,126101
49127928,0.1925,-1.1725,-0.2450,-0.6127,-0.0539,0.8031,-0.22,0.11,0.30,132943,127501,126098
49148436,0.8575,-1.2775,0.0000,-0.6116,-0.0534,0.8031,-0.22,0.11,0.31,132941,127499,126072
49167968,1.0150,-1.2075,0.2450,-0.6110,-0.0529,0.8031,-0.22,0.11,0.30,132946,127510,126086
49188476,0.6825,-1.3825,0.3850,-0.6105,-0.0522,0.8032,-0.22,0.11,0.30,132948,127514,126096
49208008,0.0350,-1.3125,0.6125,-0.6100,-0.0515,0.8032,-0.22,0.11,0.30,132948,127524,126094
49228516,-0.7525,-1.1550,0.8750,-0.6091,-0.0509,0.8035,-0.22,0.11,0.31,132938,127516,126073
49248048,-0.2275,-1.1200,1.1025,-0.6088,-0.0510,0.8037,-0.22,0.11,0.31,132935,127505,126074
49268552,0.7000,-1.0150,1.2250,-0.6088,-0.0514,0.8041,-0.22,0.11,0.30,132936,127516,126078
49288084,1.4175,-1.0675,1.4350,-0.6093,-0.0515,0.8046,-0.22,0.11,0.30,132941,127520,126091
49308592,0.7700,-1.1375,1.3650,-0.6096,-0.0509,0.8047,-0.22,0.11,0.30,132932,127524,126083
49328124,-1.1550,-1.1900,1.4350,-0.6098,-0.0500,0.8043,-0.22,0.11,0.31,132928,127512,126070
49348632,-2.7825,-1.2250,1.5050,-0.6095,-0.0497,0.8041,-0.22,0.11,0.30,132919,127504,126078
49368164,-2.0825,-1.2250,1.5400,-0.6082,-0.0501,0.8039,-0.22,0.11,0.30,132922,127509,126095
49388672,-0.4900,-1.2075,1.6275,-0.6063,-0.0510,0.8039,-0.22,0.11,0.30,132931,127507,126103
49408204,0.7175,-1.1025,1.6100,-0.6048,-0.0519,0.8037,-0.22,0.11,0.30,132920,127525,126103
49428712,1.0675,-1.0675,1.5750,-0.6038,-0.0525,0.8037,-0.22,0.11,0.30,132908,127528,126081
49448240,0.5075,-0.9625,1.3475,-0.6033,-0.0528,0.8040,-0.22,0.11,0.31,132902,127511,126064
49468752,-0.9275,-0.9100,0.9975,-0.6030,-0.0536,0.8045,-0.22,0.11,0.30,132908,127517,126087
49488280,-1.1725,-0.8925,0.6825,-0.6034,-0.0548,0.8051,-0.22,0.11,0.30,132910,127518,126099
49507812,-0.2450,-0.9100,0.5075,-0.6037,-0.0566,0.8057,-0.22,0.11,0.30,132912,127511,126100
49528320,1.5400,-0.9975,0.1750,-0.6040,-0.0587,0.8063,-0.22,0.11,0.31,132900,127519,126074
49547852,3.2900,-1.2775,-0.0350,-0.6049,-0.0604,0.8072,-0.22,0.11,0.30,132900,127530,126083
49568360,3.7975,-1.2950,-0.3850,-0.6060,-0.0614,0.8079,-0.22,0.11,0.30,132904,127538,126083
49587888,1.7325,-1.3300,-0.8575,-0.6071,-0.0614,0.8083,-0.22,0.11,0.31,132917,127543,126072
49608400,0.2975,-1.4000,-1.1200,-0.6076,-0.0612,0.8086,-0.22,0.11,0.30,132919,127538,126086
49627928,-0.1050,-1.3300,-1.3475,-0.6080,-0.0611,0.8087,-0.22,0.11,0.30,132912,127537,126077
49648436,0.0175,-1.3300,-1.5050,-0.6077,-0.0610,0.8085,-0.22,0.11,0.30,132922,127526,126078
49667968,0.8400,-1.2775,-1.5575,-0.6068,-0.0608,0.8079,-0.22,0.11,0.31,132933,127531,126072
49688476,2.2050,-1.2250,-1.5400,-0.6066,-0.0597,0.8072,-0.22,0.11,0.30,132937,127532,126083
49708008,2.6775,-1.1725,-1.4350,-0.6068,-0.0581,0.8067,-0.22,0.11,0.31,132946,127535,126061
49728516,1.3475,-1.1375,-1.2775,-0.6071,-0.0556,0.8062,-0.22,0.11,0.31,132940,127535,126056
49748048,-1.1725,-0.9800,-1.0850,-0.6068,-0.0528,0.8050,-0.22,0.11,0.31,132938,127522,126044
49768552,-3.3950,-0.8400,-0.9275,-0.6060,-0.0503,0.8037,-0.22,0.11,0.30,132951,127512,126084
49788084,-3.3950,-0.5950,-0.5600,-0.6046,-0.0488,0.8029,-0.22,0.12,0.30,132957,127514,126083
49808592,-0.9975,-0.2975,-0.2800,-0.6024,-0.0479,0.8023,-0.22,0.11,0.30,132956,127521,126098
49828124,0.2275,-0.0875,-0.1400,-0.6012,-0.0473,0.8019,-0.22,0.11,0.30,132953,127513,126077
49848632,0.4725,0.1400,0.0000,-0.6006,-0.0467,0.8017,-0.22,0.11,0.31,132948,127516,126065
49868164,0.2100,0.2100,0.0350,-0.6010,-0.0464,0.8019,-0.22,0.11,0.30,132942,127514,126078
49888672,-0.4025,0.1400,-0.0350,-0.6017,-0.0464,0.8025,-0.22,0.11,0.30,132946,127510,126091
49908204,-1.0675,0.2975,-0.0875,-0.6022,-0.0466,0.8032,-0.22,0.11,0.30,132946,127518,126104
49928712,-0.6300,0.2975,-0.2100,-0.6028,-0.0483,0.8048,-0.22,0.11,0.31,132934,127505,126074
49948240,0.8925,0.2975,-0.4900,-0.6028,-0.0501,0.8059,-0.22,0.11,0.30,132930,127493,126082
49968752,1.9600,0.2450,-0.7000,-0.6027,-0.0519,0.8069,-0.22,0.11,0.30,132939,127504,126086
49988280,2.1700,0.2100,-0.9625,-0.6029,-0.0532,0.8076,-0.22,0.11,0.30,132938,127511,126095
50018552,1.7500,0.1225,-1.3300,-0.6037,-0.0547,0.8089,-0.22,0.11,0.30,132937,127501,126087
50038084,1.4875,-0.1050,-1.6450,-0.6043,-0.0559,0.8097,-0.22,0.11,0.30,132944,127504,126099
50058592,1.1375,-0.2275,-1.7850,-0.6045,-0.0565,0.8097,-0.22,0.11,0.30,132943,127501,126100
50078124,1.0150,-0.4900,-1.8375,-0.6048,-0.0569,0.8096,-0.22,0.11,0.31,132935,127501,126072
50098632,1.0325,-0.5250,-1.8200,-0.6054,-0.0569,0.8096,-0.22,0.11,0.30,132940,127505,126082
50118164,0.5600,-0.5425,-1.7850,-0.6059,-0.0564,0.8091,-0.22,0.11,0.30,132941,127502,126086
50138672,-0.1050,-0.5950,-1.6625,-0.6065,-0.0556,0.8085,-0.22,0.12,0.30,132958,127496,126099
50158204,-1.0675,-0.5250,-1.5400,-0.6071,-0.0544,0.8073,-0.22,0.11,0.30,132953,127496,126089
50178712,-1.4350,-0.4550,-1.2600,-0.6074,-0.0537,0.8064,-0.22,0.11,0.30,132954,127490,126078
50198240,-0.9975,-0.4550,-1.0325,-0.6078,-0.0531,0.8058,-0.22,0.11,0.30,132955,127487,126077
50218752,-0.1400,-0.4550,-0.8400,-0.6080,-0.0525,0.8053,-0.22,0.11,0.30,132952,127494,126107
50238280,0.1400,-0.3150,-0.5775,-0.6088,-0.0515,0.8050,-0.22,0.12,0.30,132968,127492,126110
50257812,-0.1925,-0.2100,-0.2800,-0.6091,-0.0503,0.8046,-0.22,0.12,0.30,132966,127495,126108
50278320,-1.5400,0.1225,0.1750,-0.6089,-0.0484,0.8040,-0.22,0.11,0.30,132956,127482,126102
50297852,-1.3125,0.0700,0.3675,-0.6088,-0.0477,0.8037,-0.22,0.11,0.30,132950,127468,126105
50318360,-0.5425,0.1050,0.6125,-0.6085,-0.0473,0.8036,-0.22,0.11,0.30,132951,127471,126111
50337888,0.7525,0.1225,0.9275,-0.6080,-0.0475,0.8036,-0.22,0.11,0.30,132953,127478,126112
50358400,1.4000,0.0525,1.1375,-0.6077,-0.0473,0.8035,-0.22,0.11,0.30,132940,127486,126120
50377928,1.2425,0.0700,1.2775,-0.6079,-0.0472,0.8036,-0.22,0.11,0.30,132930,127493,126090
50398436,0.6125,0.0350,1.3125,-0.6087,-0.0473,0.8043,-0.22,0.11,0.30,132928,127483,126090
50417968,0.2450,0.0175,1.3825,-0.6093,-0.0477,0.8051,-0.22,0.11,0.30,132926,127495,126095
50438476,0.7525,-0.1050,1.3825,-0.6098,-0.0486,0.8058,-0.22,0.11,0.30,132921,127505,126106
50458008,0.9975,-0.1400,1.3125,-0.6100,-0.0494,0.8062,-0.22,0.11,0.30,132918,127505,126098
50478516,0.7875,-0.4025,1.2775,-0.6101,-0.0503,0.8062,-0.22,0.11,0.30,132907,127504,126091
50498048,0.8225,-0.5950,1.2075,-0.6099,-0.0519,0.8065,-0.22,0.11,0.30,132909,127500,126086
50518552,1.6100,-0.7000,1.1550,-0.6093,-0.0531,0.8070,-0.22,0.11,0.30,132907,127505,126085
50538084,2.0475,-0.8575,0.9800,-0.6088,-0.0542,0.8073,-0.22,0.11,0.30,132905,127520,126102
50558592,1.8375,-0.9800,0.8925,-0.6089,-0.0549,0.8076,-0.22,0.11,0.30,132902,127527,126098
50578124,1.2075,-1.2075,0.7000,-0.6089,-0.0556,0.8079,-0.22,0.11,0.30,132898,127524,126078
50598632,0.5600,-1.2775,0.5950,-0.6094,-0.0562,0.8081,-0.22,0.11,0.31,132892,127521,126074
50618164,0.9625,-1.5925,0.3150,-0.6107,-0.0575,0.8090,-0.22,0.11,0.31,132904,127525,126074
50638672,1.8725,-1.8550,0.1925,-0.6122,-0.0578,0.8095,-0.22,0.11,0.30,132914,127533,126100
50658204,0.9800,-2.0825,0.0700,-0.6127,-0.0573,0.8092,-0.22,0.11,0.30,132911,127525,126079
50678712,-1.5225,-2.1525,-0.1050,-0.6120,-0.0564,0.8081,-0.22,0.11,0.30,132907,127529,126077
50698240,-3.3600,-2.0125,-0.2100,-0.6104,-0.0558,0.8074,-0.22,0.11,0.31,132912,127511,126069
50718752,-0.1750,-1.7325,-0.3500,-0.6091,-0.0569,0.8079,-0.22,0.11,0.30,132913,127512,126078
50738280,3.3425,-1.7325,-0.3850,-0.6090,-0.0577,0.8085,-0.22,0.11,0.30,132929,127533,126090
50757812,4.2700,-1.7150,-0.5425,-0.6089,-0.0573,0.8084,-0.22,0.11,0.30,132924,127526,126091
50778320,2.2575,-1.9250,-0.7875,-0.6089,-0.0556,0.8076,-0.22,0.11,0.31,132917,127526,126070
50797852,-0.0350,-2.1175,-0.9275,-0.6093,-0.0539,0.8073,-0.22,0.11,0.31,132936,127528,126070
50818360,-0.3850,-2.2050,-0.9625,-0.6095,-0.0531,0.8074,-0.22,0.11,0.31,132938,127522,126070
50837888,0.5425,-2.1525,-0.9450,-0.6088,-0.0527,0.8074,-0.22,0.11,0.30,132947,127521,126077
50858400,1.3475,-2.0650,-1.0500,-0.6059,-0.0521,0.8069,-0.22,0.11,0.31,132946,127534,126068
50877928,1.6275,-1.8375,-1.2075,-0.6039,-0.0515,0.8064,-0.22,0.11,0.31,132947,127549,126048
50898436,1.3650,-1.7150,-1.3475,-0.6022,-0.0511,0.8062,-0.22,0.11,0.31,132950,127530,126057
50917968,1.3650,-1.4175,-1.3650,-0.6013,-0.0511,0.8061,-0.22,0.12,0.31,132959,127536,126065
50938476,2.4500,-1.4175,-1.4175,-0.6015,-0.0517,0.8064,-0.22,0.12,0.31,132975,127536,126070
50958008,5.6175,-1.6100,-1.5400,-0.6048,-0.0519,0.8079,-0.21,0.12,0.31,132970,127551,126058
50978516,5.8625,-1.8725,-1.6100,-0.6080,-0.0504,0.8081,-0.21,0.12,0.31,132978,127555,126032
50998048,1.9950,-1.9950,-1.4525,-0.6099,-0.0476,0.8067,-0.22,0.12,0.31,132974,127546,126042
51028320,-2.4500,-1.6450,-1.0850,-0.6093,-0.0448,0.8045,-0.21,0.12,0.31,132982,127553,126035
51047852,0.6650,-1.2425,-0.8050,-0.6087,-0.0451,0.8042,-0.22,0.12,0.31,132982,127539,126014
51068360,8.2250,-0.8750,-0.2800,-0.6080,-0.0455,0.8041,-0.21,0.12,0.31,132994,127567,126017
51087888,6.8425,-0.4025,0.0875,-0.6062,-0.0434,0.8023,-0.21,0.12,0.31,132995,127575,126030
51108400,1.9250,0.0175,0.1575,-0.6030,-0.0407,0.8002,-0.21,0.12,0.31,132990,127570,126028
51127928,-1.5575,0.5250,0.3150,-0.6007,-0.0395,0.7993,-0.21,0.12,0.31,132978,127564,126018
51148436,-0.1225,0.8575,0.3850,-0.5998,-0.0404,0.8001,-0.21,0.12,0.31,132978,127571,126014
51167968,4.0950,1.0850,0.4200,-0.5999,-0.0422,0.8015,-0.21,0.12,0.31,132980,127581,126017
51188476,5.8975,1.0675,0.2625,-0.5991,-0.0431,0.8028,-0.21,0.12,0.31,132982,127597,126019
51208008,3.9550,1.1550,0.0525,-0.5990,-0.0425,0.8035,-0.21,0.12,0.31,132974,127604,126007
51228516,2.9225,0.9975,0.0000,-0.5998,-0.0421,0.8048,-0.21,0.12,0.31,132960,127597,126003
51248048,3.5000,0.9975,-0.1225,-0.6011,-0.0421,0.8067,-0.21,0.12,0.31,132957,127598,125981
51268552,5.4775,0.7875,-0.2800,-0.6017,-0.0415,0.8086,-0.21,0.12,0.31,132957,127610,125992
51288084,4.9000,0.6125,-0.2100,-0.6027,-0.0397,0.8086,-0.21,0.12,0.31,132966,127620,125994
51308592,1.4000,0.4725,-0.2275,-0.6024,-0.0361,0.8086,-0.21,0.12,0.31,132958,127613,125993
51328124,-0.1925,0.4900,-0.0875,-0.6030,-0.0342,0.8089,-0.21,0.11,0.31,132946,127619,125980
51348632,1.2775,0.9100,0.1050,-0.6041,-0.0333,0.8102,-0.21,0.11,0.31,132941,127618,125958
51368164,3.7625,1.0325,0.3150,-0.6046,-0.0327,0.8108,-0.21,0.11,0.31,132940,127631,125975
51388672,4.7950,1.2250,0.5600,-0.6043,-0.0316,0.8104,-0.21,0.11,0.31,132937,127645,125974
51408204,5.2325,1.3125,0.6825,-0.6038,-0.0301,0.8100,-0.21,0.11,0.31,132931,127651,125964
51428712,5.6700,1.4525,1.0325,-0.6039,-0.0279,0.8090,-0.21,0.11,0.31,132913,127652,125950
51448240,5.9325,1.4350,1.2600,-0.6044,-0.0267,0.8081,-0.21,0.11,0.31,132906,127678,125926
51468752,6.3700,1.3475,1.2775,-0.6048,-0.0259,0.8073,-0.21,0.11,0.31,132902,127687,125930
51488280,6.4050,1.1725,1.3300,-0.6051,-0.0250,0.8064,-0.21,0.11,0.31,132900,127704,125947
51507812,6.6850,0.9450,1.2600,-0.6060,-0.0249,0.8061,-0.20,0.11,0.31,132891,127714,125939
51528320,7.6475,0.7875,1.1900,-0.6076,-0.0251,0.8061,-0.20,0.11,0.32,132872,127728,125902
51547852,7.7525,0.6300,1.0325,-0.6090,-0.0251,0.8063,-0.20,0.11,0.32,132864,127748,125884
51568360,8.0150,0.3675,0.8750,-0.6107,-0.0254,0.8064,-0.20,0.11,0.32,132862,127764,125889
51587888,7.5950,0.0000,0.6650,-0.6127,-0.0254,0.8064,-0.20,0.11,0.32,132865,127777,125885
51608400,6.7025,-0.3675,0.3675,-0.6145,-0.0254,0.8062,-0.20,0.11,0.32,132860,127792,125873
51627928,6.2125,-0.7175,0.0875,-0.6160,-0.0253,0.8061,-0.20,0.11,0.32,132849,127804,125844
51648436,5.7925,-1.1025,-0.1750,-0.6185,-0.0249,0.8059,-0.20,0.11,0.32,132852,127806,125834
51667968,4.8125,-1.1900,-0.3850,-0.6190,-0.0240,0.8051,-0.20,0.11,0.32,132862,127818,125850
51688476,3.2900,-1.2425,-0.5950,-0.6190,-0.0229,0.8036,-0.20,0.11,0.32,132863,127828,125852
51708008,2.7650,-1.1725,-0.7350,-0.6195,-0.0218,0.8024,-0.20,0.11,0.32,132876,127825,125843
51728516,3.6750,-1.0500,-0.8225,-0.6202,-0.0209,0.8012,-0.20,0.11,0.32,132870,127836,125821
51748048,3.6750,-0.8225,-0.9100,-0.6200,-0.0189,0.7995,-0.20,0.11,0.32,132871,127828,125813
51768552,0.9625,-0.3325,-0.9800,-0.6173,-0.0146,0.7954,-0.20,0.11,0.32,132877,127828,125829
51788084,0.2800,0.2275,-0.8925,-0.6154,-0.0124,0.7930,-0.20,0.11,0.32,132891,127828,125839
51808592,1.6625,0.9975,-0.8050,-0.6134,-0.0109,0.7910,-0.20,0.11,0.32,132887,127840,125821
51828124,4.4625,1.7675,-0.6125,-0.6113,-0.0095,0.7896,-0.20,0.11,0.32,132880,127840,125800
51848632,7.1925,2.5025,-0.3675,-0.6098,-0.0082,0.7882,-0.20,0.11,0.32,132864,127852,125800
51868164,9.4150,3.0975,-0.2975,-0.6093,-0.0062,0.7878,-0.20,0.11,0.32,132869,127873,125801
51888672,9.8700,3.9375,-0.0700,-0.6100,-0.0024,0.7876,-0.19,0.11,0.32,132863,127893,125803
51908204,9.3625,4.3750,0.1575,-0.6120,0.0001,0.7884,-0.19,0.11,0.32,132847,127915,125777
51928712,9.0125,4.6375,0.1400,-0.6145,0.0024,0.7896,-0.19,0.11,0.32,132826,127917,125762
51948240,9.0300,4.6200,0.2450,-0.6168,0.0044,0.7909,-0.19,0.11,0.32,132822,127940,125755
51968752,8.9950,4.6200,0.2800,-0.6185,0.0066,0.7920,-0.19,0.11,0.32,132816,127952,125752
51988280,7.2625,4.5325,0.4200,-0.6198,0.0098,0.7930,-0.19,0.11,0.33,132806,127961,125743
52007812,6.5975,4.4800,0.4900,-0.6202,0.0117,0.7937,-0.19,0.11,0.33,132800,127981,125740
52038084,6.6500,4.2700,0.6475,-0.6200,0.0140,0.7942,-0.19,0.10,0.33,132775,127989,125732
52058592,6.1250,3.9550,0.7525,-0.6185,0.0159,0.7932,-0.19,0.10,0.33,132763,127993,125712
52078124,4.5150,3.7100,0.9100,-0.6166,0.0176,0.7914,-0.19,0.10,0.33,132752,127993,125719
52098632,2.6600,3.4825,1.0325,-0.6154,0.0194,0.7892,-0.19,0.10,0.33,132739,127999,125712
52118164,4.1825,3.5000,1.1550,-0.6166,0.0196,0.7895,-0.19,0.10,0.33,132730,128013,125711
52138672,5.0750,3.4650,1.0500,-0.6181,0.0203,0.7895,-0.19,0.10,0.33,132733,128017,125730
52158204,3.2200,3.5000,0.8750,-0.6189,0.0220,0.7884,-0.19,0.10,0.33,132717,128031,125714
52178712,-0.0350,3.2900,0.5775,-0.6207,0.0239,0.7865,-0.19,0.10,0.33,132707,128016,125710
52198240,-0.7875,3.0275,0.4900,-0.6244,0.0249,0.7858,-0.19,0.10,0.33,132692,128012,125723
52218752,1.4700,2.5550,0.1925,-0.6305,0.0259,0.7864,-0.19,0.10,0.33,132695,128011,125722
52238280,-0.3325,2.5200,0.0700,-0.6332,0.0281,0.7854,-0.19,0.10,0.33,132695,128021,125735
52257812,-3.6050,2.7125,-0.0525,-0.6356,0.0306,0.7842,-0.19,0.10,0.33,132688,128010,125739
52278320,-3.8675,2.9225,-0.0175,-0.6373,0.0321,0.7836,-0.19,0.10,0.33,132676,127992,125723
52297852,-2.2575,2.8875,0.0000,-0.6373,0.0329,0.7831,-0.19,0.10,0.33,132671,127982,125731
52318360,-0.0175,2.8525,0.1050,-0.6372,0.0337,0.7826,-0.19,0.10,0.32,132663,127985,125748
52337888,0.9450,2.5900,0.1225,-0.6366,0.0357,0.7812,-0.19,0.10,0.32,132665,127993,125751
52358400,0.0350,2.4150,0.1050,-0.6368,0.0370,0.7806,-0.19,0.10,0.33,132654,127984,125747
52377928,0.8925,2.2750,0.1400,-0.6387,0.0373,0.7810,-0.19,0.10,0.33,132642,127992,125744
52398436,2.5550,1.9775,0.1400,-0.6410,0.0373,0.7823,-0.19,0.10,0.33,132637,128002,125726
52417968,3.6225,1.7150,0.1050,-0.6427,0.0377,0.7835,-0.19,0.10,0.33,132637,128006,125728
52438476,2.9225,1.2950,0.0000,-0.6439,0.0387,0.7842,-0.19,0.10,0.33,132636,128016,125731
52458008,1.4000,0.7000,0.0700,-0.6449,0.0400,0.7847,-0.19,0.10,0.33,132634,128002,125739
52478516,1.5575,0.1750,0.2450,-0.6450,0.0404,0.7852,-0.19,0.09,0.33,132623,128017,125717
52498048,2.1350,-0.3150,0.4025,-0.6451,0.0407,0.7860,-0.19,0.09,0.33,132617,128017,125706
52518552,1.9250,-0.7875,0.5425,-0.6449,0.0414,0.7864,-0.19,0.09,0.33,132624,128018,125723
52538084,0.1925,-1.1200,0.5775,-0.6444,0.0425,0.7863,-0.19,0.09,0.33,132627,128027,125735
52558592,-0.9975,-1.7150,0.7350,-0.6445,0.0425,0.7867,-0.19,0.09,0.33,132622,128025,125727
52578124,-0.3325,-2.2225,0.9100,-0.6445,0.0415,0.7869,-0.19,0.09,0.33,132618,128027,125717
52598632,0.1750,-2.5725,0.9275,-0.6445,0.0407,0.7870,-0.19,0.09,0.33,132617,128022,125718
52618164,0.2275,-2.8700,0.9275,-0.6448,0.0400,0.7868,-0.19,0.09,0.33,132626,128031,125717
52638672,-0.1225,-3.2725,0.8400,-0.6446,0.0395,0.7862,-0.19,0.10,0.33,132633,128034,125733
52658204,-0.7175,-3.3775,0.8750,-0.6444,0.0388,0.7853,-0.19,0.10,0.33,132631,128031,125724
52678712,-1.1725,-3.5000,0.6475,-0.6448,0.0375,0.7842,-0.18,0.09,0.33,132627,128042,125726
52698240,-0.8225,-3.5700,0.4900,-0.6446,0.0362,0.7832,-0.19,0.09,0.33,132628,128034,125707
52718752,-0.3850,-3.5875,0.3325,-0.6448,0.0351,0.7824,-0.18,0.10,0.33,132648,128046,125728
52738280,-0.2275,-3.6225,0.1575,-0.6445,0.0343,0.7815,-0.19,0.10,0.33,132649,128040,125733
52757812,-0.4025,-3.4825,-0.0350,-0.6437,0.0337,0.7804,-0.19,0.10,0.33,132647,128038,125720
52778320,-0.4550,-3.2900,-0.1400,-0.6429,0.0334,0.7796,-0.19,0.10,0.33,132652,128037,125706
52797852,-0.1925,-3.0975,-0.3675,-0.6420,0.0329,0.7784,-0.18,0.10,0.33,132651,128042,125713
52818360,0.1925,-2.9050,-0.4550,-0.6414,0.0328,0.7776,-0.18,0.10,0.33,132661,128042,125726
52837888,0.4725,-2.6950,-0.5950,-0.6409,0.0327,0.7770,-0.19,0.10,0.33,132668,128037,125722
52858400,1.0675,-2.3450,-0.6125,-0.6407,0.0326,0.7767,-0.19,0.10,0.33,132678,128028,125723
52877928,1.6100,-2.2225,-0.6650,-0.6399,0.0326,0.7762,-0.18,0.10,0.33,132669,128047,125716
52898436,1.9950,-2.0300,-0.7525,-0.6388,0.0327,0.7757,-0.18,0.10,0.33,132666,128051,125690
52917968,2.6775,-1.8550,-0.7700,-0.6379,0.0329,0.7753,-0.18,0.10,0.33,132673,128055,125711
52938476,2.7475,-1.7150,-0.8400,-0.6372,0.0334,0.7749,-0.18,0.10,0.33,132688,128058,125705
52958008,2.1700,-1.5925,-0.8750,-0.6367,0.0339,0.7747,-0.18,0.10,0.33,132684,128056,125712
52978516,1.8200,-1.4875,-0.8750,-0.6367,0.0344,0.7748,-0.18,0.10,0.33,132678,128059,125688
52998048,1.6800,-1.3650,-0.8400,-0.6366,0.0346,0.7749,-0.18,0.10,0.33,132684,128055,125680
53018552,1.2250,-1.2600,-0.8225,-0.6360,0.0353,0.7749,-0.18,0.10,0.33,132689,128058,125697
53048828,1.6625,-1.0150,-0.7525,-0.6356,0.0354,0.7756,-0.18,0.10,0.33,132693,128059,125680
53069336,2.1700,-1.0325,-0.8225,-0.6361,0.0355,0.7763,-0.18,0.10,0.33,132697,128067,125701
53088868,1.6100,-0.9450,-0.8750,-0.6364,0.0362,0.7767,-0.18,0.10,0.33,132697,128062,125718
53109376,0.8575,-0.8050,-0.7700,-0.6365,0.0371,0.7769,-0.18,0.10,0.33,132695,128075,125680
53128904,0.5075,-0.8225,-0.6475,-0.6364,0.0381,0.7773,-0.18,0.10,0.33,132693,128056,125679
53149416,0.4025,-0.8575,-0.4900,-0.6351,0.0394,0.7774,-0.18,0.10,0.33,132697,128060,125673
53168944,0.5075,-0.9625,-0.4200,-0.6343,0.0403,0.7773,-0.18,0.10,0.33,132696,128065,125693
53189452,0.7000,-0.8575,-0.2100,-0.6337,0.0407,0.7773,-0.18,0.10,0.33,132709,128073,125685
53208984,1.1550,-0.9100,-0.1575,-0.6333,0.0412,0.7775,-0.18,0.10,0.33,132699,128076,125673
53229492,1.1725,-0.8050,0.0000,-0.6331,0.0416,0.7778,-0.18,0.10,0.33,132686,128071,125664
53249024,0.3500,-0.8400,0.1225,-0.6334,0.0422,0.7778,-0.18,0.10,0.33,132698,128071,125664
53269532,0.4550,-0.8400,0.1225,-0.6342,0.0422,0.7781,-0.18,0.10,0.33,132702,128073,125698
53289064,0.3850,-0.8400,0.1225,-0.6346,0.0421,0.7784,-0.18,0.10,0.33,132700,128067,125682
53309568,-0.1925,-0.8400,0.0875,-0.6348,0.0422,0.7782,-0.18,0.10,0.33,132696,128072,125686
53329100,-0.9275,-0.8400,0.0000,-0.6349,0.0421,0.7780,-0.18,0.10,0.33,132693,128071,125675
53349608,-0.5250,-0.7700,-0.1050,-0.6353,0.0415,0.7782,-0.18,0.10,0.33,132693,128062,125681
53369140,0.4025,-0.7175,-0.1925,-0.6354,0.0405,0.7786,-0.18,0.10,0.33,132703,128066,125689
53389648,0.8750,-0.7525,-0.2800,-0.6353,0.0401,0.7785,-0.18,0.10,0.33,132704,128064,125681
53409180,0.4900,-0.7000,-0.4375,-0.6349,0.0401,0.7781,-0.18,0.10,0.33,132694,128082,125676
53429688,0.0350,-0.7350,-0.5250,-0.6346,0.0403,0.7779,-0.18,0.10,0.33,132691,128068,125676
53449216,-0.4375,-0.6475,-0.6125,-0.6344,0.0403,0.7779,-0.18,0.10,0.33,132701,128065,125677
53469728,-0.5250,-0.5775,-0.7525,-0.6339,0.0401,0.7781,-0.18,0.10,0.33,132705,128058,125705
53489256,-0.2100,-0.4375,-0.7875,-0.6340,0.0399,0.7786,-0.18,0.10,0.33,132707,128063,125693
53508788,0.3850,-0.4200,-0.8925,-0.6342,0.0397,0.7793,-0.18,0.10,0.33,132699,128058,125681
53529296,0.5600,-0.4200,-0.9100,-0.6345,0.0394,0.7798,-0.18,0.10,0.33,132692,128059,125682
53548828,0.8400,-0.4725,-0.9275,-0.6351,0.0393,0.7806,-0.18,0.10,0.33,132697,128067,125667
53569336,1.2775,-0.6825,-0.9800,-0.6356,0.0390,0.7814,-0.18,0.10,0.33,132705,128079,125693
53588868,1.3475,-0.7875,-0.9800,-0.6359,0.0390,0.7823,-0.18,0.10,0.33,132715,128060,125694
53609376,0.8400,-0.9100,-1.0500,-0.6355,0.0394,0.7824,-0.18,0.10,0.33,132703,128056,125684
53628904,0.2100,-0.9800,-1.0325,-0.6351,0.0395,0.7825,-0.18,0.10,0.33,132705,128072,125671
53649416,0.3500,-1.1375,-1.0150,-0.6349,0.0395,0.7825,-0.18,0.10,0.33,132711,128066,125666
53668944,0.5775,-1.1725,-0.9800,-0.6344,0.0393,0.7824,-0.18,0.10,0.33,132717,128061,125677
53689452,0.4900,-1.1900,-0.9625,-0.6339,0.0393,0.7820,-0.18,0.10,0.33,132724,128070,125692
53708984,-0.1050,-1.2425,-0.9275,-0.6339,0.0390,0.7818,-0.18,0.10,0.33,132720,128070,125689
53729492,-0.7175,-1.3300,-0.9275,-0.6342,0.0389,0.7817,-0.18,0.10,0.33,132720,128055,125677
53749024,-1.2075,-1.1725,-1.0675,-0.6344,0.0388,0.7818,-0.18,0.10,0.33,132718,128059,125682
53769532,-1.4700,-1.0500,-1.0500,-0.6349,0.0387,0.7820,-0.18,0.10,0.33,132731,128051,125690
53789064,-1.6275,-0.9625,-1.0675,-0.6348,0.0387,0.7821,-0.18,0.10,0.33,132734,128052,125702
53809568,-1.0850,-0.9100,-1.0675,-0.6342,0.0386,0.7820,-0.18,0.10,0.33,132727,128043,125690
53829100,-0.0525,-0.8050,-1.0675,-0.6334,0.0381,0.7819,-0.18,0.10,0.33,132733,128043,125675
53849608,1.2075,-0.8400,-0.9800,-0.6332,0.0378,0.7823,-0.19,0.10,0.33,132736,128028,125687
53869140,2.0475,-0.7525,-0.9275,-0.6332,0.0378,0.7825,-0.18,0.10,0.33,132741,128048,125689
53889648,2.2050,-0.7350,-0.8925,-0.6333,0.0379,0.7828,-0.18,0.10,0.33,132747,128049,125701
53909180,2.2925,-0.7700,-0.7350,-0.6339,0.0382,0.7830,-0.18,0.10,0.33,132744,128050,125689
53929688,1.4350,-0.8750,-0.7700,-0.6342,0.0388,0.7832,-0.18,0.10,0.33,132742,128051,125664
53949216,0.5950,-0.9800,-0.6650,-0.6342,0.0390,0.7831,-0.19,0.10,0.33,132734,128037,125685
53969728,0.5075,-0.9800,-0.6650,-0.6343,0.0390,0.7830,-0.18,0.10,0.33,132750,128043,125696
53989256,0.5775,-1.0325,-0.5600,-0.6343,0.0389,0.7830,-0.18,0.10,0.33,132750,128047,125698
54008788,0.3325,-0.9800,-0.5775,-0.6340,0.0390,0.7830,-0.18,0.10,0.33,132746,128046,125689
54048828,-0.3675,-0.9100,-0.5250,-0.6337,0.0390,0.7825,-0.19,0.10,0.33,132742,128036,125674
54068360,0.1575,-0.8400,-0.5250,-0.6333,0.0386,0.7825,-0.19,0.10,0.33,132753,128040,125697
54087888,0.5775,-0.9625,-0.4025,-0.6329,0.0383,0.7825,-0.18,0.10,0.33,132757,128046,125705
54108400,0.8050,-0.9800,-0.5775,-0.6329,0.0382,0.7825,-0.18,0.10,0.33,132749,128047,125677
54127928,0.8750,-0.8925,-0.5075,-0.6331,0.0383,0.7828,-0.18,0.10,0.33,132747,128046,125681
54148436,0.5075,-0.9275,-0.4900,-0.6329,0.0387,0.7828,-0.19,0.10,0.33,132753,128030,125674
54167968,-0.0875,-0.8750,-0.5425,-0.6329,0.0390,0.7829,-0.19,0.10,0.33,132756,128035,125685
54188476,-0.0525,-0.8225,-0.4725,-0.6337,0.0393,0.7831,-0.19,0.10,0.33,132758,128038,125697
54208008,0.3850,-0.8750,-0.4550,-0.6340,0.0392,0.7832,-0.18,0.10,0.33,132756,128043,125685
54228516,0.8400,-0.9275,-0.4725,-0.6345,0.0390,0.7835,-0.18,0.10,0.33,132750,128044,125674
54248048,0.8050,-0.9800,-0.4725,-0.6344,0.0393,0.7832,-0.19,0.10,0.33,132754,128037,125677
54268552,-0.1050,-1.0675,-0.5075,-0.6337,0.0398,0.7826,-0.18,0.10,0.33,132758,128043,125677
54288084,-0.5950,-1.0325,-0.4550,-0.6331,0.0399,0.7820,-0.18,0.10,0.33,132765,128044,125689
54308592,0.5425,-0.8400,-0.4200,-0.6327,0.0395,0.7820,-0.18,0.10,0.33,132760,128049,125693
54328124,1.3125,-0.7175,-0.3850,-0.6327,0.0393,0.7818,-0.19,0.10,0.33,132753,128037,125680
54348632,1.2250,-0.6825,-0.3850,-0.6324,0.0393,0.7814,-0.18,0.10,0.33,132749,128041,125680
54368164,0.5250,-0.7000,-0.3325,-0.6320,0.0393,0.7810,-0.18,0.10,0.33,132759,128047,125690
54388672,0.2275,-0.5950,-0.2625,-0.6323,0.0390,0.7810,-0.18,0.10,0.33,132766,128057,125690
54408204,0.7875,-0.6125,-0.3500,-0.6332,0.0386,0.7818,-0.19,0.10,0.33,132759,128038,125689
54428712,0.2625,-0.5950,-0.3150,-0.6337,0.0388,0.7820,-0.18,0.10,0.33,132749,128051,125664
54448240,-0.7350,-0.4375,-0.4200,-0.6334,0.0390,0.7823,-0.18,0.10,0.33,132755,128043,125670
54468752,-1.1550,-0.5950,-0.2975,-0.6329,0.0389,0.7824,-0.19,0.10,0.33,132758,128036,125692
54488280,-0.8400,-0.6300,-0.3500,-0.6324,0.0387,0.7825,-0.19,0.10,0.33,132768,128040,125705
54507812,0.0175,-0.6650,-0.3150,-0.6322,0.0382,0.7828,-0.18,0.10,0.33,132763,128049,125701
54528320,1.3125,-0.7175,-0.2275,-0.6317,0.0379,0.7832,-0.18,0.10,0.33,132752,128043,125683
54547852,0.7700,-0.7700,-0.2625,-0.6312,0.0381,0.7831,-0.19,0.10,0.33,132757,128037,125680
54568360,-0.1575,-0.7525,-0.2100,-0.6312,0.0384,0.7830,-0.18,0.10,0.33,132765,128047,125688
54587888,-0.7525,-0.8225,-0.2275,-0.6311,0.0384,0.7831,-0.19,0.10,0.33,132764,128038,125689
54608400,-0.6825,-0.6825,-0.1225,-0.6315,0.0381,0.7835,-0.18,0.10,0.33,132760,128046,125689
54627928,0.1925,-0.7525,-0.0875,-0.6322,0.0375,0.7840,-0.18,0.10,0.33,132753,128043,125675
54648436,0.1400,-0.7700,-0.2450,-0.6324,0.0371,0.7841,-0.18,0.10,0.33,132756,128041,125680
54667968,-0.9800,-0.8050,-0.2800,-0.6323,0.0371,0.7839,-0.19,0.10,0.33,132760,128036,125707
54688476,-1.4000,-0.7175,-0.3675,-0.6324,0.0368,0.7840,-0.19,0.10,0.33,132762,128034,125692
54708008,0.0175,-0.6650,-0.4025,-0.6324,0.0360,0.7845,-0.18,0.10,0.33,132769,128042,125694
54728516,1.4175,-0.7875,-0.3850,-0.6320,0.0355,0.7845,-0.19,0.10,0.33,132758,128031,125667
54748048,1.9425,-0.7525,-0.4025,-0.6318,0.0354,0.7842,-0.19,0.10,0.33,132757,128038,125676
54768552,1.3125,-0.8050,-0.5075,-0.6316,0.0357,0.7841,-0.19,0.10,0.33,132767,128039,125690
54788084,0.2800,-0.8050,-0.4550,-0.6314,0.0362,0.7839,-0.18,0.10,0.33,132775,128052,125694
54808592,-0.1925,-0.8225,-0.4550,-0.6312,0.0365,0.7837,-0.18,0.10,0.33,132764,128048,125697
54828124,0.1575,-0.6825,-0.4900,-0.6316,0.0362,0.7840,-0.18,0.10,0.33,132762,128047,125683
54848632,0.7350,-0.7000,-0.5250,-0.6318,0.0360,0.7842,-0.19,0.10,0.33,132759,128035,125670
54868164,0.4200,-0.7350,-0.4900,-0.6321,0.0359,0.7841,-0.18,0.10,0.33,132766,128048,125692
54888672,0.5425,-0.8750,-0.5600,-0.6326,0.0356,0.7842,-0.18,0.10,0.33,132769,128041,125701
54908204,0.8050,-0.8750,-0.5250,-0.6326,0.0356,0.7842,-0.18,0.10,0.33,132766,128054,125679
54928712,0.4550,-0.9275,-0.6125,-0.6324,0.0359,0.7840,-0.19,0.10,0.33,132766,128039,125675
54948240,-0.1050,-0.9625,-0.5600,-0.6323,0.0361,0.7840,-0.18,0.10,0.33,132764,128041,125677
54968752,-0.1400,-1.0325,-0.5775,-0.6323,0.0361,0.7840,-0.18,0.10,0.33,132778,128041,125688
54988280,-0.0875,-1.0325,-0.5425,-0.6323,0.0362,0.7839,-0.18,0.10,0.33,132777,128045,125696
55007812,-0.4900,-0.8750,-0.5425,-0.6321,0.0364,0.7835,-0.18,0.10,0.33,132772,128050,125692
55028320,-0.5950,-0.7875,-0.5250,-0.6317,0.0365,0.7832,-0.18,0.10,0.33,132768,128044,125663
55058592,0.3850,-0.7875,-0.4900,-0.6320,0.0362,0.7831,-0.19,0.10,0.33,132776,128036,125697
55078124,0.8050,-0.7700,-0.4025,-0.6322,0.0365,0.7832,-0.19,0.10,0.33,132770,128035,125688
55098632,-0.6475,-0.5950,-0.3150,-0.6326,0.0373,0.7831,-0.19,0.10,0.33,132772,128030,125694
