30795898,2.2050,0.9100,-0.1050,-0.0622,0.0237,1.0219,0.13,-0.22,0.36,127416,133146,125113
30826172,0.4200,0.3150,-0.0875,-0.0647,0.0253,1.0236,0.13,-0.22,0.37,127403,133140,125090
30846680,0.7875,-0.0700,-0.0700,-0.0655,0.0257,1.0249,0.13,-0.22,0.36,127414,133140,125103
30866210,0.5600,-0.2975,-0.0700,-0.0661,0.0264,1.0258,0.13,-0.22,0.36,127413,133146,125111
30886718,0.0700,-0.4900,-0.1925,-0.0669,0.0270,1.0260,0.13,-0.22,0.36,127398,133146,125093
30906250,1.0850,-0.7350,-0.3850,-0.0682,0.0272,1.0269,0.13,-0.22,0.36,127396,133157,125096
30926756,2.6950,-1.0150,-0.2975,-0.0693,0.0276,1.0272,0.13,-0.22,0.36,127405,133153,125107
30946288,3.1150,-1.2425,-0.2450,-0.0704,0.0285,1.0275,0.13,-0.22,0.36,127421,133159,125112
30965820,2.2050,-1.4875,-0.2100,-0.0710,0.0301,1.0269,0.13,-0.22,0.36,127421,133170,125108
30986328,0.4725,-1.8375,0.0175,-0.0717,0.0317,1.0260,0.13,-0.22,0.36,127420,133164,125103
31005860,-0.5950,-2.0650,0.1400,-0.0727,0.0327,1.0257,0.13,-0.22,0.36,127417,133179,125101
31026368,1.1375,-2.5200,0.3850,-0.0747,0.0337,1.0258,0.13,-0.22,0.37,127425,133176,125082
31045898,0.5600,-2.7300,0.5250,-0.0749,0.0353,1.0243,0.13,-0.22,0.36,127443,133181,125094
31066406,-2.4325,-3.0800,0.6125,-0.0734,0.0371,1.0216,0.13,-0.22,0.37,127456,133166,125085
31085936,-5.6350,-2.8700,0.6650,-0.0712,0.0379,1.0185,0.13,-0.22,0.36,127451,133157,125099
31106444,-6.9300,-2.4150,0.6650,-0.0689,0.0368,1.0161,0.13,-0.22,0.37,127454,133151,125065
31125976,-3.9900,-1.9950,0.6475,-0.0673,0.0334,1.0148,0.13,-0.22,0.37,127453,133151,125063
31146484,0.9450,-1.9950,0.0875,-0.0659,0.0281,1.0124,0.13,-0.22,0.37,127465,133141,125078
31166016,-0.1050,-1.9075,-0.5250,-0.0658,0.0264,1.0102,0.13,-0.22,0.37,127477,133150,125066
31186524,-2.0825,-1.7150,-1.0325,-0.0664,0.0249,1.0085,0.13,-0.22,0.37,127464,133141,125057
31206054,-0.9275,-1.6100,-1.4525,-0.0677,0.0233,1.0080,0.13,-0.22,0.37,127457,133138,125059
31226562,2.1175,-1.3650,-1.4000,-0.0688,0.0227,1.0078,0.13,-0.22,0.37,127468,133147,125065
31246092,3.4825,-1.0850,-1.1725,-0.0687,0.0239,1.0074,0.13,-0.22,0.37,127471,133155,125073
31266600,2.1350,-0.4900,-0.4550,-0.0662,0.0284,1.0063,0.13,-0.22,0.37,127476,133158,125072
31286132,1.7500,-0.2975,0.2100,-0.0643,0.0315,1.0061,0.13,-0.22,0.37,127468,133158,125069
31306640,1.6100,-0.1750,0.8575,-0.0621,0.0342,1.0064,0.13,-0.22,0.37,127464,133163,125065
31326172,1.6275,-0.3150,1.3125,-0.0600,0.0365,1.0069,0.13,-0.22,0.37,127465,133177,125081
31346680,1.1900,-0.4375,1.5925,-0.0581,0.0381,1.0072,0.13,-0.22,0.37,127469,133182,125074
31366210,0.6125,-0.6125,1.7500,-0.0569,0.0386,1.0083,0.13,-0.22,0.37,127473,133183,125091
31386718,0.5950,-0.7175,1.8900,-0.0566,0.0378,1.0093,0.13,-0.22,0.37,127463,133184,125066
31406250,-0.1925,-0.7525,1.7675,-0.0569,0.0364,1.0102,0.13,-0.22,0.37,127455,133196,125066
31426756,-0.7175,-0.6650,1.5225,-0.0576,0.0338,1.0114,0.13,-0.22,0.37,127459,133197,125078
31446288,0.4550,-0.7175,1.0675,-0.0586,0.0303,1.0128,0.13,-0.22,0.37,127473,133201,125067
31465820,2.6950,-0.8925,0.5425,-0.0593,0.0267,1.0141,0.13,-0.22,0.37,127469,133221,125078
31486328,3.0450,-1.0500,-0.2275,-0.0609,0.0228,1.0158,0.13,-0.22,0.37,127459,133216,125069
31505860,2.5550,-1.2425,-0.7000,-0.0621,0.0215,1.0167,0.13,-0.22,0.37,127452,133217,125072
31526368,2.7650,-1.5925,-1.0500,-0.0633,0.0209,1.0177,0.13,-0.22,0.37,127463,133221,125075
31545898,2.6950,-1.8550,-1.1375,-0.0639,0.0215,1.0183,0.13,-0.22,0.37,127476,133230,125074
31566406,1.5575,-2.2400,-1.0325,-0.0636,0.0234,1.0186,0.13,-0.22,0.37,127480,133220,125066
31585936,-0.4900,-2.4325,-0.7700,-0.0630,0.0262,1.0182,0.13,-0.22,0.37,127483,133232,125045
31606444,-3.0800,-2.5900,-0.2975,-0.0616,0.0304,1.0177,0.13,-0.22,0.37,127479,133214,125048
31625976,-3.2025,-2.7125,-0.0350,-0.0612,0.0323,1.0175,0.13,-0.22,0.37,127496,133221,125046
31646484,-3.1500,-2.7125,0.2275,-0.0608,0.0339,1.0167,0.13,-0.22,0.37,127504,133201,125052
31666016,-3.5350,-2.4675,0.4200,-0.0604,0.0350,1.0154,0.13,-0.22,0.37,127509,133197,125049
31686524,-3.1850,-2.2225,0.4725,-0.0597,0.0356,1.0143,0.13,-0.22,0.37,127510,133201,125049
31706054,-1.4525,-2.0300,0.6825,-0.0588,0.0356,1.0135,0.13,-0.22,0.37,127505,133203,125021
31726562,1.6100,-1.8200,0.7525,-0.0573,0.0355,1.0122,0.13,-0.22,0.37,127516,133210,125032
31746092,2.2225,-1.6275,0.8575,-0.0562,0.0359,1.0111,0.13,-0.22,0.37,127526,133202,125035
31766600,1.5400,-1.4700,1.0325,-0.0556,0.0366,1.0099,0.13,-0.22,0.37,127531,133213,125026
31786132,0.9625,-1.2600,1.2600,-0.0550,0.0373,1.0092,0.13,-0.22,0.37,127518,133228,125029
31806640,1.2075,-1.1900,1.4700,-0.0547,0.0372,1.0089,0.13,-0.22,0.37,127516,133245,125023
31836914,1.5050,-1.2425,1.5925,-0.0547,0.0365,1.0089,0.13,-0.22,0.37,127513,133249,125023
31857420,0.5775,-1.1200,1.6275,-0.0543,0.0362,1.0091,0.13,-0.22,0.37,127510,133258,125027
31876952,0.1750,-0.9975,1.6275,-0.0540,0.0354,1.0094,0.13,-0.22,0.37,127523,133259,125023
31897460,0.9100,-1.1200,1.6100,-0.0540,0.0339,1.0102,0.13,-0.22,0.37,127532,133259,125038
31916992,1.5050,-1.1375,1.4700,-0.0537,0.0323,1.0106,0.13,-0.22,0.37,127528,133270,125032
31937500,0.8400,-1.1200,1.2425,-0.0529,0.0306,1.0110,0.13,-0.22,0.37,127520,133281,125025
31957032,0.0875,-1.2425,0.9450,-0.0526,0.0294,1.0113,0.13,-0.22,0.37,127518,133279,125015
31977540,0.4900,-1.2250,0.7000,-0.0526,0.0279,1.0119,0.14,-0.22,0.37,127526,133294,125024
31997070,0.7525,-1.3650,0.5775,-0.0529,0.0266,1.0122,0.14,-0.22,0.37,127539,133292,125029
32017578,0.4900,-1.4000,0.4550,-0.0527,0.0257,1.0124,0.14,-0.22,0.37,127534,133300,125024
32037108,-0.3850,-1.4875,0.1400,-0.0520,0.0254,1.0124,0.14,-0.22,0.37,127528,133299,125015
32057616,-0.7700,-1.5050,0.0000,-0.0510,0.0251,1.0126,0.14,-0.22,0.37,127531,133291,125004
32077148,-0.4725,-1.5050,-0.0175,-0.0505,0.0248,1.0128,0.14,-0.22,0.37,127544,133295,125025
32097656,-0.5600,-1.5575,-0.0175,-0.0498,0.0248,1.0130,0.14,-0.21,0.37,127552,133288,125016
32117188,-1.1550,-1.5575,-0.1925,-0.0486,0.0250,1.0128,0.14,-0.21,0.37,127551,133285,125004
32137696,-1.3475,-1.4000,-0.3675,-0.0478,0.0251,1.0127,0.14,-0.22,0.37,127543,133292,125003
32157226,0.0350,-1.3300,-0.3150,-0.0472,0.0250,1.0126,0.14,-0.22,0.37,127538,133290,124993
32177734,1.1025,-1.3475,-0.2625,-0.0464,0.0251,1.0128,0.14,-0.22,0.37,127547,133293,125002
32197264,1.1375,-1.3475,-0.1925,-0.0458,0.0259,1.0128,0.14,-0.21,0.37,127562,133294,125003
32216796,-0.0700,-1.3125,-0.1750,-0.0454,0.0268,1.0126,0.14,-0.21,0.37,127552,133291,125015
32237304,-0.8925,-1.2600,-0.1750,-0.0454,0.0273,1.0125,0.14,-0.21,0.37,127553,133292,124993
32256836,-0.7875,-1.3825,-0.1750,-0.0461,0.0275,1.0125,0.14,-0.22,0.37,127543,133309,124996
32277344,0.2975,-1.4175,-0.2625,-0.0464,0.0277,1.0126,0.14,-0.21,0.37,127552,133292,125000
32296876,-0.1225,-1.2250,-0.2975,-0.0462,0.0283,1.0121,0.14,-0.21,0.37,127564,133298,125008
32317382,-0.2625,-1.0675,-0.2625,-0.0456,0.0288,1.0116,0.14,-0.21,0.37,127558,133289,124999
32336914,0.5950,-0.9975,-0.1750,-0.0450,0.0293,1.0114,0.14,-0.21,0.37,127563,133291,125009
32357420,1.4875,-0.8750,-0.0350,-0.0442,0.0298,1.0110,0.14,-0.21,0.37,127557,133289,124999
32376952,0.9975,-0.8050,0.0875,-0.0433,0.0307,1.0104,0.14,-0.21,0.37,127563,133302,124995
32397460,-0.2450,-0.6300,0.3325,-0.0428,0.0318,1.0093,0.14,-0.21,0.37,127572,133296,125003
32416992,0.6125,-0.5950,0.4375,-0.0429,0.0317,1.0094,0.14,-0.21,0.37,127567,133306,125011
32437500,1.4875,-0.6475,0.4550,-0.0429,0.0312,1.0093,0.14,-0.21,0.37,127553,133310,124992
32457032,1.2425,-0.5950,0.4025,-0.0428,0.0311,1.0092,0.14,-0.21,0.37,127554,133313,124999
32477540,0.2625,-0.4025,0.3325,-0.0428,0.0309,1.0089,0.14,-0.21,0.37,127559,133304,125003
32497070,-0.7175,-0.3500,0.2275,-0.0434,0.0301,1.0089,0.14,-0.21,0.37,127569,133309,125001
32517578,-0.1925,-0.2625,-0.0175,-0.0444,0.0281,1.0092,0.14,-0.21,0.37,127571,133306,125003
32537108,0.2100,-0.3150,-0.2975,-0.0450,0.0267,1.0091,0.14,-0.21,0.37,127553,133306,124987
32557616,0.5250,-0.2450,-0.5425,-0.0456,0.0256,1.0091,0.14,-0.21,0.37,127553,133302,124982
32577148,0.8750,-0.1750,-0.8225,-0.0455,0.0251,1.0092,0.14,-0.21,0.37,127557,133301,124989
32597656,1.3300,-0.0525,-0.9450,-0.0451,0.0249,1.0093,0.14,-0.21,0.37,127561,133304,125018
32617188,1.3825,-0.0700,-0.8575,-0.0451,0.0253,1.0092,0.14,-0.21,0.37,127560,133305,125012
32637696,0.7350,-0.0700,-0.9275,-0.0456,0.0259,1.0091,0.14,-0.22,0.37,127549,133298,125013
32657226,0.0875,0.0875,-1.0150,-0.0461,0.0262,1.0093,0.14,-0.22,0.37,127542,133306,125013
32677734,0.5250,0.1225,-1.2250,-0.0470,0.0259,1.0098,0.14,-0.22,0.37,127545,133304,125013
32697264,1.6625,0.0000,-1.2425,-0.0477,0.0257,1.0102,0.14,-0.21,0.37,127552,133302,125018
32716796,1.4700,0.0175,-1.3475,-0.0478,0.0264,1.0103,0.14,-0.21,0.37,127554,133305,125028
32737304,-0.4200,0.0875,-1.4875,-0.0481,0.0281,1.0104,0.14,-0.22,0.37,127537,133296,125008
32756836,0.1575,0.0875,-1.4000,-0.0487,0.0284,1.0111,0.14,-0.22,0.37,127530,133297,125015
32777344,1.7675,-0.0350,-1.2775,-0.0490,0.0290,1.0119,0.14,-0.22,0.37,127537,133292,125016
32796876,2.1175,-0.0700,-1.1375,-0.0493,0.0301,1.0126,0.14,-0.22,0.37,127545,133294,125042
32817382,1.0675,-0.1400,-1.0500,-0.0493,0.0317,1.0130,0.14,-0.22,0.37,127538,133302,125031
32847656,0.4725,-0.3500,-0.7525,-0.0506,0.0340,1.0143,0.14,-0.22,0.37,127545,133287,125035
32867188,0.1400,-0.6825,-0.6300,-0.0511,0.0354,1.0146,0.14,-0.22,0.37,127536,133295,125046
32887696,-1.0675,-0.8050,-0.4375,-0.0514,0.0368,1.0147,0.14,-0.22,0.37,127534,133287,125017
32907226,-1.8900,-0.7525,-0.1575,-0.0515,0.0381,1.0148,0.13,-0.22,0.37,127522,133277,125028
32927734,-1.7850,-0.8750,0.1400,-0.0515,0.0388,1.0148,0.13,-0.22,0.37,127538,133273,125023
32947264,-0.9100,-0.8750,0.3500,-0.0509,0.0390,1.0147,0.13,-0.22,0.37,127545,133275,125036
32966796,-0.4025,-0.6825,0.6125,-0.0500,0.0392,1.0147,0.13,-0.22,0.37,127542,133278,125021
32987304,-0.0525,-0.6125,0.6475,-0.0490,0.0389,1.0146,0.14,-0.22,0.37,127534,133284,125021
33006836,0.3675,-0.6475,0.8050,-0.0487,0.0383,1.0144,0.13,-0.22,0.37,127520,133280,125019
33027344,0.8575,-0.7525,0.8400,-0.0489,0.0375,1.0144,0.14,-0.22,0.37,127539,133284,125021
33046876,1.1375,-0.7175,0.7700,-0.0492,0.0366,1.0146,0.14,-0.22,0.37,127549,133299,125041
33067382,1.5750,-0.7175,0.6825,-0.0492,0.0356,1.0148,0.14,-0.22,0.37,127534,133300,125034
33086914,2.0475,-0.7175,0.5775,-0.0493,0.0342,1.0150,0.14,-0.22,0.37,127529,133309,125030
33107420,1.8550,-0.8400,0.5250,-0.0495,0.0334,1.0150,0.14,-0.22,0.37,127523,133319,125022
33126952,1.1025,-0.8750,0.3850,-0.0498,0.0327,1.0149,0.14,-0.22,0.37,127527,133311,125027
33147460,1.0675,-0.8750,0.2625,-0.0498,0.0320,1.0153,0.14,-0.22,0.37,127542,133327,125022
33166992,1.2600,-0.9275,0.1750,-0.0498,0.0311,1.0157,0.14,-0.22,0.37,127537,133314,125026
33187500,0.7700,-1.1725,0.0350,-0.0499,0.0305,1.0155,0.14,-0.22,0.37,127523,133321,125022
33207032,0.0525,-1.2250,-0.0525,-0.0498,0.0300,1.0153,0.14,-0.22,0.37,127532,133319,125020
33227540,-0.4200,-1.3300,-0.1925,-0.0498,0.0295,1.0150,0.14,-0.22,0.37,127535,133332,125021
33247070,-0.7875,-1.3650,-0.2800,-0.0499,0.0289,1.0147,0.14,-0.22,0.37,127544,133323,125035
33267578,-0.7700,-1.2775,-0.3500,-0.0499,0.0284,1.0143,0.14,-0.22,0.37,127541,133323,125035
33287108,-1.4350,-1.2425,-0.5075,-0.0497,0.0281,1.0137,0.14,-0.22,0.37,127538,133315,125014
33307616,-1.2075,-1.0850,-0.6650,-0.0495,0.0273,1.0126,0.14,-0.22,0.37,127540,133308,125011
33327148,0.5250,-1.0500,-0.6475,-0.0493,0.0268,1.0125,0.14,-0.22,0.37,127542,133323,125020
33347656,1.3125,-1.1025,-0.7700,-0.0486,0.0272,1.0122,0.14,-0.21,0.37,127552,133316,125013
33367188,0.3325,-0.9625,-0.8575,-0.0476,0.0283,1.0119,0.14,-0.21,0.37,127553,133321,125025
33387696,-0.2100,-0.8750,-0.8575,-0.0471,0.0290,1.0115,0.14,-0.22,0.37,127543,133313,125007
33407226,0.7350,-0.8050,-0.7350,-0.0471,0.0295,1.0116,0.14,-0.22,0.37,127542,133310,125008
33427734,1.1025,-0.7000,-0.5250,-0.0470,0.0307,1.0119,0.14,-0.22,0.37,127548,133310,125003
33447264,0.5950,-0.7875,-0.4375,-0.0466,0.0315,1.0117,0.14,-0.21,0.37,127553,133313,125020
33466796,-0.2275,-0.8050,-0.4725,-0.0465,0.0321,1.0117,0.14,-0.21,0.37,127550,133312,125005
33487304,-0.3675,-0.8400,-0.4375,-0.0467,0.0320,1.0121,0.14,-0.22,0.37,127547,133312,125005
33506836,-0.1750,-0.9450,-0.4550,-0.0472,0.0317,1.0125,0.14,-0.22,0.37,127547,133314,125005
33527344,-0.1400,-1.0675,-0.5425,-0.0477,0.0315,1.0128,0.14,-0.22,0.37,127549,133310,125016
33546876,-0.4025,-1.0850,-0.7525,-0.0490,0.0306,1.0132,0.14,-0.21,0.37,127560,133304,125016
33567384,-0.3500,-1.0500,-0.8225,-0.0493,0.0304,1.0133,0.14,-0.21,0.37,127556,133302,125008
33586912,-0.1925,-1.0325,-0.9450,-0.0494,0.0301,1.0135,0.14,-0.21,0.37,127551,133306,124998
33607420,0.1575,-0.9625,-0.8925,-0.0490,0.0300,1.0133,0.14,-0.22,0.37,127546,133298,125013
33626952,0.2100,-1.0500,-0.9100,-0.0488,0.0303,1.0128,0.14,-0.21,0.37,127561,133297,125002
33647460,0.5600,-0.9450,-0.9100,-0.0486,0.0307,1.0124,0.14,-0.21,0.37,127570,133303,125022
33666992,0.6650,-0.9100,-0.7350,-0.0479,0.0316,1.0117,0.14,-0.21,0.37,127569,133304,125018
33687500,0.6300,-0.7875,-0.6300,-0.0473,0.0323,1.0113,0.14,-0.21,0.37,127553,133301,125002
33707032,0.3675,-0.7175,-0.4550,-0.0467,0.0332,1.0106,0.14,-0.21,0.37,127555,133309,125007
33727540,0.3325,-0.7000,-0.2975,-0.0464,0.0338,1.0105,0.14,-0.21,0.37,127556,133306,125016
33747072,0.6475,-0.6650,-0.2100,-0.0464,0.0339,1.0104,0.14,-0.21,0.37,127565,133301,125015
33767576,0.2975,-0.5250,-0.1400,-0.0464,0.0339,1.0099,0.14,-0.21,0.37,127567,133296,125026
33787108,0.4550,-0.4725,-0.1575,-0.0466,0.0337,1.0102,0.14,-0.21,0.37,127558,133301,125004
33807616,1.2250,-0.3850,-0.2625,-0.0466,0.0331,1.0109,0.14,-0.21,0.37,127554,133308,125008
33827148,1.5750,-0.3850,-0.3500,-0.0465,0.0327,1.0111,0.14,-0.21,0.37,127560,133308,125016
33857420,0.9275,-0.4900,-0.4375,-0.0462,0.0325,1.0117,0.14,-0.21,0.37,127551,133311,125012
33876952,0.9975,-0.5600,-0.4725,-0.0464,0.0323,1.0125,0.14,-0.21,0.37,127553,133310,125016
33897460,1.4175,-0.6475,-0.6300,-0.0468,0.0323,1.0137,0.14,-0.21,0.37,127563,133311,125025
33916992,0.7175,-0.7875,-0.5075,-0.0471,0.0327,1.0142,0.14,-0.21,0.37,127559,133313,125020
33937500,-0.2450,-0.9450,-0.4725,-0.0475,0.0332,1.0146,0.14,-0.21,0.37,127553,133318,125011
33957032,-0.5075,-1.1025,-0.4025,-0.0477,0.0336,1.0150,0.14,-0.21,0.37,127553,133318,125013
33977540,-0.2800,-1.1725,-0.2800,-0.0475,0.0337,1.0154,0.14,-0.21,0.37,127558,133307,125004
33997072,-1.2075,-1.2600,-0.2625,-0.0468,0.0340,1.0154,0.14,-0.21,0.37,127570,133307,125015
34017576,-2.0650,-1.0675,-0.2625,-0.0461,0.0346,1.0150,0.14,-0.21,0.37,127557,133285,125012
34037108,-0.9450,-1.1725,-0.2100,-0.0461,0.0340,1.0152,0.14,-0.21,0.37,127557,133296,125016
34057616,1.0500,-1.1200,-0.0875,-0.0459,0.0336,1.0154,0.14,-0.21,0.37,127553,133298,125003
34077148,1.3475,-1.1550,0.0000,-0.0456,0.0338,1.0150,0.14,-0.21,0.37,127562,133315,125017
34097656,0.2800,-1.2075,0.1050,-0.0450,0.0344,1.0146,0.14,-0.21,0.37,127575,133304,125008
34117188,-0.5600,-1.2600,0.2975,-0.0447,0.0346,1.0142,0.14,-0.21,0.37,127569,133306,125000
34137696,0.2100,-1.3125,0.4375,-0.0447,0.0342,1.0142,0.14,-0.21,0.37,127564,133309,124988
34157224,-0.0350,-1.3475,0.4725,-0.0451,0.0339,1.0138,0.14,-0.21,0.37,127564,133312,124998
34177736,-0.8925,-1.3125,0.4200,-0.0451,0.0336,1.0137,0.14,-0.21,0.37,127574,133302,125000
34197264,-1.2250,-1.2250,0.2975,-0.0451,0.0328,1.0135,0.14,-0.21,0.37,127588,133312,125005
34216796,-0.5600,-1.2075,0.2275,-0.0449,0.0318,1.0132,0.14,-0.21,0.37,127581,133295,125004
34237304,0.5600,-1.0850,0.1400,-0.0449,0.0303,1.0128,0.14,-0.21,0.37,127572,133297,124999
34256836,1.2075,-0.8575,-0.1225,-0.0449,0.0294,1.0130,0.14,-0.21,0.37,127565,133308,124990
34277344,1.5225,-0.9100,-0.2100,-0.0450,0.0290,1.0128,0.14,-0.21,0.37,127584,133306,125000
34296876,1.9425,-1.0150,-0.1925,-0.0451,0.0292,1.0131,0.14,-0.21,0.37,127587,133321,125012
34317384,2.2925,-1.0325,-0.0525,-0.0451,0.0299,1.0132,0.14,-0.21,0.37,127579,133312,124990
34336912,1.7675,-1.1375,0.0000,-0.0449,0.0312,1.0137,0.14,-0.21,0.37,127575,133325,124978
34357420,0.8050,-1.0850,0.1925,-0.0443,0.0337,1.0147,0.14,-0.21,0.37,127578,133331,124994
34376952,0.7525,-1.3125,0.5425,-0.0442,0.0349,1.0155,0.14,-0.21,0.37,127584,133330,124995
34397460,0.7175,-1.5050,0.8050,-0.0444,0.0359,1.0164,0.14,-0.21,0.37,127593,133336,124992
34416992,0.4900,-1.6800,1.0150,-0.0442,0.0370,1.0172,0.14,-0.21,0.37,127587,133331,124991
34437500,-0.6300,-1.7675,1.0675,-0.0438,0.0378,1.0175,0.14,-0.21,0.37,127586,133344,124984
34457032,-0.8225,-2.0300,1.2950,-0.0437,0.0379,1.0180,0.14,-0.21,0.37,127587,133338,124982
34477540,-0.3500,-2.0475,1.2250,-0.0436,0.0368,1.0180,0.14,-0.21,0.37,127600,133350,124987
34497072,0.0000,-2.2050,1.1200,-0.0438,0.0359,1.0175,0.14,-0.21,0.37,127615,133343,124991
34517576,-0.0350,-2.1875,1.0325,-0.0440,0.0350,1.0169,0.14,-0.21,0.37,127610,133341,124978
34537108,-0.1750,-2.1875,0.9625,-0.0440,0.0342,1.0161,0.14,-0.21,0.37,127601,133354,124969
34557616,-0.4200,-2.1000,0.8400,-0.0439,0.0329,1.0149,0.14,-0.21,0.37,127612,133352,124969
34577148,-0.9975,-1.8725,0.7525,-0.0436,0.0309,1.0126,0.14,-0.21,0.37,127621,133349,124952
34597656,-0.5950,-1.7150,0.6300,-0.0432,0.0292,1.0111,0.14,-0.21,0.37,127630,133346,124971
34617188,0.0700,-1.4350,0.2100,-0.0427,0.0275,1.0099,0.14,-0.21,0.37,127629,133352,124966
34637696,0.3850,-1.0850,-0.0525,-0.0417,0.0259,1.0086,0.14,-0.21,0.37,127615,133351,124962
34657224,0.7175,-0.7350,-0.3325,-0.0409,0.0245,1.0076,0.14,-0.21,0.37,127615,133353,124957
34677736,2.2050,-0.4025,-0.7175,-0.0405,0.0229,1.0067,0.14,-0.21,0.37,127624,133366,124971
34697264,3.2200,-0.2975,-0.8225,-0.0401,0.0216,1.0055,0.14,-0.21,0.37,127625,133351,124975
34716796,2.3100,-0.1750,-1.0850,-0.0392,0.0215,1.0050,0.14,-0.21,0.37,127620,133365,124965
34737304,1.1375,-0.0350,-1.3475,-0.0382,0.0215,1.0048,0.14,-0.21,0.37,127619,133360,124958
34756836,1.7675,-0.0700,-1.3475,-0.0378,0.0207,1.0058,0.14,-0.21,0.37,127608,133360,124966
34777344,3.6575,0.0000,-1.5225,-0.0381,0.0198,1.0078,0.14,-0.21,0.37,127616,133367,124967
34796876,5.0050,-0.0525,-1.6625,-0.0393,0.0194,1.0104,0.14,-0.21,0.37,127620,133387,124993
34817384,3.4825,-0.5600,-2.1350,-0.0422,0.0209,1.0137,0.14,-0.21,0.37,127620,133376,124984
34836912,0.9800,-0.9975,-2.4150,-0.0434,0.0226,1.0155,0.14,-0.21,0.37,127614,133379,124970
34867188,0.3150,-1.5575,-2.5550,-0.0445,0.0246,1.0191,0.14,-0.21,0.37,127626,133372,124979
34887696,2.0825,-1.8200,-2.4500,-0.0444,0.0261,1.0215,0.14,-0.21,0.37,127624,133379,124967
34907224,3.6575,-2.0650,-2.2575,-0.0437,0.0283,1.0232,0.14,-0.21,0.37,127631,133385,124967
34927736,1.3300,-2.3275,-1.7675,-0.0426,0.0339,1.0236,0.14,-0.21,0.37,127646,133388,124974
34947264,-0.2800,-2.5200,-1.3300,-0.0420,0.0379,1.0233,0.14,-0.21,0.37,127652,133390,124979
34966796,0.3150,-2.9050,-0.9450,-0.0409,0.0414,1.0235,0.14,-0.21,0.37,127659,133380,124976
34987304,1.2425,-3.0100,-0.4025,-0.0394,0.0445,1.0231,0.14,-0.21,0.37,127663,133387,124959
35006836,0.8575,-3.1500,0.1050,-0.0378,0.0478,1.0220,0.14,-0.21,0.37,127666,133382,124966
35027344,-0.1925,-2.8525,0.9100,-0.0362,0.0505,1.0204,0.14,-0.21,0.37,127681,133392,124958
35046876,-0.2800,-2.8000,1.3300,-0.0336,0.0533,1.0176,0.14,-0.21,0.37,127694,133389,124959
35067384,-0.1750,-2.6250,1.5925,-0.0320,0.0534,1.0155,0.14,-0.21,0.37,127692,133399,124954
35086912,-0.0875,-2.2925,1.6800,-0.0307,0.0527,1.0131,0.14,-0.21,0.37,127693,133403,124949
35107420,0.4025,-1.9950,1.6625,-0.0303,0.0511,1.0108,0.14,-0.21,0.37,127694,133415,124936
35126952,1.9075,-1.6800,1.3650,-0.0303,0.0489,1.0086,0.14,-0.21,0.37,127699,133421,124946
35147460,2.4675,-1.2075,0.9450,-0.0300,0.0456,1.0055,0.14,-0.21,0.37,127711,133428,124955
35166992,2.0825,-0.8225,0.6825,-0.0298,0.0434,1.0038,0.14,-0.21,0.37,127706,133425,124946
35187500,2.0825,-0.5250,0.4025,-0.0298,0.0412,1.0024,0.14,-0.21,0.37,127694,133439,124943
35207032,2.5550,-0.3150,-0.0175,-0.0303,0.0392,1.0016,0.14,-0.21,0.37,127685,133436,124947
35227540,1.9950,-0.2275,-0.3850,-0.0312,0.0375,1.0006,0.14,-0.21,0.37,127698,133439,124946
35247072,0.1225,-0.0875,-0.8225,-0.0321,0.0362,0.9999,0.14,-0.21,0.37,127707,133426,124947
35267576,-0.4550,0.2100,-1.4175,-0.0329,0.0339,1.0009,0.14,-0.21,0.37,127700,133423,124954
35287108,0.8050,0.2975,-1.7675,-0.0338,0.0326,1.0020,0.14,-0.21,0.37,127694,133438,124942
35307616,1.9775,0.2100,-2.1000,-0.0345,0.0320,1.0028,0.14,-0.21,0.37,127682,133426,124947
35327148,1.4875,0.1925,-2.1700,-0.0346,0.0327,1.0038,0.14,-0.21,0.37,127690,133431,124956
35347656,0.0700,0.1225,-2.1700,-0.0342,0.0345,1.0049,0.14,-0.21,0.37,127697,133411,124956
35367188,-0.0700,0.1050,-2.0475,-0.0337,0.0364,1.0067,0.14,-0.21,0.37,127687,133417,124962
35387696,1.5575,-0.1750,-1.5925,-0.0337,0.0390,1.0096,0.14,-0.21,0.37,127671,133429,124962
35407224,1.6625,-0.2800,-1.4525,-0.0340,0.0415,1.0115,0.14,-0.21,0.37,127674,133425,124956
35427736,0.9625,-0.5425,-1.2075,-0.0348,0.0442,1.0131,0.14,-0.21,0.37,127685,133428,124968
35447264,-0.2975,-0.7700,-0.8925,-0.0356,0.0468,1.0146,0.14,-0.21,0.37,127690,133412,124971
35466796,-1.2600,-0.8925,-0.6475,-0.0362,0.0493,1.0158,0.14,-0.21,0.37,127691,133409,124972
35487304,-1.8900,-1.2775,-0.3150,-0.0365,0.0516,1.0166,0.14,-0.21,0.37,127681,133412,124966
35506836,-1.5050,-1.5400,0.0175,-0.0361,0.0543,1.0175,0.14,-0.21,0.37,127685,133410,124955
35527344,-1.5750,-1.6275,0.5075,-0.0356,0.0559,1.0176,0.14,-0.21,0.37,127694,133410,124953
35546876,-1.2950,-1.6275,0.8925,-0.0349,0.0572,1.0175,0.14,-0.21,0.37,127705,133407,124959
35567384,-1.4525,-1.6275,1.3300,-0.0342,0.0583,1.0170,0.14,-0.21,0.37,127701,133413,124954
35586912,-2.0825,-1.6450,1.6100,-0.0336,0.0590,1.0163,0.14,-0.21,0.37,127695,133404,124940
35607420,-1.7500,-1.5400,1.9600,-0.0326,0.0586,1.0148,0.14,-0.21,0.37,127694,133408,124940
35626952,-0.8575,-1.4350,2.1525,-0.0320,0.0576,1.0138,0.14,-0.21,0.37,127707,133410,124947
35647460,0.0175,-1.0500,2.3275,-0.0311,0.0562,1.0128,0.14,-0.21,0.37,127706,133403,124951
35666992,0.9275,-0.8750,2.5025,-0.0307,0.0544,1.0120,0.14,-0.21,0.37,127704,133426,124945
35687500,2.3275,-0.7000,2.5550,-0.0309,0.0522,1.0115,0.14,-0.21,0.37,127697,133432,124942
35707032,2.8000,-0.6300,2.4675,-0.0310,0.0504,1.0111,0.14,-0.21,0.37,127693,133441,124935
35727540,0.9275,-0.5775,2.1875,-0.0314,0.0484,1.0103,0.14,-0.21,0.37,127691,133442,124947
35747072,-0.3500,-0.4900,2.0650,-0.0317,0.0468,1.0097,0.15,-0.21,0.37,127704,133451,124946
35767576,0.0000,-0.5250,1.9425,-0.0318,0.0449,1.0098,0.15,-0.21,0.37,127695,133454,124942
35787108,0.8225,-0.4375,1.6975,-0.0318,0.0429,1.0098,0.15,-0.21,0.37,127683,133470,124931
35807616,0.7175,-0.4375,1.5400,-0.0316,0.0415,1.0093,0.15,-0.21,0.37,127682,133475,124933
35827148,-0.3325,-0.2975,1.2775,-0.0315,0.0403,1.0089,0.15,-0.21,0.37,127684,133474,124942
35847656,-1.4000,-0.3500,0.8050,-0.0317,0.0388,1.0082,0.15,-0.21,0.37,127690,133469,124940
35877928,-0.9450,-0.2100,0.5775,-0.0310,0.0371,1.0076,0.15,-0.21,0.37,127685,133459,124943
35898436,-0.9975,-0.0700,0.3850,-0.0293,0.0366,1.0072,0.15,-0.21,0.37,127689,133463,124948
35917968,-1.3650,0.1400,0.1925,-0.0278,0.0364,1.0069,0.15,-0.21,0.37,127686,133461,124948
35938476,-0.3150,0.4550,0.1225,-0.0266,0.0354,1.0071,0.15,-0.21,0.37,127667,133470,124939
35958008,1.1375,0.3850,0.0700,-0.0266,0.0348,1.0077,0.15,-0.21,0.37,127663,133471,124956
35978516,0.7700,0.4200,-0.1225,-0.0266,0.0349,1.0080,0.15,-0.21,0.37,127662,133462,124950
35998048,-1.1200,0.3150,-0.3325,-0.0268,0.0349,1.0081,0.15,-0.21,0.37,127669,133450,124963
36018552,-2.1000,0.3325,-0.5600,-0.0271,0.0343,1.0087,0.14,-0.21,0.37,127662,133447,124956
36038084,-1.0325,0.3325,-0.6650,-0.0282,0.0329,1.0099,0.15,-0.21,0.37,127651,133453,124961
36058592,1.8200,0.1575,-0.9625,-0.0303,0.0318,1.0124,0.14,-0.21,0.37,127649,133441,124954
36078124,0.9450,0.0525,-1.1200,-0.0314,0.0327,1.0132,0.15,-0.21,0.37,127653,133448,124963
36098632,-1.2250,-0.1925,-1.2600,-0.0320,0.0343,1.0135,0.14,-0.21,0.37,127654,133441,124967
36118164,-2.6600,-0.3675,-1.2075,-0.0323,0.0356,1.0141,0.14,-0.21,0.37,127649,133424,124960
36138672,-2.5200,-0.4550,-0.9800,-0.0325,0.0366,1.0147,0.14,-0.21,0.37,127643,133422,124955
36158204,-1.3475,-0.4725,-0.7875,-0.0323,0.0373,1.0155,0.14,-0.21,0.37,127638,133422,124958
36178712,-0.5775,-0.6125,-0.4025,-0.0320,0.0388,1.0159,0.14,-0.21,0.37,127652,133402,124958
36198240,-1.1375,-0.5775,-0.2975,-0.0317,0.0400,1.0163,0.14,-0.21,0.37,127653,133410,124963
36218752,-1.4175,-0.6125,-0.1400,-0.0318,0.0410,1.0165,0.14,-0.21,0.37,127639,133408,124947
36238280,-1.0150,-0.6825,0.1050,-0.0325,0.0416,1.0165,0.14,-0.21,0.37,127634,133414,124953
36257812,-0.7875,-0.7875,0.3150,-0.0327,0.0420,1.0163,0.14,-0.21,0.37,127636,133412,124950
36278320,-1.3825,-0.8225,0.5425,-0.0327,0.0422,1.0158,0.14,-0.21,0.37,127639,133404,124963
36297852,-2.4850,-0.7350,0.5950,-0.0331,0.0416,1.0149,0.14,-0.21,0.37,127646,133404,124955
36318360,-1.5050,-0.7525,0.6125,-0.0336,0.0405,1.0143,0.14,-0.21,0.37,127638,133394,124961
36337888,-0.7700,-0.5950,0.5950,-0.0338,0.0390,1.0136,0.14,-0.21,0.37,127629,133408,124950
36358400,-1.2075,-0.5250,0.5775,-0.0338,0.0378,1.0126,0.14,-0.21,0.37,127623,133399,124946
36377928,-1.4350,-0.2450,0.5775,-0.0339,0.0366,1.0114,0.14,-0.21,0.37,127632,133398,124947
36398436,0.4025,-0.0175,0.5075,-0.0337,0.0339,1.0098,0.14,-0.21,0.37,127640,133389,124957
36417968,1.2250,0.3675,0.5250,-0.0333,0.0322,1.0088,0.14,-0.21,0.37,127627,133403,124951
36438476,1.0500,0.5950,0.3850,-0.0332,0.0305,1.0077,0.14,-0.21,0.37,127621,133407,124938
36458008,0.8750,0.8750,0.2450,-0.0329,0.0283,1.0069,0.14,-0.21,0.37,127610,133411,124954
36478516,1.1900,1.1900,0.0175,-0.0332,0.0259,1.0066,0.14,-0.21,0.37,127617,133400,124963
36498048,2.4325,1.3300,-0.2800,-0.0340,0.0232,1.0067,0.14,-0.21,0.37,127612,133399,124970
36518552,3.8675,1.3650,-0.8400,-0.0350,0.0203,1.0075,0.14,-0.21,0.37,127601,133416,124963
36538084,3.2550,1.4525,-1.3475,-0.0354,0.0193,1.0082,0.14,-0.21,0.37,127589,133426,124978
36558592,3.1500,1.4350,-1.6450,-0.0364,0.0188,1.0094,0.14,-0.21,0.37,127581,133416,124976
36578124,3.7625,1.2775,-1.8375,-0.0378,0.0188,1.0109,0.14,-0.21,0.37,127589,133422,124986
36598632,3.1150,0.9800,-1.8550,-0.0394,0.0199,1.0124,0.14,-0.21,0.37,127585,133418,124992
36618164,1.5225,0.7175,-1.9425,-0.0404,0.0217,1.0138,0.14,-0.21,0.37,127582,133419,124998
36638672,-0.1575,0.3150,-1.9425,-0.0414,0.0245,1.0163,0.14,-0.21,0.37,127574,133414,124986
36658204,-0.2100,-0.1225,-1.9075,-0.0418,0.0264,1.0176,0.14,-0.21,0.37,127575,133407,124993
36678712,-0.8400,-0.4550,-1.8900,-0.0422,0.0287,1.0187,0.14,-0.21,0.37,127582,133395,125006
36698240,-1.3475,-0.7000,-1.8200,-0.0426,0.0307,1.0199,0.14,-0.21,0.37,127581,133398,125005
36718752,-1.2425,-0.8925,-1.6450,-0.0436,0.0323,1.0210,0.14,-0.21,0.37,127581,133384,125002
36738280,-0.8750,-1.0850,-1.5750,-0.0444,0.0338,1.0218,0.14,-0.21,0.37,127575,133388,124989
36757812,-0.8750,-1.4700,-1.5050,-0.0447,0.0359,1.0221,0.14,-0.21,0.37,127579,133389,124988
36778320,-1.1200,-1.3475,-1.3475,-0.0448,0.0376,1.0219,0.14,-0.21,0.37,127593,133369,124996
36797852,-0.1400,-1.4875,-1.1550,-0.0447,0.0387,1.0219,0.14,-0.21,0.37,127589,133366,124995
36818360,1.3650,-1.5575,-0.9100,-0.0443,0.0398,1.0216,0.14,-0.21,0.37,127589,133370,124987
36837888,1.4525,-1.5400,-0.6650,-0.0438,0.0415,1.0208,0.14,-0.21,0.37,127587,133379,124975
36858400,0.6650,-1.5050,-0.2275,-0.0431,0.0438,1.0192,0.14,-0.21,0.37,127590,133376,124976
36888672,0.5600,-1.5750,0.1225,-0.0429,0.0453,1.0176,0.14,-0.21,0.37,127594,133383,124970
36908204,0.3150,-1.5400,0.3850,-0.0429,0.0458,1.0164,0.14,-0.21,0.37,127600,133379,124972
36928712,0.3850,-1.5225,0.6125,-0.0429,0.0459,1.0154,0.14,-0.21,0.37,127609,133373,124988
36948240,0.5250,-1.3475,0.7525,-0.0429,0.0456,1.0144,0.14,-0.21,0.37,127619,133387,124972
36968752,0.3850,-1.1900,0.8925,-0.0432,0.0448,1.0132,0.14,-0.21,0.37,127607,133390,124981
36988280,0.0875,-1.1200,0.8575,-0.0434,0.0440,1.0124,0.14,-0.21,0.37,127600,133403,124972
37007812,-0.2450,-1.0850,0.8225,-0.0433,0.0432,1.0117,0.14,-0.21,0.37,127606,133395,124967
37028320,-0.2450,-0.9625,0.7875,-0.0429,0.0420,1.0110,0.14,-0.21,0.37,127606,133390,124974
37047852,0.0350,-0.9275,0.7350,-0.0429,0.0407,1.0103,0.14,-0.21,0.37,127622,133397,124985
37068360,1.0675,-0.7525,0.5950,-0.0429,0.0393,1.0099,0.14,-0.21,0.37,127612,133403,124980
37087888,1.9250,-0.6125,0.5775,-0.0427,0.0381,1.0097,0.14,-0.21,0.37,127600,133412,124976
37108400,1.2425,-0.4550,0.4550,-0.0422,0.0371,1.0091,0.14,-0.21,0.37,127607,133408,124973
37127928,0.9100,-0.3850,0.3850,-0.0422,0.0362,1.0089,0.14,-0.21,0.37,127614,133407,124996
37148436,1.0675,-0.4375,0.2975,-0.0420,0.0354,1.0089,0.14,-0.21,0.37,127624,133413,124990
37167968,0.6300,-0.4725,0.1750,-0.0412,0.0349,1.0088,0.14,-0.21,0.37,127605,133413,124977
37188476,0.1575,-0.2975,0.0350,-0.0405,0.0346,1.0091,0.14,-0.21,0.37,127598,133426,124976
37208008,0.5600,-0.2450,-0.0875,-0.0401,0.0339,1.0097,0.14,-0.21,0.37,127595,133421,124985
37228516,1.1550,-0.3325,-0.1400,-0.0397,0.0337,1.0100,0.14,-0.21,0.37,127599,133422,124978
37248048,0.9450,-0.2625,-0.2625,-0.0390,0.0340,1.0106,0.14,-0.21,0.37,127607,133431,124980
37268552,1.0675,-0.2100,-0.2800,-0.0388,0.0343,1.0119,0.14,-0.21,0.37,127595,133423,124975
37288084,1.5400,-0.4725,-0.1575,-0.0390,0.0345,1.0127,0.14,-0.21,0.37,127589,133428,124973
37308592,1.2425,-0.7175,-0.1400,-0.0392,0.0351,1.0132,0.14,-0.21,0.37,127591,133438,124971
37328124,-0.6475,-0.8400,-0.2975,-0.0389,0.0364,1.0141,0.14,-0.21,0.37,127604,133441,124982
37348632,-0.6300,-0.8925,-0.2450,-0.0393,0.0362,1.0148,0.14,-0.21,0.37,127608,133429,124985
37368164,-0.2100,-0.9800,-0.2275,-0.0395,0.0361,1.0154,0.14,-0.21,0.37,127597,133428,124971
37388672,-0.1750,-1.0500,-0.2100,-0.0395,0.0362,1.0159,0.14,-0.21,0.37,127591,133433,124969
37408204,-0.2275,-1.1550,-0.2450,-0.0393,0.0364,1.0163,0.14,-0.21,0.37,127601,133423,124962
37428712,-0.1575,-1.3125,-0.3675,-0.0388,0.0364,1.0163,0.14,-0.21,0.37,127608,133432,124978
37448240,-0.2975,-1.2425,-0.3150,-0.0384,0.0365,1.0164,0.14,-0.21,0.37,127609,133419,124977
37468752,0.0525,-1.2775,-0.4025,-0.0383,0.0364,1.0165,0.14,-0.21,0.37,127607,133434,124965
37488280,0.7350,-1.2775,-0.3325,-0.0384,0.0361,1.0165,0.14,-0.21,0.37,127604,133430,124950
37507812,0.4900,-1.3475,-0.3150,-0.0383,0.0362,1.0159,0.14,-0.21,0.37,127609,133429,124959
37528320,-0.6650,-1.4350,-0.3150,-0.0384,0.0366,1.0150,0.14,-0.21,0.37,127624,133425,124962
37547852,-0.4550,-1.4175,-0.4025,-0.0384,0.0366,1.0146,0.14,-0.21,0.37,127621,133418,124979
37568360,0.1925,-1.2950,-0.4025,-0.0383,0.0366,1.0136,0.14,-0.21,0.37,127619,133413,124967
37587888,-0.1750,-1.1025,-0.3675,-0.0382,0.0366,1.0128,0.14,-0.21,0.37,127609,133419,124964
37608400,-0.1575,-0.9625,-0.3150,-0.0382,0.0364,1.0122,0.14,-0.21,0.37,127613,133438,124955
37627928,0.7525,-0.9100,-0.2100,-0.0382,0.0361,1.0119,0.14,-0.21,0.37,127624,133434,124963
37648436,0.9275,-0.9450,-0.3150,-0.0378,0.0361,1.0114,0.14,-0.21,0.37,127627,133425,124969
37667968,-0.2625,-0.7525,-0.2975,-0.0372,0.0364,1.0104,0.14,-0.21,0.37,127626,133430,124963
37688476,-0.2975,-0.6125,-0.3150,-0.0373,0.0359,1.0099,0.14,-0.21,0.37,127612,133426,124958
37708008,0.6650,-0.5775,-0.4200,-0.0379,0.0350,1.0097,0.14,-0.21,0.37,127616,133429,124967
37728516,1.3125,-0.4200,-0.4725,-0.0381,0.0344,1.0092,0.14,-0.21,0.37,127622,133418,124981
37748048,0.9275,-0.3500,-0.6650,-0.0383,0.0340,1.0089,0.14,-0.21,0.37,127620,133417,124980
37768552,0.4725,-0.1400,-0.7875,-0.0386,0.0337,1.0087,0.14,-0.21,0.37,127618,133417,124975
37788084,0.5775,-0.1575,-0.8400,-0.0386,0.0332,1.0085,0.14,-0.21,0.37,127610,133420,124971
37808592,0.2625,-0.1925,-0.9625,-0.0387,0.0333,1.0087,0.14,-0.21,0.37,127608,133425,124969
37828124,0.0700,-0.1050,-1.0150,-0.0387,0.0333,1.0092,0.14,-0.21,0.37,127613,133415,124980
37848632,0.6475,0.0700,-1.1725,-0.0390,0.0334,1.0099,0.14,-0.21,0.37,127618,133417,124980
37868164,1.1550,0.0000,-1.0850,-0.0392,0.0339,1.0106,0.14,-0.21,0.37,127607,133411,124977
37898436,0.9100,-0.2100,-0.8225,-0.0384,0.0362,1.0124,0.14,-0.21,0.37,127616,133409,124985
37917968,0.4200,-0.3675,-0.7000,-0.0382,0.0372,1.0131,0.14,-0.21,0.37,127616,133414,124984
37938476,-0.4550,-0.6125,-0.5425,-0.0383,0.0381,1.0138,0.14,-0.21,0.37,127594,133413,124969
37958008,-0.7525,-0.7525,-0.4900,-0.0387,0.0388,1.0148,0.14,-0.21,0.37,127602,133414,124966
37978516,-0.4200,-0.8225,-0.4375,-0.0393,0.0390,1.0155,0.14,-0.21,0.37,127613,133416,124981
37998048,-0.5425,-1.1200,-0.3150,-0.0398,0.0393,1.0160,0.14,-0.21,0.37,127612,133404,124973
38018552,-0.5075,-1.0675,-0.3325,-0.0400,0.0395,1.0165,0.14,-0.21,0.37,127610,133406,124971
38038084,-0.3500,-1.1550,-0.2625,-0.0398,0.0398,1.0169,0.14,-0.21,0.37,127605,133404,124971
38058592,0.2975,-1.1725,-0.2100,-0.0395,0.0398,1.0167,0.14,-0.21,0.37,127608,133411,124969
38078124,1.0150,-1.2075,-0.1225,-0.0394,0.0397,1.0167,0.14,-0.21,0.37,127619,133412,124973
38098632,1.2950,-1.1550,-0.0175,-0.0392,0.0400,1.0169,0.14,-0.21,0.37,127624,133403,124972
38118164,1.0325,-1.2425,0.0175,-0.0388,0.0405,1.0166,0.14,-0.21,0.37,127617,133411,124964
38138672,-0.2100,-1.3300,0.1400,-0.0386,0.0412,1.0155,0.14,-0.21,0.37,127614,133425,124951
38158204,-0.0175,-1.4525,0.3150,-0.0388,0.0410,1.0152,0.14,-0.21,0.37,127616,133411,124962
38178712,0.2450,-1.3650,0.2450,-0.0389,0.0407,1.0149,0.14,-0.21,0.37,127629,133417,124956
38198240,0.0700,-1.3825,0.2450,-0.0390,0.0403,1.0143,0.14,-0.21,0.37,127634,133425,124972
38218752,-0.8225,-1.3650,0.2100,-0.0393,0.0398,1.0133,0.14,-0.21,0.37,127625,133410,124963
38238280,-0.9275,-1.2775,0.0700,-0.0394,0.0381,1.0122,0.14,-0.21,0.37,127616,133417,124954
38257812,-0.2100,-1.1025,-0.1400,-0.0389,0.0367,1.0119,0.14,-0.21,0.37,127621,133415,124954
38278320,0.6125,-0.9100,-0.3150,-0.0388,0.0354,1.0116,0.14,-0.21,0.37,127634,133403,124967
38297852,0.7525,-0.7700,-0.5775,-0.0393,0.0343,1.0113,0.14,-0.21,0.37,127637,133414,124976
38318360,0.9100,-0.8050,-0.7525,-0.0403,0.0334,1.0106,0.14,-0.21,0.37,127634,133414,124963
38337888,0.5775,-0.8750,-0.8925,-0.0405,0.0332,1.0099,0.14,-0.21,0.37,127625,133411,124956
38358400,0.1575,-0.6650,-0.9450,-0.0398,0.0332,1.0087,0.14,-0.21,0.37,127625,133417,124964
38377928,-0.0350,-0.4200,-0.8575,-0.0393,0.0333,1.0085,0.14,-0.21,0.37,127634,133412,124963
38398436,1.0675,-0.2625,-0.8225,-0.0394,0.0332,1.0082,0.14,-0.21,0.37,127631,133403,124967
38417968,1.8550,-0.1575,-0.7350,-0.0394,0.0336,1.0078,0.14,-0.21,0.37,127625,133423,124967
38438476,1.4000,-0.1925,-0.7525,-0.0388,0.0348,1.0075,0.14,-0.21,0.37,127617,133426,124955
38458008,0.1225,-0.0525,-0.7350,-0.0381,0.0361,1.0072,0.14,-0.21,0.37,127612,133414,124971
38478516,0.0350,0.1050,-0.4550,-0.0379,0.0372,1.0077,0.14,-0.21,0.37,127630,133422,124968
38498048,1.4175,0.1575,-0.2625,-0.0373,0.0376,1.0081,0.14,-0.21,0.37,127625,133407,124988
38518552,1.2250,0.0875,-0.0875,-0.0364,0.0386,1.0081,0.14,-0.21,0.37,127607,133426,124973
38538084,-0.0700,0.2450,0.0000,-0.0355,0.0395,1.0080,0.14,-0.21,0.37,127600,133420,124973
38558592,-0.7350,0.2275,0.0875,-0.0351,0.0398,1.0083,0.14,-0.21,0.37,127599,133426,124965
38578124,0.1750,0.2625,0.1750,-0.0351,0.0395,1.0092,0.14,-0.21,0.37,127608,133417,124967
38598632,1.0150,0.1400,0.1750,-0.0364,0.0390,1.0104,0.14,-0.21,0.37,127605,133413,124993
38618164,0.5425,0.0350,0.0350,-0.0372,0.0388,1.0110,0.14,-0.21,0.37,127600,133423,124982
38638672,-0.7350,-0.0175,-0.0525,-0.0377,0.0386,1.0115,0.14,-0.21,0.37,127586,133413,124980
38658204,-1.5225,-0.0700,-0.1050,-0.0383,0.0381,1.0121,0.14,-0.21,0.37,127592,133413,124982
38678712,-1.0850,-0.0875,-0.2450,-0.0384,0.0371,1.0130,0.14,-0.21,0.37,127593,133404,124992
38698240,-0.5950,-0.2100,-0.4025,-0.0388,0.0357,1.0135,0.14,-0.21,0.37,127594,133410,124994
38718752,-0.5950,-0.2100,-0.4725,-0.0388,0.0351,1.0133,0.14,-0.21,0.37,127587,133403,124990
38738280,-0.0875,-0.1575,-0.6125,-0.0388,0.0346,1.0135,0.14,-0.21,0.37,127577,133412,124981
38757812,0.7175,-0.1050,-0.6125,-0.0386,0.0343,1.0135,0.14,-0.21,0.37,127578,133409,124982
38778320,0.8575,-0.0525,-0.6475,-0.0386,0.0344,1.0132,0.14,-0.21,0.37,127588,133402,124997
38797852,0.8225,-0.1050,-0.6650,-0.0386,0.0346,1.0131,0.14,-0.21,0.37,127592,133408,124986
38818360,0.4025,-0.0350,-0.5075,-0.0395,0.0351,1.0131,0.14,-0.21,0.37,127580,133413,124975
38837888,0.2975,-0.1400,-0.4900,-0.0404,0.0353,1.0132,0.14,-0.21,0.37,127570,133402,124984
38858400,0.3850,-0.1925,-0.5775,-0.0407,0.0353,1.0133,0.14,-0.21,0.37,127576,133407,124988
38877928,0.1225,-0.2275,-0.5775,-0.0410,0.0351,1.0136,0.14,-0.21,0.37,127581,133413,125001
38908204,0.3675,-0.2975,-0.5775,-0.0415,0.0348,1.0139,0.14,-0.21,0.37,127568,133389,124993
38928712,-0.3325,-0.2800,-0.6125,-0.0414,0.0348,1.0138,0.14,-0.21,0.37,127578,133386,124989
38948240,-0.6825,-0.3500,-0.7175,-0.0415,0.0345,1.0136,0.14,-0.21,0.37,127582,133385,125006
38968752,-0.2800,-0.4025,-0.7175,-0.0418,0.0340,1.0135,0.14,-0.21,0.37,127567,133396,124987
38988280,0.1400,-0.4025,-0.8225,-0.0422,0.0334,1.0131,0.14,-0.21,0.37,127564,133398,124984
39007812,0.0000,-0.3150,-0.8925,-0.0427,0.0332,1.0125,0.14,-0.21,0.37,127569,133394,124987
39028320,-1.3125,-0.1750,-0.9625,-0.0431,0.0329,1.0116,0.14,-0.21,0.37,127568,133376,125000
39047852,-1.6625,-0.0350,-1.1025,-0.0442,0.0316,1.0110,0.14,-0.21,0.37,127574,133382,125010
39068360,-0.2975,-0.0875,-1.2600,-0.0447,0.0305,1.0108,0.14,-0.21,0.37,127566,133369,124998
39087888,0.3500,0.0175,-1.4875,-0.0449,0.0300,1.0105,0.14,-0.21,0.37,127559,133367,124988
39108400,0.2275,0.2275,-1.6800,-0.0447,0.0303,1.0104,0.14,-0.21,0.37,127555,133374,125002
39127928,0.7000,0.2625,-1.7325,-0.0445,0.0306,1.0105,0.14,-0.21,0.37,127556,133358,125013
39148436,2.2050,0.2800,-1.6275,-0.0444,0.0314,1.0108,0.14,-0.21,0.37,127562,133361,125014
39167968,1.8200,0.4025,-1.3300,-0.0436,0.0340,1.0111,0.14,-0.21,0.37,127551,133363,125019
39188476,0.9800,0.3150,-1.1200,-0.0432,0.0359,1.0115,0.14,-0.22,0.37,127543,133371,125011
39208008,0.4200,0.2100,-0.7525,-0.0432,0.0376,1.0119,0.14,-0.22,0.37,127540,133368,125005
39228516,0.4550,0.0525,-0.4900,-0.0439,0.0390,1.0127,0.14,-0.21,0.37,127552,133359,125030
39248048,0.8225,-0.0875,-0.2975,-0.0448,0.0403,1.0136,0.14,-0.21,0.37,127554,133374,125039
39268552,-0.1925,-0.2275,-0.0350,-0.0458,0.0417,1.0147,0.14,-0.22,0.37,127535,133352,125010
39288084,-0.9450,-0.3150,0.0700,-0.0473,0.0426,1.0148,0.14,-0.22,0.37,127533,133361,125014
39308592,-0.5775,-0.4900,0.2625,-0.0476,0.0429,1.0150,0.14,-0.22,0.37,127534,133366,125018
39328124,0.1750,-0.4025,0.4375,-0.0473,0.0433,1.0152,0.14,-0.22,0.37,127542,133363,125019
39348632,0.7000,-0.3325,0.5775,-0.0471,0.0434,1.0150,0.14,-0.22,0.37,127542,133361,125030
39368164,1.2250,-0.3150,0.7875,-0.0475,0.0434,1.0150,0.14,-0.22,0.37,127537,133373,125030
39388672,2.0300,-0.3325,1.0325,-0.0481,0.0433,1.0148,0.14,-0.22,0.37,127525,133384,125033
39408204,1.7675,-0.4375,1.1375,-0.0483,0.0434,1.0147,0.14,-0.22,0.37,127527,133384,125015
39428712,0.5250,-0.3850,1.1900,-0.0488,0.0433,1.0146,0.14,-0.22,0.37,127534,133380,125028
39448240,-0.3675,-0.4725,1.2425,-0.0492,0.0427,1.0144,0.14,-0.22,0.37,127542,133384,125033
39468752,-0.3675,-0.5075,1.1550,-0.0495,0.0417,1.0144,0.14,-0.22,0.37,127525,133390,125026
39488280,-0.7175,-0.6125,1.1025,-0.0498,0.0405,1.0142,0.14,-0.22,0.37,127519,133388,125020
39507812,-1.6800,-0.5950,0.9625,-0.0498,0.0383,1.0133,0.14,-0.22,0.37,127521,133384,125018
39528320,-0.8925,-0.5425,0.8225,-0.0498,0.0364,1.0130,0.14,-0.22,0.37,127535,133385,125030
39547852,0.1575,-0.5075,0.5075,-0.0495,0.0345,1.0124,0.14,-0.22,0.37,127537,133384,125041
39568360,0.9625,-0.3150,0.2625,-0.0490,0.0329,1.0116,0.14,-0.22,0.37,127524,133391,125037
39587888,1.0150,-0.1575,0.0700,-0.0483,0.0321,1.0109,0.14,-0.22,0.37,127516,133406,125033
39608400,1.3125,0.0525,-0.1050,-0.0478,0.0312,1.0102,0.14,-0.22,0.37,127512,133408,125031
39627928,1.4700,0.1225,-0.0350,-0.0473,0.0305,1.0094,0.14,-0.22,0.37,127520,133401,125035
39648436,0.5950,0.1050,-0.1575,-0.0473,0.0303,1.0088,0.14,-0.22,0.37,127517,133400,125036
39667968,-0.3850,0.2625,-0.3850,-0.0473,0.0299,1.0086,0.14,-0.22,0.37,127513,133400,125033
39688476,-0.1050,0.3150,-0.6125,-0.0477,0.0292,1.0089,0.14,-0.22,0.37,127503,133403,125035
39708008,0.7175,0.3150,-0.7350,-0.0478,0.0283,1.0094,0.14,-0.22,0.37,127496,133406,125038
39728516,0.2975,0.3150,-1.0850,-0.0476,0.0278,1.0092,0.14,-0.22,0.37,127507,133399,125035
39748048,-0.2800,0.4550,-1.3475,-0.0478,0.0276,1.0097,0.14,-0.22,0.37,127509,133388,125052
39768552,0.6825,0.4200,-1.5750,-0.0489,0.0271,1.0105,0.14,-0.22,0.37,127499,133385,125053
39788084,1.5400,0.3325,-1.6100,-0.0500,0.0270,1.0115,0.14,-0.22,0.37,127484,133388,125057
39808592,1.4875,0.2450,-1.6275,-0.0503,0.0281,1.0124,0.14,-0.22,0.37,127489,133381,125061
39828124,0.2800,0.0175,-1.6450,-0.0500,0.0295,1.0133,0.14,-0.22,0.37,127498,133375,125063
39848632,-1.3300,-0.2975,-1.4700,-0.0501,0.0316,1.0147,0.14,-0.22,0.37,127495,133361,125064
39868164,-1.2950,-0.6300,-1.2775,-0.0506,0.0325,1.0158,0.14,-0.22,0.37,127488,133355,125066
39888672,-0.8050,-0.7350,-1.2250,-0.0512,0.0334,1.0170,0.14,-0.22,0.37,127481,133373,125040
39918944,0.2800,-1.0150,-1.0850,-0.0516,0.0349,1.0185,0.14,-0.22,0.37,127489,133364,125060
39939452,-0.4025,-1.1550,-0.9100,-0.0516,0.0366,1.0187,0.14,-0.22,0.37,127487,133359,125058
39958984,-0.6300,-1.1900,-0.6300,-0.0517,0.0386,1.0193,0.14,-0.22,0.37,127491,133351,125058
39979492,0.0000,-1.2250,-0.2975,-0.0517,0.0394,1.0194,0.14,-0.22,0.37,127502,133352,125057
39999024,0.9450,-1.3125,-0.1575,-0.0515,0.0400,1.0193,0.14,-0.22,0.37,127504,133344,125070
40019532,0.5075,-1.3825,0.0875,-0.0515,0.0409,1.0185,0.14,-0.22,0.37,127492,133347,125053
40039064,-0.9100,-1.4350,0.2275,-0.0519,0.0417,1.0176,0.14,-0.22,0.37,127496,133349,125040
40059568,-0.9800,-1.3475,0.4200,-0.0522,0.0417,1.0167,0.14,-0.22,0.37,127492,133348,125036
40079100,-0.1750,-1.2950,0.4375,-0.0525,0.0405,1.0153,0.14,-0.22,0.37,127510,133358,125060
40099608,0.5600,-1.2250,0.4900,-0.0525,0.0398,1.0142,0.14,-0.22,0.37,127512,133350,125044
40119140,0.3500,-1.0675,0.5075,-0.0522,0.0390,1.0128,0.14,-0.22,0.37,127503,133352,125039
40139648,0.0000,-0.8750,0.4900,-0.0522,0.0381,1.0114,0.14,-0.22,0.37,127502,133369,125032
40159180,0.0175,-0.6650,0.4375,-0.0520,0.0371,1.0104,0.14,-0.22,0.37,127504,133364,125047
40179688,1.5750,-0.4550,0.3150,-0.0522,0.0349,1.0094,0.14,-0.22,0.37,127514,133362,125049
40199216,2.0825,-0.3675,0.2800,-0.0522,0.0339,1.0089,0.14,-0.22,0.37,127505,133371,125048
40219728,1.1200,-0.2800,0.0875,-0.0521,0.0332,1.0083,0.14,-0.22,0.37,127500,133370,125047
40239256,-0.1050,-0.1050,-0.1050,-0.0520,0.0326,1.0081,0.14,-0.22,0.37,127492,133382,125044
40258788,0.3500,-0.1750,-0.2625,-0.0521,0.0315,1.0083,0.14,-0.22,0.37,127499,133376,125039
40279296,1.3650,-0.1400,-0.3850,-0.0520,0.0303,1.0087,0.14,-0.22,0.37,127504,133381,125053
40298828,1.1550,-0.1925,-0.5600,-0.0519,0.0295,1.0088,0.14,-0.22,0.37,127503,133372,125060
40319336,0.3325,-0.0875,-0.7175,-0.0516,0.0293,1.0094,0.14,-0.22,0.37,127502,133374,125044
40338868,0.5950,-0.0700,-0.8400,-0.0517,0.0288,1.0103,0.14,-0.22,0.37,127487,133383,125040
40359376,1.8375,-0.2275,-0.9975,-0.0520,0.0283,1.0111,0.14,-0.22,0.37,127491,133371,125053
40378904,1.9600,-0.3500,-1.1200,-0.0516,0.0284,1.0120,0.14,-0.22,0.37,127496,133376,125067
40399416,0.5950,-0.4200,-1.2250,-0.0514,0.0292,1.0126,0.14,-0.22,0.37,127493,133371,125074
40418944,-0.7175,-0.5425,-1.4700,-0.0517,0.0298,1.0133,0.14,-0.22,0.37,127495,133378,125062
40439452,-0.0350,-0.6300,-1.5575,-0.0520,0.0299,1.0142,0.14,-0.22,0.37,127484,133379,125058
40458984,0.1575,-0.7700,-1.5225,-0.0521,0.0303,1.0148,0.14,-0.22,0.37,127488,133368,125060
40479492,0.2100,-0.8050,-1.4875,-0.0519,0.0310,1.0152,0.14,-0.22,0.37,127499,133361,125069
40499024,-0.6125,-0.9450,-1.4700,-0.0519,0.0316,1.0153,0.14,-0.22,0.37,127495,133369,125071
40519532,-0.1225,-1.2775,-1.4175,-0.0520,0.0318,1.0157,0.14,-0.22,0.37,127505,133353,125048
40539064,0.4550,-1.2950,-1.4700,-0.0525,0.0322,1.0165,0.14,-0.22,0.37,127493,133360,125052
40559568,0.0525,-1.4175,-1.4875,-0.0529,0.0331,1.0165,0.14,-0.22,0.37,127505,133348,125044
40579100,-0.4375,-1.3650,-1.3825,-0.0532,0.0338,1.0165,0.14,-0.22,0.37,127516,133348,125062
40599608,-0.4725,-1.4525,-1.3300,-0.0532,0.0346,1.0165,0.14,-0.22,0.37,127511,133343,125061
40619140,0.0175,-1.5575,-1.2775,-0.0528,0.0354,1.0164,0.14,-0.22,0.37,127511,133342,125047
40639648,-0.0350,-1.4000,-1.0325,-0.0520,0.0366,1.0161,0.14,-0.22,0.37,127506,133339,125048
40659180,0.1575,-1.3650,-0.9450,-0.0516,0.0375,1.0159,0.14,-0.22,0.37,127516,133334,125044
40679688,0.0350,-1.4700,-0.6825,-0.0516,0.0383,1.0153,0.14,-0.22,0.37,127527,133331,125059
40699216,-0.0350,-1.4875,-0.4725,-0.0519,0.0389,1.0149,0.14,-0.22,0.37,127531,133325,125061
40719728,0.4725,-1.5225,-0.4725,-0.0519,0.0394,1.0148,0.14,-0.22,0.37,127525,133332,125042
40739256,0.5425,-1.4525,-0.3150,-0.0520,0.0400,1.0144,0.14,-0.22,0.37,127516,133329,125033
40758788,0.7700,-1.4875,0.0000,-0.0520,0.0405,1.0139,0.14,-0.22,0.37,127527,133347,125035
40779296,0.4550,-1.3825,0.2275,-0.0517,0.0414,1.0131,0.14,-0.22,0.37,127537,133344,125055
40798828,0.2275,-1.4350,0.3850,-0.0512,0.0417,1.0127,0.14,-0.22,0.37,127540,133345,125045
40819336,-0.1400,-1.2950,0.5075,-0.0506,0.0418,1.0121,0.14,-0.22,0.37,127534,133341,125038
40838868,-0.4200,-1.1725,0.6300,-0.0500,0.0416,1.0116,0.14,-0.22,0.37,127526,133346,125044
40859376,-0.0875,-1.0850,0.6300,-0.0494,0.0407,1.0111,0.14,-0.22,0.37,127537,133352,125041
40878904,1.2075,-0.7875,0.5775,-0.0488,0.0390,1.0108,0.14,-0.22,0.37,127541,133345,125040
40899416,2.2925,-0.9100,0.5775,-0.0488,0.0379,1.0109,0.14,-0.22,0.37,127544,133352,125047
40929688,2.4500,-0.9450,0.4550,-0.0488,0.0371,1.0106,0.14,-0.22,0.37,127542,133360,125052
40949216,1.1900,-0.9275,0.4550,-0.0486,0.0368,1.0106,0.14,-0.21,0.37,127550,133367,125037
40969728,0.4025,-0.9800,0.3500,-0.0483,0.0365,1.0110,0.14,-0.22,0.37,127541,133370,125026
40989256,0.6125,-0.9275,0.2275,-0.0490,0.0351,1.0120,0.14,-0.22,0.37,127535,133365,125030
41008788,0.6300,-1.1900,0.1225,-0.0495,0.0345,1.0124,0.14,-0.22,0.37,127539,133383,125019
41029296,-0.3325,-1.1900,-0.1050,-0.0492,0.0342,1.0124,0.14,-0.21,0.37,127552,133371,125045
41048828,-1.5575,-1.0850,-0.3500,-0.0488,0.0340,1.0125,0.14,-0.22,0.37,127549,133361,125043
41069336,-0.8050,-1.0850,-0.5250,-0.0490,0.0333,1.0127,0.14,-0.22,0.37,127548,133364,125023
41088868,1.2600,-1.0675,-0.5250,-0.0493,0.0326,1.0131,0.14,-0.22,0.37,127537,133375,125009
41109376,1.4525,-1.1200,-0.4900,-0.0490,0.0333,1.0126,0.14,-0.22,0.37,127546,133376,125031
41128904,-0.3850,-1.1200,-0.4025,-0.0486,0.0346,1.0119,0.14,-0.21,0.37,127556,133368,125021
41149416,-1.2775,-1.0850,-0.2975,-0.0482,0.0354,1.0114,0.14,-0.21,0.37,127560,133350,125044
41168944,-0.8575,-1.0675,-0.2625,-0.0482,0.0354,1.0111,0.14,-0.21,0.37,127554,133360,125021
41189452,0.1750,-1.0150,-0.2450,-0.0484,0.0351,1.0111,0.14,-0.22,0.37,127544,133360,125002
41208984,0.3850,-0.9800,-0.3675,-0.0490,0.0349,1.0108,0.14,-0.21,0.37,127552,133373,125022
41229492,-0.6300,-0.8575,-0.4375,-0.0495,0.0346,1.0104,0.14,-0.21,0.37,127557,133363,125019
41249024,-0.6475,-0.6475,-0.6300,-0.0498,0.0340,1.0103,0.14,-0.21,0.37,127558,133364,125013
41269532,0.3850,-0.5950,-0.7525,-0.0494,0.0333,1.0103,0.14,-0.22,0.37,127547,133358,125018
41289064,0.8575,-0.6300,-0.8750,-0.0487,0.0328,1.0100,0.14,-0.22,0.37,127542,133365,125017
41309568,0.8750,-0.5600,-0.9275,-0.0481,0.0326,1.0094,0.14,-0.21,0.37,127555,133365,125024
41329100,0.2450,-0.3325,-0.9800,-0.0477,0.0322,1.0089,0.14,-0.21,0.37,127552,133355,125025
41349608,0.8225,-0.1925,-1.1200,-0.0471,0.0314,1.0086,0.14,-0.21,0.37,127560,133356,125028
41369140,1.8200,-0.2100,-1.2425,-0.0471,0.0306,1.0087,0.14,-0.22,0.37,127545,133359,125027
41389648,2.1175,-0.0875,-1.2425,-0.0471,0.0304,1.0086,0.14,-0.22,0.37,127538,133364,125023
41409180,2.0650,-0.0525,-1.4000,-0.0472,0.0305,1.0092,0.14,-0.22,0.37,127543,133369,125027
41429688,1.7675,-0.0875,-1.4525,-0.0472,0.0306,1.0100,0.14,-0.21,0.37,127550,133365,125037
41449216,1.4000,-0.2975,-1.3475,-0.0473,0.0311,1.0116,0.14,-0.22,0.37,127548,133372,125044
41469728,0.7175,-0.4550,-1.4000,-0.0475,0.0318,1.0128,0.14,-0.22,0.37,127539,133363,125027
41489256,0.3850,-0.6300,-1.5050,-0.0475,0.0325,1.0143,0.14,-0.22,0.37,127534,133367,125022
41508788,0.2450,-0.8225,-1.5575,-0.0473,0.0332,1.0157,0.14,-0.22,0.37,127543,133365,125019
41529296,0.1400,-1.1550,-1.4875,-0.0473,0.0342,1.0169,0.14,-0.21,0.37,127553,133349,125035
41548828,0.5250,-1.3475,-1.3475,-0.0476,0.0351,1.0183,0.14,-0.21,0.37,127559,133351,125040
41569336,0.4375,-1.7500,-1.1200,-0.0477,0.0373,1.0199,0.14,-0.21,0.37,127552,133362,125036
41588868,-0.7525,-2.1000,-0.9100,-0.0476,0.0393,1.0204,0.14,-0.22,0.37,127547,133351,125019
41609376,-2.1700,-2.2575,-0.6650,-0.0473,0.0406,1.0205,0.14,-0.21,0.37,127565,133331,125022
41628904,-2.4150,-2.3100,-0.4900,-0.0473,0.0412,1.0205,0.14,-0.21,0.37,127574,133339,125022
41649416,-0.6300,-2.4325,-0.4200,-0.0471,0.0410,1.0205,0.14,-0.21,0.37,127571,133333,125022
41668944,0.2450,-2.4500,-0.3850,-0.0464,0.0410,1.0198,0.14,-0.21,0.37,127575,133340,125008
41689452,-1.0150,-2.0825,-0.4025,-0.0455,0.0414,1.0176,0.14,-0.21,0.37,127572,133337,125004
41708984,-0.4900,-1.8375,-0.2275,-0.0455,0.0407,1.0163,0.14,-0.21,0.37,127575,133340,125010
41729492,1.5925,-1.7675,-0.1925,-0.0460,0.0399,1.0150,0.14,-0.21,0.37,127594,133339,125006
41749024,3.0625,-1.6275,-0.1050,-0.0461,0.0394,1.0135,0.14,-0.21,0.37,127600,133342,125005
41769532,2.5900,-1.4525,0.0700,-0.0456,0.0399,1.0117,0.14,-0.21,0.37,127585,133347,125006
41789064,1.2600,-1.2425,0.1925,-0.0451,0.0404,1.0102,0.14,-0.21,0.37,127589,133354,124997
41809568,0.8400,-1.1375,0.4025,-0.0449,0.0405,1.0082,0.14,-0.21,0.37,127600,133367,124988
41829100,0.2800,-1.0675,0.4900,-0.0450,0.0401,1.0072,0.14,-0.21,0.37,127602,133367,125001
41849608,-0.4550,-0.8400,0.4200,-0.0451,0.0398,1.0065,0.14,-0.21,0.37,127608,133367,125006
41869140,-0.6825,-0.6475,0.3675,-0.0454,0.0390,1.0060,0.14,-0.21,0.37,127596,133368,125008
41889648,-0.2975,-0.5075,0.2800,-0.0453,0.0378,1.0058,0.14,-0.21,0.37,127592,133366,124995
41909180,1.1025,-0.0875,0.0875,-0.0447,0.0364,1.0056,0.14,-0.21,0.37,127600,133365,124998
41939452,2.7475,0.0875,-0.0350,-0.0439,0.0355,1.0058,0.14,-0.21,0.37,127584,133378,125007
41958984,2.9050,0.0875,0.0000,-0.0437,0.0356,1.0063,0.14,-0.21,0.37,127587,133385,125006
41979492,2.1000,0.0875,-0.0350,-0.0433,0.0361,1.0067,0.14,-0.21,0.37,127596,133381,125017
41999024,1.1550,0.2100,-0.0175,-0.0432,0.0365,1.0072,0.14,-0.21,0.37,127592,133386,125023
42019532,0.7525,0.0175,-0.1750,-0.0432,0.0365,1.0087,0.14,-0.21,0.37,127585,133381,125019
42039064,0.0700,-0.2100,-0.2800,-0.0429,0.0364,1.0096,0.14,-0.21,0.37,127579,133385,125019
42059568,-0.8225,-0.2450,-0.4200,-0.0432,0.0361,1.0104,0.14,-0.21,0.37,127581,133387,125035
42079100,-0.9450,-0.3675,-0.6125,-0.0437,0.0351,1.0114,0.14,-0.21,0.37,127587,133378,125031
42099608,0.4550,-0.4025,-0.7700,-0.0439,0.0340,1.0128,0.14,-0.21,0.37,127590,133370,125021
42119140,1.5400,-0.5775,-1.0325,-0.0437,0.0336,1.0138,0.14,-0.21,0.37,127579,133385,125035
42139648,1.9425,-0.7000,-1.2600,-0.0429,0.0339,1.0149,0.14,-0.21,0.37,127574,133389,125029
42159180,2.1175,-0.7875,-1.2950,-0.0425,0.0346,1.0158,0.14,-0.21,0.37,127579,133387,125040
42179688,2.5025,-0.8400,-1.2775,-0.0418,0.0359,1.0165,0.14,-0.21,0.37,127591,133392,125049
42199216,2.4500,-0.9450,-1.0675,-0.0416,0.0373,1.0171,0.14,-0.21,0.37,127595,133395,125029
42219728,1.8375,-1.2250,-0.9275,-0.0416,0.0393,1.0175,0.14,-0.21,0.37,127584,133396,125023
42239256,0.3850,-1.4525,-0.7350,-0.0415,0.0414,1.0177,0.14,-0.21,0.37,127583,133384,125018
42258788,-1.3825,-1.5750,-0.4375,-0.0420,0.0433,1.0178,0.14,-0.21,0.37,127596,133402,125025
42279296,-1.1025,-1.6975,-0.3325,-0.0426,0.0436,1.0178,0.14,-0.21,0.37,127604,133395,125014
42298828,-0.5950,-1.7500,-0.3675,-0.0429,0.0438,1.0175,0.14,-0.21,0.37,127603,133383,125011
42319336,-0.8400,-1.8725,-0.3675,-0.0429,0.0442,1.0167,0.14,-0.21,0.37,127596,133373,125011
42338868,-1.0850,-1.7675,-0.4375,-0.0433,0.0442,1.0160,0.14,-0.21,0.37,127607,133378,124997
42359376,-0.0700,-1.6975,-0.4200,-0.0439,0.0440,1.0153,0.14,-0.21,0.37,127617,133377,125009
42378904,1.1550,-1.5750,-0.2275,-0.0440,0.0448,1.0141,0.14,-0.21,0.37,127622,133379,125019
42399416,0.3150,-1.4175,0.0175,-0.0437,0.0459,1.0131,0.14,-0.21,0.37,127623,133387,125011
42418944,-0.6825,-1.3475,0.2275,-0.0436,0.0468,1.0119,0.14,-0.21,0.37,127622,133393,125003
42439452,-0.9450,-1.2425,0.4375,-0.0434,0.0475,1.0108,0.14,-0.21,0.37,127608,133385,124993
42458984,-0.5950,-1.2425,0.5600,-0.0436,0.0476,1.0100,0.14,-0.21,0.37,127619,133390,124997
42479492,-0.1575,-1.0150,0.7700,-0.0439,0.0476,1.0089,0.14,-0.21,0.37,127634,133376,124994
42499024,-0.5075,-0.8575,0.7000,-0.0442,0.0475,1.0080,0.14,-0.21,0.37,127623,133376,124994
42519532,-0.4025,-0.7175,0.7875,-0.0442,0.0471,1.0074,0.14,-0.21,0.37,127615,133389,124998
42539064,0.3325,-0.5600,0.8050,-0.0439,0.0464,1.0070,0.14,-0.21,0.37,127611,133390,125002
42559568,1.3125,-0.3675,0.8225,-0.0437,0.0458,1.0064,0.14,-0.21,0.37,127614,133397,124998
42579100,2.0125,-0.2800,0.8225,-0.0431,0.0455,1.0058,0.14,-0.21,0.37,127626,133399,125001
42599608,2.1875,0.1225,0.9625,-0.0425,0.0454,1.0055,0.14,-0.21,0.37,127617,133408,124997
42619140,1.9950,0.1050,1.1200,-0.0420,0.0454,1.0058,0.14,-0.21,0.37,127606,133417,125001
42639648,1.4525,0.1575,1.1900,-0.0412,0.0451,1.0060,0.14,-0.21,0.37,127602,133420,125018
42659180,0.3675,0.1575,1.0325,-0.0407,0.0448,1.0064,0.14,-0.21,0.37,127599,133422,124999
42679688,0.0350,0.1400,0.9450,-0.0412,0.0437,1.0076,0.14,-0.21,0.37,127608,133429,125011
42699216,1.1025,-0.0350,0.8050,-0.0425,0.0417,1.0092,0.14,-0.21,0.37,127607,133431,125027
42719728,1.5750,-0.2800,0.3850,-0.0437,0.0401,1.0111,0.14,-0.21,0.37,127598,133428,125010
42739256,0.4025,-0.5775,0.1050,-0.0438,0.0398,1.0121,0.14,-0.21,0.37,127592,133434,125004
42758788,-0.7875,-0.6300,0.0000,-0.0438,0.0398,1.0132,0.14,-0.21,0.37,127595,133439,125011
42779296,-0.8400,-0.8925,-0.0175,-0.0436,0.0394,1.0142,0.14,-0.21,0.37,127605,133425,125011
42798828,-0.5250,-0.8575,-0.0875,-0.0429,0.0392,1.0150,0.14,-0.21,0.37,127603,133418,125020
42819336,-0.5950,-1.0500,-0.1750,-0.0425,0.0390,1.0158,0.14,-0.21,0.37,127591,133436,125015
42838868,-0.9975,-1.2075,-0.2275,-0.0412,0.0397,1.0163,0.14,-0.21,0.37,127598,133424,125004
42859376,-0.8925,-1.2775,-0.2275,-0.0405,0.0400,1.0164,0.14,-0.21,0.37,127602,133431,125008
42878904,-0.9450,-1.3825,-0.1225,-0.0398,0.0405,1.0165,0.14,-0.21,0.37,127616,133415,125014
42899416,-1.0675,-1.4175,-0.1050,-0.0390,0.0407,1.0166,0.14,-0.21,0.37,127612,133415,125008
42918944,-0.9100,-1.3825,-0.0875,-0.0389,0.0405,1.0165,0.14,-0.21,0.37,127600,133413,124998
42949216,0.8925,-1.3475,-0.2275,-0.0392,0.0392,1.0161,0.14,-0.21,0.37,127617,133408,125002
42969728,0.3150,-1.3825,-0.4200,-0.0394,0.0390,1.0155,0.14,-0.21,0.37,127609,133427,124985
42989256,-0.4550,-1.3825,-0.5600,-0.0397,0.0390,1.0148,0.14,-0.21,0.37,127604,133418,124981
43008788,0.1225,-1.3125,-0.5425,-0.0397,0.0388,1.0146,0.14,-0.21,0.37,127612,133420,124997
43029296,0.7525,-1.2775,-0.4900,-0.0393,0.0390,1.0142,0.14,-0.21,0.37,127623,133417,124993
43048828,0.0700,-1.1375,-0.2625,-0.0388,0.0397,1.0133,0.14,-0.21,0.37,127624,133421,125016
43069336,-0.7175,-1.1375,-0.0875,-0.0383,0.0399,1.0119,0.14,-0.21,0.37,127613,133413,124982
43088868,-1.2775,-1.0150,-0.1050,-0.0389,0.0395,1.0111,0.14,-0.21,0.37,127614,133406,124976
43109376,-0.9275,-0.9625,-0.2275,-0.0400,0.0390,1.0106,0.14,-0.21,0.37,127619,133419,124982
43128904,-0.7350,-1.0325,-0.3675,-0.0406,0.0384,1.0102,0.14,-0.21,0.37,127626,133415,124998
43149416,-0.9975,-0.9450,-0.4725,-0.0412,0.0381,1.0096,0.14,-0.21,0.37,127625,133403,124998
43168944,-0.8400,-0.5600,-0.4725,-0.0412,0.0379,1.0089,0.14,-0.21,0.37,127624,133410,124984
43189452,0.2275,-0.4375,-0.4025,-0.0410,0.0373,1.0086,0.14,-0.21,0.37,127619,133407,124988
43208984,0.8575,-0.2800,-0.4375,-0.0405,0.0371,1.0082,0.14,-0.21,0.37,127612,133404,124976
43229492,1.0325,-0.0875,-0.4900,-0.0400,0.0371,1.0080,0.14,-0.21,0.37,127629,133409,124985
43249024,1.2950,0.0000,-0.4900,-0.0400,0.0371,1.0083,0.14,-0.21,0.37,127620,133392,124989
43269532,1.4175,-0.0350,-0.5425,-0.0403,0.0370,1.0087,0.14,-0.21,0.37,127607,133412,124997
43289064,0.6300,-0.0700,-0.6300,-0.0406,0.0370,1.0094,0.14,-0.21,0.37,127602,133411,124998
43309568,0.3150,-0.0875,-0.8225,-0.0407,0.0365,1.0104,0.14,-0.21,0.37,127602,133401,124993
43329100,0.6125,-0.2100,-0.8750,-0.0414,0.0359,1.0119,0.14,-0.21,0.37,127616,133408,125010
43349608,0.4200,-0.5425,-1.0150,-0.0422,0.0354,1.0133,0.14,-0.21,0.37,127613,133405,125009
43369140,-0.0700,-0.8750,-1.2950,-0.0431,0.0348,1.0150,0.14,-0.21,0.37,127616,133407,124990
43389648,-0.1575,-1.0850,-1.4875,-0.0433,0.0342,1.0166,0.14,-0.21,0.37,127600,133406,124992
43409180,0.6125,-1.3825,-1.6975,-0.0421,0.0337,1.0186,0.14,-0.21,0.37,127608,133394,125000
43429688,2.1000,-1.4875,-1.6100,-0.0403,0.0338,1.0197,0.14,-0.21,0.37,127626,133403,124993
43449216,2.1700,-1.4525,-1.4525,-0.0377,0.0349,1.0202,0.14,-0.21,0.37,127626,133403,125003
43469728,1.2075,-1.4175,-1.1200,-0.0350,0.0366,1.0199,0.14,-0.21,0.37,127625,133399,124988
43489256,1.0500,-1.3475,-0.7175,-0.0322,0.0379,1.0194,0.14,-0.21,0.37,127618,133403,124993
43508788,1.2250,-1.2425,-0.1925,-0.0304,0.0388,1.0187,0.14,-0.21,0.37,127619,133420,124994
43529296,2.1000,-1.1025,0.1400,-0.0295,0.0386,1.0181,0.14,-0.21,0.37,127634,133410,124999
43548828,1.7325,-1.1725,0.0350,-0.0298,0.0383,1.0170,0.14,-0.21,0.37,127639,133410,124994
43569336,0.0350,-1.1375,-0.0875,-0.0304,0.0378,1.0148,0.14,-0.21,0.37,127636,133420,124984
43588868,-1.1025,-1.1900,-0.2800,-0.0310,0.0366,1.0128,0.14,-0.21,0.37,127635,133409,124990
43609376,-1.0850,-1.0675,-0.5075,-0.0316,0.0350,1.0110,0.14,-0.21,0.37,127634,133412,124992
43628904,-0.8400,-0.4900,-1.0150,-0.0322,0.0332,1.0087,0.14,-0.21,0.37,127642,133407,124993
43649416,-0.2100,-0.0700,-1.3825,-0.0332,0.0307,1.0052,0.14,-0.21,0.37,127642,133397,125003
43668944,0.3150,0.4725,-1.6625,-0.0339,0.0294,1.0031,0.14,-0.21,0.37,127634,133388,124987
43689452,1.4875,0.9275,-1.8900,-0.0350,0.0284,1.0014,0.14,-0.21,0.37,127621,133390,124992
43708984,2.9925,1.2775,-2.2750,-0.0356,0.0282,0.9999,0.14,-0.21,0.37,127625,133393,125001
43729492,3.9375,1.5575,-2.3975,-0.0361,0.0289,0.9989,0.14,-0.21,0.37,127627,133390,125015
43749024,3.7625,1.9600,-2.5550,-0.0378,0.0312,0.9987,0.14,-0.21,0.37,127616,133388,125018
43769532,4.5850,2.0300,-2.5375,-0.0403,0.0329,0.9997,0.14,-0.21,0.37,127606,133399,125019
43789064,5.1800,1.9600,-2.5550,-0.0429,0.0351,1.0015,0.14,-0.21,0.37,127594,133409,125024
43809568,4.4275,1.7150,-2.5025,-0.0456,0.0383,1.0036,0.14,-0.21,0.37,127587,133403,125032
43829100,2.3625,1.4350,-2.4675,-0.0479,0.0420,1.0058,0.14,-0.21,0.37,127584,133395,125040
43849608,0.6300,1.0850,-2.3625,-0.0500,0.0454,1.0085,0.14,-0.21,0.37,127587,133391,125042
43869140,0.7525,0.4025,-1.8550,-0.0521,0.0501,1.0131,0.14,-0.21,0.37,127577,133398,125049
43889648,0.9800,-0.0700,-1.4700,-0.0525,0.0534,1.0160,0.14,-0.21,0.37,127573,133395,125042
43909180,0.7175,-0.5425,-1.0850,-0.0525,0.0569,1.0185,0.14,-0.21,0.37,127583,133393,125042
43929688,0.4025,-0.8400,-0.6825,-0.0521,0.0600,1.0209,0.14,-0.21,0.37,127583,133388,125052
43959960,0.3325,-1.5575,0.1050,-0.0519,0.0638,1.0242,0.14,-0.21,0.37,127585,133396,125044
43980468,0.2450,-2.2575,0.5950,-0.0521,0.0664,1.0266,0.14,-0.21,0.37,127594,133397,125035
44000000,-0.4550,-2.6775,0.9800,-0.0525,0.0676,1.0274,0.14,-0.21,0.37,127602,133389,125029
44020508,-2.1175,-3.1325,1.2075,-0.0523,0.0682,1.0274,0.14,-0.21,0.37,127595,133396,125023
44040040,-3.3425,-3.3600,1.4175,-0.0520,0.0677,1.0269,0.14,-0.21,0.37,127601,133393,125032
44060544,-3.5175,-3.5525,1.4875,-0.0516,0.0661,1.0260,0.14,-0.21,0.37,127625,133398,125015
44080080,-2.3625,-3.4300,1.4875,-0.0506,0.0625,1.0236,0.14,-0.21,0.37,127634,133383,125011
44100584,-1.8200,-3.2725,1.3300,-0.0493,0.0597,1.0214,0.14,-0.21,0.37,127633,133384,124997
44120116,-1.3125,-3.0800,1.1550,-0.0481,0.0569,1.0188,0.14,-0.21,0.37,127636,133396,124997
44140624,-0.7700,-2.8350,1.0675,-0.0468,0.0539,1.0161,0.14,-0.21,0.37,127637,133387,124983
44160156,-0.0700,-2.6425,0.9975,-0.0458,0.0510,1.0133,0.14,-0.21,0.37,127652,133400,124994
44180664,-0.0175,-2.2050,0.8750,-0.0440,0.0487,1.0106,0.14,-0.21,0.37,127656,133402,124989
44200196,-0.3500,-1.4875,0.6125,-0.0420,0.0450,1.0075,0.14,-0.21,0.37,127659,133388,125000
44220704,0.4900,-1.2600,0.4900,-0.0411,0.0421,1.0055,0.14,-0.21,0.37,127650,133406,124997
44240232,1.2250,-0.9275,0.1750,-0.0400,0.0397,1.0041,0.14,-0.21,0.37,127643,133411,124977
44260744,0.9800,-0.6475,-0.1400,-0.0386,0.0378,1.0028,0.14,-0.21,0.37,127650,133416,124984
44280272,0.7875,-0.2800,-0.5950,-0.0375,0.0362,1.0024,0.14,-0.21,0.37,127654,133405,124985
44299804,1.2775,-0.2100,-0.7175,-0.0367,0.0349,1.0022,0.14,-0.21,0.37,127650,133411,124985
44320312,1.2250,0.0875,-0.7875,-0.0364,0.0338,1.0026,0.14,-0.21,0.37,127641,133403,125003
44339844,1.2250,0.1050,-0.9625,-0.0356,0.0337,1.0033,0.14,-0.21,0.37,127636,133417,124995
44360352,1.1025,0.0350,-1.0150,-0.0349,0.0337,1.0039,0.14,-0.21,0.37,127638,133418,125002
44379880,0.1575,0.0000,-1.1025,-0.0344,0.0343,1.0045,0.14,-0.21,0.37,127649,133420,125007
44400392,0.5075,0.0350,-1.1375,-0.0343,0.0346,1.0061,0.14,-0.21,0.37,127646,133410,125002
44419920,1.2775,0.0000,-1.1550,-0.0342,0.0350,1.0078,0.14,-0.21,0.37,127634,133416,125005
44440428,0.4025,-0.0700,-1.3125,-0.0346,0.0367,1.0097,0.14,-0.21,0.37,127627,133406,124997
44459960,-0.6825,-0.1225,-1.2775,-0.0349,0.0378,1.0105,0.14,-0.21,0.37,127635,133409,125001
44480468,-0.4550,-0.2100,-1.2425,-0.0349,0.0386,1.0120,0.14,-0.21,0.37,127641,133397,125006
44500000,0.8225,-0.2800,-1.2775,-0.0353,0.0390,1.0133,0.14,-0.21,0.37,127640,133390,125018
44520508,1.5050,-0.4900,-1.2600,-0.0355,0.0398,1.0142,0.14,-0.21,0.37,127630,133390,124997
44540040,0.4550,-0.6650,-1.2425,-0.0357,0.0422,1.0150,0.14,-0.21,0.37,127624,133391,125003
44560544,-0.1750,-0.7525,-1.1900,-0.0361,0.0438,1.0155,0.14,-0.21,0.37,127647,133398,125013
44580080,0.1575,-0.9100,-0.9450,-0.0368,0.0450,1.0160,0.14,-0.21,0.37,127644,133388,125005
44600584,0.6650,-1.1200,-0.7525,-0.0370,0.0461,1.0163,0.14,-0.21,0.37,127640,133391,125009
44620116,-0.1750,-1.1900,-0.6300,-0.0367,0.0476,1.0163,0.14,-0.21,0.37,127634,133384,124997
44640624,-1.6275,-1.1550,-0.4725,-0.0366,0.0488,1.0158,0.14,-0.21,0.37,127631,133390,125002
44660156,-0.3675,-1.1025,-0.2975,-0.0368,0.0488,1.0158,0.14,-0.21,0.37,127645,133381,124998
44680664,0.5950,-1.1200,-0.2975,-0.0370,0.0486,1.0155,0.14,-0.21,0.37,127651,133378,125005
44700196,0.6825,-1.0850,-0.2975,-0.0373,0.0482,1.0149,0.14,-0.21,0.37,127649,133380,125005
44720704,0.6300,-1.0500,-0.3150,-0.0376,0.0478,1.0142,0.14,-0.21,0.37,127643,133381,124993
44740232,0.7700,-1.0150,-0.4550,-0.0379,0.0473,1.0135,0.14,-0.21,0.37,127640,133371,125001
44760744,0.1750,-0.9450,-0.5075,-0.0388,0.0468,1.0119,0.14,-0.21,0.37,127651,133373,124996
44780272,-0.0525,-0.8925,-0.5600,-0.0393,0.0465,1.0109,0.14,-0.21,0.37,127654,133383,125004
44799804,-0.3150,-0.8575,-0.4900,-0.0397,0.0461,1.0099,0.14,-0.21,0.37,127652,133370,125002
44820312,-0.6650,-0.6475,-0.4375,-0.0403,0.0458,1.0089,0.14,-0.21,0.37,127637,133373,124983
44839844,-1.0675,-0.6125,-0.5600,-0.0409,0.0450,1.0081,0.14,-0.21,0.37,127638,133369,124988
44860352,-0.9625,-0.4200,-0.7175,-0.0414,0.0442,1.0072,0.14,-0.21,0.37,127648,133373,124988
44879880,-0.7350,-0.3150,-0.8575,-0.0416,0.0433,1.0066,0.14,-0.21,0.37,127652,133358,125005
44900392,0.2450,0.0875,-1.1375,-0.0418,0.0420,1.0065,0.14,-0.21,0.37,127648,133354,125008
44919920,1.1375,0.1750,-1.2250,-0.0417,0.0417,1.0065,0.14,-0.21,0.37,127640,133362,124979
44959960,1.1025,0.3850,-0.9100,-0.0414,0.0432,1.0066,0.14,-0.21,0.37,127630,133363,124993
44979492,0.9975,0.4025,-0.7875,-0.0410,0.0442,1.0071,0.14,-0.21,0.37,127636,133356,125008
44999024,0.7175,0.2100,-0.5775,-0.0407,0.0451,1.0075,0.14,-0.21,0.37,127638,133357,125009
45019532,-0.2800,0.2800,-0.5425,-0.0412,0.0464,1.0087,0.14,-0.21,0.37,127624,133355,124999
45039064,0.1225,0.1750,-0.4025,-0.0418,0.0464,1.0102,0.14,-0.21,0.37,127610,133356,124995
45059568,0.8400,0.0175,-0.2100,-0.0425,0.0464,1.0113,0.14,-0.21,0.37,127627,133361,125004
45079100,0.6125,-0.2450,-0.2100,-0.0426,0.0468,1.0122,0.14,-0.21,0.37,127621,133355,125022
45099608,0.1575,-0.1750,-0.1400,-0.0422,0.0475,1.0136,0.14,-0.21,0.37,127624,133355,125025
45119140,-0.1750,-0.2450,0.0175,-0.0415,0.0479,1.0146,0.14,-0.21,0.37,127610,133359,125001
45139648,0.3850,-0.5600,0.2450,-0.0409,0.0481,1.0157,0.14,-0.21,0.37,127604,133362,125002
45159180,0.8575,-0.5950,0.3675,-0.0411,0.0478,1.0165,0.14,-0.21,0.37,127609,133372,125008
45179688,1.0325,-0.7525,0.3850,-0.0411,0.0477,1.0170,0.14,-0.21,0.37,127616,133367,125019
45199216,0.3850,-0.8575,0.4900,-0.0411,0.0476,1.0171,0.14,-0.21,0.37,127620,133364,125010
45219728,-0.3675,-0.9800,0.4900,-0.0412,0.0473,1.0169,0.14,-0.21,0.37,127614,133371,125011
45239256,-0.1750,-1.1900,0.4550,-0.0418,0.0459,1.0167,0.14,-0.21,0.37,127606,133380,125000
45258788,0.0000,-1.1375,0.3850,-0.0420,0.0450,1.0165,0.14,-0.21,0.37,127612,133368,125002
45279296,-0.4375,-1.1900,0.2800,-0.0418,0.0440,1.0159,0.14,-0.21,0.37,127623,133365,125009
45298828,-0.9275,-1.0675,0.2100,-0.0417,0.0431,1.0152,0.14,-0.21,0.37,127627,133372,125010
45319336,-0.7350,-1.0675,0.0875,-0.0417,0.0417,1.0143,0.14,-0.21,0.37,127620,133376,125002
45338868,-0.2100,-0.9625,-0.1925,-0.0415,0.0405,1.0138,0.14,-0.21,0.37,127612,133371,124996
45359376,0.0700,-0.8925,-0.4200,-0.0412,0.0390,1.0128,0.14,-0.21,0.37,127627,133377,125001
45378904,0.8750,-0.7875,-0.6300,-0.0410,0.0382,1.0124,0.14,-0.21,0.37,127628,133377,125011
45399416,1.2775,-0.7175,-0.6475,-0.0410,0.0378,1.0119,0.14,-0.21,0.37,127626,133367,125024
45418944,0.6650,-0.6825,-0.7175,-0.0407,0.0381,1.0113,0.14,-0.21,0.37,127626,133364,125008
45439452,-0.2100,-0.5950,-0.7175,-0.0404,0.0383,1.0106,0.14,-0.21,0.37,127612,133370,124992
45458984,-0.4900,-0.5075,-0.8400,-0.0405,0.0383,1.0105,0.14,-0.21,0.37,127615,133362,124995
45479492,0.8225,-0.5425,-0.9275,-0.0409,0.0376,1.0104,0.14,-0.21,0.37,127628,133355,125001
45499024,0.8575,-0.4900,-1.0850,-0.0407,0.0376,1.0102,0.14,-0.21,0.37,127626,133354,125000
45519532,0.0350,-0.2450,-1.1900,-0.0405,0.0376,1.0098,0.14,-0.21,0.37,127620,133358,125010
45539064,-0.2975,-0.1400,-1.3475,-0.0407,0.0377,1.0099,0.14,-0.21,0.37,127611,133362,125005
45559568,0.9625,-0.1925,-1.3475,-0.0414,0.0375,1.0103,0.14,-0.21,0.37,127621,133367,125011
45579100,2.0475,-0.3150,-1.3125,-0.0417,0.0378,1.0106,0.14,-0.21,0.37,127619,133348,125018
45599608,0.1575,-0.2275,-1.2775,-0.0411,0.0399,1.0108,0.14,-0.21,0.37,127625,133347,125022
45619140,-0.5950,-0.3850,-1.1900,-0.0407,0.0410,1.0111,0.14,-0.21,0.37,127616,133355,125014
45639648,-0.3325,-0.3850,-1.1025,-0.0407,0.0415,1.0117,0.14,-0.21,0.37,127612,133348,125002
45659180,-0.3675,-0.5250,-1.0850,-0.0412,0.0420,1.0124,0.14,-0.21,0.37,127610,133351,125019
45679688,-0.2450,-0.5950,-0.9975,-0.0420,0.0425,1.0128,0.14,-0.21,0.37,127622,133337,125019
45699216,-0.0525,-0.7000,-1.0150,-0.0428,0.0431,1.0133,0.14,-0.21,0.37,127617,133338,125008
45719728,-0.5425,-0.6475,-1.0325,-0.0428,0.0438,1.0132,0.14,-0.21,0.37,127616,133327,124999
45739256,-0.5950,-0.5425,-1.0150,-0.0427,0.0443,1.0133,0.14,-0.21,0.37,127610,133337,125014
45758788,0.7350,-0.5075,-0.8925,-0.0425,0.0444,1.0135,0.14,-0.21,0.37,127605,133332,125016
45779296,2.2575,-0.4725,-0.7350,-0.0426,0.0447,1.0137,0.14,-0.21,0.37,127624,133342,125021
45798828,2.5200,-0.5600,-0.5775,-0.0428,0.0455,1.0138,0.14,-0.21,0.37,127625,133333,125030
45819336,-0.0175,-0.6650,-0.2800,-0.0432,0.0473,1.0136,0.14,-0.21,0.37,127615,133342,125023
45838868,-1.0675,-0.7525,-0.1925,-0.0436,0.0481,1.0136,0.14,-0.21,0.37,127612,133329,125014
45859376,-0.7350,-0.8400,-0.1225,-0.0440,0.0479,1.0138,0.14,-0.21,0.37,127618,133334,125023
45878904,0.5775,-0.8750,-0.0350,-0.0445,0.0477,1.0142,0.14,-0.21,0.37,127617,133340,125021
45899416,1.1550,-0.9450,0.0000,-0.0447,0.0478,1.0141,0.14,-0.21,0.37,127619,133334,125021
45918944,0.3675,-0.8925,0.1400,-0.0443,0.0484,1.0136,0.14,-0.21,0.37,127621,133335,125014
45939452,-0.7000,-0.8400,0.3850,-0.0439,0.0489,1.0128,0.14,-0.21,0.37,127613,133334,125008
45969728,0.7700,-0.6825,0.6300,-0.0437,0.0486,1.0128,0.14,-0.21,0.37,127612,133337,125017
45989256,0.6125,-0.6650,0.6475,-0.0434,0.0483,1.0122,0.14,-0.21,0.37,127606,133348,125005
46008788,-0.0525,-0.7350,0.6825,-0.0432,0.0483,1.0116,0.14,-0.21,0.37,127619,133333,125022
46029296,0.0000,-0.6475,0.7175,-0.0429,0.0479,1.0115,0.14,-0.21,0.37,127620,133339,125019
46048828,0.5600,-0.5775,0.7700,-0.0429,0.0468,1.0114,0.14,-0.21,0.37,127623,133340,125013
46069336,0.5600,-0.4550,0.7700,-0.0428,0.0461,1.0111,0.14,-0.21,0.37,127615,133359,125012
46088868,-0.0700,-0.5425,0.6825,-0.0427,0.0453,1.0110,0.14,-0.21,0.37,127606,133347,125012
46109376,-0.7175,-0.4725,0.5250,-0.0428,0.0442,1.0108,0.14,-0.21,0.37,127611,133349,125019
46128904,-0.1400,-0.4900,0.3500,-0.0429,0.0428,1.0109,0.14,-0.21,0.37,127618,133346,125021
46149416,0.6825,-0.4725,0.0350,-0.0425,0.0415,1.0110,0.14,-0.21,0.37,127614,133355,125030
46168944,0.4550,-0.2975,-0.2450,-0.0416,0.0403,1.0111,0.14,-0.21,0.37,127608,133351,125022
46189452,0.9100,-0.2975,-0.2975,-0.0420,0.0393,1.0115,0.14,-0.21,0.37,127600,133363,125024
46208984,1.5925,-0.4200,-0.3500,-0.0422,0.0389,1.0121,0.14,-0.21,0.37,127605,133366,125018
46229492,0.7350,-0.4725,-0.3675,-0.0420,0.0390,1.0124,0.14,-0.21,0.37,127613,133356,125028
46249024,-0.5775,-0.5950,-0.4725,-0.0417,0.0393,1.0124,0.14,-0.21,0.37,127616,133365,125024
46269532,-1.2775,-0.6650,-0.6300,-0.0418,0.0387,1.0131,0.14,-0.21,0.37,127600,133348,125002
46289064,-0.5600,-0.8400,-0.6825,-0.0427,0.0378,1.0138,0.14,-0.21,0.37,127596,133356,125008
46309568,-0.0700,-0.9800,-0.8400,-0.0436,0.0373,1.0142,0.14,-0.21,0.37,127609,133357,125032
46329100,-0.6650,-1.0150,-1.0150,-0.0440,0.0375,1.0141,0.14,-0.21,0.37,127616,133347,125035
46349608,-1.6450,-1.0675,-1.1200,-0.0440,0.0378,1.0137,0.14,-0.21,0.37,127611,133332,125036
46369140,-1.7850,-0.9975,-1.1375,-0.0439,0.0382,1.0133,0.14,-0.21,0.37,127613,133335,125027
46389648,0.1750,-0.8750,-1.0675,-0.0434,0.0384,1.0132,0.14,-0.21,0.37,127604,133331,125014
46409180,1.1025,-0.7875,-0.8925,-0.0429,0.0390,1.0128,0.14,-0.21,0.37,127613,133332,125010
46429688,-0.0875,-0.8225,-0.7700,-0.0423,0.0401,1.0116,0.14,-0.21,0.37,127619,133327,125025
46449216,-1.8375,-0.6650,-0.7175,-0.0421,0.0412,1.0108,0.14,-0.21,0.37,127623,133314,125021
46469728,-1.2250,-0.5075,-0.5950,-0.0421,0.0415,1.0108,0.14,-0.21,0.37,127603,133321,125009
46489256,0.6650,-0.4900,-0.4200,-0.0422,0.0415,1.0109,0.14,-0.21,0.37,127597,133333,125007
46508788,1.4000,-0.4900,-0.1750,-0.0417,0.0420,1.0103,0.14,-0.21,0.37,127609,133328,125018
46529296,0.0525,-0.3675,-0.1050,-0.0412,0.0429,1.0097,0.14,-0.21,0.37,127610,133326,125023
46548828,-0.6125,-0.1925,-0.1225,-0.0412,0.0432,1.0097,0.14,-0.21,0.37,127610,133322,125037
46569336,0.6475,-0.1575,0.0700,-0.0417,0.0427,1.0100,0.14,-0.21,0.37,127603,133327,125020
46588868,1.8725,-0.2450,0.0875,-0.0422,0.0420,1.0103,0.14,-0.21,0.37,127594,133338,125021
46609376,1.2425,-0.1050,0.0350,-0.0425,0.0418,1.0104,0.14,-0.21,0.37,127599,133322,125008
46628904,0.1400,-0.0525,-0.1400,-0.0425,0.0415,1.0108,0.14,-0.21,0.37,127604,133325,125035
46649416,1.0325,-0.0875,-0.1225,-0.0427,0.0407,1.0114,0.14,-0.21,0.37,127606,133325,125027
46668944,1.6625,-0.2100,-0.0175,-0.0432,0.0404,1.0121,0.14,-0.21,0.37,127589,133325,125030
46689452,1.4875,-0.2275,-0.0175,-0.0437,0.0403,1.0125,0.14,-0.21,0.37,127589,133338,125018
46708984,0.6650,-0.3850,-0.0525,-0.0438,0.0406,1.0128,0.14,-0.21,0.37,127585,133329,125020
46729492,-1.1900,-0.5075,-0.0350,-0.0442,0.0407,1.0133,0.14,-0.21,0.37,127597,133324,125029
46749024,-1.1025,-0.4550,-0.1400,-0.0448,0.0400,1.0137,0.14,-0.21,0.37,127601,133325,125030
46769532,0.0700,-0.5950,-0.1750,-0.0454,0.0390,1.0141,0.14,-0.21,0.37,127590,133330,125016
46789064,0.7700,-0.5950,-0.2975,-0.0456,0.0383,1.0141,0.14,-0.21,0.37,127587,133333,125027
46809568,0.4900,-0.4900,-0.4375,-0.0459,0.0382,1.0141,0.14,-0.21,0.37,127585,133323,125027
46829100,-0.0875,-0.5425,-0.5950,-0.0456,0.0382,1.0138,0.14,-0.21,0.37,127594,133325,125040
46849608,0.2625,-0.4725,-0.6650,-0.0460,0.0383,1.0136,0.14,-0.21,0.37,127601,133325,125040
46869140,1.7150,-0.3675,-0.4725,-0.0459,0.0386,1.0141,0.14,-0.21,0.37,127589,133334,125026
46889648,2.4500,-0.5950,-0.3675,-0.0454,0.0395,1.0141,0.14,-0.21,0.37,127580,133333,125025
46909180,0.7875,-0.7525,-0.0875,-0.0445,0.0412,1.0133,0.14,-0.21,0.37,127590,133327,125025
46929688,-1.2250,-0.8750,0.0175,-0.0440,0.0426,1.0131,0.14,-0.21,0.37,127597,133331,125040
46949216,-1.4700,-0.8400,0.1925,-0.0439,0.0431,1.0133,0.14,-0.21,0.37,127596,133328,125042
46979492,-1.0150,-0.9100,0.1925,-0.0444,0.0422,1.0131,0.14,-0.21,0.37,127596,133322,125031
46999024,-1.7675,-0.9625,0.1225,-0.0444,0.0415,1.0125,0.14,-0.21,0.37,127599,133324,125036
47019532,-0.9625,-0.7700,-0.0875,-0.0442,0.0400,1.0121,0.14,-0.21,0.37,127583,133322,125031
47039064,0.6825,-0.6125,-0.2450,-0.0437,0.0386,1.0121,0.14,-0.21,0.37,127585,133335,125030
47059568,2.1700,-0.4375,-0.3850,-0.0433,0.0375,1.0119,0.14,-0.21,0.37,127586,133335,125019
47079100,2.3975,-0.2975,-0.3675,-0.0434,0.0370,1.0114,0.14,-0.21,0.37,127594,133341,125035
47099608,1.8900,-0.2975,-0.4200,-0.0440,0.0368,1.0114,0.14,-0.21,0.37,127598,133330,125031
47119140,1.7675,-0.3675,-0.5250,-0.0447,0.0371,1.0119,0.14,-0.21,0.37,127589,133338,125039
47139648,1.0850,-0.5250,-0.5950,-0.0450,0.0378,1.0121,0.14,-0.21,0.37,127580,133339,125014
47159180,-0.1925,-0.6125,-0.5950,-0.0453,0.0387,1.0121,0.14,-0.21,0.37,127581,133333,125027
47179688,-0.6300,-0.6300,-0.5950,-0.0456,0.0393,1.0125,0.14,-0.21,0.37,127589,133330,125036
47199216,0.3500,-0.7175,-0.5250,-0.0466,0.0397,1.0133,0.14,-0.21,0.37,127590,133322,125044
47219728,0.2800,-0.8400,-0.5600,-0.0470,0.0403,1.0133,0.14,-0.21,0.37,127582,133332,125021
47239256,-0.8225,-0.8575,-0.5600,-0.0471,0.0409,1.0133,0.14,-0.21,0.37,127580,133329,125030
47258788,-0.8225,-0.8400,-0.5250,-0.0472,0.0412,1.0135,0.14,-0.21,0.37,127584,133335,125046
47279296,0.0700,-0.8400,-0.4900,-0.0470,0.0415,1.0133,0.14,-0.21,0.37,127590,133322,125042
47298828,0.8925,-0.8575,-0.3850,-0.0467,0.0418,1.0133,0.14,-0.21,0.37,127601,133325,125030
47319336,0.5600,-0.7700,-0.2275,-0.0461,0.0433,1.0127,0.14,-0.21,0.37,127582,133324,125036
47338868,0.1050,-0.7000,0.0700,-0.0459,0.0443,1.0122,0.14,-0.21,0.37,127580,133332,125021
47359376,0.2450,-0.7350,0.1400,-0.0459,0.0448,1.0119,0.14,-0.21,0.37,127588,133327,125020
47378904,0.3850,-0.5775,0.2800,-0.0459,0.0450,1.0116,0.14,-0.21,0.37,127588,133331,125033
47399416,1.0325,-0.5775,0.3500,-0.0459,0.0451,1.0116,0.14,-0.21,0.37,127594,133343,125048
47418944,1.4175,-0.5950,0.5075,-0.0458,0.0451,1.0115,0.14,-0.21,0.37,127581,133343,125043
47439452,0.2100,-0.5250,0.6125,-0.0454,0.0454,1.0110,0.14,-0.21,0.37,127571,133355,125030
47458984,-0.7700,-0.4550,0.5775,-0.0453,0.0454,1.0109,0.14,-0.21,0.37,127578,133351,125027
47479492,-0.4725,-0.3850,0.5425,-0.0456,0.0448,1.0109,0.14,-0.21,0.37,127583,133346,125042
47499024,0.7000,-0.4375,0.6475,-0.0461,0.0439,1.0110,0.14,-0.21,0.37,127588,133336,125044
47519532,0.8225,-0.3675,0.6475,-0.0461,0.0434,1.0109,0.14,-0.21,0.37,127583,133350,125028
47539064,0.1400,-0.4025,0.5950,-0.0455,0.0431,1.0109,0.14,-0.21,0.37,127564,133350,125021
47559568,-0.2100,-0.3500,0.6300,-0.0454,0.0427,1.0109,0.14,-0.21,0.37,127574,133358,125028
47579100,-0.4550,-0.4200,0.6475,-0.0459,0.0418,1.0109,0.14,-0.21,0.37,127583,133349,125038
47599608,-0.4375,-0.5250,0.5425,-0.0464,0.0407,1.0111,0.14,-0.21,0.37,127582,133350,125041
47619140,0.0000,-0.4200,0.2100,-0.0468,0.0397,1.0113,0.14,-0.21,0.37,127571,133345,125035
47639648,0.1575,-0.4725,0.1050,-0.0471,0.0387,1.0114,0.14,-0.21,0.37,127563,133347,125027
47659180,0.8400,-0.3675,-0.0700,-0.0472,0.0375,1.0115,0.14,-0.21,0.37,127569,133360,125041
47679688,0.9975,-0.3325,-0.1925,-0.0466,0.0371,1.0115,0.14,-0.21,0.37,127579,133353,125043
47699216,0.4375,-0.3150,-0.2800,-0.0460,0.0371,1.0113,0.14,-0.21,0.37,127579,133358,125041
47719728,0.3500,-0.2625,-0.3325,-0.0456,0.0370,1.0114,0.14,-0.21,0.37,127567,133348,125042
47739256,0.7175,-0.2975,-0.4025,-0.0456,0.0368,1.0115,0.14,-0.21,0.37,127560,133365,125040
47758788,0.8575,-0.3675,-0.4550,-0.0456,0.0371,1.0119,0.14,-0.21,0.37,127558,133360,125039
47779296,0.8925,-0.4375,-0.4375,-0.0454,0.0377,1.0126,0.14,-0.21,0.37,127565,133349,125051
47798828,0.1575,-0.4375,-0.3675,-0.0450,0.0381,1.0127,0.14,-0.21,0.37,127564,133361,125030
47819336,-0.1225,-0.4375,-0.3675,-0.0451,0.0383,1.0133,0.14,-0.21,0.37,127559,133353,125048
47838868,-0.1225,-0.5775,-0.3675,-0.0454,0.0382,1.0136,0.14,-0.21,0.37,127553,133352,125041
47859376,-0.4025,-0.7000,-0.4550,-0.0456,0.0381,1.0139,0.14,-0.21,0.37,127553,133355,125043
47878904,-0.6125,-0.8050,-0.6300,-0.0456,0.0378,1.0141,0.14,-0.21,0.37,127565,133353,125043
47899416,0.3850,-0.7875,-0.7525,-0.0456,0.0373,1.0148,0.14,-0.21,0.37,127565,133340,125049
47918944,0.7875,-0.7350,-0.6825,-0.0458,0.0373,1.0153,0.14,-0.21,0.37,127560,133352,125036
47939452,0.5425,-0.8400,-0.8050,-0.0456,0.0378,1.0157,0.14,-0.21,0.37,127559,133353,125053
47958984,0.0350,-0.8575,-0.7350,-0.0454,0.0383,1.0158,0.14,-0.21,0.37,127560,133354,125044
47989256,0.1400,-1.1550,-0.7000,-0.0459,0.0390,1.0161,0.14,-0.21,0.37,127562,133341,125032
48008788,0.9100,-1.2600,-0.5425,-0.0461,0.0399,1.0165,0.14,-0.21,0.37,127565,133348,125021
48029296,0.2975,-1.2950,-0.4725,-0.0458,0.0409,1.0164,0.14,-0.21,0.37,127580,133337,125048
48048828,-0.9275,-1.3300,-0.4725,-0.0456,0.0417,1.0160,0.14,-0.21,0.37,127585,133333,125046
48069336,-1.3300,-1.4175,-0.2800,-0.0459,0.0418,1.0154,0.14,-0.21,0.37,127578,133345,125030
48088868,-0.3500,-1.4700,-0.2100,-0.0460,0.0415,1.0150,0.14,-0.21,0.37,127571,133339,125025
48109376,-0.3850,-1.3300,-0.2625,-0.0462,0.0412,1.0142,0.14,-0.21,0.37,127570,133352,125015
48128904,-0.4200,-1.0850,-0.4025,-0.0466,0.0407,1.0136,0.14,-0.21,0.37,127583,133332,125021
48149416,0.5425,-1.1200,-0.3325,-0.0470,0.0403,1.0128,0.14,-0.21,0.37,127587,133329,125035
48168944,0.7350,-0.9800,-0.2800,-0.0467,0.0404,1.0120,0.14,-0.21,0.37,127586,133333,125022
48189452,0.3325,-0.8750,-0.2100,-0.0460,0.0409,1.0109,0.14,-0.21,0.37,127574,133342,125010
48208984,0.5075,-0.7350,-0.1575,-0.0455,0.0409,1.0100,0.14,-0.21,0.37,127576,133342,125029
48229492,1.3650,-0.6475,0.0350,-0.0454,0.0405,1.0092,0.14,-0.21,0.37,127589,133343,125035
48249024,0.7175,-0.5600,-0.0175,-0.0458,0.0404,1.0086,0.14,-0.21,0.37,127597,133342,125031
48269532,0.0000,-0.3850,-0.0875,-0.0464,0.0400,1.0082,0.14,-0.21,0.37,127573,133351,125035
48289064,-0.2975,-0.3850,-0.1925,-0.0472,0.0394,1.0080,0.14,-0.21,0.37,127575,133334,125034
48309568,-0.2275,-0.2800,-0.3325,-0.0473,0.0388,1.0077,0.14,-0.21,0.37,127577,133338,125042
48329100,0.1400,-0.1050,-0.4900,-0.0467,0.0384,1.0075,0.14,-0.21,0.37,127583,133339,125030
48349608,1.1725,0.0700,-0.5075,-0.0459,0.0382,1.0075,0.14,-0.21,0.37,127580,133334,125049
48369140,1.5050,0.1575,-0.3850,-0.0458,0.0382,1.0076,0.14,-0.21,0.37,127575,133348,125042
48389648,1.8200,0.2100,-0.3675,-0.0459,0.0384,1.0081,0.14,-0.21,0.37,127559,133349,125040
48409180,1.9950,0.2275,-0.4550,-0.0459,0.0390,1.0088,0.14,-0.21,0.37,127563,133354,125044
48429688,2.3100,0.1925,-0.4200,-0.0458,0.0395,1.0097,0.14,-0.21,0.37,127570,133354,125044
48449216,1.9425,0.0350,-0.3150,-0.0458,0.0403,1.0106,0.14,-0.21,0.37,127574,133350,125047
48469728,0.5775,-0.2275,-0.2275,-0.0459,0.0417,1.0121,0.14,-0.21,0.37,127566,133352,125047
48489256,-0.1750,-0.4200,-0.1925,-0.0462,0.0421,1.0131,0.14,-0.21,0.37,127553,133353,125035
48508788,-0.2100,-0.6475,-0.2100,-0.0465,0.0421,1.0143,0.14,-0.21,0.37,127562,133361,125048
48529296,-0.1225,-0.8925,-0.2450,-0.0468,0.0421,1.0152,0.14,-0.21,0.37,127566,133356,125044
48548828,-0.6125,-0.9975,-0.3325,-0.0470,0.0420,1.0159,0.14,-0.21,0.37,127565,133349,125040
48569336,-0.4550,-1.1900,-0.4200,-0.0468,0.0418,1.0166,0.14,-0.21,0.37,127561,133353,125043
48588868,-0.0350,-1.1900,-0.5075,-0.0467,0.0417,1.0169,0.14,-0.21,0.37,127561,133351,125027
48609376,0.4725,-1.3475,-0.4375,-0.0470,0.0416,1.0169,0.14,-0.21,0.37,127561,133343,125030
48628904,0.3325,-1.4525,-0.4200,-0.0470,0.0417,1.0166,0.14,-0.21,0.37,127574,133348,125029
48649416,-0.6125,-1.3475,-0.3850,-0.0468,0.0422,1.0159,0.14,-0.21,0.37,127583,133348,125034
48668944,-0.7525,-1.4000,-0.4025,-0.0465,0.0422,1.0154,0.14,-0.21,0.37,127572,133339,125040
48689452,-0.8400,-1.2775,-0.3675,-0.0464,0.0417,1.0143,0.14,-0.21,0.37,127567,133337,125027
48708984,-0.4550,-1.2250,-0.3325,-0.0464,0.0411,1.0132,0.14,-0.21,0.37,127575,133344,125021
48729492,-0.4200,-1.0675,-0.4550,-0.0465,0.0405,1.0122,0.14,-0.21,0.37,127581,133344,125018
48749024,-0.3675,-1.0675,-0.5600,-0.0466,0.0399,1.0113,0.14,-0.21,0.37,127583,133327,125035
48769532,-0.2450,-0.7875,-0.6825,-0.0465,0.0393,1.0105,0.14,-0.21,0.37,127575,133325,125020
48789064,0.8050,-0.5075,-0.6300,-0.0467,0.0388,1.0099,0.14,-0.21,0.37,127566,133332,125031
48809568,1.2075,-0.3675,-0.5950,-0.0470,0.0387,1.0091,0.14,-0.21,0.37,127574,133342,125026
48829100,0.1750,-0.3150,-0.5250,-0.0467,0.0392,1.0082,0.14,-0.21,0.37,127580,133320,125024
48849608,-0.3500,-0.3150,-0.4900,-0.0466,0.0395,1.0077,0.14,-0.21,0.37,127581,133331,125040
48869140,-0.1750,-0.2800,-0.4375,-0.0468,0.0397,1.0076,0.14,-0.21,0.37,127573,133330,125031
48889648,0.5075,-0.2975,-0.3500,-0.0473,0.0395,1.0077,0.14,-0.21,0.37,127568,133332,125016
48909180,0.7175,-0.2100,-0.3850,-0.0479,0.0398,1.0078,0.14,-0.21,0.37,127563,133339,125038
48929688,0.1750,-0.0350,-0.2100,-0.0486,0.0403,1.0078,0.14,-0.21,0.37,127570,133325,125038
48949216,0.1400,0.0175,-0.2625,-0.0489,0.0405,1.0083,0.14,-0.21,0.37,127571,133336,125044
48969728,0.8575,0.1225,-0.2275,-0.0490,0.0405,1.0091,0.14,-0.21,0.37,127561,133332,125039
49000000,1.2075,0.0700,-0.1750,-0.0486,0.0412,1.0097,0.14,-0.21,0.37,127563,133337,125053
49020508,1.0850,-0.0350,0.0700,-0.0483,0.0423,1.0106,0.14,-0.21,0.37,127554,133345,125040
49040040,1.3475,-0.1575,0.1925,-0.0482,0.0429,1.0117,0.14,-0.22,0.37,127545,133339,125045
49060544,1.4525,-0.1925,0.2975,-0.0481,0.0436,1.0128,0.14,-0.22,0.37,127544,133355,125053
49080080,1.2775,-0.3850,0.4900,-0.0478,0.0443,1.0138,0.14,-0.21,0.37,127556,133351,125035
49100584,0.8750,-0.5425,0.4900,-0.0478,0.0449,1.0148,0.14,-0.21,0.37,127556,133357,125058
49120116,0.4900,-0.7000,0.6300,-0.0477,0.0451,1.0158,0.14,-0.21,0.37,127551,133354,125052
49140624,-0.0700,-1.0150,0.7000,-0.0478,0.0454,1.0170,0.14,-0.22,0.37,127547,133355,125030
49160156,0.0350,-1.1550,0.6825,-0.0481,0.0450,1.0176,0.14,-0.22,0.37,127548,133360,125044
49180664,0.1925,-1.3125,0.7000,-0.0481,0.0445,1.0180,0.14,-0.21,0.37,127564,133364,125044
49200196,0.0350,-1.3125,0.6125,-0.0481,0.0439,1.0180,0.14,-0.21,0.37,127561,133361,125043
49220704,0.2100,-1.3300,0.5425,-0.0478,0.0433,1.0180,0.14,-0.21,0.37,127551,133370,125031
49240232,0.6300,-1.6275,0.5600,-0.0475,0.0426,1.0177,0.14,-0.21,0.37,127556,133373,125032
49260744,0.3500,-1.5575,0.4200,-0.0472,0.0417,1.0169,0.14,-0.21,0.37,127560,133365,125043
49280272,-0.5425,-1.5400,0.2800,-0.0471,0.0412,1.0159,0.14,-0.21,0.37,127570,133371,125037
49299804,-0.7350,-1.5925,0.1750,-0.0471,0.0404,1.0149,0.14,-0.21,0.37,127579,133374,125031
49320312,-0.2800,-1.4175,0.1050,-0.0468,0.0390,1.0139,0.14,-0.21,0.37,127563,133369,125035
49339844,-0.0700,-1.3300,-0.0175,-0.0471,0.0379,1.0127,0.14,-0.21,0.37,127565,133368,125026
49360352,-0.5950,-1.0500,-0.3500,-0.0471,0.0368,1.0113,0.14,-0.21,0.37,127570,133362,125034
49379880,-0.3325,-0.8225,-0.6300,-0.0468,0.0350,1.0093,0.14,-0.21,0.37,127580,133361,125038
49400392,0.2800,-0.7000,-0.9450,-0.0464,0.0339,1.0083,0.14,-0.21,0.37,127581,133369,125050
49419920,0.5075,-0.4025,-1.1900,-0.0464,0.0331,1.0076,0.14,-0.21,0.37,127572,133364,125023
49440428,1.1375,-0.2275,-1.2600,-0.0466,0.0327,1.0071,0.14,-0.21,0.37,127567,133365,125027
49459960,1.9075,-0.1925,-1.2950,-0.0465,0.0329,1.0070,0.14,-0.21,0.37,127566,133376,125036
49480468,1.3300,-0.0350,-1.2950,-0.0458,0.0346,1.0066,0.14,-0.21,0.37,127573,133360,125039
49500000,0.5250,0.0000,-1.2250,-0.0454,0.0360,1.0067,0.14,-0.21,0.37,127574,133363,125045
49520508,0.8575,-0.0175,-1.1725,-0.0453,0.0371,1.0072,0.14,-0.21,0.37,127564,133357,125035
49540040,0.8050,-0.1050,-1.0325,-0.0455,0.0381,1.0078,0.14,-0.21,0.37,127553,133371,125045
49560544,0.4725,-0.2450,-0.9800,-0.0459,0.0390,1.0087,0.14,-0.21,0.37,127554,133360,125036
49580080,0.2625,-0.1925,-1.0150,-0.0466,0.0400,1.0099,0.14,-0.21,0.37,127564,133351,125051
49600584,0.4200,-0.3675,-0.8925,-0.0476,0.0411,1.0117,0.14,-0.21,0.37,127565,133341,125051
49620116,0.4550,-0.5250,-0.8400,-0.0478,0.0418,1.0128,0.14,-0.21,0.37,127565,133351,125048
49640624,0.5250,-0.6300,-0.8050,-0.0477,0.0428,1.0141,0.14,-0.21,0.37,127559,133347,125048
49660156,1.1550,-0.8225,-0.6825,-0.0475,0.0439,1.0153,0.14,-0.21,0.37,127557,133352,125039
49680664,1.6800,-0.9100,-0.4025,-0.0475,0.0451,1.0163,0.14,-0.21,0.37,127570,133345,125064
49700196,1.5050,-1.1200,-0.1225,-0.0473,0.0466,1.0172,0.14,-0.21,0.37,127570,133363,125050
49720704,0.3850,-1.3650,0.1925,-0.0471,0.0490,1.0182,0.14,-0.21,0.37,127560,133360,125031
49740232,-0.6125,-1.6800,0.4025,-0.0472,0.0500,1.0183,0.14,-0.21,0.37,127561,133368,125034
49760744,-1.2425,-1.8550,0.6300,-0.0473,0.0505,1.0186,0.14,-0.21,0.37,127573,133364,125031
49780272,-1.2950,-1.9425,0.6825,-0.0477,0.0505,1.0187,0.14,-0.21,0.37,127585,133360,125052
49799804,-0.6825,-2.0125,0.8050,-0.0478,0.0503,1.0186,0.14,-0.21,0.37,127583,133360,125041
49820312,0.2275,-2.0650,0.8750,-0.0477,0.0500,1.0182,0.14,-0.21,0.37,127578,133371,125024
49839844,-0.1750,-2.0125,0.9450,-0.0465,0.0500,1.0171,0.14,-0.21,0.37,127582,133373,125035
49860352,-0.3675,-1.8725,1.1725,-0.0460,0.0497,1.0160,0.14,-0.21,0.37,127586,133377,125022
49879880,0.2275,-1.7675,1.2425,-0.0456,0.0488,1.0154,0.14,-0.21,0.37,127599,133388,125031
49900392,0.9275,-1.6975,1.2250,-0.0451,0.0481,1.0146,0.14,-0.21,0.37,127602,133379,125030
49919920,0.7350,-1.6450,1.2075,-0.0448,0.0476,1.0133,0.14,-0.21,0.37,127597,133386,125023
49940428,0.0350,-1.5225,1.1725,-0.0447,0.0465,1.0116,0.14,-0.21,0.37,127592,133392,125015
49959960,0.2450,-1.5050,1.1375,-0.0443,0.0455,1.0106,0.14,-0.21,0.37,127600,133388,125005
49980468,-0.1400,-1.3300,1.1550,-0.0437,0.0447,1.0094,0.14,-0.21,0.37,127610,133392,125028
50010744,-0.3325,-0.9975,0.8925,-0.0434,0.0426,1.0082,0.14,-0.21,0.37,127599,133387,125024
50030272,1.0150,-0.7875,0.6825,-0.0436,0.0405,1.0076,0.14,-0.21,0.37,127608,133400,125018
50049804,1.4175,-0.7175,0.3850,-0.0434,0.0390,1.0069,0.14,-0.21,0.37,127606,133401,125022
50070312,0.3500,-0.3850,-0.0875,-0.0432,0.0381,1.0060,0.14,-0.21,0.37,127594,133408,125020
50089844,0.7700,-0.2450,-0.2975,-0.0431,0.0375,1.0060,0.14,-0.21,0.37,127592,133417,125006
50110352,1.8025,-0.1750,-0.2275,-0.0431,0.0373,1.0064,0.14,-0.21,0.37,127595,133420,125015
50129880,1.8025,-0.1050,-0.2100,-0.0426,0.0381,1.0066,0.14,-0.21,0.37,127600,133411,125016
50150392,1.0325,-0.0700,-0.1925,-0.0420,0.0393,1.0067,0.14,-0.21,0.37,127602,133405,125024
50169920,0.1750,-0.1575,-0.0175,-0.0415,0.0404,1.0071,0.14,-0.21,0.37,127595,133420,125010
50190428,-0.1050,-0.2975,0.0700,-0.0418,0.0415,1.0082,0.14,-0.21,0.37,127586,133419,125003
50209960,-0.2275,-0.3675,0.0700,-0.0425,0.0422,1.0092,0.14,-0.21,0.37,127585,133417,125014
50230468,-0.4550,-0.4200,0.0875,-0.0429,0.0426,1.0100,0.14,-0.21,0.37,127594,133411,125024
50250000,-0.9100,-0.5775,0.0350,-0.0433,0.0432,1.0108,0.14,-0.21,0.37,127600,133409,125022
50270508,-0.9450,-0.5425,0.0525,-0.0433,0.0436,1.0115,0.14,-0.21,0.37,127592,133422,125025
50290040,0.5950,-0.6475,0.2800,-0.0436,0.0436,1.0131,0.14,-0.21,0.37,127572,133418,125018
50310544,1.5050,-0.7525,0.2975,-0.0434,0.0439,1.0136,0.14,-0.21,0.37,127585,133424,125023
50330080,0.7700,-0.7525,0.2800,-0.0427,0.0445,1.0137,0.14,-0.21,0.37,127591,133426,125033
50350584,-0.5600,-0.7875,0.2975,-0.0425,0.0450,1.0138,0.14,-0.21,0.37,127588,133407,125037
50370116,-0.2625,-0.7700,0.4025,-0.0427,0.0449,1.0143,0.14,-0.21,0.37,127587,133423,125021
50390624,1.2600,-1.0150,0.5775,-0.0429,0.0445,1.0149,0.14,-0.21,0.37,127580,133436,125010
50410156,-0.0700,-1.1025,0.5425,-0.0429,0.0448,1.0144,0.14,-0.21,0.37,127578,133426,125028
50430664,-1.6100,-1.0500,0.4550,-0.0427,0.0447,1.0141,0.14,-0.21,0.37,127594,133431,125021
50450196,-1.1900,-0.9625,0.4200,-0.0429,0.0437,1.0141,0.14,-0.21,0.37,127593,133417,125029
50470704,0.1400,-1.0675,0.3850,-0.0432,0.0426,1.0139,0.14,-0.21,0.37,127590,133426,125023
50490232,0.3850,-0.9800,0.3850,-0.0428,0.0417,1.0135,0.14,-0.21,0.37,127588,133430,125010
50510744,-0.3150,-0.8750,0.1225,-0.0421,0.0410,1.0127,0.14,-0.21,0.37,127592,133422,125023
50530272,0.1400,-0.7875,0.0175,-0.0420,0.0404,1.0121,0.14,-0.21,0.37,127594,133421,125021
50549804,1.2425,-0.7000,0.0525,-0.0422,0.0394,1.0119,0.14,-0.21,0.37,127601,133427,125008
50570312,1.8725,-0.6125,-0.1050,-0.0420,0.0390,1.0116,0.14,-0.21,0.37,127589,133427,125006
50589844,1.3475,-0.5950,-0.1400,-0.0417,0.0393,1.0111,0.14,-0.21,0.37,127580,133436,125025
50610352,0.4900,-0.5425,-0.1225,-0.0418,0.0398,1.0106,0.14,-0.21,0.37,127584,133439,125016
50629880,0.8575,-0.5600,-0.0175,-0.0420,0.0399,1.0108,0.14,-0.21,0.37,127590,133433,125027
50650392,0.6475,-0.4550,0.0350,-0.0420,0.0403,1.0110,0.14,-0.21,0.37,127589,133437,125016
50669920,-0.5775,-0.4900,-0.0700,-0.0418,0.0406,1.0111,0.14,-0.21,0.37,127585,133435,125021
50690428,-0.5075,-0.5600,-0.0875,-0.0420,0.0405,1.0113,0.14,-0.21,0.37,127576,133437,125021
50709960,0.5425,-0.5775,-0.1925,-0.0421,0.0399,1.0119,0.15,-0.21,0.37,127587,133448,125023
50730468,0.6475,-0.6125,-0.2975,-0.0421,0.0400,1.0122,0.14,-0.21,0.37,127595,133432,125023
50750000,1.0325,-0.5775,-0.3325,-0.0423,0.0407,1.0130,0.14,-0.21,0.37,127598,133442,125023
50770508,1.2075,-0.6300,-0.2100,-0.0425,0.0414,1.0131,0.14,-0.21,0.37,127586,133446,125023
50790040,0.5250,-0.6300,-0.1400,-0.0422,0.0426,1.0133,0.15,-0.21,0.37,127576,133451,125008
50810544,-0.0350,-0.6475,0.0000,-0.0421,0.0437,1.0133,0.14,-0.21,0.37,127581,133443,125026
50830080,-0.0350,-0.7525,0.1925,-0.0420,0.0442,1.0136,0.14,-0.21,0.37,127590,133445,125019
50850584,0.4900,-0.9625,0.3150,-0.0423,0.0443,1.0137,0.14,-0.21,0.37,127598,133443,125032
50870116,-0.1925,-0.9625,0.2450,-0.0428,0.0445,1.0133,0.14,-0.21,0.37,127586,133439,125019
50890624,-0.5600,-0.9625,0.1925,-0.0432,0.0445,1.0133,0.15,-0.21,0.37,127574,133450,125012
50910156,-0.1400,-0.9450,0.1925,-0.0436,0.0442,1.0135,0.15,-0.21,0.37,127584,133451,125011
50930664,0.8050,-0.9625,0.1750,-0.0437,0.0439,1.0136,0.14,-0.21,0.37,127599,133447,125016
50950196,0.6125,-0.9625,0.2275,-0.0434,0.0439,1.0136,0.14,-0.21,0.37,127593,133445,125016
50970704,-0.2275,-0.8925,0.1925,-0.0425,0.0442,1.0128,0.14,-0.21,0.37,127585,133447,125019
50990232,-0.0350,-0.8225,0.1925,-0.0421,0.0438,1.0125,0.15,-0.21,0.37,127584,133458,124996
