33899416,1.5400,-0.2100,-0.4900,0.0578,-0.0725,1.0137,-0.20,0.14,0.32,133329,127843,125804
33929688,-0.2275,-0.2625,-0.7700,0.0571,-0.0737,1.0150,-0.20,0.14,0.32,133313,127825,125804
33949216,0.2800,-0.4725,-0.8925,0.0576,-0.0739,1.0158,-0.20,0.14,0.32,133322,127836,125810
33969728,1.7150,-0.5950,-1.0150,0.0581,-0.0739,1.0164,-0.20,0.14,0.32,133330,127837,125804
33989256,2.3100,-0.8225,-1.0675,0.0586,-0.0733,1.0165,-0.20,0.14,0.32,133325,127836,125797
34008788,2.3450,-0.9800,-0.9975,0.0589,-0.0727,1.0161,-0.20,0.14,0.32,133323,127826,125777
34029296,3.4475,-1.1375,-0.8225,0.0593,-0.0725,1.0160,-0.20,0.14,0.32,133320,127847,125791
34048828,4.4450,-1.1200,-0.6475,0.0593,-0.0706,1.0158,-0.20,0.14,0.32,133330,127853,125788
34069336,1.0500,-0.9100,-0.5775,0.0593,-0.0686,1.0153,-0.20,0.14,0.32,133328,127853,125786
34088868,-1.6625,-0.5775,-0.3850,0.0593,-0.0673,1.0153,-0.20,0.14,0.32,133329,127840,125792
34109376,-2.2925,-0.4900,-0.2975,0.0598,-0.0669,1.0153,-0.20,0.14,0.32,133327,127838,125784
34128904,-1.1375,-0.6300,-0.2450,0.0603,-0.0670,1.0153,-0.20,0.14,0.32,133322,127847,125788
34149416,0.8225,-0.9800,-0.1575,0.0604,-0.0673,1.0152,-0.20,0.14,0.32,133333,127857,125804
34168944,0.3150,-0.9975,-0.1225,0.0600,-0.0671,1.0148,-0.20,0.14,0.32,133325,127853,125796
34189452,-1.2775,-0.9800,-0.2450,0.0595,-0.0669,1.0148,-0.20,0.14,0.32,133333,127842,125777
34208984,-1.7850,-0.9975,-0.1575,0.0586,-0.0673,1.0153,-0.20,0.14,0.32,133325,127843,125775
34229492,-1.1900,-0.9800,-0.2625,0.0578,-0.0681,1.0158,-0.20,0.14,0.32,133325,127829,125801
34249024,-0.7175,-1.1550,-0.4025,0.0577,-0.0686,1.0158,-0.20,0.14,0.32,133331,127838,125803
34269532,-0.5600,-1.2250,-0.7350,0.0586,-0.0687,1.0153,-0.20,0.14,0.32,133334,127832,125810
34289064,0.4375,-1.1900,-0.8050,0.0592,-0.0691,1.0148,-0.20,0.14,0.32,133339,127837,125801
34309568,1.9425,-1.3125,-0.7875,0.0597,-0.0693,1.0150,-0.20,0.14,0.32,133336,127836,125784
34329100,2.3975,-1.0500,-0.6300,0.0598,-0.0691,1.0148,-0.20,0.14,0.32,133338,127838,125800
34349608,0.3850,-0.8400,-0.4900,0.0600,-0.0682,1.0141,-0.20,0.14,0.32,133341,127852,125789
34369140,-1.5225,-0.5075,-0.4025,0.0605,-0.0672,1.0133,-0.20,0.14,0.32,133341,127846,125816
34389648,0.2625,-0.5600,-0.2975,0.0608,-0.0672,1.0131,-0.20,0.14,0.32,133341,127839,125796
34409180,1.5925,-0.7000,-0.1925,0.0608,-0.0669,1.0127,-0.20,0.14,0.32,133332,127829,125783
34429688,0.9625,-0.8400,-0.0875,0.0606,-0.0660,1.0120,-0.20,0.14,0.32,133334,127834,125805
34449216,-0.5600,-0.7350,-0.0350,0.0606,-0.0653,1.0115,-0.20,0.14,0.32,133333,127857,125804
34469728,-0.8750,-0.6825,0.0175,0.0606,-0.0653,1.0117,-0.20,0.14,0.32,133335,127845,125801
34489256,-0.4725,-0.5425,0.1400,0.0608,-0.0656,1.0122,-0.20,0.14,0.32,133337,127831,125796
34508788,-0.5250,-0.4375,0.0875,0.0615,-0.0660,1.0121,-0.20,0.14,0.32,133332,127829,125796
34529296,-0.7700,-0.5250,0.1400,0.0616,-0.0664,1.0121,-0.20,0.14,0.32,133330,127827,125791
34548828,-0.0350,-0.4200,0.0525,0.0614,-0.0671,1.0122,-0.20,0.14,0.32,133330,127835,125809
34569336,0.3850,-0.3850,0.0700,0.0610,-0.0678,1.0121,-0.20,0.14,0.32,133334,127831,125801
34588868,-0.1225,-0.5075,0.0175,0.0606,-0.0683,1.0117,-0.20,0.14,0.32,133333,127823,125801
34609376,-0.2975,-0.3325,-0.1050,0.0600,-0.0691,1.0116,-0.20,0.14,0.32,133322,127824,125800
34628904,0.3500,-0.2450,-0.1575,0.0595,-0.0699,1.0120,-0.20,0.14,0.32,133326,127827,125799
34649416,-0.1400,-0.1575,-0.3500,0.0598,-0.0698,1.0116,-0.20,0.14,0.32,133326,127836,125813
34668944,-0.4025,-0.0700,-0.4550,0.0598,-0.0700,1.0115,-0.20,0.14,0.32,133330,127829,125814
34689452,0.5250,-0.0350,-0.5600,0.0594,-0.0704,1.0116,-0.20,0.14,0.32,133321,127823,125794
34708984,1.6975,0.0000,-0.5425,0.0590,-0.0708,1.0121,-0.20,0.14,0.32,133320,127822,125795
34729492,1.4875,0.0700,-0.4550,0.0587,-0.0706,1.0121,-0.20,0.14,0.32,133318,127833,125801
34749024,0.7875,0.1400,-0.4725,0.0589,-0.0702,1.0121,-0.20,0.14,0.32,133322,127830,125813
34769532,1.1550,0.0175,-0.3500,0.0594,-0.0699,1.0126,-0.20,0.14,0.32,133322,127846,125808
34789064,1.1200,-0.0525,-0.3850,0.0600,-0.0693,1.0126,-0.20,0.14,0.32,133320,127834,125787
34809568,0.9100,-0.1225,-0.2275,0.0598,-0.0692,1.0126,-0.20,0.14,0.32,133313,127824,125795
34829100,0.4375,-0.1750,-0.1400,0.0594,-0.0693,1.0128,-0.20,0.14,0.32,133315,127837,125814
34849608,-0.5250,-0.1750,-0.0875,0.0592,-0.0688,1.0133,-0.20,0.14,0.32,133316,127845,125822
34869140,-0.9275,-0.1575,-0.1400,0.0588,-0.0688,1.0139,-0.20,0.14,0.32,133316,127830,125800
34889648,-1.1025,-0.2975,-0.1925,0.0586,-0.0691,1.0143,-0.20,0.14,0.32,133308,127825,125809
34909180,-0.7875,-0.4550,-0.2450,0.0586,-0.0693,1.0146,-0.20,0.14,0.32,133309,127813,125791
34939452,0.3500,-0.6300,-0.4200,0.0584,-0.0698,1.0150,-0.20,0.14,0.32,133313,127826,125797
34958984,1.3300,-0.7175,-0.4375,0.0581,-0.0704,1.0160,-0.20,0.14,0.32,133307,127834,125792
34979492,0.1225,-0.6300,-0.3500,0.0577,-0.0705,1.0170,-0.20,0.14,0.32,133316,127826,125795
34999024,-1.4875,-0.7175,-0.3150,0.0576,-0.0705,1.0170,-0.20,0.14,0.32,133318,127833,125822
35019532,-1.1725,-0.9450,-0.5250,0.0576,-0.0708,1.0169,-0.20,0.14,0.32,133321,127836,125808
35039064,0.5775,-1.1725,-0.5775,0.0580,-0.0712,1.0171,-0.20,0.14,0.32,133317,127816,125800
35059568,1.5400,-1.3125,-0.7525,0.0582,-0.0712,1.0171,-0.20,0.14,0.32,133316,127819,125809
35079100,0.9275,-1.3125,-0.7175,0.0578,-0.0710,1.0164,-0.20,0.14,0.32,133322,127829,125804
35099608,-0.3500,-1.1900,-0.5950,0.0573,-0.0708,1.0158,-0.20,0.14,0.32,133330,127834,125808
35119140,0.0175,-1.0500,-0.6300,0.0571,-0.0710,1.0158,-0.20,0.14,0.32,133324,127843,125817
35139648,0.4025,-1.0325,-0.6475,0.0576,-0.0708,1.0155,-0.20,0.14,0.32,133322,127830,125800
35159180,0.1050,-0.9450,-0.7175,0.0581,-0.0704,1.0147,-0.20,0.14,0.32,133322,127815,125794
35179688,0.1925,-0.8050,-0.7175,0.0582,-0.0704,1.0141,-0.20,0.14,0.32,133323,127821,125812
35199216,1.0150,-0.9100,-0.7175,0.0581,-0.0708,1.0138,-0.20,0.14,0.32,133328,127821,125809
35219728,0.4550,-0.8400,-0.6825,0.0578,-0.0706,1.0137,-0.20,0.14,0.32,133332,127833,125814
35239256,-0.6650,-0.7700,-0.7700,0.0580,-0.0702,1.0132,-0.20,0.14,0.32,133331,127819,125796
35258788,-0.9975,-0.7350,-0.8050,0.0577,-0.0704,1.0135,-0.20,0.14,0.32,133324,127811,125807
35279296,-0.0350,-0.8225,-0.5950,0.0573,-0.0708,1.0137,-0.20,0.14,0.32,133328,127821,125812
35298828,0.6125,-0.9100,-0.7000,0.0572,-0.0706,1.0137,-0.20,0.14,0.32,133326,127831,125822
35319336,0.0175,-0.8225,-0.7875,0.0571,-0.0700,1.0133,-0.20,0.14,0.32,133331,127828,125813
35338868,0.0700,-0.8400,-0.8575,0.0571,-0.0697,1.0135,-0.20,0.14,0.32,133333,127825,125807
35359376,0.8225,-0.6825,-0.8050,0.0566,-0.0698,1.0138,-0.20,0.14,0.32,133323,127814,125790
35378904,1.1900,-0.6650,-0.6125,0.0562,-0.0698,1.0141,-0.20,0.14,0.32,133333,127821,125807
35399416,0.4900,-0.7175,-0.4550,0.0567,-0.0694,1.0138,-0.20,0.14,0.32,133336,127837,125814
35418944,0.3325,-0.7875,-0.3850,0.0576,-0.0688,1.0136,-0.20,0.14,0.32,133333,127841,125814
35439452,1.1725,-0.8400,-0.2275,0.0583,-0.0681,1.0135,-0.20,0.14,0.32,133335,127834,125805
35458984,0.9800,-0.7875,-0.0700,0.0583,-0.0681,1.0132,-0.20,0.14,0.32,133328,127815,125796
35479492,0.2975,-0.8400,0.0525,0.0586,-0.0676,1.0128,-0.20,0.14,0.32,133332,127839,125804
35499024,0.0350,-0.8050,0.1225,0.0584,-0.0672,1.0126,-0.20,0.14,0.32,133333,127844,125813
35519532,-0.3325,-0.7700,0.1750,0.0581,-0.0671,1.0127,-0.20,0.14,0.32,133338,127829,125820
35539064,-1.3125,-0.6300,0.2450,0.0581,-0.0671,1.0125,-0.20,0.14,0.32,133329,127822,125816
35559568,-1.4700,-0.5775,0.2100,0.0583,-0.0671,1.0120,-0.20,0.14,0.32,133332,127812,125795
35579100,-0.9625,-0.5600,0.0875,0.0590,-0.0673,1.0116,-0.20,0.14,0.32,133327,127813,125809
35599608,0.3150,-0.5775,0.0700,0.0595,-0.0680,1.0115,-0.20,0.14,0.32,133324,127835,125820
35619140,1.2600,-0.4550,0.1050,0.0597,-0.0689,1.0119,-0.20,0.14,0.32,133328,127839,125806
35639648,0.9975,-0.2100,0.1575,0.0598,-0.0693,1.0121,-0.20,0.14,0.32,133329,127815,125804
35659180,-1.0325,0.0175,0.0525,0.0603,-0.0692,1.0120,-0.20,0.14,0.32,133323,127809,125804
35679688,-0.4900,0.0000,-0.0700,0.0603,-0.0700,1.0121,-0.20,0.14,0.32,133329,127821,125814
35699216,1.1375,-0.1925,-0.1925,0.0597,-0.0712,1.0127,-0.20,0.14,0.32,133319,127832,125818
35719728,1.7325,-0.2450,-0.3675,0.0587,-0.0721,1.0133,-0.20,0.14,0.32,133329,127832,125813
35739256,1.1025,-0.2625,-0.5425,0.0577,-0.0726,1.0142,-0.20,0.14,0.32,133323,127823,125796
35758788,-0.0875,-0.3675,-0.7700,0.0573,-0.0727,1.0150,-0.20,0.14,0.32,133316,127818,125803
35779296,-0.1050,-0.6125,-1.1900,0.0572,-0.0734,1.0159,-0.20,0.14,0.32,133315,127824,125803
35798828,0.7000,-0.8400,-1.2600,0.0571,-0.0742,1.0163,-0.20,0.14,0.32,133324,127830,125818
35819336,1.0150,-1.0675,-1.4350,0.0573,-0.0743,1.0165,-0.20,0.14,0.32,133327,127830,125821
35838868,0.6475,-1.1375,-1.4000,0.0573,-0.0741,1.0170,-0.20,0.14,0.32,133330,127815,125812
35859376,-0.0700,-1.2250,-1.4525,0.0578,-0.0737,1.0171,-0.20,0.14,0.32,133321,127812,125808
35878904,-0.3325,-1.3475,-1.3475,0.0581,-0.0732,1.0172,-0.20,0.14,0.32,133334,127813,125820
35899416,0.1050,-1.7150,-1.2600,0.0583,-0.0730,1.0174,-0.20,0.14,0.32,133339,127823,125809
35918944,0.6650,-1.6800,-1.1550,0.0583,-0.0727,1.0172,-0.20,0.14,0.32,133343,127830,125826
35949216,0.4725,-1.7150,-1.1025,0.0587,-0.0714,1.0170,-0.20,0.14,0.32,133346,127817,125814
35969728,-0.1575,-1.6275,-1.1025,0.0593,-0.0704,1.0167,-0.20,0.14,0.32,133353,127822,125803
35989256,0.1750,-1.5575,-1.0850,0.0595,-0.0700,1.0167,-0.20,0.14,0.32,133352,127823,125794
36008788,1.1375,-1.5050,-0.7875,0.0589,-0.0700,1.0167,-0.20,0.14,0.32,133352,127819,125794
36029296,0.5600,-1.4000,-0.6825,0.0589,-0.0695,1.0163,-0.20,0.14,0.32,133356,127829,125804
36048828,0.6650,-1.4525,-0.5950,0.0592,-0.0692,1.0159,-0.20,0.14,0.32,133355,127829,125807
36069336,1.4700,-1.4000,-0.5075,0.0595,-0.0694,1.0157,-0.20,0.14,0.32,133360,127844,125797
36088868,1.4525,-1.4175,-0.4550,0.0600,-0.0693,1.0148,-0.20,0.14,0.32,133360,127829,125788
36109376,0.9450,-1.3650,-0.4900,0.0608,-0.0686,1.0135,-0.20,0.14,0.32,133363,127828,125779
36128904,0.8750,-1.3300,-0.2975,0.0603,-0.0688,1.0127,-0.20,0.14,0.32,133364,127837,125788
36149416,0.5775,-1.3825,-0.2450,0.0598,-0.0688,1.0121,-0.20,0.14,0.32,133367,127848,125800
36168944,-0.3675,-1.2950,-0.1925,0.0597,-0.0684,1.0115,-0.20,0.14,0.32,133369,127844,125810
36189452,-0.9450,-1.1375,-0.3150,0.0595,-0.0682,1.0109,-0.20,0.14,0.32,133364,127827,125794
36208984,-0.4725,-0.9975,-0.3675,0.0598,-0.0683,1.0106,-0.20,0.14,0.32,133358,127829,125791
36229492,0.3500,-0.8225,-0.3675,0.0605,-0.0683,1.0104,-0.20,0.14,0.32,133369,127831,125804
36249024,-0.0875,-0.6475,-0.2975,0.0611,-0.0681,1.0102,-0.20,0.14,0.32,133367,127830,125795
36269532,0.3500,-0.4025,-0.3850,0.0616,-0.0684,1.0103,-0.20,0.14,0.32,133371,127837,125799
36289064,1.0675,-0.3150,-0.3150,0.0620,-0.0687,1.0105,-0.20,0.14,0.32,133369,127838,125790
36309568,1.2250,-0.1925,-0.3150,0.0619,-0.0687,1.0105,-0.20,0.14,0.32,133358,127826,125787
36329100,0.3675,-0.1225,-0.3500,0.0617,-0.0683,1.0103,-0.20,0.14,0.32,133358,127834,125800
36349608,-0.2975,-0.0350,-0.3500,0.0612,-0.0683,1.0103,-0.20,0.14,0.32,133366,127835,125801
36369140,0.9450,-0.2450,-0.4200,0.0612,-0.0687,1.0110,-0.20,0.14,0.32,133364,127841,125796
36389648,2.1175,-0.2975,-0.5075,0.0610,-0.0688,1.0116,-0.20,0.14,0.32,133364,127836,125800
36409180,1.7325,-0.4025,-0.4025,0.0610,-0.0683,1.0121,-0.20,0.14,0.32,133362,127841,125778
36429688,0.1400,-0.3850,-0.3850,0.0608,-0.0676,1.0127,-0.20,0.14,0.32,133354,127841,125786
36449216,-0.6300,-0.4200,-0.3500,0.0608,-0.0672,1.0135,-0.20,0.14,0.32,133356,127845,125806
36469728,0.0000,-0.7175,-0.1575,0.0615,-0.0669,1.0144,-0.20,0.14,0.32,133361,127842,125810
36489256,0.6825,-0.9800,-0.2100,0.0620,-0.0664,1.0149,-0.20,0.14,0.32,133359,127831,125786
36508788,1.2775,-1.0325,-0.1575,0.0620,-0.0660,1.0155,-0.20,0.14,0.32,133357,127835,125780
36529296,1.1725,-1.1200,0.0525,0.0615,-0.0660,1.0158,-0.20,0.14,0.32,133354,127839,125791
36548828,0.0525,-1.1550,0.2100,0.0616,-0.0658,1.0157,-0.20,0.14,0.32,133360,127851,125783
36569336,-0.4900,-1.2775,0.2800,0.0614,-0.0656,1.0157,-0.20,0.14,0.32,133372,127844,125805
36588868,-0.1750,-1.3475,0.2100,0.0615,-0.0654,1.0154,-0.20,0.14,0.32,133363,127834,125782
36609376,0.1050,-1.4875,0.1925,0.0615,-0.0653,1.0148,-0.20,0.14,0.32,133363,127836,125784
36628904,0.2800,-1.4175,0.2275,0.0615,-0.0654,1.0143,-0.20,0.14,0.32,133365,127833,125783
36649416,0.2975,-1.3475,0.3850,0.0610,-0.0658,1.0139,-0.20,0.14,0.32,133359,127848,125790
36668944,0.1925,-1.2075,0.6300,0.0605,-0.0662,1.0138,-0.20,0.14,0.32,133366,127848,125787
36689452,-0.7700,-0.9275,0.7525,0.0608,-0.0664,1.0135,-0.20,0.14,0.32,133364,127841,125788
36708984,-0.6650,-0.8225,0.6825,0.0617,-0.0664,1.0128,-0.20,0.14,0.32,133357,127828,125787
36729492,0.5600,-0.8750,0.6650,0.0623,-0.0669,1.0124,-0.20,0.14,0.32,133365,127823,125796
36749024,1.4525,-1.0325,0.6650,0.0628,-0.0673,1.0114,-0.20,0.14,0.32,133363,127841,125791
36769532,1.2950,-1.1025,0.6650,0.0630,-0.0673,1.0109,-0.20,0.14,0.32,133363,127850,125802
36789064,0.5075,-0.9625,0.7000,0.0625,-0.0676,1.0110,-0.20,0.14,0.32,133360,127843,125793
36809568,-1.1025,-0.7350,0.7700,0.0617,-0.0681,1.0113,-0.20,0.14,0.32,133358,127827,125786
36829100,-1.7500,-0.6825,0.6125,0.0620,-0.0683,1.0110,-0.20,0.14,0.32,133350,127829,125794
36849608,-0.9275,-0.6300,0.5075,0.0623,-0.0689,1.0111,-0.20,0.14,0.32,133355,127841,125799
36869140,0.1400,-0.7350,0.3675,0.0627,-0.0692,1.0113,-0.20,0.14,0.32,133365,127841,125804
36889648,0.2450,-0.7175,0.1925,0.0630,-0.0693,1.0113,-0.20,0.14,0.32,133355,127832,125782
36909180,-0.5600,-0.7000,0.2800,0.0628,-0.0699,1.0111,-0.20,0.14,0.32,133350,127814,125782
36929688,-0.6825,-0.4375,0.2275,0.0633,-0.0712,1.0115,-0.20,0.14,0.32,133356,127826,125792
36959960,0.2800,-0.3150,-0.0175,0.0642,-0.0722,1.0122,-0.20,0.14,0.32,133349,127816,125798
36980468,0.4900,-0.4200,-0.1050,0.0644,-0.0725,1.0124,-0.20,0.14,0.32,133347,127817,125794
37000000,0.4725,-0.4725,-0.2975,0.0644,-0.0725,1.0122,-0.20,0.14,0.32,133352,127838,125813
37020508,0.5600,-0.5425,-0.4725,0.0638,-0.0731,1.0121,-0.20,0.14,0.32,133351,127828,125813
37040040,0.4900,-0.6475,-0.4900,0.0634,-0.0732,1.0120,-0.20,0.14,0.32,133355,127828,125800
37060544,-0.4550,-0.5250,-0.4725,0.0630,-0.0730,1.0121,-0.20,0.14,0.32,133351,127809,125783
37080080,-1.1900,-0.4200,-0.5250,0.0625,-0.0727,1.0125,-0.20,0.14,0.32,133357,127827,125812
37100584,-1.3650,-0.4200,-0.6650,0.0625,-0.0725,1.0130,-0.20,0.14,0.32,133354,127822,125808
37120116,-0.6125,-0.4375,-0.8050,0.0622,-0.0725,1.0132,-0.20,0.14,0.32,133354,127830,125816
37140624,-0.2275,-0.7000,-0.8050,0.0617,-0.0725,1.0131,-0.20,0.14,0.32,133356,127810,125805
37160156,-0.2100,-0.8575,-0.8050,0.0615,-0.0723,1.0132,-0.20,0.14,0.32,133349,127820,125800
37180664,0.3850,-0.8400,-0.7350,0.0614,-0.0722,1.0137,-0.20,0.14,0.32,133352,127816,125811
37200196,0.3850,-0.8575,-0.6475,0.0612,-0.0719,1.0141,-0.20,0.14,0.32,133356,127822,125816
37220704,0.0875,-0.7525,-0.5075,0.0610,-0.0712,1.0143,-0.20,0.14,0.32,133362,127817,125812
37240232,-1.3475,-0.7350,-0.3500,0.0608,-0.0706,1.0141,-0.20,0.14,0.32,133360,127811,125812
37260744,-1.2250,-0.7000,-0.1400,0.0609,-0.0704,1.0141,-0.20,0.14,0.32,133349,127802,125798
37280272,0.2275,-0.8400,-0.0700,0.0611,-0.0704,1.0144,-0.20,0.14,0.32,133352,127810,125811
37299804,0.9800,-0.9100,0.0175,0.0612,-0.0703,1.0147,-0.20,0.14,0.32,133356,127828,125823
37320312,1.3650,-0.8400,0.1050,0.0612,-0.0703,1.0148,-0.20,0.14,0.32,133354,127828,125818
37339844,0.4725,-0.7700,0.3500,0.0610,-0.0700,1.0147,-0.20,0.14,0.32,133357,127820,125800
37360352,0.2975,-0.8225,0.6300,0.0612,-0.0702,1.0143,-0.20,0.14,0.32,133349,127806,125800
37379880,1.2250,-0.8575,0.5775,0.0615,-0.0704,1.0139,-0.20,0.14,0.32,133359,127814,125808
37400392,2.0300,-0.9450,0.6300,0.0614,-0.0706,1.0138,-0.20,0.14,0.32,133356,127828,125816
37419920,1.6975,-0.9800,0.7000,0.0614,-0.0706,1.0139,-0.20,0.14,0.32,133357,127833,125809
37440428,-0.1575,-0.9975,0.7000,0.0617,-0.0704,1.0138,-0.20,0.14,0.32,133351,127808,125800
37459960,-1.4350,-0.8575,0.6825,0.0620,-0.0704,1.0136,-0.20,0.14,0.32,133348,127807,125794
37480468,-0.0175,-0.9625,0.8050,0.0617,-0.0721,1.0141,-0.20,0.14,0.32,133349,127818,125811
37500000,0.2275,-0.9800,0.8050,0.0620,-0.0725,1.0141,-0.20,0.14,0.32,133349,127827,125822
37520508,-0.6825,-1.0150,0.5775,0.0628,-0.0725,1.0138,-0.20,0.14,0.32,133350,127816,125821
37540040,-1.3825,-1.1025,0.4375,0.0636,-0.0726,1.0138,-0.20,0.14,0.32,133343,127812,125800
37560544,-0.1225,-1.1725,0.4725,0.0639,-0.0736,1.0142,-0.20,0.14,0.32,133348,127801,125804
37580080,0.9800,-1.1550,0.5075,0.0643,-0.0743,1.0144,-0.20,0.14,0.32,133352,127804,125813
37600584,0.3675,-1.1900,0.4550,0.0650,-0.0742,1.0146,-0.20,0.14,0.32,133345,127821,125820
37620116,-0.5075,-1.0850,0.3675,0.0649,-0.0744,1.0149,-0.20,0.14,0.32,133352,127820,125818
37640624,-0.5775,-1.1550,0.3150,0.0643,-0.0752,1.0153,-0.20,0.14,0.32,133348,127811,125815
37660156,-0.4550,-1.2600,0.1050,0.0641,-0.0758,1.0152,-0.20,0.14,0.32,133346,127809,125815
37680664,0.3325,-1.4350,-0.0875,0.0639,-0.0766,1.0148,-0.20,0.14,0.32,133350,127806,125811
37700196,0.8750,-1.4000,-0.3500,0.0637,-0.0770,1.0146,-0.20,0.14,0.32,133352,127817,125812
37720704,0.2275,-1.3650,-0.6650,0.0636,-0.0775,1.0142,-0.20,0.14,0.32,133361,127811,125815
37740232,-0.0525,-1.2250,-0.8050,0.0637,-0.0778,1.0141,-0.20,0.14,0.32,133362,127797,125820
37760744,-0.0875,-1.1375,-1.0325,0.0639,-0.0781,1.0138,-0.20,0.14,0.32,133352,127805,125809
37780272,0.0350,-1.0150,-1.1200,0.0639,-0.0783,1.0133,-0.20,0.14,0.32,133361,127805,125817
37799804,-0.1400,-1.0150,-1.2075,0.0639,-0.0783,1.0126,-0.20,0.14,0.32,133366,127823,125830
37820312,0.0350,-0.9100,-1.2950,0.0650,-0.0778,1.0116,-0.20,0.14,0.32,133371,127824,125821
37839844,1.2250,-0.8575,-1.3650,0.0655,-0.0780,1.0115,-0.20,0.14,0.32,133371,127809,125807
37860352,2.5375,-0.7875,-1.3475,0.0655,-0.0777,1.0116,-0.20,0.14,0.32,133364,127805,125802
37879880,2.6075,-0.7350,-1.2425,0.0656,-0.0767,1.0115,-0.20,0.14,0.32,133362,127813,125796
37900392,0.9625,-0.5075,-1.0675,0.0659,-0.0750,1.0110,-0.20,0.14,0.32,133372,127840,125800
37919920,0.0175,-0.4550,-0.8750,0.0659,-0.0733,1.0109,-0.20,0.14,0.32,133373,127826,125803
37940428,2.1700,-0.5075,-0.4725,0.0656,-0.0717,1.0117,-0.20,0.14,0.32,133365,127826,125787
37970704,3.2025,-0.4375,-0.1750,0.0656,-0.0698,1.0122,-0.20,0.14,0.32,133375,127820,125800
37990232,1.6625,-0.2800,0.1225,0.0659,-0.0683,1.0121,-0.20,0.14,0.32,133365,127833,125783
38010744,-0.3675,-0.2100,0.3325,0.0664,-0.0673,1.0117,-0.20,0.14,0.32,133363,127827,125783
38030272,-0.7700,-0.1575,0.6825,0.0667,-0.0675,1.0117,-0.20,0.14,0.32,133358,127827,125799
38049804,-0.1400,-0.1925,0.9275,0.0666,-0.0683,1.0117,-0.20,0.14,0.32,133354,127833,125807
38070312,-0.4900,-0.1925,0.8925,0.0665,-0.0695,1.0110,-0.20,0.14,0.32,133359,127836,125810
38089844,-0.2625,-0.2100,0.8050,0.0661,-0.0700,1.0110,-0.20,0.14,0.32,133349,127819,125799
38110352,-0.0350,-0.1225,0.4725,0.0655,-0.0709,1.0111,-0.20,0.14,0.32,133350,127818,125795
38129880,-0.0175,-0.1750,0.1925,0.0648,-0.0717,1.0114,-0.20,0.14,0.32,133347,127820,125800
38150392,0.3150,-0.1750,0.0000,0.0642,-0.0727,1.0117,-0.20,0.14,0.32,133350,127828,125821
38169920,0.2275,-0.2275,-0.2625,0.0638,-0.0741,1.0126,-0.20,0.14,0.32,133354,127826,125810
38190428,0.6650,-0.1575,-0.4025,0.0641,-0.0747,1.0132,-0.20,0.14,0.32,133350,127817,125794
38209960,1.1025,-0.2450,-0.5600,0.0648,-0.0749,1.0137,-0.20,0.14,0.32,133343,127817,125791
38230468,0.9100,-0.3500,-0.7000,0.0653,-0.0748,1.0141,-0.20,0.14,0.32,133341,127827,125794
38250000,0.7875,-0.4900,-0.7525,0.0654,-0.0747,1.0144,-0.20,0.14,0.32,133356,127839,125809
38270508,0.9450,-0.5600,-0.7000,0.0651,-0.0747,1.0149,-0.20,0.14,0.32,133347,127831,125799
38290040,0.9450,-0.8225,-0.7000,0.0648,-0.0744,1.0155,-0.20,0.14,0.32,133348,127829,125799
38310544,0.5775,-0.8050,-0.8400,0.0647,-0.0738,1.0158,-0.20,0.14,0.32,133342,127820,125787
38330080,0.2625,-0.8400,-0.7875,0.0643,-0.0734,1.0160,-0.20,0.14,0.32,133344,127830,125792
38350584,-0.3325,-1.0325,-0.7175,0.0638,-0.0730,1.0161,-0.20,0.14,0.32,133350,127839,125812
38370116,0.0350,-1.1900,-0.7175,0.0634,-0.0726,1.0165,-0.20,0.14,0.32,133352,127837,125804
38390624,0.8750,-1.2950,-0.9100,0.0636,-0.0719,1.0171,-0.20,0.14,0.32,133351,127829,125783
38410156,1.4350,-1.4000,-0.8575,0.0637,-0.0705,1.0175,-0.20,0.14,0.32,133351,127829,125775
38430664,1.4875,-1.3825,-0.7525,0.0632,-0.0699,1.0178,-0.20,0.14,0.32,133354,127840,125774
38450196,1.1550,-1.4000,-0.4900,0.0630,-0.0692,1.0178,-0.20,0.14,0.32,133367,127848,125797
38470704,0.6825,-1.5225,-0.4025,0.0636,-0.0681,1.0176,-0.20,0.14,0.32,133369,127847,125780
38490232,0.8750,-1.6450,-0.3325,0.0647,-0.0669,1.0174,-0.20,0.14,0.32,133366,127837,125775
38510744,1.5050,-1.7675,-0.1575,0.0654,-0.0654,1.0169,-0.20,0.14,0.32,133363,127841,125767
38530272,1.3475,-1.9775,0.1400,0.0651,-0.0649,1.0160,-0.20,0.14,0.32,133371,127835,125773
38549804,0.1750,-2.1350,0.5075,0.0654,-0.0647,1.0148,-0.20,0.14,0.32,133376,127841,125778
38570312,-0.9450,-2.1525,0.7000,0.0658,-0.0647,1.0139,-0.20,0.14,0.32,133377,127842,125782
38589844,-1.6275,-2.1000,0.9100,0.0661,-0.0650,1.0136,-0.20,0.14,0.32,133374,127838,125779
38610352,-1.1200,-1.9950,0.9275,0.0661,-0.0661,1.0135,-0.20,0.14,0.32,133384,127825,125768
38629880,-0.8575,-1.9950,0.8050,0.0665,-0.0675,1.0128,-0.20,0.14,0.32,133387,127840,125790
38650392,-1.2425,-1.9425,0.7175,0.0673,-0.0686,1.0125,-0.20,0.14,0.32,133386,127836,125790
38669920,-0.3500,-1.9075,0.6825,0.0682,-0.0708,1.0126,-0.20,0.14,0.32,133388,127844,125784
38690428,1.3475,-1.8200,0.6825,0.0689,-0.0728,1.0135,-0.20,0.14,0.32,133381,127840,125782
38709960,1.6100,-1.5750,0.4550,0.0687,-0.0742,1.0143,-0.20,0.14,0.32,133383,127834,125777
38730468,0.2800,-1.4700,0.0700,0.0676,-0.0748,1.0146,-0.20,0.14,0.32,133386,127840,125779
38750000,-1.6975,-1.3475,-0.8050,0.0662,-0.0749,1.0136,-0.20,0.14,0.32,133389,127834,125795
38770508,-1.0150,-1.4350,-1.3650,0.0659,-0.0754,1.0126,-0.20,0.14,0.32,133389,127833,125796
38790040,0.6125,-1.6625,-1.7675,0.0659,-0.0761,1.0116,-0.20,0.14,0.32,133394,127829,125781
38810544,1.4875,-1.6975,-1.8725,0.0666,-0.0769,1.0106,-0.20,0.14,0.32,133394,127832,125764
38830080,1.2775,-1.5750,-1.9250,0.0681,-0.0775,1.0097,-0.20,0.14,0.32,133401,127838,125769
38850584,0.1225,-1.1375,-1.7500,0.0695,-0.0778,1.0089,-0.20,0.14,0.32,133406,127838,125797
38870116,-0.9275,-0.8225,-1.6275,0.0716,-0.0778,1.0086,-0.20,0.14,0.32,133410,127833,125783
38890624,-0.7350,-0.4900,-1.6275,0.0717,-0.0776,1.0082,-0.20,0.14,0.32,133405,127836,125777
38910156,0.2975,-0.2100,-1.5575,0.0715,-0.0775,1.0080,-0.20,0.14,0.32,133402,127829,125760
38930664,0.7350,-0.0700,-1.7150,0.0720,-0.0764,1.0075,-0.20,0.14,0.32,133406,127835,125796
38950196,0.9450,0.0175,-1.7675,0.0722,-0.0749,1.0074,-0.20,0.14,0.32,133417,127830,125784
38980468,1.5400,0.3150,-1.4525,0.0712,-0.0733,1.0083,-0.20,0.14,0.32,133403,127839,125775
39000000,0.9625,0.3150,-1.2950,0.0706,-0.0723,1.0087,-0.20,0.14,0.32,133405,127844,125792
39020508,0.2800,0.3500,-1.2775,0.0709,-0.0708,1.0087,-0.20,0.14,0.32,133407,127839,125786
39040040,0.9450,0.3150,-1.2950,0.0714,-0.0695,1.0091,-0.20,0.14,0.32,133398,127838,125777
39060544,1.8550,0.3325,-1.1900,0.0717,-0.0684,1.0099,-0.20,0.14,0.32,133395,127827,125765
39080080,2.3975,0.4025,-0.9625,0.0715,-0.0677,1.0106,-0.20,0.14,0.32,133397,127848,125792
39100584,0.9625,0.3325,-0.6475,0.0711,-0.0659,1.0111,-0.20,0.14,0.32,133400,127850,125787
39120116,-0.3500,0.1750,-0.3150,0.0710,-0.0649,1.0111,-0.20,0.14,0.32,133398,127849,125780
39140624,-0.9450,0.1225,-0.0700,0.0706,-0.0647,1.0115,-0.20,0.14,0.32,133396,127843,125770
39160156,-0.3150,0.1225,-0.0350,0.0705,-0.0648,1.0122,-0.20,0.14,0.32,133394,127832,125777
39180664,0.7875,-0.0875,-0.0175,0.0700,-0.0649,1.0131,-0.20,0.14,0.32,133390,127840,125782
39200196,-0.2625,-0.2975,-0.1750,0.0691,-0.0641,1.0133,-0.20,0.14,0.32,133392,127852,125789
39220704,-1.2425,-0.4900,-0.2100,0.0678,-0.0637,1.0130,-0.20,0.14,0.32,133383,127849,125796
39240232,-0.1925,-0.6125,-0.2625,0.0673,-0.0647,1.0133,-0.20,0.14,0.32,133386,127843,125775
39260744,1.8025,-0.6125,-0.2275,0.0673,-0.0659,1.0138,-0.20,0.14,0.32,133382,127838,125774
39280272,2.2225,-0.5075,-0.1225,0.0677,-0.0665,1.0143,-0.20,0.14,0.32,133385,127836,125784
39299804,0.3675,-0.3325,-0.0700,0.0682,-0.0661,1.0146,-0.20,0.14,0.32,133389,127854,125776
39320312,-1.2075,-0.2100,-0.0175,0.0688,-0.0660,1.0144,-0.20,0.14,0.32,133384,127841,125793
39339844,0.3675,-0.4200,0.0175,0.0689,-0.0667,1.0147,-0.20,0.14,0.32,133385,127830,125787
39360352,2.5725,-0.7350,0.0175,0.0691,-0.0673,1.0150,-0.20,0.14,0.32,133385,127842,125782
39379880,3.0625,-0.7700,-0.0175,0.0684,-0.0673,1.0153,-0.20,0.14,0.32,133380,127846,125771
39400392,1.1550,-0.6825,-0.1050,0.0678,-0.0665,1.0153,-0.20,0.14,0.32,133384,127857,125775
39419920,-1.1375,-0.6825,-0.1225,0.0676,-0.0658,1.0152,-0.20,0.14,0.32,133399,127854,125784
39440428,-1.3125,-0.9625,-0.1050,0.0683,-0.0661,1.0147,-0.20,0.14,0.32,133395,127833,125773
39459960,0.6125,-1.0850,0.0175,0.0686,-0.0671,1.0148,-0.20,0.14,0.32,133388,127839,125773
39480468,1.0850,-1.0675,0.0875,0.0691,-0.0676,1.0148,-0.20,0.14,0.32,133380,127833,125783
39500000,0.4550,-0.7525,0.1750,0.0695,-0.0680,1.0150,-0.20,0.14,0.32,133391,127858,125789
39520508,-0.3675,-0.5950,0.0875,0.0698,-0.0683,1.0150,-0.20,0.14,0.32,133392,127845,125788
39540040,-0.6475,-0.5600,0.0000,0.0695,-0.0691,1.0147,-0.20,0.14,0.32,133384,127842,125774
39560544,0.7350,-0.7875,-0.2625,0.0680,-0.0710,1.0143,-0.20,0.14,0.32,133379,127833,125762
39580080,0.9975,-1.0500,-0.4900,0.0667,-0.0719,1.0142,-0.20,0.14,0.32,133383,127853,125775
39600584,-0.1050,-1.1025,-0.7350,0.0656,-0.0720,1.0139,-0.20,0.14,0.32,133393,127849,125780
39620116,-1.1900,-1.1725,-0.9625,0.0647,-0.0722,1.0141,-0.20,0.14,0.32,133395,127847,125788
39640624,-1.1900,-1.2250,-1.1375,0.0642,-0.0730,1.0142,-0.20,0.14,0.32,133397,127839,125778
39660156,-0.4550,-1.3300,-1.1375,0.0638,-0.0734,1.0148,-0.20,0.14,0.32,133393,127830,125766
39680664,-0.0350,-1.2600,-1.2600,0.0647,-0.0734,1.0150,-0.20,0.14,0.32,133395,127833,125773
39700196,0.7700,-1.2250,-1.3300,0.0656,-0.0730,1.0153,-0.20,0.14,0.32,133402,127850,125782
39720704,1.1375,-1.1550,-1.2600,0.0664,-0.0720,1.0153,-0.20,0.14,0.32,133407,127851,125786
39740232,0.5600,-1.1725,-1.1900,0.0670,-0.0706,1.0150,-0.20,0.14,0.32,133403,127832,125774
39760744,0.1575,-1.1550,-0.9450,0.0677,-0.0695,1.0148,-0.20,0.14,0.32,133405,127827,125773
39780272,1.3475,-1.1725,-0.5425,0.0683,-0.0691,1.0148,-0.20,0.14,0.32,133400,127831,125783
39799804,1.4000,-1.1200,-0.2625,0.0681,-0.0684,1.0146,-0.20,0.14,0.32,133413,127848,125787
39820312,0.0875,-1.0325,-0.0875,0.0677,-0.0671,1.0143,-0.20,0.14,0.32,133410,127851,125788
39839844,-1.2950,-0.9625,-0.1225,0.0676,-0.0658,1.0138,-0.20,0.14,0.32,133411,127835,125791
39860352,-1.1200,-1.0675,-0.1750,0.0676,-0.0654,1.0131,-0.20,0.14,0.32,133406,127836,125779
39879880,0.0700,-1.1200,-0.2275,0.0678,-0.0654,1.0124,-0.20,0.14,0.32,133409,127833,125788
39900392,2.2050,-0.9450,-0.0875,0.0688,-0.0661,1.0122,-0.20,0.14,0.32,133410,127855,125783
39919920,2.0650,-0.7700,0.1225,0.0691,-0.0664,1.0125,-0.20,0.14,0.32,133414,127850,125776
39940428,0.7525,-0.5075,0.2800,0.0693,-0.0661,1.0125,-0.20,0.14,0.32,133404,127840,125766
39959960,-0.6125,-0.5250,0.3675,0.0698,-0.0656,1.0121,-0.20,0.14,0.32,133405,127834,125764
39990232,0.0700,-0.8225,0.4200,0.0703,-0.0664,1.0110,-0.20,0.14,0.32,133406,127840,125782
40010744,2.0650,-0.9450,0.4375,0.0699,-0.0671,1.0108,-0.20,0.14,0.32,133402,127836,125766
40030272,1.6800,-0.9800,0.4200,0.0695,-0.0666,1.0109,-0.20,0.14,0.32,133399,127844,125774
40049804,-0.5075,-0.7700,0.4200,0.0694,-0.0659,1.0109,-0.20,0.14,0.32,133404,127854,125769
40070312,-1.9075,-0.5775,0.4550,0.0694,-0.0654,1.0108,-0.20,0.14,0.32,133408,127853,125796
40089844,-1.9250,-0.5775,0.5600,0.0694,-0.0658,1.0106,-0.20,0.14,0.32,133401,127834,125787
40110352,-1.1200,-0.6125,0.5425,0.0699,-0.0662,1.0106,-0.20,0.14,0.32,133393,127834,125771
40129880,-0.0350,-0.4900,0.4725,0.0716,-0.0665,1.0108,-0.20,0.14,0.32,133403,127834,125777
40150392,0.2800,-0.4550,0.4550,0.0725,-0.0667,1.0110,-0.20,0.14,0.32,133399,127844,125795
40169920,0.0700,-0.4200,0.4900,0.0727,-0.0671,1.0111,-0.20,0.14,0.32,133396,127844,125790
40190428,-0.3675,-0.3850,0.5425,0.0723,-0.0676,1.0114,-0.20,0.14,0.32,133397,127832,125790
40209960,0.0175,-0.2975,0.6300,0.0717,-0.0684,1.0122,-0.20,0.14,0.32,133387,127818,125785
40230468,-0.1225,-0.2275,0.3675,0.0715,-0.0691,1.0131,-0.20,0.14,0.32,133391,127827,125791
40250000,-0.4375,-0.2625,0.1925,0.0716,-0.0698,1.0137,-0.20,0.14,0.32,133389,127835,125801
40270508,0.3850,-0.4550,-0.0525,0.0712,-0.0708,1.0144,-0.20,0.14,0.32,133386,127832,125779
40290040,1.5225,-0.5775,-0.1925,0.0705,-0.0722,1.0154,-0.20,0.14,0.32,133386,127828,125787
40310544,0.5250,-0.6475,-0.2625,0.0693,-0.0727,1.0159,-0.20,0.14,0.32,133390,127825,125765
40330080,-1.7850,-0.8400,-0.5250,0.0691,-0.0725,1.0158,-0.20,0.14,0.32,133385,127815,125786
40350584,-1.9775,-1.0675,-1.1200,0.0708,-0.0730,1.0155,-0.20,0.14,0.32,133399,127830,125800
40370116,0.9975,-1.3825,-1.2425,0.0717,-0.0742,1.0158,-0.20,0.14,0.32,133403,127826,125795
40390624,2.3100,-1.4350,-1.2425,0.0725,-0.0749,1.0158,-0.20,0.14,0.32,133395,127823,125778
40410156,0.3500,-1.3475,-1.2600,0.0731,-0.0744,1.0153,-0.20,0.14,0.32,133397,127814,125779
40430664,-1.9075,-1.2950,-1.2775,0.0732,-0.0742,1.0148,-0.20,0.14,0.32,133399,127821,125783
40450196,-3.0100,-1.3125,-1.2075,0.0723,-0.0743,1.0146,-0.20,0.14,0.32,133414,127823,125801
40470704,-2.7475,-1.6975,-1.2950,0.0714,-0.0744,1.0138,-0.20,0.14,0.32,133416,127814,125805
40490232,-2.5025,-1.8375,-1.4350,0.0712,-0.0744,1.0131,-0.20,0.14,0.32,133413,127806,125805
40510744,-1.0325,-1.9250,-1.5225,0.0710,-0.0750,1.0132,-0.20,0.14,0.32,133413,127799,125799
40530272,0.6825,-1.8200,-1.4350,0.0699,-0.0761,1.0138,-0.20,0.14,0.32,133419,127809,125794
40549804,0.3500,-1.5400,-1.3300,0.0682,-0.0766,1.0142,-0.20,0.14,0.32,133426,127821,125801
40570312,-1.2600,-1.3475,-1.4175,0.0669,-0.0763,1.0138,-0.20,0.14,0.32,133429,127800,125811
40589844,-1.2775,-1.1200,-1.5925,0.0661,-0.0765,1.0128,-0.20,0.14,0.32,133427,127810,125805
40610352,1.8375,-0.9450,-1.7150,0.0666,-0.0773,1.0126,-0.20,0.14,0.32,133423,127790,125793
40629880,4.1650,-0.8225,-1.7150,0.0671,-0.0776,1.0122,-0.20,0.14,0.32,133432,127810,125792
40650392,3.7800,-0.5075,-1.6800,0.0676,-0.0766,1.0116,-0.20,0.14,0.32,133432,127816,125790
40669920,1.5925,-0.2800,-1.4875,0.0680,-0.0747,1.0106,-0.20,0.14,0.32,133439,127822,125816
40690428,-0.4725,-0.0350,-0.9800,0.0689,-0.0732,1.0097,-0.20,0.14,0.32,133435,127812,125798
40709960,0.8750,-0.1050,-0.6650,0.0711,-0.0722,1.0091,-0.20,0.14,0.32,133435,127802,125777
40730468,1.1550,-0.1575,-0.3150,0.0727,-0.0711,1.0088,-0.20,0.14,0.32,133430,127821,125796
40750000,-0.7000,-0.1400,-0.0350,0.0741,-0.0694,1.0083,-0.20,0.14,0.32,133430,127831,125820
40770508,-2.2750,-0.1750,0.3325,0.0749,-0.0684,1.0081,-0.20,0.14,0.32,133433,127805,125802
40790040,-2.8000,-0.0525,0.5600,0.0754,-0.0682,1.0078,-0.20,0.14,0.32,133424,127797,125809
40810544,-0.5600,-0.0350,0.8575,0.0758,-0.0697,1.0081,-0.20,0.14,0.32,133418,127789,125799
40830080,0.1225,0.0525,0.8750,0.0758,-0.0708,1.0086,-0.20,0.14,0.32,133414,127805,125799
40850584,-0.0350,0.1225,0.8400,0.0753,-0.0719,1.0092,-0.20,0.14,0.32,133410,127807,125822
40870116,0.0350,0.2800,0.7000,0.0741,-0.0732,1.0100,-0.20,0.14,0.32,133415,127798,125829
40890624,-0.4375,0.4375,0.5425,0.0723,-0.0744,1.0105,-0.20,0.14,0.32,133403,127786,125821
40910156,-0.7175,0.3675,0.2625,0.0711,-0.0758,1.0109,-0.20,0.14,0.32,133402,127791,125799
40930664,1.4000,0.1925,-0.3675,0.0705,-0.0776,1.0121,-0.20,0.14,0.32,133401,127792,125808
40950196,3.1675,0.1750,-0.6825,0.0698,-0.0788,1.0136,-0.20,0.14,0.32,133402,127822,125816
40970704,2.9925,0.0875,-0.6825,0.0687,-0.0797,1.0148,-0.20,0.14,0.32,133404,127822,125818
41000976,0.0700,0.0525,-0.9100,0.0680,-0.0793,1.0160,-0.20,0.14,0.32,133397,127818,125824
41021484,-0.8750,-0.4900,-1.1725,0.0689,-0.0788,1.0163,-0.20,0.14,0.32,133397,127806,125808
41041016,1.8200,-0.8225,-1.3300,0.0708,-0.0789,1.0170,-0.20,0.14,0.32,133404,127809,125796
41061524,3.4125,-1.0850,-1.2250,0.0709,-0.0786,1.0180,-0.20,0.14,0.32,133401,127797,125789
41081056,1.6100,-1.1200,-1.2075,0.0710,-0.0769,1.0180,-0.20,0.14,0.32,133404,127827,125796
41101560,-1.6800,-1.0850,-1.0500,0.0709,-0.0754,1.0175,-0.20,0.14,0.32,133405,127813,125809
41121092,-2.9750,-1.2775,-0.8575,0.0708,-0.0749,1.0175,-0.20,0.14,0.32,133414,127804,125831
41141600,-0.5250,-1.7150,-0.7175,0.0703,-0.0749,1.0177,-0.20,0.14,0.32,133415,127791,125804
41161132,0.2800,-1.8200,-0.7175,0.0704,-0.0744,1.0175,-0.20,0.14,0.32,133416,127798,125808
41181640,-0.9100,-1.9425,-0.7525,0.0705,-0.0736,1.0166,-0.20,0.14,0.32,133418,127791,125815
41201172,-1.6975,-2.0125,-0.7700,0.0697,-0.0737,1.0159,-0.20,0.14,0.32,133423,127802,125826
41221680,-0.2275,-1.8375,-0.6300,0.0684,-0.0749,1.0160,-0.20,0.14,0.32,133426,127799,125812
41241208,1.2425,-1.7850,-0.4725,0.0678,-0.0758,1.0164,-0.20,0.14,0.32,133433,127800,125790
41261720,0.7875,-1.5225,-0.6300,0.0678,-0.0749,1.0155,-0.20,0.14,0.32,133421,127792,125787
41281248,-0.3500,-1.3125,-0.7000,0.0677,-0.0742,1.0143,-0.20,0.14,0.32,133430,127801,125812
41301756,0.5600,-1.3825,-0.5425,0.0666,-0.0748,1.0135,-0.20,0.14,0.32,133437,127810,125818
41321288,1.4700,-1.4700,-0.2800,0.0658,-0.0753,1.0125,-0.20,0.14,0.32,133435,127812,125808
41340820,1.4000,-1.4525,-0.2275,0.0661,-0.0749,1.0114,-0.20,0.14,0.32,133438,127805,125804
41361328,0.9975,-1.2950,-0.2100,0.0671,-0.0744,1.0108,-0.20,0.14,0.32,133432,127794,125800
41380860,0.4900,-0.9100,-0.1575,0.0684,-0.0738,1.0108,-0.20,0.14,0.32,133444,127800,125805
41401368,-0.7350,-0.6125,0.0875,0.0689,-0.0732,1.0103,-0.20,0.14,0.32,133439,127800,125813
41420896,-2.0475,-0.6125,0.1400,0.0698,-0.0727,1.0093,-0.20,0.14,0.32,133434,127802,125824
41441408,-1.1550,-0.5775,0.2975,0.0710,-0.0730,1.0091,-0.20,0.14,0.32,133432,127789,125809
41460936,1.1900,-0.5425,0.2100,0.0720,-0.0736,1.0094,-0.20,0.14,0.32,133428,127790,125811
41481444,1.8900,-0.3850,0.1750,0.0730,-0.0732,1.0097,-0.20,0.14,0.32,133427,127807,125802
41500976,0.3325,-0.0350,0.1575,0.0742,-0.0723,1.0102,-0.20,0.14,0.32,133430,127816,125808
41521484,0.1925,0.1925,0.1750,0.0745,-0.0728,1.0108,-0.20,0.14,0.32,133430,127811,125804
41541016,1.2600,0.1400,0.1925,0.0748,-0.0737,1.0116,-0.20,0.14,0.32,133422,127797,125799
41561524,1.7675,0.0000,0.0875,0.0754,-0.0739,1.0117,-0.20,0.14,0.32,133412,127792,125800
41581056,1.4175,-0.0875,-0.0700,0.0755,-0.0738,1.0116,-0.20,0.14,0.32,133421,127802,125798
41601560,1.0675,-0.4550,-0.2625,0.0750,-0.0748,1.0121,-0.20,0.14,0.32,133420,127819,125822
41621092,0.7350,-0.6300,-0.2275,0.0747,-0.0755,1.0126,-0.20,0.14,0.32,133419,127823,125804
41641600,-0.1750,-0.6475,-0.2625,0.0737,-0.0764,1.0132,-0.20,0.14,0.32,133424,127807,125794
41661132,-1.5050,-0.7350,-0.3150,0.0728,-0.0769,1.0133,-0.20,0.14,0.32,133422,127799,125802
41681640,-2.2750,-0.8050,-0.4025,0.0722,-0.0775,1.0130,-0.20,0.14,0.32,133418,127810,125808
41701172,-1.4350,-1.0675,-0.6300,0.0715,-0.0784,1.0128,-0.20,0.14,0.32,133420,127813,125822
41721680,0.8925,-1.2775,-0.8925,0.0699,-0.0804,1.0130,-0.20,0.14,0.32,133428,127807,125809
41741208,0.5950,-1.1550,-1.1025,0.0691,-0.0805,1.0130,-0.20,0.14,0.32,133427,127798,125803
41761720,-0.9275,-1.0850,-1.3125,0.0686,-0.0800,1.0127,-0.20,0.14,0.32,133431,127798,125795
41781248,-1.3475,-0.9275,-1.3475,0.0683,-0.0798,1.0131,-0.20,0.14,0.32,133435,127795,125812
41801756,-0.3325,-0.9100,-1.4350,0.0684,-0.0800,1.0135,-0.20,0.14,0.32,133435,127799,125820
41821288,0.3675,-0.8750,-1.3125,0.0689,-0.0795,1.0136,-0.20,0.14,0.32,133436,127797,125817
41840820,0.5075,-0.8750,-1.0675,0.0698,-0.0783,1.0133,-0.20,0.14,0.32,133438,127792,125811
41861328,0.2100,-0.8925,-0.9450,0.0709,-0.0769,1.0131,-0.20,0.14,0.32,133431,127783,125817
41880860,-0.4900,-0.7700,-0.8400,0.0721,-0.0756,1.0125,-0.20,0.14,0.32,133433,127795,125809
41901368,-0.2625,-0.6650,-0.5950,0.0731,-0.0752,1.0121,-0.20,0.14,0.32,133435,127806,125831
41920896,1.2250,-0.6825,-0.3150,0.0741,-0.0749,1.0120,-0.20,0.14,0.32,133441,127797,125817
41941408,1.4525,-0.4900,0.0175,0.0754,-0.0742,1.0116,-0.20,0.14,0.32,133437,127788,125803
41960936,0.2275,-0.4200,0.0525,0.0776,-0.0734,1.0114,-0.20,0.14,0.32,133426,127786,125806
42000976,0.6125,-0.2975,0.2450,0.0772,-0.0750,1.0116,-0.20,0.14,0.32,133432,127800,125826
42020508,0.8750,-0.2800,0.2100,0.0754,-0.0761,1.0120,-0.20,0.14,0.32,133434,127794,125829
42040040,0.1225,-0.2800,0.1575,0.0733,-0.0763,1.0121,-0.20,0.14,0.32,133433,127786,125808
42060544,-1.7675,-0.2100,-0.2450,0.0714,-0.0756,1.0122,-0.20,0.14,0.32,133430,127785,125802
42080080,-1.4350,-0.5075,-0.7525,0.0688,-0.0758,1.0124,-0.20,0.14,0.32,133428,127783,125807
42100584,1.0150,-0.7875,-1.0150,0.0678,-0.0766,1.0127,-0.20,0.14,0.32,133434,127800,125824
42120116,3.0800,-0.9100,-1.0325,0.0676,-0.0771,1.0127,-0.20,0.14,0.32,133435,127802,125821
42140624,3.1500,-0.8575,-0.8400,0.0683,-0.0769,1.0125,-0.20,0.14,0.32,133434,127804,125800
42160156,2.0825,-0.6825,-0.6300,0.0689,-0.0764,1.0124,-0.20,0.14,0.32,133429,127789,125799
42180664,-0.0700,-0.3325,-0.1225,0.0698,-0.0758,1.0121,-0.20,0.14,0.32,133430,127798,125819
42200196,-0.4025,-0.2100,0.1575,0.0712,-0.0756,1.0119,-0.20,0.14,0.32,133432,127808,125831
42220704,0.2625,-0.1575,0.3325,0.0722,-0.0756,1.0124,-0.20,0.14,0.32,133436,127811,125841
42240232,0.6475,-0.1400,0.4200,0.0723,-0.0753,1.0131,-0.20,0.14,0.32,133426,127795,125809
42260744,-0.2625,-0.2450,0.2800,0.0722,-0.0742,1.0131,-0.20,0.14,0.32,133422,127797,125812
42280272,-0.3325,-0.5425,0.0175,0.0719,-0.0736,1.0133,-0.20,0.14,0.32,133428,127795,125809
42299804,0.7350,-0.8575,-0.2450,0.0712,-0.0737,1.0139,-0.20,0.14,0.32,133428,127810,125813
42320312,1.8375,-1.1725,-0.3500,0.0705,-0.0742,1.0148,-0.20,0.14,0.32,133431,127814,125829
42339844,0.7700,-1.3125,-0.3850,0.0702,-0.0744,1.0150,-0.20,0.14,0.32,133429,127802,125808
42360352,-0.6125,-1.3300,-0.4550,0.0705,-0.0747,1.0149,-0.20,0.14,0.32,133436,127803,125812
42379880,-0.6650,-1.3125,-0.4025,0.0714,-0.0755,1.0148,-0.20,0.14,0.32,133428,127803,125812
42400392,0.0875,-1.3125,-0.3675,0.0719,-0.0763,1.0148,-0.20,0.14,0.32,133433,127815,125820
42419920,-0.5075,-1.3300,-0.3850,0.0725,-0.0761,1.0146,-0.20,0.14,0.32,133439,127816,125818
42440428,-1.9075,-1.2075,-0.4200,0.0721,-0.0758,1.0132,-0.20,0.14,0.32,133432,127794,125819
42459960,-1.4525,-1.0850,-0.3500,0.0708,-0.0764,1.0128,-0.20,0.14,0.32,133433,127782,125806
42480468,-0.7175,-0.9975,-0.3850,0.0700,-0.0764,1.0122,-0.20,0.14,0.32,133440,127781,125825
42500000,0.2100,-0.9625,-0.5250,0.0697,-0.0761,1.0115,-0.20,0.14,0.32,133437,127794,125829
42520508,0.4200,-0.7350,-0.6650,0.0695,-0.0755,1.0108,-0.20,0.14,0.32,133447,127795,125828
42540040,1.4175,-0.3675,-0.6825,0.0694,-0.0753,1.0104,-0.20,0.14,0.32,133437,127781,125820
42560544,1.6100,-0.0350,-0.5250,0.0697,-0.0754,1.0102,-0.20,0.14,0.32,133435,127798,125806
42580080,2.0300,0.3500,-0.3325,0.0698,-0.0753,1.0103,-0.20,0.14,0.32,133432,127804,125816
42600584,1.9075,0.4900,-0.0875,0.0703,-0.0749,1.0104,-0.20,0.14,0.32,133436,127805,125812
42620116,0.5250,0.7000,-0.0525,0.0711,-0.0738,1.0098,-0.20,0.14,0.32,133434,127813,125830
42640624,0.4550,0.5775,0.2450,0.0721,-0.0734,1.0097,-0.20,0.14,0.32,133425,127803,125804
42660156,2.6425,0.3675,0.5775,0.0730,-0.0744,1.0106,-0.20,0.14,0.32,133421,127815,125799
42680664,3.0625,0.2625,0.8575,0.0723,-0.0744,1.0113,-0.20,0.14,0.32,133412,127810,125808
42700196,1.5575,0.2625,1.1375,0.0709,-0.0739,1.0115,-0.20,0.14,0.32,133419,127831,125809
42720704,-0.9275,0.1225,1.1375,0.0702,-0.0733,1.0114,-0.20,0.14,0.32,133421,127827,125807
42740232,-2.1000,0.0875,1.0325,0.0702,-0.0732,1.0116,-0.20,0.14,0.32,133410,127815,125794
42760744,0.3675,-0.1750,0.9100,0.0704,-0.0741,1.0128,-0.20,0.14,0.32,133404,127806,125798
42780272,0.4200,-0.3325,0.7350,0.0708,-0.0739,1.0131,-0.20,0.14,0.32,133395,127806,125811
42799804,-0.7875,-0.2625,0.5775,0.0712,-0.0737,1.0130,-0.20,0.14,0.32,133402,127816,125818
42820312,-1.4175,-0.3850,0.3675,0.0719,-0.0742,1.0132,-0.20,0.14,0.32,133400,127806,125824
42839844,-0.4900,-0.4725,0.2625,0.0723,-0.0754,1.0141,-0.20,0.14,0.32,133398,127808,125805
42860352,0.3675,-0.5250,-0.0350,0.0728,-0.0766,1.0150,-0.20,0.14,0.32,133395,127801,125807
42879880,-1.8725,-0.7525,-0.5950,0.0730,-0.0770,1.0155,-0.20,0.14,0.32,133398,127798,125803
42900392,-3.2025,-0.9625,-0.8400,0.0711,-0.0780,1.0159,-0.20,0.14,0.32,133401,127799,125830
42919920,-3.0625,-1.4000,-0.9975,0.0687,-0.0793,1.0165,-0.20,0.14,0.32,133403,127793,125841
42940428,-1.9950,-1.7325,-1.1375,0.0669,-0.0802,1.0175,-0.20,0.14,0.32,133403,127778,125821
42959960,-1.1900,-1.9250,-1.4700,0.0661,-0.0800,1.0183,-0.20,0.14,0.32,133415,127777,125838
42980468,-1.1900,-1.9950,-1.7675,0.0660,-0.0791,1.0191,-0.20,0.14,0.32,133420,127780,125829
43010744,-0.3325,-1.8550,-2.1175,0.0683,-0.0776,1.0199,-0.20,0.14,0.32,133421,127763,125830
43030272,0.9625,-2.0125,-1.9600,0.0691,-0.0773,1.0199,-0.20,0.14,0.32,133430,127782,125832
43049804,1.4700,-2.1000,-1.6975,0.0703,-0.0770,1.0192,-0.20,0.14,0.32,133435,127777,125841
43070312,0.5425,-2.2400,-1.4000,0.0721,-0.0761,1.0175,-0.20,0.14,0.32,133443,127776,125839
43089844,-0.7350,-2.2575,-0.9625,0.0742,-0.0759,1.0157,-0.20,0.14,0.32,133444,127775,125830
43110352,-0.7000,-2.0825,-0.1575,0.0760,-0.0770,1.0144,-0.20,0.15,0.32,133450,127762,125808
43129880,-0.7875,-1.7500,0.3150,0.0765,-0.0773,1.0135,-0.20,0.14,0.32,133445,127754,125832
43150392,-1.6800,-1.4875,0.5250,0.0764,-0.0772,1.0124,-0.20,0.15,0.32,133450,127771,125843
43169920,-2.6600,-1.2250,0.6300,0.0755,-0.0772,1.0109,-0.20,0.15,0.32,133456,127779,125846
43190428,-2.1175,-0.9975,0.5600,0.0739,-0.0778,1.0098,-0.20,0.15,0.32,133448,127756,125837
43209960,-0.1575,-0.8050,0.4200,0.0727,-0.0791,1.0089,-0.20,0.14,0.32,133447,127758,125832
43230468,1.7150,-0.6475,-0.0700,0.0719,-0.0809,1.0067,-0.20,0.14,0.32,133445,127761,125831
43250000,1.8025,-0.4900,-0.2625,0.0714,-0.0822,1.0053,-0.20,0.15,0.32,133448,127761,125836
43270508,1.0325,-0.3500,-0.4025,0.0709,-0.0836,1.0041,-0.20,0.15,0.32,133452,127766,125837
43290040,0.4025,-0.0700,-0.5775,0.0705,-0.0849,1.0036,-0.20,0.15,0.32,133454,127772,125842
43310544,0.8925,0.1400,-0.6300,0.0704,-0.0856,1.0036,-0.20,0.14,0.32,133443,127755,125820
43330080,-0.1575,0.4375,-0.5775,0.0706,-0.0853,1.0032,-0.20,0.14,0.32,133440,127754,125834
43350584,-2.2575,0.4025,-0.5600,0.0721,-0.0843,1.0024,-0.20,0.14,0.32,133441,127759,125838
43370116,-1.6625,0.4375,-0.2975,0.0727,-0.0845,1.0035,-0.20,0.14,0.32,133436,127760,125858
43390624,-1.2950,0.5250,-0.0525,0.0734,-0.0842,1.0056,-0.20,0.14,0.32,133435,127754,125845
43410156,-1.5400,0.7175,0.0525,0.0749,-0.0832,1.0083,-0.20,0.14,0.32,133429,127743,125849
43430664,-0.5250,0.7000,0.0875,0.0761,-0.0830,1.0116,-0.20,0.14,0.32,133426,127744,125855
43450196,3.3600,0.2800,0.3675,0.0764,-0.0838,1.0153,-0.20,0.14,0.32,133420,127771,125864
43470704,4.2175,-0.0350,0.6475,0.0744,-0.0854,1.0194,-0.20,0.14,0.32,133422,127773,125846
43490232,3.9900,-0.3850,0.7000,0.0728,-0.0859,1.0214,-0.20,0.14,0.32,133418,127776,125839
43510744,4.6550,-0.9275,0.5600,0.0714,-0.0863,1.0235,-0.20,0.14,0.32,133415,127781,125825
43530272,5.0400,-1.2425,0.3325,0.0695,-0.0858,1.0249,-0.20,0.14,0.32,133415,127799,125825
43549804,3.9200,-1.6625,-0.0525,0.0676,-0.0841,1.0250,-0.20,0.14,0.32,133421,127802,125834
43570312,1.1550,-2.5025,-0.5600,0.0655,-0.0802,1.0226,-0.20,0.14,0.32,133427,127807,125830
43589844,1.3125,-3.0625,-0.6125,0.0656,-0.0787,1.0207,-0.20,0.14,0.32,133434,127802,125818
43610352,1.8725,-3.3250,-0.4725,0.0669,-0.0780,1.0189,-0.20,0.14,0.32,133440,127794,125793
43629880,1.6625,-3.3250,-0.1400,0.0686,-0.0777,1.0176,-0.20,0.14,0.32,133440,127802,125811
43650392,-0.1575,-2.9750,0.2450,0.0705,-0.0770,1.0166,-0.20,0.15,0.32,133453,127808,125816
43669920,-2.8175,-2.5025,0.6125,0.0720,-0.0763,1.0154,-0.20,0.14,0.32,133447,127802,125826
43690428,-5.5125,-2.1700,0.6125,0.0733,-0.0758,1.0126,-0.20,0.15,0.32,133453,127793,125822
43709960,-4.3925,-2.1350,0.2975,0.0738,-0.0761,1.0109,-0.20,0.14,0.32,133445,127762,125829
43730468,-1.8200,-2.1700,-0.0700,0.0734,-0.0769,1.0098,-0.20,0.15,0.32,133454,127776,125834
43750000,-0.7350,-2.1000,-0.3850,0.0723,-0.0772,1.0089,-0.20,0.15,0.32,133456,127766,125855
43770508,-2.5725,-1.6275,-0.7000,0.0717,-0.0769,1.0077,-0.20,0.15,0.32,133467,127765,125846
43790040,-3.5525,-1.2425,-0.9625,0.0722,-0.0771,1.0071,-0.20,0.15,0.32,133459,127745,125836
43810544,0.8225,-0.6475,-1.0325,0.0739,-0.0804,1.0074,-0.20,0.15,0.32,133455,127749,125838
43830080,3.7975,-0.2100,-0.9275,0.0747,-0.0825,1.0076,-0.20,0.15,0.32,133456,127768,125840
43850584,3.3600,0.2450,-0.9275,0.0749,-0.0827,1.0076,-0.20,0.15,0.32,133459,127781,125843
43870116,0.6650,0.6300,-0.9800,0.0752,-0.0819,1.0070,-0.20,0.15,0.32,133467,127771,125843
43890624,-0.8575,0.7175,-0.9625,0.0755,-0.0817,1.0061,-0.20,0.15,0.32,133466,127761,125844
43910156,1.6100,0.1400,-0.7000,0.0754,-0.0834,1.0054,-0.20,0.15,0.32,133452,127775,125833
43930664,4.7425,-0.0350,-0.5775,0.0759,-0.0850,1.0045,-0.20,0.15,0.32,133460,127777,125823
43950196,2.6775,0.1050,-0.4725,0.0758,-0.0842,1.0048,-0.20,0.15,0.32,133449,127790,125842
43970704,-2.0125,0.4550,-0.5250,0.0754,-0.0820,1.0050,-0.20,0.15,0.32,133458,127784,125845
43990232,-5.7575,0.6300,-0.5075,0.0754,-0.0806,1.0052,-0.20,0.14,0.32,133444,127765,125836
44020508,-0.9800,0.1925,-0.5075,0.0763,-0.0816,1.0065,-0.20,0.15,0.32,133450,127760,125871
44040040,2.1700,0.1225,-0.3675,0.0775,-0.0826,1.0082,-0.20,0.15,0.32,133449,127767,125833
44060544,2.0475,0.1575,-0.2800,0.0776,-0.0822,1.0092,-0.20,0.14,0.32,133443,127741,125831
44080080,0.0175,0.4550,-0.0350,0.0776,-0.0817,1.0104,-0.20,0.14,0.32,133434,127754,125840
44100584,-1.2250,0.5950,0.2275,0.0769,-0.0819,1.0121,-0.20,0.14,0.32,133438,127763,125843
44120116,-1.3825,0.7175,0.3675,0.0763,-0.0820,1.0135,-0.20,0.14,0.32,133443,127770,125855
44140624,-1.0150,0.2800,0.2625,0.0748,-0.0817,1.0149,-0.20,0.14,0.32,133432,127749,125844
44160156,-0.0700,-0.0175,0.2450,0.0734,-0.0816,1.0158,-0.20,0.14,0.32,133421,127740,125845
44180664,1.3475,-0.5250,0.0875,0.0725,-0.0819,1.0163,-0.20,0.14,0.32,133429,127751,125849
44200196,2.6250,-0.9275,-0.0875,0.0723,-0.0821,1.0169,-0.20,0.14,0.32,133433,127774,125850
44220704,3.7275,-1.0325,-0.0700,0.0726,-0.0827,1.0178,-0.20,0.14,0.32,133427,127778,125834
44240232,3.6575,-0.9625,-0.0175,0.0728,-0.0834,1.0189,-0.20,0.14,0.32,133426,127772,125829
44260744,1.5050,-0.8400,0.1050,0.0732,-0.0839,1.0204,-0.20,0.14,0.32,133425,127767,125823
44280272,-0.0350,-0.9800,0.1925,0.0726,-0.0844,1.0208,-0.20,0.14,0.32,133426,127771,125833
44299804,-0.9275,-1.2950,0.1925,0.0715,-0.0849,1.0202,-0.20,0.14,0.32,133436,127778,125847
44320312,-0.6650,-1.7675,0.1050,0.0708,-0.0855,1.0196,-0.20,0.14,0.32,133427,127790,125845
44339844,0.7350,-2.1175,-0.0700,0.0700,-0.0859,1.0196,-0.20,0.14,0.32,133435,127778,125839
44360352,1.8550,-2.2225,-0.2800,0.0698,-0.0856,1.0197,-0.20,0.14,0.32,133435,127769,125830
44379880,0.8400,-2.1875,-0.7875,0.0709,-0.0844,1.0187,-0.20,0.14,0.32,133437,127769,125812
44400392,1.4525,-2.2400,-1.0150,0.0710,-0.0839,1.0180,-0.20,0.14,0.32,133441,127791,125825
44419920,1.8550,-2.2575,-1.0500,0.0715,-0.0836,1.0171,-0.20,0.15,0.32,133450,127782,125842
44440428,1.6100,-2.3275,-0.9275,0.0722,-0.0836,1.0159,-0.20,0.15,0.32,133452,127796,125824
44459960,0.5425,-2.1875,-0.8050,0.0733,-0.0832,1.0141,-0.20,0.14,0.32,133446,127787,125820
44480468,0.1575,-2.1350,-0.5250,0.0744,-0.0830,1.0127,-0.20,0.15,0.32,133453,127789,125822
44500000,-0.5950,-1.6975,-0.3675,0.0760,-0.0819,1.0104,-0.20,0.15,0.32,133460,127798,125816
44520508,-1.3300,-1.4525,-0.4200,0.0770,-0.0808,1.0087,-0.20,0.15,0.32,133464,127782,125837
44540040,-1.0675,-0.9800,-0.2975,0.0772,-0.0800,1.0074,-0.20,0.15,0.32,133463,127777,125828
44560544,-0.7525,-0.7525,-0.2625,0.0776,-0.0797,1.0059,-0.20,0.15,0.32,133459,127763,125828
44580080,-0.5775,-0.3850,-0.1925,0.0781,-0.0789,1.0045,-0.20,0.15,0.32,133454,127775,125828
44600584,0.0175,-0.0350,-0.3500,0.0784,-0.0787,1.0028,-0.20,0.15,0.32,133458,127782,125845
44620116,1.3650,0.2275,-0.5250,0.0783,-0.0792,1.0025,-0.20,0.15,0.32,133461,127798,125837
44640624,2.0825,0.5425,-0.5075,0.0776,-0.0795,1.0028,-0.20,0.15,0.32,133450,127780,125813
44660156,0.1050,0.9100,-0.4900,0.0769,-0.0793,1.0028,-0.20,0.14,0.32,133446,127774,125827
44680664,-2.2575,1.2950,-0.4725,0.0761,-0.0798,1.0030,-0.20,0.14,0.32,133439,127773,125843
44700196,-1.7675,1.2775,-0.4725,0.0755,-0.0809,1.0039,-0.20,0.14,0.32,133444,127769,125846
44720704,2.4500,1.2250,-0.5425,0.0748,-0.0827,1.0067,-0.20,0.14,0.32,133439,127778,125839
44740232,2.3100,1.1725,-0.8575,0.0745,-0.0820,1.0082,-0.20,0.14,0.32,133436,127779,125838
44760744,0.3850,1.1375,-1.1725,0.0743,-0.0808,1.0089,-0.20,0.14,0.32,133428,127769,125825
44780272,0.2625,0.9275,-1.3475,0.0737,-0.0809,1.0102,-0.20,0.14,0.32,133428,127775,125823
44799804,2.6425,0.6125,-1.2600,0.0725,-0.0820,1.0119,-0.20,0.14,0.32,133427,127796,125842
44820312,3.2375,0.3150,-1.1200,0.0717,-0.0821,1.0131,-0.20,0.14,0.32,133427,127794,125837
44839844,-0.5775,0.1575,-1.0675,0.0711,-0.0802,1.0138,-0.20,0.14,0.32,133430,127787,125817
44860352,-1.0150,-0.0525,-1.0675,0.0710,-0.0797,1.0148,-0.20,0.14,0.32,133426,127775,125817
44879880,0.8225,-0.4025,-1.0150,0.0712,-0.0797,1.0160,-0.20,0.14,0.32,133428,127781,125820
44900392,2.1525,-0.4725,-0.9800,0.0717,-0.0793,1.0165,-0.20,0.14,0.32,133431,127785,125838
44919920,1.0850,-0.7000,-0.9100,0.0723,-0.0782,1.0161,-0.20,0.14,0.32,133438,127803,125835
44940428,-0.8750,-0.7700,-0.8225,0.0730,-0.0771,1.0158,-0.20,0.14,0.32,133440,127790,125837
44959960,-0.4025,-0.8575,-0.6125,0.0726,-0.0775,1.0167,-0.20,0.14,0.32,133427,127781,125828
44980468,0.2625,-0.8400,-0.4200,0.0722,-0.0776,1.0170,-0.20,0.14,0.32,133430,127776,125837
45000000,-0.5075,-0.9450,-0.3850,0.0723,-0.0767,1.0160,-0.20,0.14,0.32,133430,127791,125830
45030272,-0.6825,-1.1550,-0.3850,0.0720,-0.0758,1.0148,-0.20,0.14,0.32,133430,127775,125825
45049804,0.7350,-1.2600,-0.2275,0.0711,-0.0760,1.0144,-0.20,0.14,0.32,133434,127784,125839
45070312,1.1200,-1.0850,0.0175,0.0703,-0.0763,1.0138,-0.20,0.14,0.32,133437,127793,125846
45089844,0.0875,-0.7350,0.0875,0.0700,-0.0759,1.0136,-0.20,0.14,0.32,133436,127778,125834
45110352,-0.4900,-0.6125,0.0000,0.0702,-0.0755,1.0131,-0.20,0.14,0.32,133431,127773,125833
45129880,-0.8050,-0.6300,-0.0875,0.0704,-0.0753,1.0116,-0.20,0.14,0.32,133436,127773,125841
45150392,-0.3850,-0.8925,-0.2450,0.0711,-0.0756,1.0103,-0.20,0.14,0.32,133428,127787,125849
45169920,0.3675,-1.0850,-0.2275,0.0714,-0.0763,1.0098,-0.20,0.14,0.32,133438,127782,125852
45190428,-1.2950,-1.0500,-0.0875,0.0704,-0.0769,1.0104,-0.20,0.14,0.32,133438,127763,125830
45209960,-4.6200,-0.7350,0.0175,0.0693,-0.0767,1.0111,-0.20,0.14,0.32,133442,127750,125837
45230468,-6.6675,-0.5600,-0.1050,0.0686,-0.0771,1.0124,-0.20,0.14,0.32,133434,127743,125846
45250000,-4.7075,-0.5600,0.0175,0.0681,-0.0786,1.0143,-0.20,0.14,0.32,133439,127751,125872
45270508,-0.3675,-0.6475,0.1225,0.0673,-0.0810,1.0163,-0.20,0.14,0.32,133432,127753,125859
45290040,3.6400,-0.7525,0.2975,0.0669,-0.0825,1.0177,-0.20,0.14,0.32,133436,127751,125857
45310544,5.1800,-0.8225,0.3150,0.0677,-0.0825,1.0185,-0.20,0.14,0.32,133427,127753,125836
45330080,6.0375,-0.7350,0.4200,0.0686,-0.0826,1.0187,-0.20,0.14,0.32,133433,127771,125833
45350584,5.8800,-0.7525,0.6650,0.0697,-0.0826,1.0181,-0.20,0.14,0.32,133441,127797,125828
45370116,3.7450,-0.9275,0.9800,0.0712,-0.0822,1.0165,-0.20,0.14,0.32,133441,127802,125831
45390624,1.5225,-1.0500,1.1900,0.0730,-0.0815,1.0148,-0.20,0.14,0.32,133434,127792,125826
45410156,-1.4175,-1.3825,0.9800,0.0761,-0.0800,1.0122,-0.20,0.14,0.32,133437,127772,125821
45430664,-3.0100,-1.6275,0.6300,0.0780,-0.0795,1.0104,-0.20,0.14,0.32,133426,127770,125840
45450196,-4.1125,-1.8200,0.4900,0.0792,-0.0800,1.0088,-0.20,0.14,0.32,133432,127785,125841
45470704,-4.0775,-1.8375,0.3850,0.0792,-0.0815,1.0078,-0.20,0.14,0.32,133439,127768,125855
45490232,-3.5000,-1.7850,0.2450,0.0780,-0.0834,1.0077,-0.20,0.14,0.32,133434,127764,125845
45510744,-3.8150,-1.4700,0.0000,0.0763,-0.0852,1.0077,-0.20,0.14,0.32,133435,127743,125841
45530272,-5.1800,-0.8050,-0.6650,0.0752,-0.0864,1.0075,-0.20,0.14,0.32,133430,127740,125863
45549804,-3.8500,-0.5600,-1.3300,0.0749,-0.0874,1.0078,-0.20,0.14,0.32,133447,127737,125880
45570312,-0.1050,-0.2625,-1.7675,0.0732,-0.0891,1.0092,-0.20,0.14,0.32,133442,127733,125888
45589844,2.3100,0.0525,-1.9775,0.0711,-0.0900,1.0098,-0.20,0.14,0.32,133440,127745,125867
45610352,2.9225,0.3850,-2.0300,0.0691,-0.0900,1.0100,-0.20,0.14,0.32,133437,127731,125862
45629880,2.3625,0.6125,-2.1000,0.0677,-0.0888,1.0102,-0.20,0.14,0.32,133442,127740,125874
45650392,2.9750,0.7875,-2.2050,0.0662,-0.0863,1.0109,-0.20,0.14,0.32,133441,127756,125868
45669920,3.3600,0.9450,-2.1000,0.0654,-0.0842,1.0106,-0.20,0.14,0.32,133446,127761,125870
45690428,3.8325,0.8400,-1.7675,0.0647,-0.0820,1.0105,-0.20,0.14,0.32,133439,127750,125861
45709960,3.9375,0.7525,-1.3475,0.0647,-0.0799,1.0103,-0.20,0.14,0.32,133438,127759,125836
45730468,2.6425,0.5425,-0.8400,0.0658,-0.0773,1.0098,-0.20,0.14,0.32,133433,127765,125849
45750000,1.2250,0.4550,0.1225,0.0680,-0.0754,1.0097,-0.20,0.14,0.32,133435,127779,125846
45770508,1.4875,0.1750,0.6650,0.0712,-0.0737,1.0110,-0.20,0.14,0.32,133436,127780,125855
45790040,-0.1575,0.0350,1.2075,0.0734,-0.0721,1.0115,-0.20,0.14,0.32,133427,127768,125834
45810544,-1.4350,-0.3150,1.6625,0.0747,-0.0712,1.0120,-0.20,0.14,0.32,133422,127747,125836
45830080,-2.2575,-0.7350,2.0475,0.0747,-0.0715,1.0126,-0.20,0.14,0.32,133418,127759,125867
45850584,-2.7650,-0.9800,2.3975,0.0737,-0.0725,1.0133,-0.20,0.14,0.32,133417,127761,125864
45870116,-3.3950,-1.1725,2.4325,0.0727,-0.0742,1.0149,-0.20,0.14,0.32,133420,127760,125873
45890624,-3.4825,-1.2775,2.2225,0.0727,-0.0758,1.0158,-0.20,0.14,0.32,133410,127737,125859
45910156,-2.6775,-1.2775,2.0125,0.0726,-0.0778,1.0164,-0.20,0.14,0.32,133412,127729,125854
45930664,-1.1900,-1.1550,1.9075,0.0717,-0.0809,1.0172,-0.20,0.14,0.32,133404,127722,125879
45950196,-0.8575,-1.2075,1.6975,0.0712,-0.0837,1.0170,-0.20,0.14,0.32,133408,127740,125876
45970704,-0.5075,-1.1025,1.4700,0.0709,-0.0863,1.0167,-0.20,0.14,0.32,133415,127744,125879
45990232,1.5575,-1.0500,0.9800,0.0695,-0.0895,1.0170,-0.20,0.14,0.32,133416,127730,125874
46010744,2.1875,-0.9275,0.5250,0.0687,-0.0908,1.0167,-0.20,0.14,0.32,133412,127731,125841
46041016,1.7150,-0.9975,-0.0875,0.0678,-0.0911,1.0159,-0.20,0.14,0.32,133411,127731,125852
46061524,1.5225,-1.1200,-0.2800,0.0672,-0.0908,1.0153,-0.20,0.14,0.32,133414,127737,125846
46081056,1.7325,-1.2775,-0.3675,0.0669,-0.0906,1.0146,-0.20,0.14,0.32,133422,127748,125842
46101560,0.8575,-1.3825,-0.1400,0.0677,-0.0897,1.0131,-0.20,0.14,0.32,133416,127758,125853
46121092,0.0700,-1.2075,-0.0175,0.0692,-0.0886,1.0125,-0.20,0.14,0.32,133414,127754,125855
46141600,0.2975,-1.0150,0.1750,0.0709,-0.0877,1.0122,-0.20,0.14,0.32,133411,127739,125844
46161132,0.3675,-0.7525,0.3850,0.0725,-0.0870,1.0122,-0.20,0.14,0.32,133413,127734,125842
46181640,0.1575,-0.6300,0.5600,0.0732,-0.0864,1.0121,-0.20,0.14,0.32,133407,127753,125841
46201172,0.1050,-0.6125,0.7875,0.0732,-0.0855,1.0122,-0.20,0.14,0.32,133407,127758,125860
46221680,0.3325,-0.6125,0.9100,0.0720,-0.0853,1.0126,-0.20,0.14,0.32,133407,127756,125853
46241208,0.0000,-0.8400,0.8925,0.0704,-0.0850,1.0130,-0.20,0.14,0.32,133409,127748,125850
46261720,-0.7525,-0.9450,0.8925,0.0692,-0.0848,1.0128,-0.20,0.14,0.32,133404,127739,125857
46281248,-0.7875,-1.2425,0.7700,0.0683,-0.0852,1.0127,-0.20,0.14,0.32,133407,127744,125845
46301756,0.4550,-1.3650,0.6300,0.0676,-0.0861,1.0130,-0.20,0.14,0.32,133418,127755,125864
46321288,1.1725,-1.4175,0.5075,0.0677,-0.0865,1.0133,-0.20,0.14,0.32,133413,127756,125858
46340820,0.4025,-1.3825,0.2975,0.0686,-0.0863,1.0133,-0.20,0.14,0.32,133406,127753,125846
46361328,0.2625,-1.3300,0.2275,0.0692,-0.0866,1.0130,-0.20,0.14,0.32,133400,127736,125835
46380860,0.8225,-1.3475,0.2800,0.0697,-0.0874,1.0126,-0.20,0.14,0.32,133402,127743,125846
46401368,1.5750,-1.2250,0.2800,0.0702,-0.0881,1.0126,-0.20,0.14,0.32,133414,127754,125855
46420896,1.6975,-1.1725,0.2100,0.0705,-0.0883,1.0124,-0.20,0.14,0.32,133416,127762,125842
46441408,0.3500,-0.9975,-0.0700,0.0706,-0.0881,1.0119,-0.20,0.14,0.32,133418,127749,125841
46460936,-0.6475,-0.9625,-0.1750,0.0704,-0.0881,1.0115,-0.20,0.14,0.32,133409,127753,125838
46481444,-0.5775,-1.0675,-0.2975,0.0705,-0.0878,1.0109,-0.20,0.14,0.32,133414,127752,125840
46500976,-0.0525,-1.0850,-0.4375,0.0712,-0.0874,1.0102,-0.20,0.14,0.32,133414,127756,125858
46521484,0.8400,-1.0675,-0.4725,0.0721,-0.0876,1.0096,-0.20,0.14,0.32,133412,127760,125866
46541016,0.9275,-0.8925,-0.4200,0.0730,-0.0875,1.0092,-0.20,0.14,0.32,133417,127758,125837
46561524,0.3675,-0.5600,-0.2800,0.0736,-0.0870,1.0092,-0.20,0.14,0.32,133418,127740,125832
46581056,-1.0150,-0.1925,-0.2800,0.0737,-0.0867,1.0088,-0.20,0.14,0.32,133414,127760,125842
46601560,-1.8900,-0.1050,-0.2800,0.0734,-0.0869,1.0086,-0.20,0.14,0.32,133416,127758,125860
46621092,-0.4725,-0.1575,-0.3500,0.0728,-0.0876,1.0089,-0.20,0.14,0.32,133410,127756,125860
46641600,0.5250,-0.4025,-0.4725,0.0723,-0.0876,1.0091,-0.20,0.14,0.32,133417,127742,125850
46661132,0.0525,-0.5600,-0.7000,0.0720,-0.0867,1.0092,-0.20,0.14,0.32,133416,127747,125854
46681640,-0.1750,-0.5075,-0.8750,0.0723,-0.0864,1.0099,-0.20,0.14,0.32,133412,127744,125845
46701172,0.6650,-0.4725,-0.7175,0.0726,-0.0867,1.0111,-0.20,0.14,0.32,133420,127749,125854
46721680,0.7875,-0.2800,-0.5250,0.0730,-0.0866,1.0121,-0.20,0.14,0.32,133413,127750,125853
46741208,0.3500,-0.3500,-0.3500,0.0736,-0.0861,1.0128,-0.20,0.14,0.32,133411,127744,125845
46761720,-0.3500,-0.3675,-0.3325,0.0739,-0.0854,1.0128,-0.20,0.14,0.32,133412,127738,125845
46781248,0.9100,-0.6650,-0.2625,0.0738,-0.0853,1.0132,-0.20,0.14,0.32,133411,127753,125841
46801756,1.5925,-0.8050,-0.2800,0.0736,-0.0850,1.0136,-0.20,0.14,0.32,133412,127759,125854
46821288,1.1200,-0.8400,-0.1750,0.0727,-0.0847,1.0136,-0.20,0.14,0.32,133416,127742,125863
46840820,-0.3675,-0.8400,-0.0175,0.0716,-0.0844,1.0133,-0.20,0.14,0.32,133405,127743,125854
46861328,-1.6975,-0.8925,0.1225,0.0710,-0.0839,1.0131,-0.20,0.14,0.32,133408,127732,125845
46880860,-1.8725,-0.9275,0.1225,0.0710,-0.0839,1.0131,-0.20,0.14,0.32,133410,127739,125859
46901368,0.1925,-1.0150,-0.0350,0.0721,-0.0845,1.0130,-0.20,0.14,0.32,133409,127751,125849
46920896,2.4500,-0.8925,0.0000,0.0723,-0.0854,1.0133,-0.20,0.14,0.32,133412,127759,125857
46941408,2.1875,-0.7875,0.1575,0.0723,-0.0859,1.0131,-0.20,0.14,0.32,133410,127743,125851
46960936,0.5250,-0.7175,0.3150,0.0721,-0.0859,1.0128,-0.20,0.14,0.32,133411,127731,125836
46981444,-0.4550,-0.5950,0.2450,0.0722,-0.0860,1.0126,-0.20,0.14,0.32,133407,127751,125854
47000976,0.4200,-0.6650,0.2100,0.0722,-0.0865,1.0125,-0.20,0.14,0.32,133417,127761,125849
47021484,1.9775,-0.7875,-0.0175,0.0721,-0.0869,1.0121,-0.20,0.14,0.32,133415,127765,125846
47051756,0.8575,-0.8925,-0.1750,0.0717,-0.0863,1.0116,-0.20,0.14,0.32,133415,127770,125860
47071288,-0.3150,-0.8050,-0.1400,0.0711,-0.0861,1.0116,-0.20,0.14,0.32,133418,127762,125845
47090820,-1.2600,-0.7875,-0.1225,0.0708,-0.0861,1.0116,-0.20,0.14,0.32,133414,127736,125837
47111328,-1.4525,-0.7350,-0.1225,0.0710,-0.0861,1.0116,-0.20,0.14,0.32,133410,127739,125841
47130860,-0.4200,-0.7875,-0.3325,0.0723,-0.0866,1.0114,-0.20,0.14,0.32,133401,127744,125855
47151368,0.5775,-0.7875,-0.4025,0.0732,-0.0871,1.0114,-0.20,0.14,0.32,133412,127756,125858
47170896,1.0150,-0.7175,-0.4200,0.0734,-0.0876,1.0115,-0.20,0.14,0.32,133416,127756,125845
47191408,-0.0175,-0.6475,-0.4025,0.0734,-0.0874,1.0110,-0.20,0.14,0.32,133413,127742,125848
47210936,-1.2775,-0.5425,-0.3150,0.0728,-0.0871,1.0108,-0.20,0.14,0.32,133405,127740,125840
47231444,-0.8400,-0.4900,-0.4550,0.0727,-0.0874,1.0109,-0.20,0.14,0.32,133400,127746,125858
47250976,0.6125,-0.6825,-0.5250,0.0730,-0.0877,1.0114,-0.20,0.14,0.32,133409,127758,125855
47271484,0.5425,-0.6475,-0.7000,0.0731,-0.0876,1.0113,-0.20,0.14,0.32,133415,127744,125868
47291016,-0.6475,-0.5950,-0.7000,0.0730,-0.0875,1.0111,-0.20,0.14,0.32,133412,127739,125857
47311524,-1.5750,-0.6300,-0.6650,0.0730,-0.0876,1.0109,-0.20,0.14,0.32,133407,127726,125861
47331056,-0.4025,-0.5250,-0.6300,0.0726,-0.0883,1.0116,-0.20,0.14,0.32,133409,127731,125852
47351560,1.0500,-0.5075,-0.6650,0.0727,-0.0885,1.0124,-0.20,0.14,0.32,133416,127761,125867
47371092,1.0150,-0.5250,-0.7700,0.0730,-0.0882,1.0126,-0.20,0.14,0.32,133414,127749,125859
47391600,0.7350,-0.5075,-0.8400,0.0727,-0.0881,1.0128,-0.20,0.14,0.32,133409,127730,125850
47411132,1.1900,-0.5950,-0.8750,0.0725,-0.0886,1.0130,-0.20,0.14,0.32,133410,127734,125845
47431640,1.3475,-0.6300,-0.8750,0.0722,-0.0887,1.0133,-0.20,0.14,0.32,133409,127744,125850
47451172,1.0675,-0.7700,-0.8050,0.0715,-0.0885,1.0137,-0.20,0.14,0.32,133416,127751,125870
47471680,-0.3325,-0.8225,-0.8400,0.0714,-0.0871,1.0135,-0.20,0.14,0.32,133412,127756,125863
47491208,-0.1050,-1.0675,-0.9275,0.0716,-0.0865,1.0133,-0.20,0.14,0.32,133414,127746,125853
47511720,1.4350,-1.1025,-0.8225,0.0716,-0.0866,1.0137,-0.20,0.14,0.32,133414,127740,125845
47531248,2.1700,-1.0675,-0.7175,0.0712,-0.0865,1.0141,-0.20,0.14,0.32,133417,127758,125850
47551756,0.8400,-1.0150,-0.5425,0.0715,-0.0855,1.0138,-0.20,0.14,0.32,133425,127756,125866
47571288,-0.3850,-1.0675,-0.4200,0.0717,-0.0847,1.0133,-0.20,0.14,0.32,133423,127743,125854
47590820,0.7875,-1.1900,-0.2100,0.0722,-0.0847,1.0133,-0.20,0.14,0.32,133416,127752,125853
47611328,1.2250,-1.3125,-0.0350,0.0727,-0.0845,1.0132,-0.20,0.14,0.32,133421,127738,125848
47630860,0.3675,-1.3475,0.1750,0.0730,-0.0844,1.0130,-0.20,0.14,0.32,133424,127754,125847
47651368,-1.3300,-1.3475,0.2800,0.0728,-0.0843,1.0128,-0.20,0.14,0.32,133428,127761,125859
47670896,-2.3800,-1.2250,0.3675,0.0725,-0.0845,1.0128,-0.20,0.14,0.32,133426,127752,125858
47691408,-2.6600,-1.3125,0.2450,0.0725,-0.0852,1.0119,-0.20,0.14,0.32,133426,127727,125849
47710936,-1.3650,-1.3125,0.0525,0.0730,-0.0859,1.0114,-0.20,0.14,0.32,133422,127717,125865
47731444,0.3325,-1.2775,-0.0875,0.0731,-0.0865,1.0109,-0.20,0.14,0.32,133433,127722,125863
47750976,0.1750,-1.1725,-0.1225,0.0728,-0.0871,1.0104,-0.20,0.14,0.32,133433,127742,125855
47771484,-0.8750,-0.9275,-0.0525,0.0723,-0.0881,1.0098,-0.20,0.14,0.32,133434,127727,125872
47791016,-1.5925,-0.6825,-0.0875,0.0725,-0.0888,1.0097,-0.20,0.14,0.32,133429,127714,125861
47811524,-0.2450,-0.4725,-0.3850,0.0734,-0.0893,1.0097,-0.20,0.14,0.32,133430,127719,125857
47831056,0.3675,-0.3850,-0.5075,0.0738,-0.0893,1.0092,-0.20,0.14,0.32,133423,127719,125862
47851560,0.2275,-0.4900,-0.6125,0.0742,-0.0888,1.0086,-0.20,0.14,0.32,133426,127727,125867
47871092,0.7000,-0.5075,-0.5075,0.0739,-0.0889,1.0082,-0.20,0.14,0.32,133427,127725,125880
47891600,0.7700,-0.4900,-0.3675,0.0737,-0.0892,1.0080,-0.20,0.14,0.32,133423,127725,125859
47911132,-0.1050,-0.1750,-0.2625,0.0739,-0.0888,1.0077,-0.20,0.14,0.32,133419,127719,125859
47931640,-0.7700,0.1750,-0.1925,0.0752,-0.0881,1.0077,-0.20,0.14,0.32,133422,127721,125872
47951172,-0.7525,0.2100,-0.1225,0.0756,-0.0877,1.0077,-0.20,0.14,0.32,133425,127734,125881
47971680,-0.1925,0.3325,0.0175,0.0754,-0.0878,1.0077,-0.20,0.14,0.32,133418,127731,125883
47991208,0.4375,0.4200,0.2450,0.0747,-0.0883,1.0082,-0.20,0.14,0.32,133419,127722,125871
48011720,0.2275,0.4025,0.3675,0.0741,-0.0886,1.0086,-0.21,0.14,0.32,133403,127711,125880
48031248,0.0350,0.4725,0.4025,0.0732,-0.0888,1.0091,-0.20,0.14,0.32,133402,127717,125880
48061524,-0.3675,0.2975,0.2450,0.0716,-0.0892,1.0105,-0.20,0.14,0.32,133395,127715,125885
48081056,-0.1925,0.1400,0.1575,0.0712,-0.0895,1.0113,-0.20,0.14,0.32,133395,127714,125887
48101560,0.4550,-0.0875,0.0000,0.0709,-0.0902,1.0121,-0.20,0.14,0.32,133400,127727,125880
48121092,1.0850,-0.1575,0.0350,0.0703,-0.0908,1.0131,-0.20,0.14,0.32,133400,127717,125883
48141600,0.8575,-0.2625,0.0000,0.0698,-0.0910,1.0139,-0.20,0.14,0.32,133399,127714,125874
48161132,0.7000,-0.3325,0.1050,0.0695,-0.0914,1.0150,-0.20,0.14,0.32,133393,127716,125861
48181640,0.5775,-0.4550,0.0875,0.0702,-0.0913,1.0155,-0.20,0.14,0.32,133386,127714,125879
48201172,1.1725,-0.6300,0.1050,0.0708,-0.0913,1.0160,-0.20,0.14,0.32,133393,127716,125884
48221680,1.4525,-0.8925,0.1225,0.0711,-0.0910,1.0161,-0.20,0.14,0.32,133405,127722,125863
48241208,0.8575,-1.0850,0.1925,0.0714,-0.0906,1.0160,-0.20,0.14,0.32,133401,127722,125871
48261720,-1.1200,-1.3125,0.3675,0.0715,-0.0903,1.0158,-0.20,0.14,0.32,133389,127714,125861
48281248,-1.6975,-1.4525,0.2450,0.0714,-0.0903,1.0155,-0.20,0.14,0.32,133397,127718,125874
48301756,-0.8925,-1.4875,0.3675,0.0709,-0.0910,1.0160,-0.20,0.14,0.32,133402,127722,125879
48321288,-0.3150,-1.6625,0.3500,0.0708,-0.0915,1.0160,-0.20,0.14,0.32,133398,127724,125882
48340820,-0.8750,-1.6625,0.1225,0.0711,-0.0914,1.0154,-0.21,0.14,0.32,133404,127712,125887
48361328,-1.0500,-1.6800,-0.0350,0.0712,-0.0919,1.0149,-0.21,0.14,0.32,133403,127693,125886
48380860,-0.1750,-1.5925,-0.1575,0.0712,-0.0927,1.0147,-0.21,0.14,0.32,133398,127705,125875
48401368,0.0350,-1.4525,-0.2800,0.0712,-0.0937,1.0136,-0.20,0.14,0.32,133404,127714,125908
48420896,-0.2975,-1.3650,-0.2800,0.0716,-0.0939,1.0128,-0.21,0.14,0.31,133409,127713,125912
48441408,-0.5600,-1.3125,-0.3150,0.0716,-0.0943,1.0121,-0.21,0.14,0.32,133408,127704,125895
48460936,-0.1925,-1.1900,-0.4025,0.0717,-0.0947,1.0117,-0.21,0.14,0.32,133399,127691,125875
48481444,0.3325,-1.1200,-0.5075,0.0720,-0.0949,1.0114,-0.21,0.14,0.32,133403,127709,125891
48500976,0.6475,-1.1025,-0.5600,0.0722,-0.0948,1.0106,-0.21,0.14,0.32,133415,127713,125896
48521484,0.7700,-0.9975,-0.5775,0.0723,-0.0947,1.0102,-0.20,0.14,0.32,133419,127714,125882
48541016,0.1575,-0.8575,-0.5950,0.0725,-0.0942,1.0097,-0.21,0.14,0.32,133414,127698,125890
48561524,-0.7175,-0.7350,-0.4725,0.0730,-0.0937,1.0092,-0.21,0.14,0.32,133408,127692,125884
48581056,-0.5600,-0.6825,-0.3150,0.0734,-0.0932,1.0089,-0.21,0.14,0.32,133412,127708,125889
48601560,0.0000,-0.5425,-0.2800,0.0739,-0.0931,1.0089,-0.21,0.14,0.32,133410,127710,125892
48621092,-0.0175,-0.3500,-0.1225,0.0752,-0.0927,1.0087,-0.21,0.14,0.32,133410,127700,125890
48641600,0.3850,-0.2275,-0.1225,0.0753,-0.0926,1.0089,-0.21,0.14,0.32,133407,127699,125888
48661132,0.8750,-0.0525,-0.0875,0.0748,-0.0926,1.0092,-0.21,0.14,0.32,133406,127697,125891
48681640,1.2075,-0.1575,0.0000,0.0744,-0.0928,1.0093,-0.21,0.14,0.32,133408,127704,125895
48701172,1.0500,-0.0700,-0.0700,0.0742,-0.0930,1.0093,-0.21,0.14,0.32,133404,127706,125879
48721680,1.8200,0.0525,-0.2800,0.0741,-0.0932,1.0097,-0.20,0.14,0.32,133406,127717,125888
48741208,2.6075,0.2800,-0.2625,0.0730,-0.0935,1.0111,-0.21,0.14,0.32,133404,127709,125883
48761720,1.9075,0.1750,-0.2450,0.0726,-0.0935,1.0119,-0.21,0.14,0.32,133396,127707,125867
48781248,0.8225,0.1050,-0.2100,0.0725,-0.0927,1.0121,-0.20,0.14,0.32,133397,127719,125872
48801756,1.0150,-0.1925,-0.1400,0.0725,-0.0927,1.0124,-0.20,0.14,0.32,133401,127732,125871
48821288,1.7150,-0.4025,-0.1225,0.0726,-0.0925,1.0126,-0.20,0.14,0.32,133401,127731,125893
48840820,2.0825,-0.7000,0.0525,0.0728,-0.0922,1.0127,-0.20,0.14,0.32,133393,127728,125866
48861328,1.0150,-0.9450,0.1400,0.0725,-0.0916,1.0131,-0.20,0.14,0.32,133392,127721,125867
48880860,-0.1750,-0.9275,0.2100,0.0719,-0.0917,1.0138,-0.20,0.14,0.32,133398,127737,125872
48901368,-1.0850,-0.9975,0.3325,0.0717,-0.0915,1.0146,-0.20,0.14,0.32,133400,127732,125879
48920896,-1.5050,-1.2075,0.1925,0.0720,-0.0913,1.0147,-0.20,0.14,0.32,133405,127733,125878
48941408,-1.3825,-1.3650,0.0700,0.0722,-0.0910,1.0146,-0.20,0.14,0.32,133400,127717,125872
48960936,0.4725,-1.6100,-0.0350,0.0725,-0.0913,1.0146,-0.21,0.14,0.32,133399,127708,125871
48981444,1.8550,-1.5750,-0.0700,0.0728,-0.0917,1.0148,-0.20,0.14,0.32,133403,127732,125876
49000976,1.6275,-1.4175,-0.0525,0.0730,-0.0916,1.0147,-0.20,0.14,0.32,133404,127732,125884
49021484,0.7175,-1.2075,-0.0525,0.0726,-0.0917,1.0142,-0.20,0.14,0.32,133407,127732,125871
49041016,0.3150,-0.9275,0.0525,0.0720,-0.0922,1.0138,-0.20,0.14,0.32,133400,127729,125857
49071288,0.4375,-1.0500,-0.3150,0.0722,-0.0927,1.0127,-0.20,0.14,0.32,133408,127726,125869
49090820,0.5600,-1.0675,-0.5775,0.0725,-0.0926,1.0119,-0.20,0.14,0.32,133403,127733,125872
49111328,1.3825,-1.0500,-0.6300,0.0725,-0.0928,1.0114,-0.20,0.14,0.32,133407,127721,125859
49130860,2.1875,-1.0500,-0.6475,0.0719,-0.0931,1.0114,-0.20,0.14,0.32,133402,127738,125863
49151368,1.6625,-0.7875,-0.6300,0.0717,-0.0927,1.0113,-0.20,0.14,0.32,133410,127741,125872
49170896,0.3150,-0.6825,-0.6650,0.0722,-0.0920,1.0108,-0.20,0.14,0.32,133415,127743,125859
49191408,0.3675,-0.5600,-0.7525,0.0730,-0.0913,1.0103,-0.20,0.14,0.32,133401,127724,125861
49210936,0.9625,-0.5250,-0.6650,0.0731,-0.0910,1.0098,-0.20,0.14,0.32,133404,127726,125858
49231444,0.8050,-0.5775,-0.5950,0.0727,-0.0909,1.0096,-0.20,0.14,0.32,133406,127742,125853
49250976,0.2800,-0.4550,-0.5250,0.0726,-0.0902,1.0092,-0.20,0.14,0.32,133403,127740,125866
49271484,0.0000,-0.4025,-0.5425,0.0727,-0.0893,1.0089,-0.20,0.14,0.32,133410,127748,125858
49291016,-0.0525,-0.4725,-0.5425,0.0728,-0.0891,1.0087,-0.20,0.14,0.32,133410,127736,125858
49311524,0.1400,-0.2450,-0.4375,0.0721,-0.0887,1.0087,-0.20,0.14,0.32,133404,127717,125862
49331056,0.4025,-0.2100,-0.3325,0.0717,-0.0887,1.0092,-0.20,0.14,0.32,133405,127735,125854
49351560,0.6475,-0.1750,-0.2975,0.0717,-0.0887,1.0097,-0.20,0.14,0.32,133406,127748,125876
49371092,0.7175,-0.0525,-0.2275,0.0725,-0.0883,1.0098,-0.20,0.14,0.32,133410,127755,125859
49391600,0.1050,-0.1050,-0.1750,0.0734,-0.0876,1.0093,-0.20,0.14,0.32,133403,127734,125855
49411132,0.5600,-0.3150,-0.0875,0.0741,-0.0875,1.0091,-0.20,0.14,0.32,133399,127736,125845
49431640,1.5925,-0.4025,0.2100,0.0739,-0.0874,1.0094,-0.20,0.14,0.32,133397,127742,125848
49451172,0.7000,-0.2275,0.3675,0.0734,-0.0871,1.0098,-0.20,0.14,0.32,133402,127758,125866
49471680,-0.6475,0.0000,0.3850,0.0733,-0.0866,1.0104,-0.20,0.14,0.32,133398,127743,125864
49491208,-0.4550,0.0175,0.4025,0.0732,-0.0865,1.0109,-0.20,0.14,0.32,133393,127738,125845
49511720,-0.4725,-0.0175,0.3675,0.0731,-0.0863,1.0108,-0.20,0.14,0.32,133387,127737,125849
49531248,0.2975,-0.2275,0.2800,0.0730,-0.0863,1.0108,-0.20,0.14,0.32,133386,127741,125846
49551756,1.0325,-0.1925,0.3150,0.0727,-0.0869,1.0113,-0.20,0.14,0.32,133394,127752,125850
49571288,1.5050,-0.1750,0.3850,0.0721,-0.0875,1.0119,-0.20,0.14,0.32,133392,127736,125863
49590820,0.5250,-0.0525,0.3675,0.0717,-0.0878,1.0122,-0.20,0.14,0.32,133392,127743,125857
49611328,-0.6300,-0.1575,0.3325,0.0717,-0.0876,1.0124,-0.20,0.14,0.32,133379,127739,125851
49630860,-0.6475,-0.2975,0.1575,0.0719,-0.0882,1.0125,-0.20,0.14,0.32,133378,127736,125868
49651368,0.8050,-0.6825,0.0000,0.0717,-0.0891,1.0127,-0.20,0.14,0.32,133390,127740,125868
49670896,0.6650,-0.7350,-0.0700,0.0714,-0.0892,1.0126,-0.20,0.14,0.32,133383,127741,125867
49691408,0.1050,-0.8400,-0.2450,0.0709,-0.0895,1.0130,-0.20,0.14,0.32,133379,127732,125848
49710936,-0.2975,-0.8225,-0.2450,0.0705,-0.0899,1.0135,-0.20,0.14,0.32,133381,127727,125846
49731444,-0.6650,-0.7350,-0.3150,0.0703,-0.0903,1.0139,-0.20,0.14,0.32,133376,127734,125861
49750976,-0.9275,-0.8575,-0.4200,0.0700,-0.0906,1.0141,-0.20,0.14,0.32,133388,127747,125867
49771484,-0.3675,-0.9975,-0.5600,0.0699,-0.0910,1.0141,-0.20,0.14,0.32,133389,127740,125868
49791016,-0.0875,-1.0850,-0.7000,0.0702,-0.0910,1.0141,-0.20,0.14,0.32,133381,127729,125857
49811524,0.0350,-1.1200,-0.7700,0.0705,-0.0908,1.0138,-0.20,0.14,0.32,133384,127727,125846
49831056,0.0875,-1.0325,-0.7700,0.0705,-0.0904,1.0137,-0.20,0.14,0.32,133382,127724,125858
49851560,-0.1750,-1.0675,-0.6475,0.0703,-0.0903,1.0131,-0.20,0.14,0.32,133392,127745,125870
49871092,-0.2275,-0.9625,-0.5075,0.0698,-0.0902,1.0126,-0.20,0.14,0.32,133397,127728,125871
49891600,-0.0525,-1.0500,-0.3325,0.0700,-0.0895,1.0120,-0.20,0.14,0.32,133388,127721,125867
49911132,-0.3500,-0.9450,-0.3500,0.0703,-0.0891,1.0116,-0.20,0.14,0.32,133389,127723,125870
49931640,-0.6825,-0.7000,-0.2625,0.0703,-0.0888,1.0114,-0.20,0.14,0.32,133386,127726,125869
49951172,0.3850,-0.5075,-0.2100,0.0703,-0.0891,1.0114,-0.20,0.14,0.32,133397,127735,125875
49971680,1.1550,-0.4550,-0.1050,0.0705,-0.0889,1.0111,-0.20,0.14,0.32,133398,127724,125876
49991208,0.4375,-0.4200,0.0875,0.0708,-0.0887,1.0108,-0.20,0.14,0.32,133393,127727,125865
50011720,0.1050,-0.4025,0.1925,0.0712,-0.0883,1.0103,-0.20,0.14,0.32,133392,127720,125863
50031248,0.4375,-0.4200,0.1925,0.0711,-0.0885,1.0103,-0.20,0.14,0.32,133391,127731,125865
50051756,0.5775,-0.3500,0.4200,0.0705,-0.0892,1.0105,-0.20,0.14,0.32,133392,127739,125875
50082032,-0.9975,-0.4200,0.3150,0.0704,-0.0893,1.0104,-0.20,0.14,0.32,133385,127725,125880
50102540,-1.3825,-0.4025,0.1750,0.0703,-0.0898,1.0105,-0.20,0.14,0.32,133384,127728,125884
50122072,-0.2800,-0.4025,0.1225,0.0698,-0.0908,1.0109,-0.20,0.14,0.32,133386,127724,125882
50142576,0.0175,-0.5075,-0.0525,0.0698,-0.0911,1.0111,-0.20,0.14,0.32,133377,127721,125852
50162108,0.1925,-0.4375,-0.1750,0.0699,-0.0916,1.0111,-0.21,0.14,0.32,133379,127710,125869
50182616,0.3150,-0.4025,-0.3150,0.0699,-0.0924,1.0114,-0.20,0.14,0.32,133377,127723,125885
50202148,0.6650,-0.2975,-0.2450,0.0699,-0.0932,1.0119,-0.20,0.14,0.32,133384,127725,125888
50222656,-0.0175,-0.1575,-0.2625,0.0699,-0.0936,1.0122,-0.20,0.14,0.32,133373,127730,125889
50242188,-0.2975,-0.4025,-0.4375,0.0702,-0.0935,1.0124,-0.20,0.14,0.32,133375,127716,125861
50262696,-0.1050,-0.4900,-0.5075,0.0705,-0.0931,1.0122,-0.20,0.14,0.32,133381,127721,125867
50282224,0.9100,-0.7000,-0.5425,0.0706,-0.0932,1.0124,-0.20,0.14,0.32,133379,127730,125881
50302736,1.4175,-0.6825,-0.5600,0.0703,-0.0932,1.0127,-0.20,0.14,0.32,133383,127738,125879
50322264,0.0175,-0.5775,-0.3500,0.0699,-0.0928,1.0132,-0.20,0.14,0.32,133386,127737,125885
50341796,-1.0850,-0.5600,-0.4375,0.0698,-0.0925,1.0136,-0.20,0.14,0.32,133378,127716,125874
50362304,-0.7875,-0.5425,-0.4900,0.0698,-0.0926,1.0138,-0.20,0.14,0.32,133369,127716,125887
50381836,0.6650,-0.6825,-0.5600,0.0699,-0.0930,1.0139,-0.20,0.14,0.32,133373,127719,125872
50402344,0.6650,-0.8925,-0.6300,0.0700,-0.0927,1.0133,-0.20,0.14,0.32,133383,127726,125887
50421876,-0.4025,-1.0325,-0.6650,0.0698,-0.0926,1.0126,-0.20,0.14,0.32,133382,127719,125878
50442384,-0.4900,-0.8925,-0.5950,0.0691,-0.0931,1.0126,-0.21,0.14,0.32,133377,127707,125875
50461912,-0.5250,-0.7525,-0.5250,0.0691,-0.0931,1.0125,-0.21,0.14,0.32,133378,127702,125876
50482420,-0.4725,-0.6650,-0.6650,0.0693,-0.0930,1.0121,-0.21,0.14,0.32,133376,127712,125887
50501952,-0.2625,-0.7350,-0.6825,0.0695,-0.0930,1.0115,-0.20,0.14,0.32,133391,127721,125888
50522460,0.7525,-0.6125,-0.7350,0.0692,-0.0931,1.0114,-0.20,0.14,0.32,133380,127714,125876
50541992,1.4875,-0.5250,-0.6650,0.0684,-0.0932,1.0114,-0.21,0.14,0.32,133383,127707,125867
50562500,0.3850,-0.2275,-0.5600,0.0681,-0.0926,1.0108,-0.21,0.14,0.32,133379,127701,125888
50582032,-0.3150,-0.0875,-0.4900,0.0686,-0.0919,1.0104,-0.21,0.14,0.32,133378,127706,125892
50602540,0.6475,-0.1925,-0.4200,0.0688,-0.0919,1.0102,-0.20,0.14,0.32,133381,127718,125892
50622072,1.4700,-0.2625,-0.2450,0.0689,-0.0917,1.0100,-0.20,0.14,0.32,133378,127718,125889
50642576,1.1200,-0.3150,0.0175,0.0687,-0.0911,1.0097,-0.20,0.14,0.32,133376,127719,125875
50662108,0.1400,-0.2100,0.1225,0.0682,-0.0908,1.0097,-0.21,0.14,0.32,133371,127708,125879
50682616,-0.8400,-0.1225,0.3150,0.0678,-0.0899,1.0103,-0.20,0.14,0.32,133370,127714,125902
50702148,-0.6650,-0.1225,0.3500,0.0672,-0.0898,1.0108,-0.21,0.14,0.32,133373,127709,125906
50722656,-0.1925,-0.2100,0.4725,0.0669,-0.0900,1.0113,-0.20,0.14,0.32,133374,127717,125885
50742188,0.3675,-0.2625,0.4375,0.0672,-0.0900,1.0116,-0.21,0.14,0.32,133366,127702,125892
50762696,0.9450,-0.2800,0.4725,0.0676,-0.0903,1.0124,-0.21,0.14,0.32,133371,127706,125887
50782224,1.8025,-0.1750,0.4725,0.0681,-0.0906,1.0133,-0.20,0.14,0.32,133363,127714,125892
50802736,0.8400,-0.1400,0.4375,0.0681,-0.0908,1.0143,-0.20,0.14,0.32,133367,127729,125891
50822264,0.6125,-0.1575,0.4375,0.0678,-0.0911,1.0148,-0.20,0.14,0.32,133363,127727,125883
50841796,1.3475,-0.3150,0.3500,0.0677,-0.0917,1.0152,-0.20,0.14,0.32,133360,127722,125874
50862304,1.6450,-0.5950,0.2450,0.0675,-0.0924,1.0153,-0.20,0.14,0.32,133354,127720,125869
50881836,1.5400,-0.8575,0.1050,0.0673,-0.0925,1.0153,-0.20,0.14,0.32,133349,127735,125880
50902344,1.2075,-1.0150,-0.1400,0.0670,-0.0922,1.0158,-0.20,0.14,0.32,133365,127733,125885
50921876,0.4375,-1.2250,-0.2975,0.0665,-0.0920,1.0158,-0.20,0.14,0.32,133368,127733,125883
50942384,-0.7700,-1.4350,-0.4375,0.0664,-0.0916,1.0153,-0.20,0.14,0.32,133366,127728,125874
50961912,-0.5425,-1.6625,-0.5425,0.0666,-0.0919,1.0153,-0.20,0.14,0.32,133360,127722,125863
50982420,0.5075,-1.8200,-0.3675,0.0672,-0.0925,1.0155,-0.20,0.14,0.32,133365,127734,125866
51001952,0.8400,-1.8375,-0.2975,0.0678,-0.0930,1.0158,-0.20,0.14,0.32,133378,127737,125885
51022460,-1.7500,-1.7150,-0.1575,0.0689,-0.0927,1.0152,-0.20,0.14,0.32,133371,127740,125881
51041992,-2.4850,-1.7325,-0.1575,0.0700,-0.0927,1.0147,-0.21,0.14,0.32,133369,127713,125878
51062500,-1.4350,-1.8550,-0.3500,0.0711,-0.0932,1.0142,-0.21,0.14,0.32,133378,127710,125876
51092772,1.0325,-1.8200,-0.5775,0.0720,-0.0942,1.0135,-0.21,0.14,0.32,133376,127711,125873
51112304,0.5950,-1.7850,-0.7175,0.0717,-0.0942,1.0126,-0.20,0.14,0.32,133383,127717,125852
51131836,-0.6300,-1.5050,-0.6475,0.0712,-0.0947,1.0121,-0.20,0.14,0.32,133378,127721,125875
51152344,-0.7875,-1.1900,-0.6825,0.0709,-0.0961,1.0114,-0.20,0.14,0.32,133392,127721,125878
51171876,-0.1400,-1.0675,-0.7875,0.0714,-0.0966,1.0108,-0.20,0.14,0.32,133394,127722,125892
51192384,0.6125,-1.1025,-0.8750,0.0719,-0.0971,1.0099,-0.21,0.14,0.32,133392,127699,125875
51211912,1.4350,-0.9625,-1.0500,0.0723,-0.0974,1.0093,-0.21,0.14,0.32,133389,127709,125860
51232420,1.5575,-0.9100,-1.0675,0.0726,-0.0974,1.0089,-0.20,0.14,0.32,133394,127725,125854
51251952,0.8925,-0.8225,-0.9625,0.0722,-0.0971,1.0091,-0.20,0.14,0.32,133391,127738,125884
51272460,-0.0525,-0.7000,-0.8750,0.0725,-0.0967,1.0089,-0.20,0.14,0.32,133391,127722,125882
51291992,-0.5425,-0.5600,-0.9100,0.0721,-0.0965,1.0094,-0.20,0.14,0.32,133385,127719,125875
51312500,0.0350,-0.4375,-0.9625,0.0710,-0.0964,1.0100,-0.20,0.14,0.32,133387,127718,125858
51332032,-0.5600,-0.3500,-1.1375,0.0702,-0.0953,1.0099,-0.20,0.14,0.32,133393,127729,125875
51352540,-0.8925,-0.3850,-1.4525,0.0694,-0.0942,1.0097,-0.20,0.14,0.32,133400,127731,125880
51372072,1.3300,-0.7175,-1.5225,0.0683,-0.0941,1.0097,-0.20,0.14,0.32,133398,127724,125879
51392576,2.3800,-0.7875,-1.4350,0.0677,-0.0939,1.0103,-0.21,0.14,0.32,133397,127712,125871
51412108,1.2425,-0.6300,-1.3475,0.0678,-0.0927,1.0109,-0.20,0.14,0.32,133394,127717,125870
51432616,0.2625,-0.5600,-1.2775,0.0684,-0.0919,1.0116,-0.20,0.14,0.32,133405,127726,125869
51452148,0.4725,-0.5075,-1.1550,0.0691,-0.0916,1.0125,-0.20,0.14,0.32,133402,127743,125870
51472656,2.1350,-0.7700,-0.8925,0.0691,-0.0915,1.0130,-0.20,0.14,0.32,133400,127733,125870
51492188,1.2775,-0.8575,-0.8050,0.0689,-0.0905,1.0127,-0.20,0.14,0.32,133406,127729,125854
51512696,0.3150,-0.9625,-0.6650,0.0691,-0.0897,1.0124,-0.20,0.14,0.32,133395,127716,125863
51532224,0.2975,-1.1550,-0.5250,0.0693,-0.0892,1.0125,-0.20,0.14,0.32,133400,127725,125878
51552736,0.7175,-0.9800,-0.3675,0.0695,-0.0888,1.0126,-0.20,0.14,0.32,133404,127741,125870
51572264,0.1575,-0.8575,-0.2625,0.0700,-0.0881,1.0124,-0.20,0.14,0.32,133407,127734,125876
51591796,-0.8050,-0.8750,-0.1750,0.0708,-0.0876,1.0116,-0.20,0.14,0.32,133396,127728,125868
51612304,-0.6650,-0.9625,-0.0875,0.0719,-0.0878,1.0104,-0.21,0.14,0.32,133396,127712,125876
51631836,-0.2450,-0.9625,0.0000,0.0721,-0.0880,1.0097,-0.20,0.14,0.32,133406,127723,125872
51652344,-0.2975,-0.8575,0.0700,0.0719,-0.0878,1.0094,-0.20,0.14,0.32,133403,127723,125878
51671876,-0.5950,-0.5950,0.2275,0.0712,-0.0878,1.0092,-0.20,0.14,0.32,133407,127727,125878
51692384,-0.9975,-0.4025,0.2625,0.0710,-0.0880,1.0092,-0.21,0.14,0.32,133399,127711,125862
51711912,-0.0700,-0.0875,0.2625,0.0708,-0.0888,1.0098,-0.21,0.14,0.32,133396,127705,125865
51732420,0.4900,-0.0700,0.0875,0.0710,-0.0886,1.0103,-0.20,0.14,0.32,133395,127727,125875
51751952,0.8750,-0.0525,-0.0525,0.0710,-0.0883,1.0106,-0.20,0.14,0.32,133401,127738,125889
51772460,1.0325,-0.1575,-0.0875,0.0710,-0.0887,1.0104,-0.20,0.14,0.32,133395,127727,125880
51791992,1.6275,-0.2100,0.0525,0.0717,-0.0893,1.0100,-0.20,0.14,0.32,133387,127725,125859
51812500,2.1875,-0.0875,0.1050,0.0723,-0.0900,1.0103,-0.21,0.14,0.32,133387,127710,125869
51832032,0.7525,0.0000,0.2450,0.0723,-0.0903,1.0108,-0.20,0.14,0.32,133387,127722,125869
51852540,-1.2425,0.0350,0.1925,0.0725,-0.0902,1.0109,-0.20,0.14,0.32,133393,127741,125885
51872072,-1.6275,-0.2800,0.1050,0.0727,-0.0905,1.0111,-0.20,0.14,0.32,133387,127728,125876
51892576,-0.8750,-0.5950,0.0875,0.0719,-0.0915,1.0119,-0.20,0.14,0.32,133387,127718,125869
51912108,-0.2625,-0.8750,0.0875,0.0704,-0.0925,1.0126,-0.20,0.14,0.32,133383,127718,125861
51932616,-1.4525,-1.1725,-0.1400,0.0694,-0.0924,1.0135,-0.20,0.14,0.32,133384,127716,125879
51952148,-2.0825,-1.2775,-0.3150,0.0695,-0.0922,1.0141,-0.20,0.14,0.32,133384,127718,125905
51972656,-1.4700,-1.4000,-0.3675,0.0697,-0.0928,1.0149,-0.21,0.14,0.32,133388,127712,125889
51992188,-0.2975,-1.5750,-0.4375,0.0698,-0.0936,1.0153,-0.21,0.14,0.32,133390,127701,125893
52012696,-0.3675,-1.6625,-0.3675,0.0700,-0.0937,1.0150,-0.21,0.14,0.32,133393,127699,125878
52032224,-0.4900,-1.6625,-0.3675,0.0703,-0.0936,1.0144,-0.21,0.14,0.32,133394,127706,125889
52052736,0.5950,-1.5750,-0.4550,0.0715,-0.0937,1.0143,-0.21,0.14,0.32,133398,127711,125896
52072264,1.6275,-1.3125,-0.5250,0.0722,-0.0935,1.0139,-0.21,0.14,0.32,133405,127712,125882
52102540,1.7675,-1.1900,-0.4550,0.0723,-0.0933,1.0127,-0.20,0.14,0.32,133398,127719,125885
52122072,1.0500,-0.9450,-0.2625,0.0721,-0.0933,1.0117,-0.20,0.14,0.32,133403,127719,125888
52142576,0.6300,-0.7525,-0.2100,0.0719,-0.0936,1.0114,-0.21,0.14,0.32,133399,127706,125869
52162108,0.4550,-0.6125,-0.2100,0.0726,-0.0935,1.0108,-0.21,0.14,0.32,133401,127710,125871
52182616,0.3500,-0.3500,-0.2800,0.0739,-0.0928,1.0098,-0.20,0.14,0.32,133402,127724,125871
52202148,0.1750,-0.2975,-0.2450,0.0741,-0.0925,1.0089,-0.20,0.14,0.32,133401,127730,125879
52222656,0.2100,-0.1750,-0.1400,0.0736,-0.0927,1.0083,-0.20,0.14,0.32,133397,127715,125891
52242188,0.6825,-0.1750,-0.0700,0.0736,-0.0931,1.0080,-0.21,0.14,0.32,133396,127709,125878
52262696,0.8225,-0.1575,-0.1750,0.0739,-0.0936,1.0080,-0.20,0.14,0.32,133397,127714,125871
52282224,0.3675,0.0700,-0.2800,0.0738,-0.0942,1.0082,-0.20,0.14,0.32,133395,127715,125883
52302736,-0.6125,0.0525,-0.4375,0.0734,-0.0947,1.0085,-0.20,0.14,0.32,133397,127714,125895
52322264,-0.9100,-0.0700,-0.5425,0.0723,-0.0954,1.0087,-0.20,0.14,0.32,133390,127721,125880
52341796,-0.6825,0.0175,-0.6825,0.0715,-0.0964,1.0087,-0.21,0.14,0.32,133389,127694,125882
52362304,-0.3500,-0.1750,-0.8050,0.0712,-0.0966,1.0085,-0.20,0.14,0.32,133382,127714,125882
52381836,-0.1925,-0.1575,-1.0500,0.0708,-0.0964,1.0085,-0.20,0.14,0.32,133386,127716,125879
52402344,-0.1225,0.0875,-1.0675,0.0695,-0.0966,1.0088,-0.20,0.14,0.32,133395,127719,125891
52421876,-0.6300,0.2100,-1.1200,0.0695,-0.0964,1.0088,-0.21,0.14,0.32,133392,127710,125879
52442384,-0.6650,0.2275,-1.2250,0.0695,-0.0958,1.0091,-0.21,0.14,0.32,133384,127700,125877
52461912,-0.9625,0.2450,-1.1200,0.0695,-0.0949,1.0092,-0.21,0.14,0.32,133384,127694,125884
52482420,-0.8225,0.0175,-1.1200,0.0693,-0.0942,1.0089,-0.21,0.14,0.32,133391,127697,125901
52501952,-0.2450,-0.1750,-0.8925,0.0691,-0.0938,1.0092,-0.21,0.14,0.32,133384,127705,125904
52522460,1.0150,-0.4200,-0.4900,0.0688,-0.0936,1.0108,-0.21,0.14,0.32,133395,127696,125895
52541992,0.0350,-0.2275,-0.2450,0.0688,-0.0927,1.0119,-0.21,0.14,0.32,133384,127693,125891
52562500,-1.9425,-0.1225,-0.1400,0.0691,-0.0911,1.0127,-0.21,0.14,0.32,133383,127682,125897
52582032,-2.2575,-0.0525,0.0525,0.0693,-0.0904,1.0133,-0.21,0.14,0.32,133383,127685,125907
52602540,-0.5250,-0.3675,0.1750,0.0699,-0.0908,1.0142,-0.21,0.14,0.31,133384,127695,125917
52622072,1.4350,-0.4375,0.2800,0.0705,-0.0914,1.0147,-0.21,0.14,0.32,133383,127688,125910
52642576,1.0500,-0.5425,0.3675,0.0710,-0.0920,1.0152,-0.21,0.14,0.32,133375,127677,125907
52662108,-0.4375,-0.5250,0.2800,0.0714,-0.0927,1.0153,-0.21,0.14,0.32,133373,127674,125903
52682616,-0.5950,-0.7700,0.3500,0.0711,-0.0944,1.0155,-0.21,0.14,0.32,133372,127691,125909
52702148,0.3675,-0.8400,0.1925,0.0709,-0.0964,1.0155,-0.21,0.14,0.32,133381,127696,125903
52722656,1.4525,-0.9975,0.0875,0.0706,-0.0982,1.0154,-0.21,0.14,0.32,133381,127695,125899
52742188,0.2450,-0.9275,-0.3325,0.0704,-0.0998,1.0147,-0.21,0.14,0.32,133374,127686,125890
52762696,-0.4725,-0.7875,-0.5600,0.0693,-0.1008,1.0146,-0.21,0.14,0.32,133375,127690,125895
52782224,-0.3500,-0.6825,-0.6475,0.0675,-0.1017,1.0146,-0.21,0.14,0.32,133376,127696,125910
52802736,0.1400,-0.7350,-0.9100,0.0660,-0.1022,1.0141,-0.21,0.14,0.31,133380,127697,125914
52822264,0.7525,-0.7700,-1.1025,0.0654,-0.1022,1.0136,-0.21,0.14,0.32,133382,127695,125904
52841796,1.5750,-0.8400,-1.2250,0.0651,-0.1020,1.0131,-0.21,0.14,0.32,133379,127689,125883
52862304,1.4525,-0.7875,-1.0675,0.0644,-0.1013,1.0121,-0.21,0.14,0.32,133381,127698,125887
52881836,0.0700,-0.5775,-1.0500,0.0649,-0.0999,1.0108,-0.21,0.14,0.32,133380,127691,125891
52902344,-0.3850,-0.5600,-0.9975,0.0665,-0.0987,1.0094,-0.21,0.14,0.32,133385,127698,125890
52921876,0.4550,-0.4025,-0.9450,0.0683,-0.0978,1.0087,-0.21,0.14,0.31,133383,127695,125912
52942384,1.6450,-0.1575,-0.9800,0.0703,-0.0974,1.0085,-0.21,0.14,0.32,133383,127696,125892
52961912,1.9075,-0.0525,-0.7875,0.0711,-0.0969,1.0083,-0.21,0.14,0.32,133383,127700,125895
52982420,0.1050,0.3150,-0.6650,0.0716,-0.0958,1.0080,-0.21,0.14,0.32,133375,127706,125902
53001952,-0.1925,0.4025,-0.7525,0.0721,-0.0959,1.0080,-0.20,0.14,0.32,133376,127716,125902
53022460,0.7525,0.4375,-0.8575,0.0720,-0.0967,1.0083,-0.21,0.14,0.32,133374,127704,125900
53041992,0.8750,0.4025,-0.9450,0.0716,-0.0972,1.0085,-0.21,0.14,0.32,133374,127691,125896
53062500,-0.4200,0.4375,-1.2250,0.0710,-0.0972,1.0087,-0.21,0.14,0.32,133375,127691,125901
53082032,-0.7875,0.3150,-1.3300,0.0692,-0.0982,1.0096,-0.21,0.14,0.32,133376,127696,125897
53112304,0.5950,0.0175,-1.8025,0.0661,-0.0996,1.0116,-0.21,0.14,0.32,133372,127671,125896
53131836,-0.2625,-0.1925,-2.1525,0.0651,-0.0988,1.0117,-0.21,0.14,0.32,133375,127687,125904
53152344,-1.1550,-0.5075,-2.3450,0.0644,-0.0978,1.0115,-0.21,0.14,0.31,133381,127698,125918
53171876,-0.6300,-0.9100,-2.5025,0.0641,-0.0976,1.0116,-0.21,0.14,0.31,133388,127687,125917
53192384,-0.1050,-0.9800,-2.3625,0.0647,-0.0976,1.0121,-0.21,0.14,0.32,133385,127681,125904
53211912,0.6300,-0.8400,-1.7500,0.0656,-0.0971,1.0137,-0.21,0.14,0.32,133384,127689,125894
53232420,0.1225,-0.5250,-1.4525,0.0658,-0.0963,1.0149,-0.21,0.14,0.31,133389,127694,125921
53251952,-0.1225,-0.2100,-1.0500,0.0659,-0.0952,1.0158,-0.21,0.14,0.31,133394,127702,125913
53272460,0.0700,-0.0700,-0.7175,0.0664,-0.0938,1.0158,-0.21,0.14,0.32,133392,127695,125906
53291992,1.4175,-0.1400,-0.5425,0.0665,-0.0930,1.0154,-0.21,0.14,0.32,133385,127686,125897
53312500,4.1125,-0.2625,-0.2275,0.0664,-0.0927,1.0144,-0.21,0.14,0.32,133380,127704,125895
53332032,4.4275,-0.2275,-0.1575,0.0660,-0.0922,1.0137,-0.21,0.14,0.32,133380,127711,125878
53352540,3.3250,-0.0350,-0.1225,0.0653,-0.0919,1.0131,-0.20,0.14,0.32,133385,127729,125896
53372072,1.6625,0.0525,-0.1400,0.0642,-0.0919,1.0121,-0.20,0.14,0.32,133385,127718,125884
53392576,1.4350,0.1575,-0.1575,0.0634,-0.0924,1.0116,-0.20,0.14,0.32,133383,127720,125863
53412108,2.2050,0.0000,-0.2625,0.0630,-0.0928,1.0114,-0.20,0.14,0.32,133375,127715,125872
53432616,1.2425,-0.1400,-0.6825,0.0627,-0.0925,1.0102,-0.20,0.14,0.32,133375,127738,125894
53452148,-1.0150,-0.2450,-0.8575,0.0626,-0.0919,1.0093,-0.20,0.14,0.32,133375,127740,125887
53472656,-2.0125,-0.3675,-0.9100,0.0625,-0.0917,1.0091,-0.20,0.14,0.32,133374,127722,125889
53492188,-1.4350,-0.5075,-0.8925,0.0622,-0.0922,1.0096,-0.21,0.14,0.32,133373,127708,125876
53512696,-0.8925,-0.5600,-1.0325,0.0622,-0.0922,1.0102,-0.21,0.14,0.32,133369,127705,125886
53532224,-1.7500,-0.5600,-1.0500,0.0630,-0.0919,1.0104,-0.21,0.14,0.32,133370,127708,125900
53552736,-1.7675,-0.3325,-1.0850,0.0639,-0.0920,1.0114,-0.21,0.14,0.31,133377,127713,125919
53572264,0.1050,-0.2450,-1.0675,0.0643,-0.0925,1.0126,-0.21,0.14,0.32,133377,127694,125897
53591796,1.1900,-0.1225,-1.1025,0.0647,-0.0925,1.0133,-0.21,0.14,0.32,133374,127699,125896
53612304,1.9250,-0.0875,-0.9625,0.0649,-0.0922,1.0138,-0.21,0.14,0.32,133370,127706,125895
53631836,2.0475,-0.0175,-0.9625,0.0648,-0.0920,1.0144,-0.20,0.14,0.32,133370,127715,125906
53652344,2.2225,-0.0525,-0.9975,0.0643,-0.0917,1.0150,-0.20,0.14,0.32,133376,127728,125900
53671876,1.8725,-0.3325,-1.0675,0.0639,-0.0917,1.0155,-0.20,0.14,0.32,133380,127722,125895
53692384,2.0825,-0.6300,-1.1900,0.0633,-0.0920,1.0155,-0.21,0.14,0.32,133371,127710,125887
53711912,2.2925,-0.8925,-1.1550,0.0625,-0.0920,1.0157,-0.21,0.14,0.32,133372,127710,125876
53732420,1.7850,-0.9450,-1.1725,0.0622,-0.0911,1.0155,-0.20,0.14,0.32,133377,127728,125887
53751952,0.4900,-0.9625,-1.1200,0.0625,-0.0900,1.0150,-0.20,0.14,0.32,133384,127738,125889
53772460,0.1575,-1.2600,-0.9625,0.0630,-0.0898,1.0148,-0.20,0.14,0.32,133381,127735,125875
53791992,1.4175,-1.2775,-0.6650,0.0631,-0.0904,1.0153,-0.20,0.14,0.32,133385,127720,125863
53812500,1.6975,-1.1725,-0.4025,0.0626,-0.0902,1.0160,-0.20,0.14,0.32,133376,127724,125866
53832032,-0.0875,-1.1375,-0.2800,0.0625,-0.0883,1.0160,-0.20,0.14,0.32,133384,127728,125879
53852540,-1.3650,-1.1550,-0.3325,0.0632,-0.0864,1.0150,-0.20,0.14,0.32,133390,127737,125891
53872072,-0.5075,-1.3650,-0.3325,0.0639,-0.0855,1.0141,-0.20,0.14,0.32,133390,127738,125881
53892576,3.2550,-1.6275,0.0350,0.0643,-0.0860,1.0136,-0.20,0.14,0.32,133388,127736,125863
53912108,2.8000,-1.4700,0.4025,0.0636,-0.0858,1.0137,-0.20,0.14,0.32,133389,127733,125857
53932616,-0.4025,-1.1200,0.6825,0.0630,-0.0843,1.0135,-0.20,0.14,0.32,133387,127739,125870
53952148,-2.2225,-0.7875,0.6125,0.0626,-0.0837,1.0131,-0.20,0.14,0.32,133391,127737,125883
53972656,-1.8375,-0.7700,0.6475,0.0627,-0.0838,1.0122,-0.20,0.14,0.32,133389,127727,125883
53992188,-0.4550,-0.9625,0.5075,0.0634,-0.0842,1.0111,-0.20,0.14,0.32,133380,127721,125867
54012696,1.1200,-1.0325,0.4025,0.0647,-0.0849,1.0102,-0.20,0.14,0.32,133384,127723,125859
54032224,1.6450,-0.9100,0.5250,0.0649,-0.0858,1.0104,-0.20,0.14,0.32,133385,127730,125871
54052736,0.6650,-0.6475,0.7175,0.0644,-0.0867,1.0104,-0.20,0.14,0.32,133380,127747,125885
54072264,-1.2425,-0.3850,0.7700,0.0637,-0.0872,1.0102,-0.20,0.14,0.32,133379,127735,125878
54091796,-2.1700,-0.2450,0.6125,0.0633,-0.0878,1.0100,-0.20,0.14,0.32,133377,127722,125874
