32233398,0.3850,-0.9625,-0.4375,-0.0217,0.0222,1.0176,-0.06,0.48,0.31,138967,130031,125992
32252928,0.7700,-0.9800,-0.4725,-0.0210,0.0217,1.0171,-0.06,0.48,0.31,138966,130037,126016
32273436,1.4175,-1.0150,-0.3500,-0.0209,0.0220,1.0165,-0.06,0.48,0.31,138948,130044,126017
32292968,1.0850,-1.0675,-0.3325,-0.0203,0.0222,1.0152,-0.06,0.48,0.31,138960,130048,126012
32313476,0.5075,-1.0500,-0.2625,-0.0196,0.0231,1.0138,-0.06,0.48,0.31,138976,130040,125986
32333008,-0.1750,-1.0500,-0.2450,-0.0194,0.0232,1.0136,-0.06,0.48,0.31,138977,130042,125983
32353516,-0.0350,-1.0150,-0.1925,-0.0190,0.0227,1.0138,-0.06,0.48,0.31,138964,130048,126012
32373046,1.2075,-1.0325,-0.2625,-0.0198,0.0229,1.0143,-0.06,0.48,0.31,138960,130051,126026
32393554,1.0850,-1.0675,-0.2275,-0.0206,0.0235,1.0149,-0.06,0.48,0.31,138967,130053,126013
32413084,-0.8925,-0.9800,-0.1925,-0.0206,0.0234,1.0148,-0.06,0.48,0.31,138971,130040,126001
32433592,-1.2250,-0.9625,-0.1925,-0.0203,0.0215,1.0149,-0.06,0.48,0.31,138970,130039,125992
32453124,1.7150,-1.0500,-0.1400,-0.0204,0.0203,1.0157,-0.06,0.48,0.31,138965,130046,126014
32473632,3.8325,-1.1025,-0.0875,-0.0206,0.0206,1.0166,-0.06,0.48,0.31,138956,130060,126025
32493164,2.4675,-1.0150,-0.1400,-0.0204,0.0222,1.0167,-0.06,0.48,0.31,138968,130051,126023
32513672,-0.5250,-0.9800,-0.1400,-0.0200,0.0233,1.0164,-0.06,0.48,0.31,138978,130046,125991
32533204,-1.4350,-0.8575,-0.0525,-0.0193,0.0232,1.0159,-0.06,0.48,0.31,138975,130050,126001
32553710,1.7500,-0.9800,-0.0350,-0.0188,0.0222,1.0154,-0.06,0.48,0.31,138967,130045,126029
32573242,2.3975,-0.9800,0.0175,-0.0185,0.0222,1.0147,-0.06,0.48,0.31,138961,130067,126023
32593750,1.4700,-0.9625,0.0000,-0.0185,0.0232,1.0143,-0.06,0.48,0.31,138972,130056,125999
32613280,-0.2625,-0.8925,-0.0175,-0.0188,0.0242,1.0141,-0.06,0.48,0.31,138979,130056,125991
32632812,-0.1050,-0.8925,-0.0350,-0.0189,0.0244,1.0138,-0.06,0.48,0.31,138981,130056,125996
32653320,1.1900,-0.9450,0.0350,-0.0190,0.0246,1.0133,-0.06,0.48,0.31,138972,130062,126027
32672852,-0.0700,-0.8750,-0.0700,-0.0198,0.0254,1.0125,-0.06,0.48,0.31,138962,130066,126027
32693360,-1.5925,-0.8225,-0.0525,-0.0199,0.0249,1.0122,-0.06,0.48,0.31,138971,130054,126012
32712890,-0.4375,-0.8575,-0.0875,-0.0200,0.0237,1.0126,-0.06,0.48,0.31,138979,130051,125997
32733398,1.5225,-0.8400,-0.1050,-0.0200,0.0231,1.0133,-0.06,0.48,0.31,138982,130043,126005
32752928,1.3125,-0.8575,-0.0525,-0.0193,0.0235,1.0142,-0.06,0.48,0.31,138974,130052,126022
32773436,-0.7350,-0.8225,-0.1750,-0.0184,0.0249,1.0157,-0.06,0.48,0.31,138962,130045,126044
32792968,-1.1375,-0.7350,-0.1575,-0.0178,0.0249,1.0159,-0.06,0.48,0.31,138972,130052,126022
32813476,-0.1225,-0.7525,-0.2275,-0.0165,0.0238,1.0157,-0.06,0.48,0.31,138981,130052,126004
32833008,1.8550,-0.7350,-0.2625,-0.0156,0.0224,1.0155,-0.06,0.48,0.31,138981,130049,125997
32853516,3.1675,-0.8400,-0.2625,-0.0155,0.0226,1.0153,-0.06,0.48,0.31,138968,130051,126013
32873046,2.0650,-0.7700,-0.4375,-0.0151,0.0237,1.0142,-0.06,0.48,0.31,138968,130060,126027
32893554,0.1050,-0.7175,-0.5950,-0.0154,0.0255,1.0128,-0.06,0.48,0.31,138970,130066,126009
32913084,-1.2950,-0.7000,-0.7175,-0.0160,0.0262,1.0119,-0.06,0.48,0.31,138982,130058,126009
32933592,-2.6950,-0.5250,-0.8575,-0.0166,0.0265,1.0111,-0.06,0.48,0.31,138985,130042,126001
32953124,-2.2400,-0.5600,-0.9625,-0.0172,0.0254,1.0111,-0.06,0.48,0.31,138974,130054,126030
32973632,0.6300,-0.6300,-0.9275,-0.0178,0.0240,1.0116,-0.06,0.48,0.31,138960,130048,126025
32993164,1.6275,-0.5950,-1.0675,-0.0185,0.0235,1.0124,-0.06,0.48,0.31,138971,130063,126013
33013672,-2.0125,-0.4725,-1.1550,-0.0198,0.0251,1.0131,-0.06,0.48,0.31,138985,130044,126001
33033204,-2.9750,-0.3675,-1.1200,-0.0196,0.0244,1.0138,-0.06,0.48,0.31,138980,130037,126010
33053710,-0.6125,-0.4025,-1.0850,-0.0192,0.0226,1.0149,-0.06,0.48,0.31,138974,130053,126018
33073242,1.6625,-0.4550,-1.0325,-0.0188,0.0214,1.0157,-0.06,0.48,0.31,138968,130054,126040
33093750,1.4700,-0.4025,-0.9450,-0.0183,0.0222,1.0157,-0.06,0.48,0.31,138967,130060,126025
33113280,-0.7175,-0.3850,-0.9100,-0.0174,0.0237,1.0149,-0.06,0.48,0.31,138985,130053,126010
33132812,-0.7875,-0.3850,-0.8050,-0.0166,0.0242,1.0143,-0.06,0.48,0.31,138986,130053,126003
33153320,0.2975,-0.4550,-0.7000,-0.0165,0.0242,1.0136,-0.06,0.48,0.31,138975,130054,126019
33172852,-0.0875,-0.4725,-0.6825,-0.0161,0.0243,1.0131,-0.06,0.48,0.31,138962,130047,126031
33193360,-1.6975,-0.4725,-0.6475,-0.0162,0.0243,1.0133,-0.06,0.48,0.31,138972,130049,126021
33212890,-2.4150,-0.4025,-0.5950,-0.0167,0.0234,1.0143,-0.06,0.48,0.31,138982,130042,126014
33243164,1.4175,-0.5250,-0.4375,-0.0177,0.0196,1.0172,-0.06,0.48,0.31,138974,130052,126027
33263672,2.1875,-0.6650,-0.4025,-0.0182,0.0195,1.0182,-0.06,0.48,0.31,138985,130042,126004
33283204,1.3125,-0.6475,-0.3325,-0.0187,0.0203,1.0181,-0.06,0.48,0.31,138979,130050,126001
33303710,0.8050,-0.6650,-0.3850,-0.0193,0.0212,1.0170,-0.06,0.48,0.31,138969,130045,126026
33323242,0.9625,-0.7175,-0.4025,-0.0199,0.0220,1.0152,-0.06,0.48,0.31,138967,130051,126031
33343750,0.3325,-0.8925,-0.4025,-0.0207,0.0228,1.0126,-0.06,0.48,0.31,138973,130045,126016
33363280,-1.6625,-0.7700,-0.4200,-0.0207,0.0232,1.0119,-0.06,0.48,0.31,138986,130041,126008
33382812,-2.5725,-0.7875,-0.4200,-0.0204,0.0227,1.0124,-0.06,0.48,0.31,138984,130033,126003
33403320,-1.4350,-0.9975,-0.2800,-0.0203,0.0217,1.0136,-0.06,0.48,0.31,138974,130042,126027
33422852,0.4725,-1.0500,-0.3500,-0.0203,0.0206,1.0153,-0.06,0.48,0.31,138968,130043,126023
33443360,0.9275,-1.1550,-0.2275,-0.0204,0.0199,1.0169,-0.06,0.48,0.31,138973,130050,126019
33462890,1.2775,-1.1375,-0.0875,-0.0200,0.0190,1.0177,-0.06,0.48,0.31,138987,130040,125996
33483398,2.1000,-1.1550,-0.0525,-0.0189,0.0184,1.0182,-0.06,0.48,0.31,138986,130047,126010
33502928,2.3625,-1.2250,0.0000,-0.0183,0.0193,1.0177,-0.06,0.48,0.31,138983,130057,126015
33523436,0.7875,-1.1200,-0.0175,-0.0181,0.0207,1.0164,-0.06,0.48,0.31,138977,130049,126021
33542968,-0.4725,-1.1200,-0.0175,-0.0179,0.0217,1.0147,-0.06,0.48,0.31,138983,130060,126038
33563476,-0.3500,-1.1375,-0.0350,-0.0184,0.0223,1.0130,-0.06,0.48,0.31,138991,130043,126010
33583008,-0.4725,-1.1725,-0.1400,-0.0185,0.0232,1.0109,-0.06,0.48,0.31,138990,130044,126009
33603516,-1.6450,-1.1025,-0.1575,-0.0185,0.0226,1.0113,-0.06,0.48,0.31,138974,130047,126029
33623048,-1.0500,-1.1200,-0.2450,-0.0190,0.0210,1.0130,-0.06,0.48,0.31,138973,130049,126029
33643552,1.1550,-1.1025,-0.2275,-0.0195,0.0195,1.0148,-0.06,0.48,0.31,138983,130052,126022
33663084,1.1900,-1.1200,-0.2800,-0.0193,0.0193,1.0160,-0.06,0.48,0.31,138994,130040,126007
33683592,-0.4725,-0.9625,-0.3850,-0.0185,0.0198,1.0167,-0.06,0.48,0.31,139000,130035,126021
33703124,-1.5050,-0.9625,-0.4025,-0.0168,0.0198,1.0161,-0.06,0.48,0.31,138977,130046,126027
33723632,1.0850,-1.0675,-0.3675,-0.0156,0.0185,1.0155,-0.06,0.48,0.31,138983,130058,126035
33743164,3.6050,-1.0850,-0.3150,-0.0151,0.0187,1.0148,-0.06,0.48,0.31,138986,130055,126034
33763672,2.8175,-1.1025,-0.2800,-0.0151,0.0210,1.0135,-0.06,0.48,0.31,139001,130056,126014
33783204,-1.5050,-0.8925,-0.3325,-0.0148,0.0233,1.0120,-0.06,0.48,0.31,138996,130047,126018
33803712,-4.3225,-0.7700,-0.4025,-0.0149,0.0228,1.0119,-0.06,0.48,0.31,138985,130036,126035
33823240,-1.6975,-0.7175,-0.4025,-0.0154,0.0207,1.0128,-0.06,0.48,0.31,138980,130042,126035
33843752,0.9800,-0.8225,-0.3325,-0.0159,0.0193,1.0137,-0.06,0.48,0.31,138990,130043,126036
33863280,1.3125,-0.7700,-0.3150,-0.0166,0.0194,1.0139,-0.06,0.48,0.31,138995,130038,126004
33882812,-0.2975,-0.5950,-0.3850,-0.0172,0.0205,1.0139,-0.06,0.48,0.31,139000,130036,126007
33903320,-1.5925,-0.6300,-0.3500,-0.0173,0.0204,1.0138,-0.06,0.48,0.31,138986,130034,126033
33922852,-0.5600,-0.4550,-0.3150,-0.0176,0.0194,1.0141,-0.06,0.48,0.31,138974,130040,126048
33943360,1.7675,-0.5250,-0.3325,-0.0173,0.0183,1.0148,-0.06,0.48,0.31,138989,130041,126042
33962888,0.8575,-0.4725,-0.3150,-0.0173,0.0194,1.0148,-0.06,0.48,0.31,139000,130038,126014
33983400,-1.9075,-0.4900,-0.3500,-0.0173,0.0209,1.0141,-0.06,0.48,0.31,138999,130034,126022
34002928,-3.6925,-0.4375,-0.3325,-0.0170,0.0212,1.0131,-0.06,0.48,0.31,138986,130041,126039
34023436,-2.7650,-0.6300,-0.3500,-0.0166,0.0201,1.0122,-0.06,0.48,0.31,138979,130029,126057
34042968,0.8400,-0.9275,-0.2975,-0.0165,0.0178,1.0124,-0.06,0.48,0.31,138982,130025,126039
34063476,1.5925,-0.8750,-0.3500,-0.0172,0.0178,1.0131,-0.06,0.48,0.31,138993,130034,126020
34083008,-0.4025,-0.9100,-0.3150,-0.0179,0.0185,1.0138,-0.06,0.48,0.31,138998,130020,126025
34103516,-2.1525,-0.8925,-0.3850,-0.0183,0.0183,1.0147,-0.06,0.48,0.31,138981,130011,126057
34123048,-1.2950,-0.9800,-0.3675,-0.0188,0.0173,1.0155,-0.06,0.48,0.31,138977,130033,126055
34143552,0.2975,-1.1725,-0.3675,-0.0193,0.0162,1.0160,-0.06,0.48,0.31,138990,130035,126026
34163084,-0.8575,-1.2600,-0.2800,-0.0187,0.0159,1.0150,-0.06,0.48,0.31,139003,130017,126026
34183592,-2.0300,-1.3825,-0.2800,-0.0178,0.0157,1.0148,-0.06,0.48,0.31,139009,130014,126033
34203124,-1.4875,-1.3650,-0.1575,-0.0172,0.0154,1.0152,-0.06,0.48,0.31,138998,130020,126048
34223632,0.0000,-1.5925,-0.0175,-0.0162,0.0144,1.0160,-0.06,0.48,0.31,138985,130019,126057
34253904,2.1700,-1.6800,0.2275,-0.0153,0.0134,1.0180,-0.07,0.48,0.31,138999,130002,126056
34274416,1.2775,-1.7675,0.2275,-0.0140,0.0134,1.0189,-0.06,0.48,0.31,138991,130015,126060
34293944,0.7175,-1.6975,0.2800,-0.0132,0.0129,1.0191,-0.06,0.48,0.31,138991,130020,126067
34314452,1.5575,-1.7675,0.3850,-0.0127,0.0124,1.0189,-0.06,0.48,0.31,139017,130019,126044
34333984,3.0275,-1.8550,0.3325,-0.0127,0.0123,1.0185,-0.06,0.48,0.31,139014,130021,126037
34354492,3.4300,-1.8025,0.3500,-0.0127,0.0128,1.0177,-0.06,0.48,0.31,139000,130031,126052
34374024,1.2425,-1.6625,0.3675,-0.0124,0.0140,1.0167,-0.06,0.48,0.31,139002,130021,126060
34394532,0.9100,-1.6275,0.2100,-0.0124,0.0139,1.0163,-0.06,0.48,0.31,139015,130023,126029
34414064,1.7500,-1.5400,0.1050,-0.0127,0.0140,1.0155,-0.06,0.49,0.31,139019,130030,126030
34434568,2.1525,-1.4175,0.1050,-0.0131,0.0149,1.0150,-0.06,0.48,0.31,139017,130033,126049
34454100,1.3125,-1.3475,0.0525,-0.0133,0.0155,1.0148,-0.06,0.48,0.31,139006,130045,126068
34474608,1.1025,-1.1900,-0.0700,-0.0134,0.0153,1.0150,-0.06,0.48,0.31,139000,130037,126062
34494140,1.8550,-1.0150,-0.2800,-0.0138,0.0150,1.0155,-0.06,0.48,0.31,139016,130037,126047
34514648,1.5750,-0.8925,-0.3325,-0.0132,0.0151,1.0157,-0.06,0.49,0.31,139028,130045,126034
34534180,1.5750,-0.7525,-0.4550,-0.0129,0.0159,1.0158,-0.06,0.49,0.31,139024,130041,126049
34554688,0.8575,-0.6300,-0.4725,-0.0124,0.0174,1.0153,-0.06,0.48,0.31,139007,130046,126051
34574216,-0.2975,-0.4025,-0.6300,-0.0121,0.0187,1.0146,-0.06,0.48,0.31,139005,130041,126068
34594728,-0.8225,-0.3325,-0.7000,-0.0117,0.0188,1.0132,-0.06,0.48,0.31,139015,130034,126048
34614256,0.8750,-0.2275,-0.7175,-0.0115,0.0183,1.0126,-0.06,0.49,0.31,139025,130043,126021
34633788,1.0675,-0.3675,-0.7700,-0.0113,0.0188,1.0119,-0.06,0.49,0.31,139025,130042,126046
34654296,-1.0850,-0.2625,-0.7700,-0.0115,0.0205,1.0115,-0.06,0.48,0.31,139010,130043,126057
34673828,-3.1850,-0.2450,-0.8050,-0.0113,0.0215,1.0115,-0.06,0.48,0.31,139003,130040,126056
34694336,-2.1700,-0.2450,-0.8225,-0.0112,0.0203,1.0122,-0.06,0.48,0.31,139015,130034,126040
34713868,1.3300,-0.4375,-0.7000,-0.0113,0.0178,1.0138,-0.06,0.49,0.31,139020,130040,126030
34734376,2.8000,-0.5075,-0.6125,-0.0117,0.0173,1.0149,-0.06,0.48,0.31,139016,130040,126027
34753904,0.0350,-0.5775,-0.5950,-0.0112,0.0183,1.0149,-0.06,0.48,0.31,139013,130044,126053
34774416,-1.2600,-0.5425,-0.5950,-0.0111,0.0190,1.0154,-0.06,0.48,0.31,138999,130043,126065
34793944,0.1400,-0.6475,-0.5425,-0.0112,0.0190,1.0158,-0.06,0.48,0.31,139009,130041,126049
34814452,2.2575,-0.7350,-0.4200,-0.0109,0.0184,1.0158,-0.06,0.49,0.31,139023,130034,126030
34833984,1.6100,-0.8750,-0.2625,-0.0106,0.0192,1.0154,-0.06,0.49,0.31,139021,130042,126040
34854492,0.3500,-0.9275,-0.2800,-0.0107,0.0205,1.0146,-0.06,0.48,0.31,139009,130052,126058
34874024,-0.2975,-0.9975,-0.2450,-0.0105,0.0216,1.0137,-0.06,0.48,0.31,139007,130051,126049
34894532,-0.4200,-1.0500,-0.1750,-0.0105,0.0220,1.0133,-0.06,0.49,0.31,139019,130044,126040
34914064,-0.7875,-1.1025,-0.1750,-0.0110,0.0217,1.0131,-0.06,0.49,0.31,139024,130046,126043
34934568,-0.2800,-1.1375,-0.1400,-0.0116,0.0211,1.0135,-0.06,0.49,0.31,139019,130046,126043
34954100,0.4200,-1.2250,-0.0525,-0.0122,0.0200,1.0146,-0.06,0.48,0.31,139010,130056,126061
34974608,0.1400,-1.1900,-0.0875,-0.0126,0.0200,1.0152,-0.06,0.48,0.31,139010,130042,126064
34994140,-0.6300,-1.1725,-0.0350,-0.0124,0.0203,1.0153,-0.06,0.48,0.31,139017,130042,126046
35014648,-1.2600,-1.1900,0.0700,-0.0121,0.0203,1.0148,-0.06,0.49,0.31,139032,130034,126048
35034180,-1.0150,-1.2250,0.0875,-0.0112,0.0198,1.0143,-0.06,0.49,0.31,139033,130035,126047
35054688,0.3850,-1.3125,0.1575,-0.0105,0.0190,1.0139,-0.06,0.48,0.31,139015,130043,126073
35074216,1.0325,-1.3125,0.1400,-0.0105,0.0189,1.0138,-0.06,0.48,0.30,139011,130040,126079
35094728,1.4175,-1.2250,0.1225,-0.0105,0.0189,1.0136,-0.06,0.49,0.31,139029,130038,126048
35114256,1.3125,-1.2775,0.1575,-0.0106,0.0192,1.0133,-0.06,0.49,0.31,139032,130029,126047
35133788,0.5250,-1.1550,0.1050,-0.0110,0.0199,1.0133,-0.06,0.49,0.31,139026,130039,126052
35154296,-0.2275,-1.0325,0.0350,-0.0109,0.0199,1.0135,-0.06,0.49,0.31,139022,130036,126064
35173828,-0.4200,-0.9450,-0.1225,-0.0112,0.0198,1.0139,-0.06,0.49,0.30,139019,130040,126082
35194336,-0.1750,-0.9100,-0.2625,-0.0109,0.0185,1.0144,-0.06,0.49,0.31,139025,130036,126056
35213868,0.1225,-0.8750,-0.3325,-0.0109,0.0182,1.0144,-0.06,0.49,0.31,139040,130028,126046
35234376,0.1400,-0.8400,-0.4025,-0.0107,0.0187,1.0143,-0.06,0.49,0.31,139028,130048,126056
35264648,-1.7850,-0.7175,-0.5425,-0.0093,0.0195,1.0136,-0.06,0.49,0.31,139034,130027,126044
35284180,-2.4150,-0.6300,-0.5600,-0.0085,0.0193,1.0136,-0.06,0.49,0.31,139034,130024,126072
35304688,1.1550,-0.6300,-0.5600,-0.0083,0.0168,1.0142,-0.06,0.49,0.30,139022,130025,126076
35324216,2.5200,-0.7175,-0.5775,-0.0083,0.0163,1.0143,-0.06,0.48,0.30,139012,130043,126083
35344728,0.2275,-0.6650,-0.6650,-0.0087,0.0177,1.0143,-0.06,0.49,0.31,139027,130025,126055
35364256,-3.3950,-0.4900,-0.7525,-0.0093,0.0194,1.0143,-0.06,0.49,0.31,139036,130021,126039
35383788,-4.0950,-0.4900,-0.7350,-0.0096,0.0195,1.0141,-0.06,0.49,0.31,139032,130016,126054
35404296,-1.0500,-0.6650,-0.6825,-0.0095,0.0171,1.0139,-0.06,0.49,0.30,139023,130024,126079
35423828,0.2275,-0.6650,-0.6650,-0.0093,0.0154,1.0141,-0.06,0.48,0.30,139018,130021,126083
35444336,0.7525,-0.7700,-0.6300,-0.0093,0.0149,1.0149,-0.06,0.49,0.31,139033,130014,126061
35463868,-0.1575,-0.7350,-0.5950,-0.0092,0.0156,1.0153,-0.06,0.49,0.31,139037,130019,126050
35484376,-1.1200,-0.8050,-0.6300,-0.0087,0.0163,1.0158,-0.06,0.49,0.31,139032,130011,126060
35503904,-0.4725,-0.7875,-0.5425,-0.0083,0.0162,1.0164,-0.06,0.49,0.30,139026,130012,126085
35524416,0.9975,-1.0150,-0.4900,-0.0081,0.0149,1.0165,-0.06,0.49,0.30,139020,130018,126080
35543944,0.4025,-1.0325,-0.4550,-0.0077,0.0146,1.0160,-0.06,0.49,0.31,139028,130028,126064
35564452,-0.1400,-0.9450,-0.3850,-0.0078,0.0149,1.0158,-0.06,0.49,0.31,139039,130013,126039
35583984,-0.4375,-0.9275,-0.3675,-0.0076,0.0146,1.0159,-0.06,0.49,0.31,139043,130009,126060
35604492,0.0875,-1.0325,-0.3500,-0.0081,0.0145,1.0165,-0.06,0.49,0.30,139029,130018,126090
35624024,0.8750,-1.0850,-0.3150,-0.0081,0.0137,1.0170,-0.06,0.49,0.30,139022,130024,126082
35644532,1.7325,-1.0675,-0.2625,-0.0083,0.0129,1.0170,-0.06,0.49,0.31,139029,130017,126070
35664064,1.0500,-1.1550,-0.2100,-0.0085,0.0131,1.0164,-0.06,0.49,0.31,139051,130014,126069
35684568,0.2975,-1.0500,-0.2275,-0.0088,0.0140,1.0155,-0.06,0.49,0.31,139041,130012,126061
35704100,-0.2800,-1.0500,-0.2625,-0.0089,0.0146,1.0146,-0.06,0.49,0.30,139029,130027,126081
35724608,-0.2625,-1.0150,-0.1225,-0.0090,0.0151,1.0137,-0.06,0.49,0.30,139037,130018,126085
35744140,-0.8225,-0.9625,-0.1925,-0.0088,0.0153,1.0135,-0.06,0.49,0.30,139037,130025,126078
35764648,-0.3325,-0.9800,-0.0700,-0.0095,0.0146,1.0149,-0.07,0.49,0.31,139053,130007,126071
35784180,-0.2800,-0.8925,-0.1225,-0.0098,0.0142,1.0161,-0.06,0.49,0.31,139049,130010,126074
35804688,-0.0525,-0.9275,-0.0875,-0.0100,0.0137,1.0167,-0.06,0.49,0.30,139036,130017,126089
35824216,0.1925,-0.9450,-0.0350,-0.0098,0.0132,1.0167,-0.06,0.49,0.30,139028,130011,126091
35844728,1.4350,-0.9450,0.0350,-0.0099,0.0129,1.0160,-0.07,0.49,0.31,139044,130006,126069
35864256,0.5075,-0.8925,-0.0350,-0.0093,0.0139,1.0146,-0.06,0.49,0.31,139052,130009,126065
35883788,-0.9450,-0.8400,0.0525,-0.0088,0.0145,1.0142,-0.07,0.49,0.31,139052,130007,126060
35904296,-1.5050,-0.8575,0.0175,-0.0081,0.0142,1.0144,-0.07,0.49,0.30,139032,130002,126103
35923828,0.1750,-0.9450,0.0875,-0.0076,0.0132,1.0153,-0.06,0.49,0.30,139031,130013,126096
35944336,1.4350,-0.9275,0.1400,-0.0072,0.0124,1.0161,-0.06,0.49,0.30,139046,130014,126082
35963868,1.0500,-0.8750,0.1750,-0.0066,0.0123,1.0165,-0.06,0.49,0.30,139054,130010,126080
35984376,0.0700,-0.8400,0.1225,-0.0062,0.0123,1.0165,-0.07,0.49,0.31,139051,129994,126072
36003904,1.0500,-0.9275,0.0525,-0.0062,0.0118,1.0166,-0.06,0.49,0.30,139042,130012,126103
36024416,0.7175,-0.9100,0.0525,-0.0059,0.0118,1.0165,-0.06,0.49,0.30,139033,130010,126103
36043944,0.1575,-0.7875,-0.0700,-0.0061,0.0126,1.0166,-0.07,0.49,0.30,139041,129995,126089
36064452,0.6825,-0.8400,-0.0700,-0.0063,0.0128,1.0166,-0.07,0.49,0.31,139049,130007,126055
36083984,1.8900,-0.9800,-0.1750,-0.0063,0.0127,1.0163,-0.06,0.49,0.30,139046,130008,126077
36104492,1.5575,-0.8400,-0.2625,-0.0061,0.0134,1.0150,-0.06,0.49,0.30,139029,130013,126086
36124024,-0.0525,-0.9275,-0.2975,-0.0061,0.0142,1.0141,-0.06,0.49,0.30,139033,130018,126100
36144532,-1.1375,-0.8575,-0.3850,-0.0062,0.0149,1.0133,-0.06,0.49,0.31,139046,130014,126069
36164064,-1.7675,-0.9275,-0.4725,-0.0062,0.0151,1.0125,-0.07,0.49,0.31,139060,130000,126067
36184568,-1.6625,-0.8925,-0.4375,-0.0065,0.0149,1.0127,-0.06,0.49,0.30,139053,130012,126077
36204100,-0.8575,-0.9975,-0.5075,-0.0068,0.0139,1.0135,-0.06,0.49,0.30,139045,130011,126086
36224608,0.5950,-1.0675,-0.5250,-0.0067,0.0124,1.0147,-0.06,0.49,0.30,139040,130014,126098
36244140,0.7525,-1.1725,-0.4375,-0.0066,0.0122,1.0157,-0.07,0.49,0.30,139048,130007,126081
36274416,0.9800,-1.2075,-0.5075,-0.0063,0.0122,1.0165,-0.06,0.49,0.30,139041,130011,126094
36293944,1.0675,-1.1725,-0.4375,-0.0059,0.0127,1.0166,-0.06,0.49,0.31,139050,130012,126074
36314452,0.5775,-1.1200,-0.5075,-0.0054,0.0131,1.0163,-0.07,0.49,0.30,139066,130006,126080
36333984,0.2800,-1.1725,-0.3675,-0.0041,0.0131,1.0157,-0.07,0.49,0.30,139057,130002,126082
36354492,0.8050,-1.2250,-0.3500,-0.0038,0.0132,1.0155,-0.06,0.49,0.30,139051,130020,126087
36374024,0.4200,-1.1550,-0.3325,-0.0037,0.0132,1.0155,-0.06,0.49,0.30,139047,130018,126093
36394532,0.8050,-1.2950,-0.3150,-0.0040,0.0132,1.0160,-0.06,0.49,0.30,139062,130016,126090
36414064,1.1375,-1.1900,-0.3850,-0.0043,0.0131,1.0161,-0.06,0.49,0.30,139066,130012,126077
36434568,0.2975,-1.1725,-0.4200,-0.0044,0.0135,1.0159,-0.06,0.49,0.30,139063,130011,126076
36454100,-0.3325,-1.1375,-0.5250,-0.0044,0.0134,1.0155,-0.06,0.49,0.30,139059,130019,126099
36474608,0.8400,-1.2775,-0.4725,-0.0046,0.0132,1.0155,-0.06,0.49,0.30,139054,130027,126094
36494140,2.0825,-1.3125,-0.5425,-0.0048,0.0129,1.0153,-0.06,0.49,0.30,139062,130033,126089
36514648,1.7150,-1.3650,-0.6475,-0.0049,0.0135,1.0147,-0.06,0.49,0.30,139077,130018,126077
36534180,-0.5425,-1.3300,-0.6825,-0.0045,0.0148,1.0141,-0.06,0.49,0.30,139075,130014,126085
36554688,-1.6100,-1.3650,-0.7700,-0.0043,0.0154,1.0141,-0.06,0.49,0.30,139061,130019,126112
36574216,0.4025,-1.3825,-0.8050,-0.0043,0.0144,1.0146,-0.06,0.49,0.30,139058,130017,126109
36594728,1.7325,-1.4000,-0.7700,-0.0040,0.0138,1.0150,-0.06,0.49,0.30,139077,130026,126085
36614256,0.9100,-1.4525,-0.7525,-0.0037,0.0139,1.0153,-0.06,0.49,0.30,139088,130011,126089
36633788,-0.3325,-1.3825,-0.7875,-0.0034,0.0144,1.0154,-0.06,0.49,0.30,139087,130022,126098
36654296,-0.2800,-1.3475,-0.7350,-0.0032,0.0146,1.0155,-0.06,0.49,0.30,139077,130028,126105
36673828,1.1900,-1.3650,-0.8050,-0.0026,0.0144,1.0157,-0.06,0.49,0.30,139069,130034,126100
36694336,0.9975,-1.3300,-0.6825,-0.0022,0.0146,1.0157,-0.06,0.49,0.30,139082,130024,126103
36713868,0.1400,-1.3300,-0.7000,-0.0020,0.0149,1.0153,-0.06,0.49,0.30,139091,130023,126081
36734376,0.2800,-1.3300,-0.6825,-0.0016,0.0149,1.0150,-0.06,0.49,0.30,139089,130025,126096
36753904,1.0500,-1.3475,-0.6300,-0.0015,0.0146,1.0150,-0.06,0.49,0.30,139085,130028,126100
36774416,0.7525,-1.3125,-0.5775,-0.0015,0.0149,1.0149,-0.06,0.49,0.30,139078,130029,126115
36793944,-0.5775,-1.2250,-0.5075,-0.0015,0.0155,1.0150,-0.06,0.49,0.30,139092,130027,126109
36814452,-0.7875,-1.1550,-0.4725,-0.0015,0.0154,1.0154,-0.06,0.49,0.30,139099,130033,126091
36833984,-0.0700,-1.1550,-0.3850,-0.0013,0.0148,1.0160,-0.06,0.49,0.30,139100,130036,126100
36854492,1.1550,-1.2250,-0.3150,-0.0013,0.0142,1.0163,-0.06,0.49,0.30,139084,130037,126109
36874024,1.7500,-1.2075,-0.1925,-0.0012,0.0139,1.0159,-0.06,0.49,0.30,139084,130029,126117
36894532,0.9450,-1.1900,-0.1925,-0.0012,0.0146,1.0149,-0.06,0.49,0.30,139094,130030,126095
36914064,0.2100,-1.1725,-0.0875,-0.0007,0.0154,1.0143,-0.06,0.49,0.30,139104,130030,126092
36934568,0.3675,-1.1725,-0.1050,-0.0004,0.0156,1.0141,-0.06,0.49,0.30,139097,130028,126098
36954100,0.0525,-1.1200,-0.0350,-0.0002,0.0162,1.0139,-0.06,0.49,0.30,139088,130033,126120
36974608,-0.5425,-1.0850,0.0000,-0.0001,0.0166,1.0142,-0.06,0.49,0.30,139090,130028,126113
36994140,-0.8925,-1.0850,-0.0175,0.0001,0.0166,1.0143,-0.06,0.49,0.30,139096,130033,126112
37014648,-0.3500,-1.1200,0.0875,0.0006,0.0156,1.0146,-0.06,0.49,0.30,139106,130022,126087
37034180,0.4900,-1.1550,0.0875,0.0011,0.0148,1.0154,-0.06,0.49,0.30,139105,130024,126108
37054688,1.2775,-1.0675,0.1400,0.0017,0.0139,1.0165,-0.06,0.49,0.30,139085,130032,126121
37074216,2.2050,-1.0325,0.1925,0.0024,0.0135,1.0172,-0.06,0.49,0.30,139086,130039,126120
37094728,2.3275,-0.9450,0.1750,0.0031,0.0139,1.0171,-0.06,0.49,0.30,139099,130032,126100
37114256,1.2075,-0.8925,0.1400,0.0032,0.0146,1.0167,-0.06,0.49,0.30,139103,130033,126089
37133788,0.4200,-0.8225,0.0525,0.0035,0.0154,1.0154,-0.06,0.49,0.30,139103,130029,126096
37154296,1.3475,-0.8050,0.0175,0.0039,0.0146,1.0148,-0.06,0.49,0.30,139096,130040,126121
37173828,2.1525,-0.7350,-0.1050,0.0037,0.0150,1.0146,-0.06,0.49,0.30,139087,130033,126122
37194336,0.5950,-0.6125,-0.2450,0.0031,0.0159,1.0144,-0.06,0.49,0.30,139098,130038,126111
37213868,-1.0675,-0.4550,-0.2625,0.0028,0.0163,1.0142,-0.06,0.49,0.30,139111,130029,126094
37234376,-0.6125,-0.3150,-0.4375,0.0028,0.0157,1.0144,-0.06,0.49,0.30,139104,130027,126107
37253904,2.5900,-0.4375,-0.5425,0.0023,0.0146,1.0152,-0.06,0.49,0.30,139094,130043,126112
37284180,1.3650,-0.2625,-0.7175,0.0024,0.0151,1.0157,-0.06,0.49,0.30,139097,130034,126098
37304688,0.5425,-0.1050,-0.8750,0.0024,0.0156,1.0155,-0.06,0.49,0.30,139090,130044,126118
37324216,0.7700,0.0175,-0.9800,0.0023,0.0161,1.0152,-0.06,0.49,0.30,139087,130055,126094
37344728,0.9625,0.0350,-1.0325,0.0024,0.0166,1.0144,-0.06,0.49,0.30,139103,130057,126099
37364256,0.1050,0.1400,-1.1200,0.0028,0.0176,1.0132,-0.06,0.49,0.30,139096,130036,126077
37383788,-0.6825,0.1925,-1.2250,0.0028,0.0181,1.0130,-0.06,0.49,0.30,139102,130043,126094
37404296,-1.3825,0.2450,-1.3125,0.0024,0.0185,1.0131,-0.06,0.49,0.30,139083,130047,126104
37423828,-1.6800,0.1575,-1.3475,0.0018,0.0189,1.0132,-0.06,0.49,0.30,139076,130052,126100
37444336,-1.0675,0.1400,-1.3650,0.0018,0.0183,1.0132,-0.06,0.49,0.30,139091,130042,126095
37463868,0.2100,0.0700,-1.3300,0.0013,0.0176,1.0136,-0.06,0.49,0.31,139101,130043,126068
37484376,0.1400,-0.1050,-1.3475,0.0004,0.0178,1.0139,-0.06,0.49,0.30,139098,130047,126078
37503904,-0.9450,-0.1050,-1.2600,-0.0001,0.0177,1.0143,-0.06,0.49,0.30,139081,130053,126112
37524416,-0.8575,-0.2625,-1.3300,-0.0009,0.0174,1.0148,-0.06,0.49,0.30,139081,130044,126111
37543944,0.2625,-0.2975,-1.1900,-0.0013,0.0171,1.0153,-0.06,0.49,0.30,139089,130041,126099
37564452,0.9625,-0.5425,-1.0675,-0.0015,0.0172,1.0155,-0.06,0.49,0.30,139095,130036,126077
37583984,-0.0700,-0.5950,-0.9800,-0.0017,0.0178,1.0155,-0.06,0.49,0.30,139098,130042,126085
37604492,-1.9425,-0.7000,-0.8750,-0.0020,0.0185,1.0149,-0.06,0.49,0.30,139082,130047,126112
37624024,-1.5925,-0.8575,-0.7175,-0.0015,0.0178,1.0149,-0.06,0.49,0.30,139077,130042,126103
37644532,0.5425,-1.0675,-0.5250,-0.0015,0.0165,1.0157,-0.06,0.49,0.30,139091,130045,126091
37664064,1.6275,-1.2075,-0.3850,-0.0015,0.0163,1.0161,-0.06,0.49,0.30,139104,130044,126079
37684568,0.7175,-1.2425,-0.2450,-0.0013,0.0172,1.0163,-0.06,0.49,0.30,139098,130032,126092
37704100,-0.4900,-1.4350,-0.0700,-0.0012,0.0176,1.0158,-0.06,0.49,0.30,139090,130050,126105
37724608,0.2800,-1.5575,0.0875,-0.0010,0.0170,1.0157,-0.06,0.49,0.30,139089,130057,126112
37744140,0.5600,-1.5925,0.2975,-0.0011,0.0171,1.0154,-0.06,0.49,0.30,139101,130048,126090
37764648,-0.8225,-1.5400,0.3675,-0.0007,0.0173,1.0153,-0.06,0.49,0.31,139114,130032,126072
37784180,-1.3475,-1.6275,0.5075,-0.0010,0.0179,1.0155,-0.06,0.49,0.30,139104,130028,126092
37804688,-0.7000,-1.7150,0.6475,-0.0005,0.0171,1.0160,-0.06,0.49,0.30,139093,130040,126116
37824216,1.6975,-1.8025,0.8925,-0.0004,0.0154,1.0170,-0.06,0.49,0.30,139091,130038,126126
37844728,2.2225,-1.7500,0.9275,-0.0001,0.0146,1.0171,-0.06,0.49,0.30,139109,130050,126097
37864256,2.4325,-1.6275,1.0325,-0.0002,0.0151,1.0175,-0.06,0.49,0.30,139118,130044,126090
37883788,0.9975,-1.5925,1.0675,-0.0002,0.0160,1.0171,-0.06,0.49,0.30,139111,130041,126094
37904296,-0.1750,-1.5225,1.0325,-0.0001,0.0170,1.0163,-0.06,0.49,0.30,139097,130040,126129
37923828,-0.4550,-1.3650,0.9450,0.0000,0.0166,1.0155,-0.06,0.49,0.30,139092,130043,126122
37944336,1.7150,-1.4350,0.9625,0.0000,0.0159,1.0149,-0.06,0.49,0.30,139109,130042,126103
37963868,1.8550,-1.4350,0.9100,0.0002,0.0156,1.0143,-0.06,0.49,0.30,139118,130042,126100
37984376,0.7350,-1.3300,0.8400,0.0005,0.0166,1.0133,-0.06,0.49,0.30,139119,130032,126098
38003904,-1.0150,-1.2600,0.6125,0.0007,0.0178,1.0124,-0.06,0.49,0.30,139099,130029,126130
38024416,-1.7500,-1.2425,0.5425,0.0012,0.0177,1.0119,-0.06,0.49,0.30,139092,130031,126128
38043944,-0.4025,-1.2075,0.4375,0.0015,0.0168,1.0124,-0.06,0.49,0.30,139104,130034,126124
38064452,0.4025,-1.0500,0.2100,0.0026,0.0157,1.0136,-0.06,0.49,0.30,139121,130024,126103
38083984,0.0700,-0.9275,0.1050,0.0034,0.0154,1.0146,-0.06,0.49,0.30,139118,130022,126111
38104492,0.0350,-0.9100,-0.0525,0.0041,0.0146,1.0155,-0.06,0.49,0.30,139098,130029,126130
38124024,0.8225,-0.8050,-0.1925,0.0051,0.0140,1.0165,-0.06,0.49,0.30,139106,130030,126121
38144532,1.1025,-0.7175,-0.2975,0.0061,0.0139,1.0171,-0.06,0.49,0.30,139111,130041,126117
38164064,-0.1050,-0.4200,-0.5775,0.0066,0.0143,1.0172,-0.06,0.49,0.30,139122,130030,126090
38184568,-0.2450,-0.3850,-0.7525,0.0078,0.0140,1.0171,-0.06,0.49,0.30,139116,130030,126121
38204100,0.6300,-0.3850,-0.9275,0.0087,0.0129,1.0174,-0.06,0.49,0.30,139109,130032,126129
38224608,2.0125,-0.4025,-1.0675,0.0092,0.0122,1.0172,-0.06,0.49,0.30,139106,130037,126130
38244140,2.1000,-0.1925,-1.1200,0.0096,0.0124,1.0165,-0.06,0.49,0.30,139112,130041,126109
38264648,0.9275,-0.1225,-1.4000,0.0098,0.0134,1.0160,-0.06,0.49,0.30,139116,130042,126098
38294920,-0.5950,0.0525,-1.6975,0.0085,0.0155,1.0149,-0.06,0.49,0.30,139108,130040,126098
38315428,-0.4900,0.1575,-1.7500,0.0081,0.0153,1.0144,-0.06,0.49,0.30,139123,130041,126088
38334960,0.3500,0.0525,-1.8375,0.0070,0.0142,1.0146,-0.06,0.49,0.30,139107,130040,126100
38355468,1.6975,0.1050,-1.9250,0.0054,0.0132,1.0147,-0.06,0.49,0.30,139105,130046,126121
38375000,2.0650,0.1400,-1.9950,0.0039,0.0129,1.0148,-0.06,0.49,0.30,139104,130057,126107
38395508,0.1750,0.1575,-2.0825,0.0023,0.0140,1.0152,-0.06,0.49,0.30,139111,130061,126088
38415040,-0.0175,0.2625,-2.0475,0.0010,0.0151,1.0155,-0.06,0.49,0.30,139121,130057,126088
38435544,0.6300,0.1225,-2.0650,0.0000,0.0156,1.0155,-0.06,0.49,0.30,139110,130061,126091
38455080,0.8575,0.1225,-1.9250,-0.0004,0.0160,1.0150,-0.06,0.49,0.30,139102,130060,126110
38475584,0.1400,0.1925,-1.9425,-0.0004,0.0166,1.0148,-0.06,0.49,0.30,139097,130064,126113
38495116,-0.1400,0.0525,-1.7325,0.0000,0.0168,1.0146,-0.06,0.49,0.30,139113,130066,126090
38515624,1.1375,0.0875,-1.5400,0.0000,0.0168,1.0153,-0.06,0.49,0.30,139120,130072,126082
38535156,1.4000,-0.0700,-1.4350,0.0000,0.0173,1.0159,-0.06,0.49,0.30,139114,130067,126106
38555664,0.7175,0.0175,-1.3300,0.0000,0.0178,1.0165,-0.06,0.49,0.30,139093,130073,126101
38575196,0.1750,0.0000,-1.1725,0.0002,0.0177,1.0172,-0.06,0.49,0.30,139095,130075,126106
38595704,0.5075,-0.1575,-0.9450,0.0004,0.0168,1.0180,-0.06,0.49,0.30,139114,130082,126084
38615232,1.7850,-0.3150,-0.7175,0.0005,0.0165,1.0185,-0.06,0.49,0.31,139117,130076,126071
38635744,1.9950,-0.4375,-0.5425,0.0001,0.0173,1.0182,-0.06,0.49,0.30,139106,130079,126088
38655272,1.4350,-0.5425,-0.4550,0.0001,0.0182,1.0175,-0.06,0.49,0.30,139094,130092,126084
38674804,1.1900,-0.6475,-0.2975,0.0001,0.0185,1.0169,-0.06,0.49,0.30,139094,130089,126101
38695312,2.0475,-0.7525,-0.2450,-0.0005,0.0192,1.0161,-0.06,0.49,0.30,139107,130085,126083
38714844,2.6425,-0.9100,-0.1400,-0.0010,0.0198,1.0150,-0.06,0.49,0.30,139115,130092,126076
38735352,1.7850,-1.0675,-0.0175,-0.0010,0.0207,1.0143,-0.06,0.49,0.30,139110,130094,126097
38754880,1.3650,-1.1025,-0.0175,-0.0016,0.0215,1.0141,-0.06,0.49,0.30,139095,130101,126093
38775392,0.9975,-1.2425,0.0350,-0.0020,0.0224,1.0135,-0.06,0.49,0.30,139101,130104,126097
38794920,0.1050,-1.2250,-0.0700,-0.0020,0.0234,1.0133,-0.06,0.49,0.30,139113,130099,126080
38815428,-1.3125,-1.1550,-0.0700,-0.0017,0.0240,1.0132,-0.06,0.49,0.31,139124,130092,126074
38834960,-1.8900,-1.1200,-0.1050,-0.0011,0.0234,1.0131,-0.06,0.49,0.30,139112,130093,126083
38855468,0.6125,-1.3125,-0.1925,0.0001,0.0209,1.0142,-0.06,0.49,0.30,139102,130097,126111
38875000,2.2050,-1.4350,-0.2100,0.0005,0.0200,1.0152,-0.06,0.49,0.30,139108,130101,126093
38895508,2.1350,-1.4175,-0.3500,0.0009,0.0205,1.0155,-0.06,0.49,0.30,139113,130100,126084
38915040,1.3125,-1.3300,-0.5425,0.0016,0.0212,1.0157,-0.06,0.49,0.30,139127,130093,126085
38935544,1.3300,-1.2775,-0.5950,0.0022,0.0215,1.0155,-0.06,0.49,0.30,139114,130100,126079
38955080,0.6825,-1.1900,-0.9275,0.0029,0.0217,1.0148,-0.06,0.49,0.30,139106,130102,126107
38975584,0.3150,-1.1550,-1.0850,0.0028,0.0220,1.0133,-0.06,0.49,0.30,139108,130110,126110
38995116,0.7000,-1.0325,-1.3300,0.0027,0.0218,1.0130,-0.06,0.49,0.30,139128,130103,126083
39015624,0.9275,-0.9975,-1.5050,0.0026,0.0218,1.0128,-0.06,0.49,0.30,139135,130105,126078
39035156,0.6125,-0.7700,-1.6275,0.0022,0.0221,1.0131,-0.06,0.49,0.30,139120,130106,126100
39055664,-0.2100,-0.7175,-1.8900,0.0017,0.0227,1.0133,-0.06,0.49,0.30,139116,130115,126111
39075196,-0.6300,-0.5600,-2.1000,0.0012,0.0224,1.0133,-0.06,0.49,0.30,139116,130105,126098
39095704,0.4200,-0.4375,-2.2050,0.0011,0.0215,1.0135,-0.06,0.49,0.31,139130,130110,126074
39115232,1.4525,-0.4375,-2.2400,0.0005,0.0216,1.0138,-0.06,0.49,0.31,139140,130118,126074
39135744,0.6650,-0.3325,-2.3975,0.0000,0.0224,1.0135,-0.06,0.49,0.30,139129,130121,126098
39155272,-0.5950,-0.1575,-2.4675,0.0001,0.0233,1.0131,-0.06,0.49,0.30,139118,130118,126092
39174804,-0.8400,-0.2100,-2.4500,0.0002,0.0232,1.0128,-0.06,0.49,0.30,139123,130123,126106
39195312,0.7175,-0.2275,-2.5200,0.0007,0.0226,1.0128,-0.06,0.49,0.30,139141,130127,126077
39214844,0.5425,-0.2275,-2.4150,0.0010,0.0229,1.0131,-0.06,0.49,0.31,139146,130120,126071
39235352,-1.2250,-0.0700,-2.4325,0.0011,0.0239,1.0131,-0.06,0.49,0.30,139132,130122,126081
39254880,-1.8375,-0.1050,-2.3275,0.0010,0.0240,1.0131,-0.06,0.49,0.30,139124,130141,126093
39275392,-0.7350,-0.1225,-2.3100,0.0005,0.0232,1.0136,-0.06,0.49,0.30,139125,130138,126084
39305664,0.5600,-0.1925,-2.0300,0.0000,0.0224,1.0147,-0.06,0.49,0.30,139129,130133,126103
39325196,0.0000,-0.1925,-1.9250,-0.0005,0.0228,1.0150,-0.06,0.49,0.30,139138,130135,126096
39345704,0.1400,-0.1925,-1.8375,-0.0011,0.0232,1.0149,-0.06,0.49,0.31,139141,130138,126066
39365232,0.1225,-0.2625,-1.7150,-0.0016,0.0237,1.0141,-0.06,0.49,0.30,139148,130131,126077
39385744,-0.8575,-0.3325,-1.5400,-0.0020,0.0242,1.0136,-0.06,0.49,0.30,139140,130140,126094
39405272,-1.4875,-0.4550,-1.4700,-0.0024,0.0242,1.0133,-0.06,0.49,0.30,139129,130140,126099
39424804,-0.7000,-0.6125,-1.1725,-0.0027,0.0229,1.0142,-0.06,0.49,0.30,139139,130140,126102
39445312,-0.3150,-0.7000,-1.0150,-0.0027,0.0221,1.0155,-0.06,0.49,0.30,139150,130142,126086
39464844,-0.0875,-0.7525,-0.8225,-0.0029,0.0215,1.0167,-0.06,0.49,0.30,139155,130135,126075
39485352,0.1925,-0.8750,-0.6125,-0.0027,0.0216,1.0174,-0.06,0.49,0.30,139139,130146,126105
39504880,0.5600,-1.0150,-0.4900,-0.0023,0.0217,1.0175,-0.06,0.49,0.30,139134,130138,126099
39525392,0.5075,-1.1375,-0.1225,-0.0021,0.0220,1.0171,-0.06,0.49,0.30,139133,130146,126107
39544920,0.8575,-1.2775,-0.0175,-0.0012,0.0220,1.0163,-0.06,0.49,0.30,139144,130142,126084
39565428,1.0500,-1.3475,0.1750,-0.0010,0.0220,1.0160,-0.06,0.49,0.30,139157,130143,126082
39584960,0.6475,-1.4350,0.2975,-0.0009,0.0221,1.0160,-0.06,0.49,0.30,139148,130136,126081
39605468,0.5775,-1.4525,0.4550,-0.0009,0.0217,1.0163,-0.06,0.49,0.30,139138,130143,126116
39625000,1.4525,-1.5400,0.5425,-0.0010,0.0217,1.0165,-0.06,0.49,0.30,139143,130143,126106
39645508,0.7175,-1.5050,0.5075,-0.0009,0.0220,1.0165,-0.06,0.49,0.30,139160,130137,126090
39665040,-0.4025,-1.4350,0.6125,-0.0007,0.0217,1.0164,-0.06,0.49,0.30,139161,130131,126088
39685544,0.2275,-1.4350,0.6125,-0.0010,0.0211,1.0164,-0.06,0.49,0.30,139154,130130,126105
39705080,1.7150,-1.4350,0.5425,-0.0009,0.0206,1.0165,-0.06,0.49,0.30,139143,130141,126116
39725584,2.0125,-1.4875,0.5250,-0.0006,0.0207,1.0165,-0.06,0.49,0.30,139146,130149,126101
39745116,1.5750,-1.3475,0.4375,-0.0005,0.0217,1.0160,-0.06,0.49,0.30,139156,130140,126094
39765624,0.7700,-1.2950,0.2800,0.0000,0.0222,1.0149,-0.06,0.49,0.30,139167,130131,126085
39785156,0.6125,-1.2600,0.2625,0.0000,0.0223,1.0143,-0.06,0.49,0.30,139153,130150,126110
39805664,0.4025,-1.1025,0.1750,0.0006,0.0224,1.0136,-0.06,0.49,0.30,139142,130153,126121
39825196,0.3500,-1.0675,0.1050,0.0012,0.0228,1.0133,-0.06,0.49,0.30,139146,130151,126111
39845704,0.2275,-0.9100,-0.0175,0.0018,0.0227,1.0132,-0.06,0.49,0.30,139163,130142,126094
39865232,-0.1925,-0.9450,-0.0525,0.0022,0.0229,1.0132,-0.06,0.49,0.30,139161,130139,126088
39885744,-0.5775,-0.7700,-0.2100,0.0022,0.0233,1.0137,-0.06,0.49,0.30,139154,130140,126107
39905272,-0.8575,-0.7000,-0.3325,0.0023,0.0229,1.0141,-0.06,0.49,0.30,139147,130135,126111
39924804,0.2975,-0.7000,-0.4025,0.0023,0.0221,1.0143,-0.06,0.49,0.30,139150,130143,126116
39945312,1.5050,-0.7175,-0.4725,0.0021,0.0216,1.0141,-0.06,0.49,0.30,139164,130144,126102
39964844,0.8925,-0.5600,-0.5775,0.0021,0.0222,1.0133,-0.06,0.49,0.30,139164,130140,126084
39985352,-0.7000,-0.3850,-0.6825,0.0024,0.0224,1.0133,-0.06,0.49,0.30,139156,130141,126093
40004880,0.1575,-0.4550,-0.7350,0.0027,0.0215,1.0149,-0.06,0.49,0.30,139149,130140,126118
40025392,1.1200,-0.3325,-0.8225,0.0024,0.0216,1.0157,-0.06,0.49,0.30,139146,130149,126111
40044920,0.4375,-0.2975,-0.8575,0.0026,0.0221,1.0158,-0.06,0.49,0.30,139154,130142,126089
40065428,-0.4550,-0.3150,-0.8575,0.0027,0.0221,1.0158,-0.06,0.49,0.30,139161,130135,126093
40084960,-0.5600,-0.3675,-0.9450,0.0026,0.0221,1.0153,-0.06,0.49,0.30,139154,130142,126099
40105468,-0.1575,-0.3675,-0.9100,0.0027,0.0222,1.0138,-0.06,0.49,0.30,139149,130148,126112
40125000,-0.4375,-0.4025,-1.0150,0.0027,0.0226,1.0133,-0.06,0.49,0.30,139152,130153,126106
40145508,-0.5425,-0.4025,-1.0150,0.0027,0.0227,1.0133,-0.06,0.49,0.30,139153,130146,126092
40165040,-0.5600,-0.4550,-1.0675,0.0027,0.0226,1.0133,-0.06,0.49,0.30,139169,130139,126090
40185544,-0.5250,-0.4725,-1.0500,0.0031,0.0222,1.0136,-0.06,0.49,0.30,139150,130138,126107
40205080,-1.4350,-0.4375,-1.0500,0.0033,0.0222,1.0141,-0.06,0.49,0.30,139148,130144,126125
40225584,-0.5250,-0.5425,-1.1025,0.0024,0.0212,1.0155,-0.06,0.49,0.30,139153,130141,126106
40245116,0.3325,-0.5950,-1.1725,0.0024,0.0203,1.0158,-0.06,0.49,0.30,139161,130133,126090
40265624,0.9800,-0.6300,-1.1375,0.0020,0.0198,1.0158,-0.06,0.49,0.30,139167,130138,126081
40285156,0.5775,-0.6475,-1.2600,0.0013,0.0201,1.0153,-0.06,0.49,0.30,139163,130132,126099
40315428,-0.1050,-0.7350,-1.3300,0.0005,0.0206,1.0143,-0.06,0.49,0.30,139170,130135,126093
40334960,-0.5600,-0.7175,-1.2775,0.0005,0.0212,1.0141,-0.06,0.49,0.30,139162,130137,126106
40355468,-0.2275,-0.7525,-1.2600,0.0010,0.0210,1.0146,-0.06,0.49,0.30,139149,130142,126120
40375000,-0.4900,-0.7700,-1.1900,0.0016,0.0204,1.0155,-0.06,0.49,0.30,139152,130147,126111
40395508,0.0875,-0.8400,-1.1725,0.0017,0.0196,1.0170,-0.06,0.49,0.30,139170,130138,126092
40415040,1.2950,-0.8400,-1.1200,0.0015,0.0193,1.0177,-0.06,0.49,0.30,139179,130145,126093
40435544,2.2400,-0.8925,-1.0675,0.0011,0.0196,1.0175,-0.06,0.49,0.30,139175,130154,126097
40455080,0.2275,-0.8925,-0.9100,0.0018,0.0203,1.0157,-0.06,0.49,0.30,139154,130144,126128
40475584,-0.6125,-0.8225,-0.8225,0.0018,0.0205,1.0150,-0.06,0.49,0.30,139165,130163,126121
40495116,-0.3325,-0.9100,-0.7525,0.0013,0.0207,1.0146,-0.06,0.49,0.30,139177,130156,126097
40515624,0.4725,-0.9625,-0.6650,0.0010,0.0207,1.0141,-0.06,0.49,0.30,139182,130160,126089
40535156,0.8225,-0.9975,-0.6125,0.0006,0.0209,1.0138,-0.06,0.49,0.30,139175,130156,126107
40555664,0.2275,-0.9625,-0.5250,0.0000,0.0214,1.0136,-0.06,0.49,0.30,139162,130157,126127
40575196,-1.2250,-0.9625,-0.4550,-0.0004,0.0215,1.0138,-0.06,0.49,0.30,139167,130149,126101
40595704,-0.6475,-1.0325,-0.4375,-0.0007,0.0209,1.0143,-0.06,0.49,0.30,139179,130155,126095
40615232,0.8050,-1.0850,-0.2800,-0.0009,0.0199,1.0149,-0.06,0.50,0.30,139185,130157,126095
40635744,0.9625,-1.1025,-0.2100,-0.0007,0.0199,1.0150,-0.06,0.49,0.30,139172,130165,126106
40655272,-0.0700,-1.1375,-0.1925,-0.0004,0.0205,1.0148,-0.06,0.49,0.30,139167,130151,126119
40674804,-1.0500,-1.1725,-0.0875,0.0004,0.0214,1.0144,-0.06,0.49,0.30,139166,130155,126108
40695312,-1.0325,-1.2250,0.0350,0.0015,0.0216,1.0148,-0.06,0.50,0.30,139184,130138,126102
40714844,-0.2625,-1.2950,0.1225,0.0022,0.0206,1.0153,-0.06,0.50,0.30,139190,130137,126093
40735352,0.4375,-1.2775,0.1400,0.0027,0.0198,1.0161,-0.06,0.49,0.30,139180,130151,126103
40754880,0.5075,-1.2600,0.2450,0.0029,0.0192,1.0167,-0.06,0.49,0.30,139171,130151,126119
40775392,0.5075,-1.2950,0.2800,0.0032,0.0190,1.0167,-0.06,0.49,0.30,139172,130151,126121
40794920,0.5250,-1.2425,0.2625,0.0032,0.0194,1.0161,-0.06,0.50,0.30,139192,130145,126103
40815428,-0.3325,-1.2600,0.2275,0.0035,0.0198,1.0148,-0.06,0.50,0.30,139196,130132,126094
40834960,-0.1750,-1.3125,0.1925,0.0039,0.0185,1.0148,-0.06,0.50,0.30,139187,130139,126124
40855468,1.4000,-1.3125,0.2100,0.0034,0.0176,1.0159,-0.06,0.49,0.30,139178,130148,126136
40875000,2.0825,-1.2250,0.1400,0.0033,0.0168,1.0170,-0.06,0.49,0.30,139177,130149,126134
40895508,1.5925,-1.1550,0.0000,0.0033,0.0166,1.0177,-0.06,0.50,0.30,139194,130153,126101
40915040,0.8750,-1.0675,-0.2100,0.0034,0.0170,1.0175,-0.06,0.50,0.30,139196,130149,126114
40935544,0.3850,-1.0500,-0.3850,0.0039,0.0176,1.0165,-0.06,0.50,0.30,139195,130148,126110
40955080,0.2450,-0.8925,-0.5075,0.0041,0.0181,1.0155,-0.06,0.49,0.30,139176,130166,126128
40975584,0.6300,-0.9100,-0.5950,0.0044,0.0182,1.0148,-0.06,0.50,0.30,139183,130151,126132
40995116,0.7525,-0.8225,-0.8050,0.0046,0.0187,1.0138,-0.06,0.50,0.30,139191,130153,126119
41015624,-0.1575,-0.7875,-0.9625,0.0050,0.0190,1.0136,-0.06,0.50,0.30,139200,130151,126108
41035156,-0.3500,-0.8400,-1.2075,0.0048,0.0193,1.0138,-0.06,0.50,0.30,139187,130150,126128
41055664,0.2275,-0.8750,-1.3300,0.0045,0.0192,1.0141,-0.06,0.49,0.30,139181,130147,126134
41075196,0.4900,-0.8925,-1.4350,0.0041,0.0195,1.0142,-0.06,0.50,0.30,139184,130153,126121
41095704,-0.6125,-0.8575,-1.5925,0.0039,0.0201,1.0137,-0.06,0.50,0.30,139208,130152,126107
41115232,-1.5050,-0.9800,-1.6450,0.0039,0.0203,1.0128,-0.06,0.50,0.30,139207,130147,126119
41135744,-0.6825,-1.0150,-1.7500,0.0038,0.0196,1.0122,-0.06,0.50,0.30,139203,130158,126133
41155272,-0.5250,-1.1200,-1.6975,0.0040,0.0190,1.0126,-0.06,0.50,0.30,139193,130156,126141
41174804,-1.0150,-1.1200,-1.6975,0.0044,0.0185,1.0141,-0.06,0.50,0.30,139195,130158,126138
41195312,-0.8575,-1.1200,-1.6450,0.0045,0.0178,1.0159,-0.06,0.50,0.30,139216,130151,126124
41214844,0.6300,-1.1550,-1.5750,0.0049,0.0171,1.0176,-0.06,0.50,0.30,139216,130156,126110
41235352,1.9250,-1.2775,-1.4350,0.0059,0.0161,1.0189,-0.06,0.50,0.30,139215,130155,126132
41254880,2.0650,-1.3650,-1.4000,0.0062,0.0162,1.0194,-0.06,0.50,0.30,139205,130166,126138
41275392,1.3825,-1.2950,-1.3650,0.0066,0.0170,1.0185,-0.05,0.50,0.30,139206,130181,126139
41294920,1.8550,-1.3475,-1.2950,0.0068,0.0171,1.0170,-0.05,0.50,0.30,139225,130173,126121
41325196,1.5750,-1.4000,-1.2425,0.0071,0.0187,1.0147,-0.05,0.50,0.30,139218,130177,126147
41345704,-0.1225,-1.4175,-1.2250,0.0071,0.0200,1.0139,-0.05,0.50,0.30,139233,130180,126128
41365232,-1.5575,-1.3125,-1.2600,0.0067,0.0210,1.0138,-0.06,0.50,0.30,139232,130168,126112
41385744,-1.1200,-1.3475,-1.2600,0.0062,0.0204,1.0142,-0.06,0.50,0.30,139227,130167,126137
41405272,0.4725,-1.3825,-1.2600,0.0062,0.0190,1.0147,-0.05,0.50,0.30,139224,130171,126152
41424804,1.1200,-1.2600,-1.1900,0.0062,0.0184,1.0150,-0.05,0.50,0.30,139229,130182,126143
41445312,0.5075,-1.2775,-1.2425,0.0065,0.0188,1.0150,-0.05,0.50,0.30,139237,130178,126133
41464844,0.5600,-1.1550,-1.1200,0.0067,0.0189,1.0150,-0.05,0.50,0.30,139246,130179,126121
41485352,1.6975,-1.1725,-1.1200,0.0074,0.0190,1.0153,-0.05,0.50,0.30,139234,130177,126124
41504880,0.2100,-0.9975,-0.9800,0.0081,0.0199,1.0148,-0.05,0.50,0.30,139232,130188,126151
41525392,-1.4350,-0.9275,-0.8925,0.0084,0.0207,1.0141,-0.05,0.50,0.30,139231,130175,126150
41544920,-1.0500,-0.8050,-0.7875,0.0088,0.0203,1.0135,-0.05,0.50,0.30,139242,130174,126136
41565428,0.5950,-0.8750,-0.6300,0.0088,0.0195,1.0136,-0.05,0.50,0.30,139257,130183,126121
41584960,0.6650,-0.7000,-0.6125,0.0084,0.0194,1.0141,-0.05,0.50,0.30,139246,130185,126124
41605468,-0.9800,-0.5250,-0.4550,0.0076,0.0198,1.0147,-0.05,0.50,0.30,139230,130183,126165
41625000,-0.1575,-0.4375,-0.3325,0.0071,0.0195,1.0152,-0.05,0.50,0.30,139236,130186,126148
41645508,1.4000,-0.3850,-0.2100,0.0066,0.0190,1.0154,-0.05,0.50,0.30,139238,130172,126130
41665040,1.4700,-0.4550,-0.1050,0.0065,0.0188,1.0153,-0.05,0.50,0.30,139249,130182,126122
41685544,-0.0175,-0.3150,-0.0350,0.0066,0.0193,1.0150,-0.06,0.50,0.30,139237,130170,126138
41705080,-1.1025,-0.2450,0.0700,0.0070,0.0196,1.0149,-0.05,0.50,0.30,139222,130187,126158
41725584,0.0525,-0.2100,0.2625,0.0074,0.0195,1.0147,-0.05,0.50,0.30,139222,130176,126149
41745116,0.4725,-0.1925,0.2975,0.0078,0.0198,1.0141,-0.05,0.50,0.30,139233,130179,126139
41765624,-0.3850,-0.1925,0.3150,0.0083,0.0204,1.0133,-0.05,0.50,0.30,139241,130175,126129
41785156,-1.2250,-0.1925,0.3850,0.0085,0.0210,1.0130,-0.06,0.50,0.30,139227,130167,126147
41805664,-1.7325,-0.1050,0.3850,0.0088,0.0209,1.0126,-0.06,0.50,0.30,139219,130170,126159
41825196,-1.3650,-0.0700,0.3500,0.0085,0.0203,1.0126,-0.06,0.50,0.30,139223,130157,126166
41845704,-1.1375,-0.1925,0.2800,0.0079,0.0189,1.0136,-0.06,0.50,0.30,139238,130151,126127
41865232,-0.9450,-0.1400,0.1575,0.0078,0.0173,1.0146,-0.06,0.50,0.30,139230,130148,126136
41885744,0.0525,-0.2100,0.1050,0.0076,0.0162,1.0158,-0.06,0.50,0.30,139216,130152,126138
41905272,0.8400,-0.1925,-0.0350,0.0073,0.0157,1.0167,-0.06,0.50,0.30,139208,130158,126151
41924804,0.7175,-0.2450,-0.1575,0.0070,0.0157,1.0172,-0.06,0.50,0.30,139210,130161,126155
41945312,0.6475,-0.3500,-0.2450,0.0072,0.0157,1.0164,-0.06,0.50,0.30,139225,130164,126125
41964844,0.7000,-0.3325,-0.2975,0.0078,0.0159,1.0153,-0.06,0.50,0.30,139230,130163,126127
41985352,-0.2625,-0.3675,-0.4375,0.0083,0.0163,1.0148,-0.06,0.50,0.30,139215,130155,126134
42004880,-1.3125,-0.4025,-0.5075,0.0084,0.0166,1.0150,-0.06,0.50,0.30,139209,130156,126164
42025392,-0.7525,-0.5075,-0.6650,0.0085,0.0159,1.0158,-0.06,0.50,0.30,139204,130156,126141
42044920,0.8050,-0.5775,-0.6825,0.0085,0.0153,1.0165,-0.06,0.50,0.30,139217,130156,126133
42065428,0.3500,-0.5950,-0.8050,0.0085,0.0155,1.0163,-0.06,0.50,0.30,139225,130161,126116
42084960,-0.7350,-0.6650,-0.8750,0.0090,0.0153,1.0160,-0.06,0.50,0.30,139217,130152,126141
42105468,0.8750,-0.7000,-0.8925,0.0083,0.0145,1.0164,-0.06,0.50,0.30,139204,130162,126143
42125000,2.3100,-0.8225,-0.9275,0.0074,0.0142,1.0163,-0.06,0.50,0.30,139210,130169,126132
42145508,1.7325,-0.7875,-1.0850,0.0071,0.0149,1.0158,-0.05,0.50,0.30,139227,130174,126125
42165040,-0.1050,-0.8050,-1.1900,0.0070,0.0156,1.0148,-0.06,0.50,0.30,139221,130165,126121
42185544,-0.4725,-0.7875,-1.1375,0.0072,0.0151,1.0146,-0.06,0.50,0.30,139217,130162,126130
42205080,1.0500,-0.7700,-1.1725,0.0067,0.0149,1.0152,-0.05,0.50,0.30,139213,130180,126151
42225584,1.2775,-0.8400,-1.2250,0.0065,0.0154,1.0154,-0.05,0.50,0.30,139216,130175,126142
42245116,0.4550,-0.8750,-1.2075,0.0065,0.0159,1.0153,-0.06,0.50,0.30,139224,130166,126138
42265624,0.1750,-0.7700,-1.2425,0.0063,0.0162,1.0149,-0.06,0.50,0.30,139233,130168,126125
42285156,0.0700,-0.7525,-1.2600,0.0065,0.0163,1.0146,-0.05,0.50,0.30,139221,130176,126149
42305664,-0.8050,-0.8400,-1.1725,0.0062,0.0168,1.0146,-0.05,0.50,0.30,139222,130184,126159
42335936,-0.1400,-0.7525,-1.1900,0.0061,0.0161,1.0150,-0.05,0.50,0.30,139224,130174,126130
42356444,1.2950,-0.8050,-1.1200,0.0055,0.0156,1.0155,-0.05,0.50,0.30,139208,130184,126154
42375976,1.3125,-0.7700,-1.1200,0.0051,0.0155,1.0157,-0.05,0.50,0.30,139227,130187,126126
42396484,0.1575,-0.7350,-1.1375,0.0051,0.0157,1.0153,-0.05,0.50,0.30,139236,130176,126107
42416016,0.0350,-0.7700,-1.0325,0.0049,0.0162,1.0153,-0.05,0.50,0.30,139238,130172,126130
42436524,0.0525,-0.7350,-1.0150,0.0052,0.0161,1.0150,-0.05,0.50,0.30,139223,130176,126149
42456056,0.7000,-0.8400,-0.8400,0.0051,0.0161,1.0153,-0.05,0.50,0.30,139222,130186,126146
42476560,0.7700,-0.7350,-0.8400,0.0052,0.0161,1.0153,-0.05,0.50,0.30,139226,130184,126135
42496092,0.6475,-0.7875,-0.6825,0.0051,0.0163,1.0153,-0.05,0.50,0.30,139243,130189,126126
42516600,-0.2800,-0.8050,-0.5950,0.0055,0.0170,1.0146,-0.05,0.50,0.30,139236,130187,126119
42536132,-0.6825,-0.7875,-0.5775,0.0054,0.0171,1.0143,-0.05,0.50,0.30,139229,130175,126142
42556640,0.1050,-0.8400,-0.5250,0.0046,0.0167,1.0146,-0.05,0.50,0.30,139220,130179,126152
42576172,0.6300,-0.8400,-0.4550,0.0041,0.0167,1.0144,-0.05,0.50,0.30,139228,130182,126138
42596680,0.1050,-0.8750,-0.4375,0.0038,0.0166,1.0146,-0.05,0.50,0.30,139242,130180,126120
42616208,-0.4200,-0.9450,-0.2800,0.0031,0.0179,1.0143,-0.05,0.50,0.30,139243,130177,126129
42636720,-0.5775,-0.9975,-0.2100,0.0035,0.0171,1.0144,-0.06,0.50,0.30,139234,130166,126151
42656248,0.1050,-1.0150,-0.0875,0.0033,0.0173,1.0146,-0.05,0.50,0.30,139226,130177,126158
42676756,-0.2975,-1.1375,0.0525,0.0045,0.0168,1.0144,-0.05,0.50,0.30,139236,130182,126146
42696288,-0.5250,-1.2075,0.2275,0.0051,0.0167,1.0147,-0.06,0.50,0.30,139246,130168,126136
42715820,-0.8400,-1.1900,0.3850,0.0061,0.0161,1.0153,-0.06,0.50,0.30,139244,130162,126123
42736328,2.3275,-1.3650,0.5425,0.0071,0.0144,1.0176,-0.05,0.50,0.30,139231,130176,126154
42755860,2.6075,-1.2250,0.6300,0.0072,0.0148,1.0180,-0.06,0.50,0.30,139232,130169,126152
42776368,0.7525,-1.1900,0.6475,0.0073,0.0161,1.0172,-0.05,0.50,0.30,139232,130176,126154
42795896,-1.2250,-1.2425,0.5775,0.0079,0.0163,1.0160,-0.06,0.50,0.30,139242,130168,126141
42816408,0.0350,-1.2600,0.7350,0.0079,0.0151,1.0153,-0.06,0.50,0.30,139248,130168,126146
42835936,2.1000,-1.2775,0.7175,0.0076,0.0144,1.0148,-0.05,0.50,0.30,139237,130178,126159
42856444,1.4175,-1.2425,0.6825,0.0067,0.0160,1.0138,-0.05,0.50,0.30,139229,130174,126169
42875976,-1.1375,-1.0675,0.5950,0.0066,0.0171,1.0133,-0.06,0.50,0.30,139232,130167,126153
42896484,-2.2575,-1.0150,0.5425,0.0065,0.0176,1.0133,-0.06,0.50,0.30,139246,130160,126138
42916016,-1.0150,-0.9100,0.4725,0.0061,0.0166,1.0137,-0.06,0.50,0.30,139247,130162,126154
42936524,0.5600,-0.9450,0.4550,0.0059,0.0159,1.0142,-0.06,0.50,0.30,139237,130166,126156
42956056,0.3150,-0.8750,0.3675,0.0061,0.0154,1.0143,-0.06,0.50,0.30,139231,130166,126177
42976560,-0.4900,-0.8750,0.4025,0.0068,0.0149,1.0152,-0.06,0.50,0.30,139236,130168,126164
42996092,0.6300,-0.9450,0.4025,0.0070,0.0146,1.0159,-0.06,0.50,0.30,139250,130166,126146
43016600,1.1900,-0.8750,0.3150,0.0076,0.0146,1.0160,-0.06,0.50,0.30,139236,130162,126146
43036132,0.4200,-0.8750,0.3150,0.0085,0.0149,1.0158,-0.06,0.50,0.30,139233,130158,126164
43056640,-0.4550,-0.7700,0.2275,0.0092,0.0153,1.0155,-0.06,0.50,0.30,139224,130162,126167
43076172,-1.2075,-0.7350,0.2275,0.0100,0.0154,1.0150,-0.06,0.50,0.30,139241,130151,126158
43096680,0.0525,-0.7175,0.1925,0.0105,0.0145,1.0149,-0.06,0.50,0.30,139242,130142,126141
43116208,1.5400,-0.8400,0.1925,0.0102,0.0140,1.0152,-0.06,0.50,0.30,139247,130157,126158
43136720,1.7150,-0.7875,0.0700,0.0096,0.0144,1.0147,-0.06,0.50,0.30,139231,130164,126151
43156248,0.1925,-0.7875,0.0350,0.0095,0.0149,1.0142,-0.06,0.50,0.30,139228,130149,126158
43176756,-1.3300,-0.6825,-0.0700,0.0094,0.0151,1.0143,-0.06,0.50,0.30,139234,130149,126158
43196288,-0.1575,-0.6825,-0.1750,0.0090,0.0138,1.0153,-0.06,0.50,0.30,139238,130148,126149
43215820,1.1375,-0.7525,-0.2625,0.0085,0.0129,1.0159,-0.06,0.50,0.30,139246,130151,126129
43236328,1.2775,-0.7525,-0.2975,0.0081,0.0132,1.0160,-0.06,0.50,0.30,139230,130153,126155
43255860,0.4900,-0.6825,-0.4200,0.0083,0.0142,1.0155,-0.06,0.50,0.30,139230,130152,126167
43276368,-0.7700,-0.6825,-0.4550,0.0088,0.0149,1.0150,-0.06,0.50,0.30,139229,130155,126147
43295896,-1.5400,-0.6475,-0.4725,0.0093,0.0153,1.0148,-0.06,0.50,0.30,139243,130141,126148
43316408,-0.7350,-0.7700,-0.5425,0.0102,0.0139,1.0149,-0.06,0.50,0.30,139244,130141,126140
43346680,1.1900,-0.8575,-0.5425,0.0105,0.0135,1.0155,-0.06,0.50,0.30,139245,130143,126140
43366208,0.6300,-0.7875,-0.6125,0.0111,0.0139,1.0154,-0.06,0.50,0.30,139245,130152,126141
43386720,0.0175,-0.7700,-0.5950,0.0113,0.0142,1.0153,-0.06,0.50,0.30,139233,130132,126154
43406248,0.1050,-0.7525,-0.7000,0.0110,0.0142,1.0154,-0.06,0.50,0.30,139229,130155,126176
43426756,0.0000,-0.8225,-0.7175,0.0111,0.0129,1.0155,-0.06,0.50,0.30,139234,130152,126164
43446288,0.3500,-0.8400,-0.7350,0.0107,0.0123,1.0159,-0.06,0.50,0.30,139250,130149,126147
43465820,0.9800,-0.8225,-0.7875,0.0099,0.0121,1.0160,-0.06,0.50,0.30,139245,130152,126141
43486328,0.9275,-0.7875,-0.7525,0.0095,0.0126,1.0158,-0.06,0.50,0.30,139242,130160,126162
43505860,0.3325,-0.7525,-0.8225,0.0090,0.0134,1.0153,-0.06,0.50,0.30,139233,130162,126154
43526368,-0.0350,-0.8050,-0.8225,0.0087,0.0137,1.0147,-0.06,0.50,0.30,139242,130156,126146
43545896,0.3150,-0.7525,-0.8400,0.0089,0.0137,1.0141,-0.06,0.50,0.30,139249,130163,126132
43566408,-0.2625,-0.7700,-0.7175,0.0090,0.0139,1.0139,-0.06,0.50,0.30,139245,130151,126140
43585936,-0.7000,-0.7525,-0.7875,0.0090,0.0144,1.0143,-0.06,0.50,0.30,139240,130157,126155
43606444,-0.6475,-0.7350,-0.7350,0.0090,0.0144,1.0150,-0.06,0.50,0.30,139234,130163,126166
43625976,-0.3850,-0.7000,-0.6650,0.0093,0.0143,1.0158,-0.06,0.50,0.30,139240,130162,126156
43646484,0.1225,-0.7525,-0.6475,0.0096,0.0134,1.0164,-0.06,0.50,0.30,139257,130152,126151
43666016,1.9425,-0.8750,-0.5250,0.0095,0.0124,1.0170,-0.06,0.50,0.30,139257,130162,126138
43686524,2.5725,-0.8575,-0.4025,0.0098,0.0124,1.0170,-0.06,0.50,0.30,139239,130160,126156
43706056,1.2775,-0.7875,-0.3150,0.0102,0.0132,1.0165,-0.06,0.50,0.30,139231,130167,126173
43726560,-0.7000,-0.7525,-0.2450,0.0102,0.0145,1.0158,-0.05,0.50,0.30,139244,130171,126147
43746092,-1.9075,-0.7700,-0.1225,0.0098,0.0153,1.0149,-0.06,0.50,0.30,139255,130159,126153
43766600,-0.3850,-0.8225,0.0525,0.0094,0.0149,1.0144,-0.06,0.50,0.30,139257,130149,126153
43786132,1.4000,-0.9275,0.1750,0.0092,0.0138,1.0146,-0.06,0.50,0.30,139245,130161,126160
43806640,1.6275,-0.9275,0.3500,0.0090,0.0134,1.0148,-0.06,0.50,0.30,139236,130164,126175
43826172,0.0000,-0.8925,0.3850,0.0090,0.0138,1.0150,-0.06,0.50,0.30,139240,130164,126159
43846680,-0.6650,-0.9275,0.5425,0.0088,0.0139,1.0157,-0.06,0.50,0.30,139262,130146,126141
43866208,0.5950,-0.8400,0.5775,0.0083,0.0135,1.0163,-0.06,0.50,0.30,139252,130147,126155
43886720,1.1900,-1.1025,0.7000,0.0084,0.0137,1.0158,-0.06,0.50,0.30,139237,130160,126162
43906248,-0.0875,-1.0325,0.7350,0.0088,0.0143,1.0150,-0.06,0.50,0.30,139237,130151,126171
43926756,-0.5425,-0.9975,0.7000,0.0088,0.0145,1.0146,-0.06,0.50,0.30,139241,130148,126157
43946288,-0.4375,-1.0150,0.7350,0.0090,0.0146,1.0143,-0.06,0.50,0.30,139255,130142,126151
43965820,-0.2275,-1.1025,0.7175,0.0094,0.0145,1.0144,-0.06,0.50,0.30,139256,130155,126150
43986328,-0.2275,-1.0150,0.7175,0.0099,0.0143,1.0150,-0.06,0.50,0.30,139246,130144,126164
44005860,0.6125,-1.0325,0.7525,0.0102,0.0138,1.0157,-0.06,0.50,0.30,139228,130147,126171
44026368,0.4550,-1.0325,0.6825,0.0113,0.0137,1.0157,-0.06,0.50,0.30,139241,130141,126166
44045896,0.3500,-1.1375,0.6300,0.0122,0.0131,1.0158,-0.06,0.50,0.30,139256,130142,126144
44066408,1.0850,-1.0850,0.5425,0.0124,0.0126,1.0160,-0.06,0.50,0.30,139245,130124,126146
44085936,0.9975,-1.0325,0.4725,0.0124,0.0123,1.0163,-0.06,0.50,0.30,139237,130143,126163
44106444,0.3850,-1.0325,0.3150,0.0123,0.0127,1.0163,-0.06,0.50,0.30,139228,130142,126185
44125976,0.9275,-1.0150,0.1925,0.0121,0.0127,1.0155,-0.06,0.50,0.30,139243,130142,126167
44146484,0.8575,-0.9800,0.0175,0.0122,0.0126,1.0149,-0.06,0.50,0.30,139252,130135,126158
44166016,0.5075,-0.9275,-0.0350,0.0115,0.0129,1.0148,-0.06,0.50,0.30,139256,130142,126154
44186524,-0.7000,-0.8750,-0.1925,0.0115,0.0131,1.0147,-0.06,0.50,0.30,139242,130137,126181
44206056,-0.2625,-0.7700,-0.2975,0.0109,0.0132,1.0150,-0.06,0.50,0.30,139237,130144,126196
44226560,0.4550,-0.7875,-0.4725,0.0112,0.0128,1.0148,-0.06,0.50,0.30,139242,130142,126180
44246092,0.5250,-0.7000,-0.4900,0.0112,0.0135,1.0146,-0.06,0.50,0.30,139260,130138,126157
44266600,-0.4375,-0.6650,-0.5250,0.0118,0.0139,1.0142,-0.06,0.50,0.30,139249,130142,126157
44286132,-1.0325,-0.6650,-0.4900,0.0121,0.0144,1.0142,-0.06,0.50,0.30,139249,130131,126176
44306640,-1.3300,-0.7525,-0.5950,0.0129,0.0138,1.0146,-0.06,0.50,0.30,139232,130138,126177
44326172,-0.4025,-0.7175,-0.5600,0.0133,0.0129,1.0155,-0.06,0.50,0.30,139248,130137,126174
44356444,1.6100,-0.8750,-0.4550,0.0135,0.0116,1.0170,-0.06,0.50,0.30,139238,130147,126176
44375976,1.4700,-0.8575,-0.3850,0.0137,0.0116,1.0172,-0.06,0.50,0.30,139248,130137,126176
44396484,0.6475,-0.9275,-0.4200,0.0137,0.0118,1.0171,-0.06,0.50,0.30,139263,130139,126150
44416016,0.4375,-0.8925,-0.4375,0.0132,0.0120,1.0170,-0.06,0.50,0.30,139258,130148,126149
44436524,0.8925,-0.8925,-0.4025,0.0127,0.0120,1.0165,-0.06,0.50,0.30,139248,130146,126172
44456056,1.1725,-0.8225,-0.4375,0.0122,0.0124,1.0157,-0.06,0.50,0.30,139239,130152,126180
44476560,-0.2450,-0.8750,-0.4550,0.0120,0.0139,1.0144,-0.06,0.50,0.30,139244,130146,126170
44496092,-1.1025,-0.8750,-0.4725,0.0117,0.0144,1.0139,-0.06,0.50,0.30,139255,130133,126158
44516600,-1.0500,-0.9100,-0.3850,0.0120,0.0142,1.0137,-0.06,0.50,0.30,139260,130137,126161
44536132,-0.1050,-0.9800,-0.3500,0.0120,0.0134,1.0138,-0.06,0.50,0.30,139251,130130,126170
44556640,0.3850,-1.0500,-0.2625,0.0120,0.0133,1.0143,-0.06,0.50,0.30,139248,130137,126189
44576172,-0.2275,-1.1025,-0.1750,0.0122,0.0137,1.0154,-0.06,0.50,0.30,139248,130132,126178
44596680,0.1400,-1.1200,-0.1925,0.0124,0.0137,1.0160,-0.06,0.50,0.30,139265,130134,126159
44616208,0.4200,-1.1725,-0.1575,0.0127,0.0134,1.0160,-0.06,0.50,0.30,139267,130135,126163
44636720,0.0175,-1.0850,-0.0875,0.0128,0.0135,1.0155,-0.06,0.50,0.30,139253,130139,126179
44656248,-0.8400,-1.1200,-0.0700,0.0132,0.0134,1.0154,-0.06,0.50,0.30,139249,130133,126189
44676756,-0.7175,-1.1725,-0.0175,0.0137,0.0129,1.0157,-0.06,0.50,0.30,139257,130132,126185
44696288,1.9075,-1.1375,0.1050,0.0145,0.0118,1.0161,-0.06,0.50,0.30,139269,130132,126175
44715820,1.9600,-1.1375,0.1400,0.0149,0.0120,1.0165,-0.06,0.50,0.30,139265,130132,126164
44736328,0.8400,-1.0500,0.1050,0.0150,0.0122,1.0165,-0.06,0.50,0.30,139256,130133,126189
44755860,0.5425,-1.1200,0.1575,0.0151,0.0122,1.0165,-0.06,0.50,0.30,139251,130138,126193
44776368,1.4525,-0.9625,0.1925,0.0151,0.0116,1.0165,-0.06,0.50,0.30,139259,130135,126200
44795896,1.9250,-0.9975,0.1400,0.0149,0.0117,1.0163,-0.06,0.50,0.30,139267,130140,126167
44816408,0.5950,-0.8050,0.1050,0.0145,0.0131,1.0148,-0.06,0.50,0.30,139265,130130,126167
44835936,-0.7350,-0.7525,-0.0175,0.0142,0.0138,1.0137,-0.06,0.50,0.30,139260,130135,126181
44856444,-0.8400,-0.6300,-0.0875,0.0138,0.0142,1.0130,-0.06,0.50,0.30,139250,130136,126196
44875976,-0.5075,-0.6300,-0.0875,0.0134,0.0145,1.0126,-0.06,0.50,0.30,139254,130132,126178
44896484,-1.1725,-0.5600,-0.1400,0.0133,0.0150,1.0126,-0.06,0.50,0.30,139267,130126,126170
44916016,-2.3450,-0.5250,-0.1225,0.0137,0.0150,1.0130,-0.06,0.50,0.30,139272,130126,126188
44936524,-0.5425,-0.4900,-0.0525,0.0142,0.0132,1.0147,-0.06,0.50,0.30,139251,130124,126196
44956056,1.3475,-0.5950,-0.0700,0.0144,0.0118,1.0158,-0.06,0.50,0.30,139244,130126,126188
44976560,1.4875,-0.5425,0.0525,0.0146,0.0113,1.0164,-0.06,0.50,0.30,139250,130127,126174
44996092,0.6475,-0.5600,0.0350,0.0146,0.0115,1.0166,-0.06,0.50,0.30,139268,130127,126163
45016600,0.4375,-0.5250,0.0350,0.0146,0.0117,1.0164,-0.06,0.50,0.30,139260,130123,126171
45036132,0.7175,-0.5075,-0.0175,0.0145,0.0117,1.0159,-0.06,0.50,0.30,139248,130128,126183
45056640,0.7700,-0.6300,0.0875,0.0145,0.0120,1.0153,-0.06,0.50,0.30,139243,130128,126204
45076172,0.5775,-0.6125,-0.0175,0.0146,0.0120,1.0150,-0.06,0.50,0.30,139253,130116,126185
45096680,0.2100,-0.6125,0.0350,0.0146,0.0122,1.0149,-0.06,0.50,0.30,139262,130126,126172
45116208,-0.0350,-0.5775,0.0350,0.0145,0.0126,1.0152,-0.06,0.50,0.30,139266,130129,126171
45136720,0.0525,-0.6300,-0.0175,0.0149,0.0124,1.0155,-0.06,0.50,0.30,139260,130129,126179
45156248,0.9100,-0.5425,-0.0700,0.0149,0.0117,1.0161,-0.06,0.50,0.30,139248,130140,126190
45176756,0.9625,-0.6300,-0.0875,0.0145,0.0115,1.0165,-0.06,0.50,0.30,139253,130132,126175
45196288,0.2800,-0.5075,-0.1575,0.0140,0.0120,1.0160,-0.06,0.50,0.30,139265,130123,126158
45215820,-0.2625,-0.4725,-0.2100,0.0144,0.0120,1.0148,-0.06,0.50,0.30,139259,130122,126159
45236328,0.3850,-0.5425,-0.2625,0.0145,0.0115,1.0148,-0.06,0.50,0.30,139246,130127,126189
45255860,1.0325,-0.5425,-0.3675,0.0140,0.0120,1.0150,-0.06,0.50,0.30,139245,130132,126188
45276368,-0.1050,-0.5250,-0.4375,0.0139,0.0131,1.0149,-0.06,0.50,0.30,139254,130136,126183
45295896,-0.5950,-0.4725,-0.4550,0.0144,0.0129,1.0148,-0.06,0.50,0.30,139259,130134,126162
45316408,-0.9975,-0.4550,-0.5600,0.0150,0.0123,1.0149,-0.06,0.50,0.30,139259,130131,126161
45335936,-0.6125,-0.5075,-0.5250,0.0154,0.0116,1.0157,-0.06,0.50,0.30,139253,130132,126172
45366208,1.0325,-0.5425,-0.6300,0.0157,0.0107,1.0169,-0.06,0.50,0.30,139256,130131,126163
45386720,2.1875,-0.5425,-0.6650,0.0160,0.0107,1.0170,-0.06,0.50,0.30,139248,130135,126181
45406248,0.9800,-0.5250,-0.6825,0.0162,0.0110,1.0166,-0.06,0.50,0.30,139237,130131,126192
45426756,-0.1925,-0.5075,-0.7350,0.0161,0.0115,1.0163,-0.06,0.50,0.30,139250,130135,126171
45446288,0.0350,-0.4900,-0.7700,0.0156,0.0116,1.0158,-0.06,0.50,0.30,139266,130134,126164
45465820,1.0675,-0.4900,-0.7700,0.0153,0.0117,1.0149,-0.06,0.50,0.30,139261,130143,126158
45486328,1.3650,-0.5600,-0.7875,0.0146,0.0122,1.0143,-0.06,0.50,0.30,139252,130147,126176
45505860,-0.1575,-0.5250,-0.7525,0.0133,0.0133,1.0137,-0.06,0.50,0.30,139237,130143,126171
45526368,-1.1550,-0.4725,-0.8400,0.0129,0.0137,1.0137,-0.06,0.50,0.30,139248,130143,126168
45545896,-1.1200,-0.5075,-0.8400,0.0129,0.0131,1.0141,-0.06,0.50,0.30,139261,130135,126155
45566408,0.3675,-0.5950,-0.7525,0.0124,0.0124,1.0152,-0.06,0.50,0.30,139256,130124,126159
45585936,1.7150,-0.6125,-0.5950,0.0122,0.0124,1.0158,-0.06,0.50,0.30,139252,130134,126172
45606444,0.7000,-0.5425,-0.5775,0.0123,0.0127,1.0160,-0.06,0.50,0.30,139241,130142,126183
45625976,0.2100,-0.5600,-0.4900,0.0129,0.0129,1.0160,-0.06,0.50,0.30,139255,130144,126172
45646484,0.5950,-0.5075,-0.3675,0.0132,0.0127,1.0161,-0.06,0.50,0.30,139262,130138,126154
45666016,1.2775,-0.6125,-0.3150,0.0132,0.0127,1.0163,-0.06,0.50,0.30,139262,130150,126164
45686524,1.0500,-0.5425,-0.3150,0.0134,0.0133,1.0158,-0.06,0.50,0.30,139245,130149,126181
45706056,0.0000,-0.6125,-0.2450,0.0142,0.0140,1.0153,-0.06,0.50,0.30,139237,130144,126185
45726560,0.3150,-0.6475,-0.2100,0.0142,0.0139,1.0150,-0.06,0.50,0.30,139247,130150,126183
45746092,1.3475,-0.5950,-0.1400,0.0140,0.0137,1.0150,-0.06,0.50,0.30,139268,130146,126164
45766600,1.0150,-0.5425,-0.1925,0.0139,0.0137,1.0147,-0.06,0.50,0.30,139261,130143,126166
45786132,0.0175,-0.5775,-0.2100,0.0138,0.0140,1.0148,-0.06,0.50,0.30,139250,130145,126181
45806640,0.2800,-0.5425,-0.1750,0.0133,0.0138,1.0155,-0.06,0.50,0.30,139239,130151,126184
45826172,1.1375,-0.5950,-0.2100,0.0129,0.0137,1.0157,-0.06,0.50,0.30,139250,130151,126173
45846680,0.4900,-0.4375,-0.2800,0.0129,0.0140,1.0154,-0.06,0.50,0.30,139259,130138,126151
45866208,0.1925,-0.4550,-0.3500,0.0124,0.0139,1.0152,-0.06,0.50,0.30,139259,130142,126162
45886720,0.4900,-0.4550,-0.3850,0.0122,0.0140,1.0146,-0.06,0.50,0.30,139244,130145,126176
45906248,0.5075,-0.4550,-0.4025,0.0122,0.0145,1.0138,-0.06,0.50,0.30,139240,130156,126188
45926756,-0.1225,-0.4725,-0.4900,0.0124,0.0148,1.0138,-0.06,0.50,0.30,139246,130153,126181
45946288,-0.5075,-0.4025,-0.5600,0.0124,0.0150,1.0144,-0.06,0.50,0.30,139252,130135,126155
45965820,-0.6475,-0.3500,-0.6650,0.0127,0.0146,1.0147,-0.06,0.50,0.30,139255,130137,126158
45986328,-0.1225,-0.4025,-0.7000,0.0131,0.0139,1.0152,-0.06,0.50,0.30,139243,130136,126167
46005860,0.6125,-0.3675,-0.7000,0.0132,0.0137,1.0155,-0.06,0.50,0.30,139234,130145,126187
46026368,0.9625,-0.4025,-0.7350,0.0131,0.0142,1.0152,-0.06,0.50,0.30,139242,130151,126160
46045896,0.3150,-0.4375,-0.8575,0.0135,0.0142,1.0144,-0.06,0.50,0.30,139251,130151,126155
46066408,0.2100,-0.3500,-0.8925,0.0139,0.0139,1.0143,-0.06,0.50,0.30,139252,130145,126158
46085936,0.9275,-0.4375,-0.9450,0.0135,0.0128,1.0152,-0.06,0.50,0.30,139242,130153,126171
46106444,1.8725,-0.3675,-1.0150,0.0132,0.0122,1.0160,-0.06,0.50,0.30,139236,130158,126172
46125976,1.7325,-0.4375,-1.0675,0.0128,0.0123,1.0165,-0.06,0.50,0.30,139238,130166,126164
46146484,0.7175,-0.2625,-1.1550,0.0124,0.0133,1.0166,-0.06,0.50,0.30,139252,130167,126137
46166016,0.1400,-0.2975,-1.2775,0.0118,0.0139,1.0163,-0.06,0.50,0.30,139255,130157,126137
46186524,0.2625,-0.2975,-1.3300,0.0115,0.0142,1.0148,-0.06,0.50,0.30,139241,130157,126166
46206056,1.1200,-0.3325,-1.3650,0.0112,0.0142,1.0138,-0.05,0.50,0.30,139238,130178,126169
46226560,1.2250,-0.4200,-1.3825,0.0106,0.0146,1.0136,-0.05,0.50,0.30,139241,130177,126145
46246092,-0.2275,-0.3675,-1.4350,0.0098,0.0161,1.0132,-0.06,0.50,0.30,139256,130168,126149
46266600,-1.5050,-0.3325,-1.5050,0.0096,0.0168,1.0131,-0.06,0.50,0.30,139253,130166,126141
46286132,-1.2600,-0.4725,-1.4700,0.0098,0.0162,1.0135,-0.06,0.50,0.30,139247,130162,126162
46306640,0.2450,-0.5950,-1.3300,0.0093,0.0153,1.0148,-0.05,0.50,0.30,139230,130172,126167
46326172,-0.1050,-0.7000,-1.3125,0.0095,0.0149,1.0157,-0.06,0.50,0.30,139246,130156,126170
46346680,-0.1400,-0.8050,-1.2075,0.0098,0.0143,1.0163,-0.06,0.50,0.30,139252,130169,126150
46376952,1.1375,-0.9625,-1.0500,0.0098,0.0140,1.0167,-0.06,0.50,0.30,139254,130168,126151
46397460,1.0500,-1.0850,-0.9100,0.0100,0.0144,1.0165,-0.06,0.50,0.30,139272,130168,126143
46416992,0.6650,-1.1900,-0.8575,0.0099,0.0154,1.0160,-0.06,0.50,0.30,139256,130168,126146
46437500,0.8225,-1.2600,-0.7000,0.0098,0.0159,1.0153,-0.05,0.50,0.30,139248,130175,126168
46457032,0.2450,-1.3125,-0.6300,0.0100,0.0161,1.0148,-0.05,0.50,0.30,139245,130171,126165
46477540,-0.1575,-1.2950,-0.5425,0.0101,0.0161,1.0148,-0.05,0.50,0.30,139256,130173,126160
46497072,0.1575,-1.4000,-0.4550,0.0096,0.0163,1.0149,-0.06,0.50,0.30,139271,130168,126146
46517576,0.0175,-1.5225,-0.3850,0.0093,0.0167,1.0148,-0.05,0.50,0.30,139271,130175,126155
46537108,-0.7350,-1.4175,-0.2625,0.0090,0.0166,1.0147,-0.06,0.50,0.30,139255,130168,126156
46557616,-0.7000,-1.5575,-0.1575,0.0090,0.0156,1.0150,-0.05,0.50,0.30,139257,130174,126185
46577148,1.1375,-1.6275,-0.0175,0.0088,0.0154,1.0155,-0.05,0.50,0.30,139267,130174,126164
46597656,1.3650,-1.8200,0.0000,0.0089,0.0159,1.0153,-0.05,0.50,0.30,139277,130177,126163
46617188,-0.4550,-1.7150,0.0525,0.0098,0.0166,1.0150,-0.06,0.50,0.30,139280,130165,126168
46637696,-1.5050,-1.7850,0.1050,0.0109,0.0163,1.0158,-0.05,0.50,0.30,139266,130174,126193
46657224,0.4025,-1.8375,0.2975,0.0115,0.0154,1.0166,-0.06,0.50,0.30,139265,130170,126193
46677736,1.8375,-1.8900,0.4375,0.0123,0.0148,1.0170,-0.05,0.50,0.30,139282,130185,126173
46697264,1.6625,-1.8550,0.4550,0.0133,0.0149,1.0167,-0.06,0.50,0.30,139291,130169,126142
46716796,0.4550,-1.8375,0.4375,0.0140,0.0154,1.0165,-0.06,0.50,0.30,139286,130169,126179
46737304,-0.0700,-1.8025,0.4375,0.0143,0.0157,1.0159,-0.05,0.50,0.30,139277,130177,126191
46756836,0.8750,-1.7325,0.3500,0.0151,0.0146,1.0154,-0.05,0.50,0.30,139266,130180,126201
46777344,1.9950,-1.7150,0.2800,0.0154,0.0142,1.0158,-0.05,0.50,0.30,139291,130178,126185
46796876,1.4525,-1.6625,0.1575,0.0153,0.0145,1.0155,-0.05,0.50,0.30,139298,130179,126163
46817384,-0.1925,-1.5225,0.0000,0.0157,0.0151,1.0150,-0.06,0.50,0.30,139295,130166,126180
46836912,-0.3150,-1.4175,-0.0875,0.0161,0.0151,1.0148,-0.05,0.50,0.30,139285,130187,126199
46857420,0.3500,-1.3825,-0.2975,0.0162,0.0143,1.0149,-0.05,0.50,0.30,139281,130175,126191
46876952,0.9450,-1.2075,-0.5075,0.0161,0.0142,1.0150,-0.05,0.50,0.30,139290,130175,126191
46897460,0.4550,-1.0150,-0.6300,0.0160,0.0148,1.0147,-0.06,0.50,0.30,139305,130167,126160
46916992,-0.4725,-0.8225,-0.8575,0.0161,0.0157,1.0139,-0.05,0.50,0.30,139301,130181,126184
46937500,-1.2075,-0.8050,-0.9975,0.0163,0.0165,1.0132,-0.05,0.50,0.30,139284,130180,126198
46957032,-1.5575,-0.6650,-1.0850,0.0171,0.0160,1.0128,-0.05,0.50,0.30,139283,130182,126201
46977540,0.2100,-0.5775,-1.1550,0.0172,0.0143,1.0137,-0.05,0.50,0.30,139293,130178,126182
46997072,1.3650,-0.5250,-1.1725,0.0171,0.0137,1.0143,-0.05,0.50,0.30,139305,130181,126176
47017576,0.9100,-0.4025,-1.3125,0.0170,0.0142,1.0143,-0.05,0.50,0.30,139299,130171,126178
47037108,-0.6300,-0.3675,-1.2950,0.0168,0.0146,1.0142,-0.05,0.50,0.30,139292,130177,126191
47057616,-1.0850,-0.2800,-1.3125,0.0167,0.0150,1.0137,-0.06,0.50,0.30,139280,130166,126193
47077148,-0.7350,-0.3500,-1.3300,0.0167,0.0151,1.0131,-0.05,0.50,0.30,139298,130180,126175
47097656,-0.8925,-0.2800,-1.2075,0.0170,0.0154,1.0133,-0.05,0.50,0.30,139314,130171,126168
47117188,-0.9975,-0.2975,-1.1375,0.0173,0.0149,1.0141,-0.05,0.50,0.30,139306,130171,126184
47137696,-0.0175,-0.2450,-0.9275,0.0176,0.0142,1.0154,-0.05,0.50,0.30,139295,130180,126198
47157224,0.8400,-0.2625,-0.8925,0.0179,0.0137,1.0167,-0.05,0.50,0.30,139286,130178,126190
47177736,1.2950,-0.2800,-0.6650,0.0179,0.0134,1.0175,-0.05,0.50,0.30,139295,130180,126172
47197264,0.7175,-0.2975,-0.5775,0.0178,0.0135,1.0176,-0.05,0.50,0.30,139305,130174,126162
47216796,1.0675,-0.3500,-0.4550,0.0174,0.0133,1.0175,-0.05,0.50,0.30,139294,130178,126180
47237304,1.5225,-0.4725,-0.2625,0.0173,0.0135,1.0169,-0.05,0.50,0.30,139286,130180,126195
47256836,0.8925,-0.4200,-0.1925,0.0173,0.0142,1.0160,-0.05,0.50,0.30,139281,130189,126189
47277344,0.3500,-0.4725,-0.0350,0.0171,0.0149,1.0159,-0.05,0.50,0.30,139284,130192,126174
47296876,-0.0700,-0.4900,0.0350,0.0168,0.0155,1.0157,-0.05,0.50,0.30,139303,130173,126171
47317384,-0.2800,-0.6125,0.0525,0.0165,0.0159,1.0153,-0.05,0.50,0.30,139293,130176,126169
47336912,0.0175,-0.7175,0.1400,0.0166,0.0156,1.0147,-0.05,0.50,0.30,139278,130172,126185
47357420,0.4200,-0.6650,0.1750,0.0162,0.0153,1.0147,-0.05,0.50,0.30,139278,130171,126197
47387696,-0.6825,-0.6650,0.2450,0.0160,0.0159,1.0146,-0.05,0.50,0.30,139284,130177,126191
47407224,-0.7175,-0.7175,0.2625,0.0160,0.0156,1.0146,-0.05,0.50,0.30,139278,130179,126202
47427736,0.1575,-0.6825,0.2625,0.0163,0.0143,1.0150,-0.05,0.50,0.30,139292,130172,126172
47447264,1.8900,-0.7875,0.3850,0.0163,0.0124,1.0170,-0.06,0.50,0.30,139290,130169,126163
47466796,1.8725,-0.8225,0.2975,0.0160,0.0128,1.0175,-0.05,0.50,0.30,139291,130185,126158
47487304,1.1200,-0.7350,0.2975,0.0161,0.0139,1.0169,-0.05,0.50,0.30,139276,130180,126182
47506836,0.0700,-0.7350,0.2625,0.0162,0.0146,1.0158,-0.06,0.50,0.30,139270,130169,126205
47527344,-0.4200,-0.6825,0.1925,0.0163,0.0149,1.0147,-0.05,0.50,0.30,139285,130178,126182
47546876,0.0700,-0.7350,0.1925,0.0161,0.0145,1.0141,-0.06,0.50,0.30,139298,130168,126159
47567384,-0.2800,-0.6475,-0.0175,0.0161,0.0142,1.0141,-0.06,0.50,0.30,139292,130167,126160
47586912,0.2800,-0.6650,-0.1050,0.0156,0.0139,1.0152,-0.06,0.50,0.30,139281,130167,126186
47607420,1.4000,-0.7000,-0.1400,0.0150,0.0139,1.0160,-0.05,0.50,0.30,139271,130186,126185
47626952,1.2425,-0.6300,-0.2450,0.0155,0.0134,1.0163,-0.05,0.50,0.30,139284,130174,126167
47647460,0.7525,-0.5950,-0.2800,0.0154,0.0133,1.0167,-0.06,0.50,0.30,139293,130167,126166
47666992,0.3850,-0.5075,-0.4025,0.0155,0.0128,1.0169,-0.06,0.50,0.30,139286,130170,126169
47687500,1.5575,-0.5425,-0.5075,0.0157,0.0129,1.0163,-0.05,0.50,0.30,139280,130184,126177
47707032,1.5050,-0.4900,-0.5425,0.0159,0.0139,1.0153,-0.05,0.50,0.30,139273,130186,126185
47727540,0.4025,-0.4725,-0.6650,0.0159,0.0151,1.0138,-0.05,0.50,0.30,139284,130184,126169
47747072,-0.9975,-0.4900,-0.7875,0.0159,0.0161,1.0122,-0.05,0.50,0.30,139299,130179,126152
47767576,-1.3825,-0.4550,-0.8575,0.0153,0.0165,1.0114,-0.06,0.50,0.30,139289,130166,126146
47787108,-0.2275,-0.5075,-0.8750,0.0143,0.0157,1.0117,-0.05,0.50,0.30,139277,130177,126194
47807616,-0.0700,-0.6650,-0.9625,0.0139,0.0155,1.0126,-0.05,0.50,0.30,139272,130181,126191
47827148,-1.4350,-0.6475,-0.9800,0.0137,0.0154,1.0136,-0.05,0.50,0.30,139280,130178,126167
47847656,-1.8025,-0.6475,-1.0150,0.0137,0.0151,1.0149,-0.05,0.50,0.30,139296,130173,126155
47867188,-0.9625,-0.7350,-0.8750,0.0140,0.0144,1.0165,-0.05,0.50,0.30,139294,130174,126164
47887696,0.2275,-0.8925,-0.8050,0.0145,0.0135,1.0175,-0.05,0.50,0.30,139285,130175,126197
47907224,1.0675,-1.0850,-0.5950,0.0155,0.0129,1.0180,-0.05,0.50,0.30,139279,130186,126193
47927736,1.6625,-1.1550,-0.5250,0.0161,0.0129,1.0175,-0.05,0.50,0.30,139291,130175,126163
47947264,1.2425,-1.2600,-0.4550,0.0166,0.0140,1.0163,-0.05,0.50,0.30,139307,130183,126155
47966796,-0.5425,-1.2425,-0.3675,0.0173,0.0154,1.0153,-0.05,0.50,0.30,139302,130182,126169
47987304,-1.0325,-1.2950,-0.3500,0.0173,0.0160,1.0150,-0.05,0.50,0.30,139284,130173,126199
48006836,-0.5775,-1.3475,-0.2975,0.0170,0.0159,1.0150,-0.05,0.50,0.30,139282,130183,126184
48027344,-0.0350,-1.4525,-0.2450,0.0172,0.0145,1.0150,-0.06,0.50,0.30,139303,130170,126182
48046876,1.2600,-1.5750,-0.1750,0.0171,0.0134,1.0158,-0.05,0.50,0.30,139305,130186,126172
48067384,1.6800,-1.4700,-0.1575,0.0166,0.0139,1.0158,-0.05,0.50,0.30,139307,130187,126189
48086912,0.7175,-1.4875,-0.1925,0.0167,0.0145,1.0158,-0.05,0.50,0.30,139296,130172,126195
48107420,-0.9625,-1.4350,-0.1750,0.0170,0.0149,1.0158,-0.05,0.50,0.30,139292,130183,126207
48126952,-1.0500,-1.3475,-0.1750,0.0170,0.0140,1.0160,-0.06,0.50,0.30,139303,130170,126190
48147460,1.0150,-1.4700,-0.0525,0.0167,0.0132,1.0160,-0.05,0.50,0.30,139318,130176,126175
48166992,1.2950,-1.3125,-0.0525,0.0173,0.0123,1.0161,-0.05,0.50,0.30,139310,130172,126188
48187500,1.2425,-1.4000,0.0525,0.0174,0.0121,1.0167,-0.05,0.50,0.30,139302,130175,126207
48207032,1.5050,-1.3650,0.0000,0.0176,0.0117,1.0172,-0.05,0.50,0.30,139294,130190,126211
48227540,2.2050,-1.1725,0.0175,0.0173,0.0121,1.0175,-0.05,0.50,0.30,139308,130185,126186
48247072,2.3450,-0.9800,0.0000,0.0178,0.0126,1.0165,-0.05,0.50,0.30,139313,130182,126172
48267576,1.8200,-0.9450,-0.0700,0.0179,0.0134,1.0153,-0.05,0.50,0.30,139311,130193,126189
48287108,0.5600,-0.7350,-0.1050,0.0178,0.0149,1.0139,-0.05,0.50,0.30,139303,130191,126202
48307616,-1.0675,-0.5600,-0.2625,0.0179,0.0162,1.0128,-0.05,0.50,0.30,139297,130190,126206
48327148,-2.1000,-0.5075,-0.2800,0.0184,0.0167,1.0121,-0.05,0.50,0.30,139308,130180,126203
48347656,-1.5225,-0.5250,-0.3675,0.0183,0.0163,1.0121,-0.05,0.50,0.30,139315,130180,126193
48367188,0.0700,-0.4200,-0.3500,0.0178,0.0151,1.0127,-0.05,0.50,0.30,139306,130181,126189
48397460,-0.8400,-0.2625,-0.4200,0.0172,0.0148,1.0144,-0.05,0.50,0.30,139315,130177,126176
48416992,-1.1200,-0.2625,-0.4025,0.0170,0.0143,1.0153,-0.05,0.50,0.30,139305,130174,126177
48437500,-0.2450,-0.2275,-0.3675,0.0171,0.0137,1.0155,-0.05,0.50,0.30,139298,130180,126219
48457032,0.9975,-0.2800,-0.2625,0.0168,0.0135,1.0154,-0.05,0.50,0.30,139293,130183,126207
48477540,0.0525,-0.3150,-0.1575,0.0168,0.0151,1.0141,-0.05,0.50,0.30,139303,130174,126190
48497072,-1.7675,-0.3325,-0.0175,0.0176,0.0163,1.0131,-0.06,0.50,0.30,139309,130167,126186
48517576,-2.8875,-0.3325,0.0350,0.0183,0.0168,1.0128,-0.06,0.50,0.30,139303,130166,126195
48537108,-2.3625,-0.4375,0.2100,0.0188,0.0159,1.0136,-0.06,0.50,0.30,139292,130158,126206
48557616,0.6825,-0.5775,0.3675,0.0194,0.0132,1.0154,-0.06,0.50,0.30,139285,130161,126205
48577148,3.2900,-0.9275,0.6650,0.0196,0.0116,1.0172,-0.05,0.50,0.30,139302,130171,126189
48597656,0.8050,-0.8575,0.6475,0.0193,0.0123,1.0182,-0.06,0.50,0.30,139308,130164,126182
48617188,-0.7000,-0.8225,0.7175,0.0190,0.0129,1.0181,-0.06,0.50,0.30,139301,130170,126182
48637696,0.5250,-0.8225,0.7875,0.0190,0.0127,1.0175,-0.06,0.50,0.30,139293,130165,126210
48657224,2.2050,-0.9625,0.8400,0.0187,0.0129,1.0167,-0.05,0.50,0.30,139280,130174,126201
48677736,1.1025,-0.9975,0.8400,0.0184,0.0137,1.0155,-0.06,0.50,0.30,139303,130168,126203
48697264,-0.6650,-0.9100,0.8225,0.0188,0.0139,1.0146,-0.06,0.50,0.30,139306,130151,126181
48716796,-0.1400,-0.9625,0.7875,0.0187,0.0133,1.0146,-0.06,0.50,0.30,139300,130150,126180
48737304,0.7525,-0.9450,0.7000,0.0184,0.0129,1.0150,-0.06,0.50,0.30,139292,130164,126203
48756836,0.8750,-0.9975,0.6650,0.0183,0.0134,1.0150,-0.06,0.50,0.30,139284,130160,126211
48777344,0.6300,-0.9100,0.5425,0.0188,0.0133,1.0148,-0.06,0.50,0.30,139298,130170,126188
48796876,0.6650,-0.9275,0.6125,0.0189,0.0132,1.0150,-0.06,0.50,0.30,139301,130161,126189
48817384,0.2100,-0.8575,0.4725,0.0190,0.0126,1.0154,-0.06,0.50,0.30,139298,130155,126197
48836912,-0.1575,-0.8400,0.3150,0.0193,0.0127,1.0153,-0.06,0.50,0.30,139289,130165,126205
48857420,-0.0350,-0.8225,0.2625,0.0193,0.0132,1.0147,-0.06,0.50,0.30,139274,130159,126194
48876952,0.0525,-0.8925,0.1925,0.0195,0.0137,1.0139,-0.06,0.50,0.30,139295,130157,126197
48897460,-0.4550,-0.9275,0.2450,0.0194,0.0143,1.0135,-0.06,0.50,0.30,139308,130147,126171
48916992,-1.3125,-0.7875,0.0700,0.0195,0.0142,1.0133,-0.06,0.50,0.30,139296,130144,126198
48937500,-0.5250,-0.9450,0.0175,0.0198,0.0129,1.0147,-0.06,0.50,0.30,139282,130152,126206
48957032,0.8750,-0.9275,0.0350,0.0196,0.0118,1.0163,-0.06,0.50,0.30,139281,130153,126205
48977540,1.2775,-0.9275,0.0525,0.0195,0.0115,1.0175,-0.06,0.50,0.30,139295,130150,126206
48997072,0.9975,-0.9275,0.0175,0.0199,0.0115,1.0181,-0.06,0.50,0.30,139309,130149,126181
49017576,1.1725,-0.9275,0.0700,0.0204,0.0110,1.0183,-0.06,0.50,0.30,139298,130144,126185
49037108,1.8725,-0.8750,0.0525,0.0206,0.0102,1.0183,-0.06,0.50,0.30,139287,130153,126210
49057616,2.0475,-0.8575,-0.0525,0.0207,0.0102,1.0176,-0.06,0.50,0.30,139285,130160,126219
49077148,1.3300,-0.8750,-0.1050,0.0206,0.0112,1.0167,-0.06,0.50,0.30,139291,130167,126197
49097656,0.1050,-0.7700,-0.2100,0.0205,0.0127,1.0154,-0.06,0.50,0.30,139304,130154,126177
49117188,-0.5250,-0.7700,-0.2800,0.0205,0.0134,1.0143,-0.06,0.50,0.30,139301,130151,126194
49137696,-0.0350,-0.6650,-0.4375,0.0203,0.0138,1.0137,-0.06,0.50,0.30,139286,130166,126206
49157224,0.1050,-0.7350,-0.5425,0.0200,0.0139,1.0131,-0.06,0.50,0.30,139280,130157,126215
49177736,-0.7175,-0.6300,-0.6300,0.0198,0.0137,1.0128,-0.06,0.50,0.30,139294,130150,126196
49197264,-0.4725,-0.5600,-0.8050,0.0192,0.0132,1.0136,-0.06,0.50,0.30,139306,130164,126180
49216796,0.7875,-0.5600,-0.8575,0.0190,0.0124,1.0143,-0.06,0.50,0.30,139297,130154,126180
49237304,0.5075,-0.5250,-0.9275,0.0193,0.0122,1.0148,-0.06,0.50,0.30,139285,130162,126208
49256836,-0.5250,-0.4375,-1.0150,0.0195,0.0122,1.0155,-0.06,0.50,0.30,139276,130154,126211
49277344,0.5775,-0.5250,-1.0850,0.0198,0.0116,1.0163,-0.06,0.50,0.30,139297,130163,126205
49296876,1.9250,-0.5425,-1.1025,0.0198,0.0122,1.0160,-0.06,0.50,0.30,139305,130151,126184
49317384,0.4200,-0.5425,-1.1200,0.0200,0.0137,1.0150,-0.05,0.50,0.30,139302,130171,126186
49336912,-2.2750,-0.4200,-1.1725,0.0209,0.0145,1.0138,-0.06,0.50,0.30,139285,130158,126216
49357420,-2.2575,-0.4900,-1.2075,0.0214,0.0135,1.0136,-0.06,0.50,0.30,139287,130160,126224
49376952,0.4200,-0.6125,-1.1725,0.0212,0.0122,1.0147,-0.06,0.50,0.30,139295,130167,126194
49407224,0.8575,-0.6125,-1.2600,0.0212,0.0122,1.0159,-0.06,0.50,0.30,139288,130156,126211
49427736,0.5250,-0.5075,-1.2775,0.0215,0.0121,1.0165,-0.06,0.50,0.30,139296,130169,126202
49447264,0.5950,-0.5950,-1.2950,0.0212,0.0122,1.0169,-0.06,0.50,0.30,139310,130167,126181
49466796,0.2100,-0.5600,-1.3825,0.0210,0.0118,1.0167,-0.06,0.50,0.30,139308,130165,126194
49487304,0.6650,-0.5075,-1.2950,0.0205,0.0115,1.0165,-0.06,0.50,0.30,139291,130169,126202
49506836,1.4700,-0.5600,-1.2950,0.0203,0.0111,1.0159,-0.05,0.50,0.30,139289,130177,126215
49527344,0.9625,-0.5425,-1.3300,0.0198,0.0116,1.0150,-0.05,0.50,0.30,139302,130173,126181
49546876,0.4725,-0.5075,-1.3825,0.0193,0.0124,1.0150,-0.05,0.50,0.30,139310,130180,126167
49567384,0.2275,-0.4900,-1.3475,0.0189,0.0133,1.0150,-0.05,0.50,0.30,139305,130180,126175
49586912,-0.5950,-0.4550,-1.2950,0.0189,0.0139,1.0149,-0.05,0.50,0.30,139300,130183,126197
49607420,-0.4550,-0.5600,-1.2250,0.0190,0.0137,1.0150,-0.05,0.50,0.30,139298,130174,126211
49626952,1.9775,-0.6650,-1.0850,0.0181,0.0133,1.0150,-0.05,0.50,0.30,139303,130182,126182
49647460,1.4875,-0.6300,-1.0500,0.0178,0.0142,1.0146,-0.05,0.50,0.30,139316,130188,126180
49666992,-0.6475,-0.6825,-1.0150,0.0181,0.0151,1.0142,-0.05,0.50,0.30,139311,130178,126180
49687500,-1.1900,-0.6300,-0.9275,0.0179,0.0153,1.0144,-0.05,0.50,0.30,139301,130188,126198
49707032,0.4900,-0.7875,-0.7875,0.0178,0.0146,1.0150,-0.05,0.50,0.30,139297,130188,126200
49727540,1.2425,-0.7875,-0.6825,0.0179,0.0143,1.0154,-0.05,0.50,0.30,139310,130186,126195
49747072,0.1400,-0.8400,-0.4725,0.0185,0.0142,1.0160,-0.05,0.50,0.30,139318,130188,126172
49767576,-0.0350,-0.7175,-0.5075,0.0189,0.0140,1.0161,-0.05,0.50,0.30,139317,130181,126178
49787108,0.8400,-0.8050,-0.4200,0.0187,0.0140,1.0161,-0.05,0.50,0.30,139307,130190,126193
49807616,1.3125,-0.7525,-0.2975,0.0181,0.0149,1.0154,-0.05,0.50,0.30,139300,130200,126200
49827148,0.1575,-0.9275,-0.3325,0.0179,0.0156,1.0139,-0.05,0.50,0.30,139312,130190,126180
49847656,-0.1750,-0.8750,-0.3150,0.0178,0.0151,1.0131,-0.05,0.50,0.30,139317,130192,126174
49867188,0.6300,-0.8575,-0.2100,0.0171,0.0150,1.0132,-0.05,0.50,0.30,139313,130190,126182
49887696,0.3500,-0.8925,-0.2975,0.0168,0.0154,1.0135,-0.05,0.50,0.30,139302,130192,126206
49907224,-1.0325,-0.8050,-0.2625,0.0170,0.0154,1.0138,-0.05,0.50,0.30,139298,130187,126212
49927736,-0.9450,-0.8750,-0.2100,0.0168,0.0150,1.0144,-0.05,0.50,0.30,139309,130184,126193
49947264,0.0175,-0.8575,-0.2100,0.0172,0.0143,1.0149,-0.05,0.50,0.30,139328,130187,126184
49966796,0.1575,-0.8225,-0.1750,0.0177,0.0143,1.0152,-0.05,0.50,0.30,139319,130179,126197
49987304,-0.5425,-0.8575,-0.1400,0.0183,0.0149,1.0152,-0.05,0.50,0.30,139310,130196,126211
50006836,-0.9625,-0.9100,-0.1400,0.0189,0.0154,1.0150,-0.05,0.50,0.30,139308,130187,126220
50027344,-1.2250,-0.9800,-0.1575,0.0195,0.0154,1.0150,-0.05,0.50,0.30,139314,130191,126191
50046876,-0.7525,-0.9975,-0.0525,0.0201,0.0145,1.0150,-0.05,0.50,0.30,139322,130176,126185
50067384,0.5075,-0.9975,0.0700,0.0205,0.0137,1.0153,-0.05,0.50,0.30,139325,130186,126185
50086912,0.9100,-1.1375,0.1050,0.0205,0.0135,1.0157,-0.05,0.50,0.30,139305,130175,126207
50107420,-0.0175,-1.0675,0.1225,0.0205,0.0137,1.0157,-0.05,0.50,0.30,139299,130181,126215
50126952,-0.1050,-1.0500,0.1050,0.0203,0.0137,1.0158,-0.05,0.50,0.30,139311,130176,126206
50147460,0.2625,-1.1025,0.0875,0.0209,0.0124,1.0159,-0.06,0.50,0.30,139329,130168,126193
50166992,1.6275,-1.1900,0.1050,0.0203,0.0118,1.0165,-0.05,0.50,0.30,139327,130175,126184
50187500,0.9975,-1.0850,0.1400,0.0203,0.0117,1.0164,-0.05,0.50,0.30,139306,130174,126206
50207032,1.4875,-1.0325,0.0175,0.0201,0.0111,1.0165,-0.05,0.50,0.30,139303,130183,126217
50227540,1.1550,-1.0150,0.0000,0.0198,0.0123,1.0160,-0.05,0.50,0.30,139315,130182,126198
50247072,-0.6475,-0.9275,-0.1050,0.0207,0.0123,1.0155,-0.05,0.50,0.30,139326,130175,126191
50267576,0.1750,-0.8225,-0.1575,0.0206,0.0122,1.0160,-0.05,0.50,0.30,139321,130172,126195
50287108,1.4875,-0.8050,-0.2100,0.0204,0.0122,1.0159,-0.05,0.50,0.30,139316,130187,126212
50307616,0.4025,-0.6475,-0.3850,0.0207,0.0131,1.0155,-0.05,0.50,0.30,139307,130188,126219
50327148,-0.5600,-0.6125,-0.4900,0.0210,0.0134,1.0150,-0.05,0.50,0.30,139320,130175,126210
50347656,-0.5600,-0.4900,-0.5075,0.0212,0.0133,1.0144,-0.05,0.50,0.30,139327,130180,126193
50367188,0.9625,-0.5425,-0.5950,0.0211,0.0124,1.0144,-0.05,0.50,0.30,139328,130178,126190
50407224,0.6125,-0.4725,-0.8400,0.0207,0.0127,1.0152,-0.05,0.50,0.30,139314,130183,126223
50426756,-0.8050,-0.3325,-0.9100,0.0205,0.0137,1.0150,-0.05,0.50,0.30,139313,130182,126188
50446288,-0.5250,-0.3675,-0.9450,0.0210,0.0127,1.0147,-0.05,0.50,0.30,139330,130180,126203
50465820,1.1025,-0.4900,-0.9100,0.0205,0.0122,1.0148,-0.05,0.50,0.30,139323,130172,126188
50486328,1.0500,-0.5075,-1.0150,0.0200,0.0126,1.0144,-0.05,0.50,0.30,139314,130187,126204
50505860,-0.5775,-0.4725,-1.0500,0.0199,0.0134,1.0138,-0.05,0.50,0.30,139306,130193,126207
50526368,-1.2600,-0.4375,-1.1550,0.0198,0.0137,1.0138,-0.05,0.50,0.30,139311,130184,126203
50545896,-0.7350,-0.5775,-1.0675,0.0196,0.0134,1.0144,-0.05,0.50,0.30,139322,130185,126197
50566408,0.3150,-0.6125,-1.0150,0.0200,0.0122,1.0155,-0.05,0.50,0.30,139323,130179,126194
50585936,0.7350,-0.6125,-0.9975,0.0198,0.0118,1.0164,-0.05,0.50,0.30,139314,130191,126212
50606444,1.0150,-0.7525,-0.9450,0.0195,0.0118,1.0167,-0.05,0.50,0.30,139307,130189,126225
50625976,1.1900,-0.7700,-0.9625,0.0198,0.0120,1.0167,-0.05,0.50,0.30,139318,130196,126211
50646484,1.0850,-0.7875,-0.8750,0.0204,0.0117,1.0167,-0.05,0.50,0.30,139335,130183,126194
50666016,0.7700,-0.6825,-0.9625,0.0207,0.0120,1.0170,-0.05,0.50,0.30,139328,130184,126193
50686524,0.8050,-0.7000,-0.9450,0.0204,0.0134,1.0160,-0.05,0.50,0.30,139321,130190,126211
50706056,-0.2450,-0.7350,-0.9625,0.0205,0.0142,1.0148,-0.05,0.50,0.30,139317,130188,126206
50726560,-0.7000,-0.7875,-0.9450,0.0205,0.0144,1.0141,-0.05,0.50,0.30,139326,130190,126211
50746092,-0.8400,-0.8050,-0.9100,0.0201,0.0145,1.0138,-0.05,0.50,0.30,139331,130192,126177
50766600,-0.5600,-0.7700,-0.8750,0.0200,0.0138,1.0142,-0.05,0.50,0.30,139332,130190,126187
50786132,1.0325,-0.8400,-0.8575,0.0201,0.0124,1.0161,-0.05,0.50,0.30,139320,130192,126213
50806640,1.7325,-0.8750,-0.8225,0.0203,0.0123,1.0170,-0.05,0.50,0.30,139316,130205,126225
50826172,1.8025,-0.7875,-0.7875,0.0205,0.0124,1.0172,-0.05,0.50,0.30,139322,130194,126206
50846680,1.7150,-0.7875,-0.7875,0.0207,0.0127,1.0170,-0.05,0.50,0.30,139341,130193,126186
50866208,1.0500,-0.7000,-0.7525,0.0210,0.0133,1.0160,-0.05,0.50,0.30,139334,130212,126190
50886720,0.0525,-0.6825,-0.6475,0.0209,0.0142,1.0148,-0.05,0.50,0.30,139325,130206,126221
50906248,-0.0350,-0.6300,-0.6475,0.0206,0.0142,1.0139,-0.05,0.50,0.30,139312,130212,126216
50926756,0.7700,-0.5775,-0.6650,0.0203,0.0142,1.0138,-0.05,0.50,0.30,139329,130221,126202
50946288,0.1750,-0.5425,-0.7175,0.0200,0.0146,1.0138,-0.05,0.50,0.30,139336,130205,126189
50965820,-0.4550,-0.5075,-0.6825,0.0196,0.0149,1.0144,-0.05,0.50,0.30,139340,130200,126180
50986328,-0.2975,-0.4725,-0.6475,0.0194,0.0146,1.0148,-0.05,0.50,0.30,139323,130198,126203
51005860,-0.0700,-0.4375,-0.6825,0.0192,0.0144,1.0148,-0.05,0.50,0.30,139318,130217,126204
51026368,0.5075,-0.3500,-0.5775,0.0185,0.0144,1.0146,-0.05,0.50,0.30,139324,130210,126206
51045896,0.1750,-0.3500,-0.5600,0.0185,0.0145,1.0143,-0.05,0.50,0.30,139335,130200,126190
51066408,-0.2800,-0.3150,-0.5600,0.0185,0.0146,1.0143,-0.05,0.50,0.30,139332,130205,126189
51085936,-0.7350,-0.2450,-0.5075,0.0187,0.0148,1.0143,-0.05,0.50,0.30,139322,130203,126202
51106444,-0.6475,-0.3675,-0.4900,0.0189,0.0146,1.0146,-0.05,0.50,0.30,139309,130196,126216
51125976,0.3850,-0.4200,-0.4375,0.0190,0.0139,1.0149,-0.05,0.50,0.30,139316,130213,126204
51146484,1.3125,-0.4550,-0.3850,0.0189,0.0135,1.0155,-0.05,0.50,0.30,139325,130206,126182
51166016,0.2450,-0.4375,-0.3150,0.0187,0.0142,1.0150,-0.05,0.50,0.30,139330,130199,126186
51186524,-1.0150,-0.3850,-0.3500,0.0185,0.0144,1.0148,-0.05,0.50,0.30,139318,130203,126199
51206056,-0.2450,-0.5425,-0.2275,0.0182,0.0143,1.0150,-0.05,0.50,0.30,139307,130211,126217
51226560,0.8575,-0.6300,-0.1925,0.0176,0.0144,1.0150,-0.05,0.50,0.30,139323,130214,126224
51246092,-0.4900,-0.5600,-0.1225,0.0177,0.0146,1.0146,-0.05,0.50,0.30,139327,130199,126191
51266600,-0.7875,-0.6300,-0.0350,0.0178,0.0144,1.0149,-0.05,0.50,0.30,139326,130200,126187
51286132,0.2100,-0.6825,0.0700,0.0177,0.0138,1.0155,-0.05,0.50,0.30,139316,130189,126204
51306640,0.4550,-0.8050,0.1400,0.0178,0.0138,1.0157,-0.05,0.50,0.30,139313,130199,126223
51326172,-0.2275,-0.8400,0.2275,0.0178,0.0142,1.0152,-0.05,0.50,0.30,139316,130204,126206
51346680,-0.4025,-0.9450,0.2800,0.0182,0.0137,1.0153,-0.05,0.50,0.30,139333,130189,126189
51366208,0.8225,-0.9450,0.4200,0.0183,0.0131,1.0164,-0.05,0.50,0.30,139331,130197,126194
51386720,0.8400,-1.0325,0.4375,0.0176,0.0134,1.0170,-0.05,0.50,0.30,139316,130195,126202
51416992,-1.0675,-1.0850,0.4200,0.0179,0.0142,1.0158,-0.05,0.50,0.30,139326,130197,126197
51437500,-0.8050,-1.1375,0.4375,0.0181,0.0134,1.0157,-0.05,0.50,0.30,139316,130194,126211
51457032,0.1225,-1.2600,0.4725,0.0184,0.0128,1.0155,-0.05,0.50,0.30,139306,130184,126208
51477540,2.3450,-1.2600,0.4375,0.0188,0.0118,1.0165,-0.05,0.50,0.30,139319,130192,126200
51497072,1.4700,-1.2600,0.3850,0.0192,0.0124,1.0163,-0.05,0.50,0.30,139333,130189,126181
51517576,0.1400,-1.1375,0.2975,0.0200,0.0120,1.0166,-0.05,0.50,0.30,139328,130185,126194
51537108,0.2975,-1.2075,0.2800,0.0198,0.0123,1.0174,-0.05,0.50,0.30,139308,130188,126213
51557616,0.7525,-1.1025,0.1750,0.0201,0.0120,1.0170,-0.05,0.50,0.30,139310,130191,126215
51577148,1.2425,-1.0500,0.0700,0.0209,0.0116,1.0155,-0.05,0.50,0.30,139321,130193,126210
51597656,1.2600,-1.0325,-0.0525,0.0204,0.0120,1.0150,-0.05,0.50,0.30,139330,130185,126199
51617188,-0.3500,-0.9450,-0.2800,0.0201,0.0127,1.0146,-0.05,0.50,0.30,139326,130185,126215
51637696,-1.2425,-0.8575,-0.3325,0.0198,0.0135,1.0142,-0.05,0.50,0.30,139316,130196,126219
51657224,-0.7350,-0.8575,-0.4550,0.0196,0.0132,1.0141,-0.05,0.50,0.30,139313,130190,126221
51677736,0.4200,-0.7350,-0.6125,0.0198,0.0124,1.0139,-0.05,0.50,0.30,139325,130186,126208
51697264,0.7000,-0.6475,-0.7700,0.0198,0.0117,1.0148,-0.05,0.50,0.30,139337,130183,126181
51716796,0.0000,-0.5075,-0.9625,0.0195,0.0122,1.0155,-0.05,0.50,0.30,139332,130181,126191
51737304,-0.5250,-0.3850,-1.1025,0.0198,0.0123,1.0159,-0.05,0.50,0.30,139318,130191,126207
51756836,-0.2275,-0.3675,-1.1550,0.0203,0.0118,1.0158,-0.05,0.50,0.30,139318,130191,126223
51777344,0.7000,-0.4025,-1.1550,0.0205,0.0112,1.0155,-0.05,0.50,0.30,139328,130190,126200
51796876,1.8375,-0.3675,-1.1725,0.0201,0.0112,1.0154,-0.05,0.50,0.30,139342,130194,126187
51817384,0.0525,-0.2625,-1.2950,0.0200,0.0124,1.0144,-0.05,0.50,0.30,139328,130204,126198
51836912,-1.3125,-0.2100,-1.2950,0.0198,0.0135,1.0136,-0.05,0.50,0.30,139321,130200,126224
51857420,-1.6450,-0.2450,-1.2775,0.0192,0.0140,1.0131,-0.05,0.50,0.30,139319,130192,126219
51876952,-1.1200,-0.3325,-1.2775,0.0187,0.0139,1.0127,-0.05,0.50,0.30,139325,130190,126219
51897460,-0.9625,-0.2975,-1.1900,0.0188,0.0134,1.0128,-0.05,0.50,0.30,139336,130191,126189
51916992,-0.4900,-0.4200,-1.0500,0.0184,0.0132,1.0136,-0.05,0.50,0.30,139334,130194,126208
51937500,-0.4200,-0.4550,-0.8925,0.0184,0.0124,1.0153,-0.05,0.50,0.30,139316,130199,126223
51957032,-0.2975,-0.5425,-0.6825,0.0184,0.0120,1.0165,-0.05,0.50,0.30,139313,130201,126230
51977540,0.5775,-0.6300,-0.5250,0.0183,0.0117,1.0174,-0.05,0.50,0.30,139324,130195,126199
51997072,0.7350,-0.6475,-0.2800,0.0185,0.0120,1.0170,-0.05,0.50,0.30,139331,130194,126195
52017576,0.3150,-0.8050,-0.1575,0.0189,0.0124,1.0160,-0.05,0.50,0.30,139327,130194,126193
52037108,0.0700,-0.8225,0.1050,0.0195,0.0129,1.0150,-0.05,0.50,0.30,139326,130193,126212
52057616,-0.2800,-0.8925,0.2625,0.0198,0.0135,1.0148,-0.05,0.50,0.30,139320,130197,126212
52077148,-1.0325,-1.0325,0.3675,0.0199,0.0139,1.0148,-0.05,0.50,0.30,139318,130198,126213
52097656,-1.9425,-1.1725,0.5425,0.0200,0.0143,1.0146,-0.05,0.50,0.30,139336,130183,126204
52117188,-1.6100,-1.2250,0.6650,0.0201,0.0133,1.0148,-0.05,0.50,0.30,139332,130187,126207
52137696,-0.2800,-1.2775,0.7700,0.0200,0.0118,1.0158,-0.05,0.50,0.30,139319,130185,126238
52157224,2.4500,-1.4175,0.9100,0.0198,0.0094,1.0176,-0.05,0.50,0.30,139321,130193,126233
52177736,2.2750,-1.4175,0.9450,0.0193,0.0098,1.0182,-0.05,0.50,0.30,139326,130181,126217
52197264,0.8225,-1.3475,0.9625,0.0196,0.0100,1.0183,-0.05,0.50,0.30,139329,130180,126198
52216796,0.3500,-1.3475,0.9800,0.0196,0.0105,1.0182,-0.05,0.50,0.30,139333,130183,126197
52237304,0.0875,-1.3125,0.9275,0.0203,0.0100,1.0171,-0.05,0.50,0.30,139321,130179,126223
52256836,1.1725,-1.3475,0.8750,0.0207,0.0096,1.0165,-0.05,0.50,0.30,139313,130185,126228
52277344,0.5950,-1.2775,0.8925,0.0217,0.0104,1.0149,-0.05,0.50,0.30,139323,130178,126206
52296876,0.2100,-1.2250,0.7875,0.0222,0.0107,1.0146,-0.05,0.50,0.30,139338,130172,126201
52317384,0.2275,-1.1550,0.6475,0.0220,0.0111,1.0147,-0.05,0.50,0.30,139337,130176,126208
52336912,0.0700,-1.1200,0.5600,0.0217,0.0115,1.0146,-0.05,0.50,0.30,139328,130183,126223
52357420,-0.5425,-0.8575,0.3850,0.0222,0.0106,1.0143,-0.05,0.50,0.30,139320,130174,126221
52376952,-0.0525,-0.9275,0.1750,0.0224,0.0093,1.0153,-0.05,0.50,0.30,139324,130175,126223
52397460,2.3975,-0.6825,-0.0175,0.0217,0.0074,1.0178,-0.05,0.50,0.30,139336,130178,126203
52427736,2.0475,-0.4375,-0.3500,0.0218,0.0077,1.0182,-0.05,0.50,0.30,139330,130176,126214
