31241210,0.0350,-0.8750,0.0000,-0.0407,-0.1091,1.0096,-0.02,0.47,0.33,138760,130758,125668
31261718,1.4350,-0.7350,0.1750,-0.0404,-0.1097,1.0094,-0.02,0.47,0.33,138742,130769,125677
31281250,3.2200,-0.6125,0.2450,-0.0397,-0.1098,1.0100,-0.02,0.47,0.33,138743,130762,125681
31301756,2.2225,-0.5600,0.2450,-0.0400,-0.1093,1.0099,-0.02,0.47,0.33,138761,130774,125673
31321288,0.6125,-0.5075,0.1750,-0.0405,-0.1089,1.0097,-0.02,0.47,0.33,138773,130774,125663
31340820,0.3325,-0.5425,0.2100,-0.0410,-0.1091,1.0099,-0.02,0.47,0.33,138769,130773,125677
31361328,0.9275,-0.6475,0.2275,-0.0410,-0.1091,1.0106,-0.02,0.47,0.33,138748,130769,125680
31380860,1.1550,-0.8050,0.2275,-0.0407,-0.1088,1.0111,-0.02,0.47,0.33,138751,130776,125694
31401368,0.7350,-0.7875,0.2100,-0.0407,-0.1074,1.0111,-0.02,0.47,0.33,138764,130760,125681
31420898,-0.2450,-0.8400,0.2800,-0.0407,-0.1064,1.0109,-0.02,0.47,0.33,138769,130769,125677
31441406,-0.2100,-0.9100,0.3150,-0.0403,-0.1061,1.0109,-0.02,0.47,0.33,138765,130762,125668
31460936,0.2275,-0.9975,0.3850,-0.0397,-0.1057,1.0109,-0.02,0.47,0.33,138747,130756,125691
31481444,-0.7875,-0.9450,0.3325,-0.0395,-0.1049,1.0104,-0.02,0.47,0.33,138752,130764,125694
31500976,-1.1550,-0.8400,0.3850,-0.0399,-0.1049,1.0100,-0.02,0.47,0.33,138761,130759,125680
31521484,1.8375,-0.9275,0.4200,-0.0397,-0.1054,1.0098,-0.02,0.47,0.33,138773,130757,125677
31541016,2.5025,-1.0675,0.3325,-0.0395,-0.1054,1.0097,-0.02,0.47,0.33,138767,130756,125673
31561524,1.9075,-0.9625,0.2800,-0.0395,-0.1052,1.0099,-0.02,0.47,0.33,138756,130763,125695
31581054,1.6100,-1.1550,0.1750,-0.0394,-0.1050,1.0103,-0.02,0.47,0.33,138757,130772,125683
31601562,1.8025,-1.2425,0.1400,-0.0394,-0.1049,1.0110,-0.02,0.47,0.33,138770,130762,125681
31621092,1.2075,-1.4875,0.1575,-0.0397,-0.1047,1.0116,-0.02,0.47,0.33,138784,130753,125674
31641600,0.3325,-1.4350,0.1925,-0.0395,-0.1039,1.0121,-0.02,0.47,0.33,138778,130761,125685
31661132,0.1050,-1.4875,0.2800,-0.0393,-0.1035,1.0126,-0.02,0.47,0.33,138764,130773,125700
31681640,-0.1050,-1.5050,0.4025,-0.0390,-0.1027,1.0128,-0.02,0.47,0.33,138766,130763,125690
31701172,-0.7875,-1.4000,0.4725,-0.0387,-0.1024,1.0130,-0.02,0.47,0.33,138784,130759,125695
31721680,-0.9975,-1.3475,0.5600,-0.0386,-0.1024,1.0133,-0.02,0.47,0.33,138792,130744,125691
31741210,-1.4700,-1.3300,0.5775,-0.0389,-0.1025,1.0139,-0.02,0.47,0.33,138785,130741,125698
31761718,-1.9250,-1.2950,0.5775,-0.0393,-0.1033,1.0141,-0.02,0.47,0.33,138769,130736,125702
31781250,-0.8925,-1.2775,0.5250,-0.0389,-0.1048,1.0146,-0.02,0.47,0.33,138766,130741,125721
31801756,1.0675,-1.1900,0.5425,-0.0388,-0.1060,1.0148,-0.02,0.47,0.33,138781,130734,125707
31821288,1.1725,-0.9275,0.6125,-0.0393,-0.1060,1.0142,-0.02,0.47,0.33,138794,130729,125695
31840820,0.0700,-0.7175,0.5425,-0.0395,-0.1053,1.0133,-0.02,0.47,0.33,138784,130732,125699
31861328,-0.1225,-0.3150,0.7000,-0.0398,-0.1042,1.0125,-0.02,0.47,0.33,138773,130734,125725
31880860,1.2250,-0.1925,0.7000,-0.0398,-0.1037,1.0125,-0.02,0.47,0.33,138770,130731,125727
31901368,2.2575,-0.1050,0.7000,-0.0398,-0.1038,1.0125,-0.02,0.47,0.33,138780,130739,125701
31920898,2.8175,0.0175,0.6825,-0.0397,-0.1042,1.0126,-0.02,0.47,0.33,138792,130743,125680
31941406,3.6400,-0.0525,0.5250,-0.0399,-0.1043,1.0127,-0.02,0.47,0.33,138777,130740,125691
31960936,3.3775,0.0000,0.3850,-0.0403,-0.1039,1.0128,-0.02,0.47,0.33,138764,130743,125688
31981444,1.6800,0.0525,0.0700,-0.0405,-0.1031,1.0131,-0.02,0.47,0.33,138758,130746,125697
32000976,1.0850,0.0700,-0.1050,-0.0405,-0.1025,1.0133,-0.02,0.47,0.33,138776,130747,125693
32021484,1.1025,0.0175,-0.3325,-0.0403,-0.1020,1.0137,-0.02,0.47,0.33,138778,130752,125691
32041016,0.4025,0.0000,-0.4900,-0.0401,-0.1016,1.0138,-0.02,0.47,0.33,138768,130756,125684
32061524,-0.4200,-0.0700,-0.6300,-0.0400,-0.1013,1.0138,-0.02,0.47,0.33,138758,130759,125700
32081054,-0.6650,-0.2275,-0.8050,-0.0399,-0.1013,1.0136,-0.02,0.47,0.33,138752,130759,125698
32101562,-0.8750,-0.2450,-0.8925,-0.0401,-0.1013,1.0132,-0.02,0.47,0.33,138765,130759,125685
32121092,-0.6825,-0.3500,-0.8925,-0.0406,-0.1010,1.0127,-0.02,0.47,0.33,138772,130744,125689
32141600,-0.6475,-0.4900,-0.8925,-0.0409,-0.1010,1.0122,-0.02,0.47,0.33,138762,130733,125703
32161132,-0.3150,-0.5775,-0.8400,-0.0410,-0.1013,1.0119,-0.02,0.47,0.33,138746,130751,125700
32181640,0.2275,-0.7525,-0.7700,-0.0412,-0.1014,1.0116,-0.02,0.47,0.33,138750,130748,125710
32201172,0.4725,-0.8225,-0.5600,-0.0418,-0.1011,1.0111,-0.02,0.47,0.33,138761,130755,125687
32221680,0.5600,-0.9800,-0.5075,-0.0418,-0.1011,1.0113,-0.02,0.47,0.33,138772,130739,125688
32251952,1.0675,-1.0850,-0.4375,-0.0415,-0.1013,1.0119,-0.02,0.47,0.33,138769,130741,125693
32272460,0.3325,-1.2425,-0.4375,-0.0416,-0.1013,1.0117,-0.02,0.47,0.33,138777,130745,125682
32291992,-0.0525,-1.2775,-0.4200,-0.0422,-0.1016,1.0114,-0.02,0.47,0.33,138771,130749,125706
32312500,1.6450,-1.4350,-0.4725,-0.0425,-0.1033,1.0119,-0.02,0.47,0.33,138757,130757,125703
32332032,3.0450,-1.5225,-0.4200,-0.0421,-0.1041,1.0126,-0.02,0.47,0.33,138759,130753,125711
32352540,2.7825,-1.5400,-0.4550,-0.0417,-0.1039,1.0128,-0.02,0.47,0.33,138774,130770,125683
32372070,1.6800,-1.5400,-0.5075,-0.0416,-0.1030,1.0126,-0.02,0.47,0.33,138784,130757,125690
32392578,0.7350,-1.5050,-0.5250,-0.0415,-0.1022,1.0126,-0.02,0.47,0.33,138779,130765,125700
32412108,0.1225,-1.3300,-0.5425,-0.0407,-0.1015,1.0130,-0.02,0.47,0.33,138775,130770,125715
32432616,-1.1375,-1.2775,-0.4900,-0.0400,-0.0999,1.0135,-0.02,0.47,0.33,138769,130758,125707
32452148,-2.3975,-1.0850,-0.5250,-0.0400,-0.0991,1.0132,-0.02,0.47,0.33,138792,130765,125700
32472656,-2.5900,-0.9275,-0.5250,-0.0403,-0.0989,1.0131,-0.02,0.47,0.33,138791,130749,125693
32492188,-0.9800,-0.8925,-0.5075,-0.0400,-0.0999,1.0132,-0.02,0.47,0.33,138779,130753,125716
32512696,0.6300,-0.8050,-0.5075,-0.0403,-0.1015,1.0133,-0.02,0.47,0.33,138766,130761,125716
32532226,0.9975,-0.5950,-0.6475,-0.0395,-0.1026,1.0128,-0.02,0.47,0.33,138772,130755,125695
32552734,1.1900,-0.4200,-0.6475,-0.0392,-0.1030,1.0131,-0.02,0.47,0.33,138790,130761,125711
32572264,1.3825,-0.2625,-0.5600,-0.0394,-0.1027,1.0130,-0.02,0.47,0.33,138790,130759,125698
32591796,1.4000,-0.0875,-0.5425,-0.0395,-0.1022,1.0127,-0.02,0.47,0.33,138786,130762,125699
32612304,0.7000,0.0350,-0.5250,-0.0395,-0.1017,1.0125,-0.02,0.47,0.33,138768,130766,125696
32631836,0.4725,-0.0350,-0.4725,-0.0395,-0.1020,1.0127,-0.02,0.47,0.33,138760,130772,125707
32652344,1.0675,0.0175,-0.3675,-0.0393,-0.1021,1.0128,-0.02,0.47,0.33,138782,130772,125696
32671876,0.8050,0.0350,-0.3150,-0.0397,-0.1020,1.0125,-0.02,0.47,0.33,138778,130763,125695
32692382,0.5600,0.1400,-0.2625,-0.0399,-0.1014,1.0119,-0.02,0.47,0.33,138773,130761,125698
32711914,1.2250,0.1400,-0.1400,-0.0394,-0.1009,1.0115,-0.02,0.47,0.33,138764,130770,125709
32732420,1.7150,0.0350,-0.1400,-0.0393,-0.1007,1.0114,-0.02,0.47,0.33,138759,130773,125703
32751952,1.9075,0.0700,-0.1225,-0.0395,-0.1004,1.0113,-0.02,0.47,0.33,138772,130773,125687
32772460,0.8750,-0.0875,-0.1925,-0.0394,-0.0998,1.0114,-0.02,0.47,0.33,138778,130769,125687
32791992,1.1725,-0.1400,-0.2275,-0.0393,-0.0997,1.0119,-0.02,0.47,0.33,138768,130778,125683
32812500,2.0125,-0.2800,-0.2100,-0.0392,-0.0993,1.0122,-0.02,0.47,0.33,138750,130784,125696
32832032,1.6450,-0.4900,-0.3150,-0.0397,-0.0983,1.0121,-0.02,0.47,0.33,138754,130777,125692
32852540,0.5775,-0.4900,-0.3150,-0.0401,-0.0976,1.0119,-0.02,0.47,0.33,138768,130785,125682
32872070,-0.1925,-0.5775,-0.3675,-0.0403,-0.0971,1.0121,-0.02,0.47,0.33,138776,130777,125669
32892578,-0.3675,-0.7000,-0.3850,-0.0403,-0.0969,1.0127,-0.02,0.47,0.33,138764,130775,125685
32912108,-0.6650,-0.7525,-0.4025,-0.0400,-0.0974,1.0128,-0.02,0.47,0.33,138749,130784,125681
32932616,0.0350,-0.9100,-0.3150,-0.0395,-0.0980,1.0132,-0.02,0.47,0.33,138761,130789,125698
32952148,0.7000,-0.9275,-0.2100,-0.0393,-0.0981,1.0132,-0.02,0.47,0.33,138774,130784,125689
32972656,-0.0700,-0.8575,-0.2275,-0.0393,-0.0978,1.0130,-0.02,0.47,0.33,138781,130762,125686
32992188,-0.5775,-0.8575,0.0175,-0.0390,-0.0977,1.0126,-0.02,0.47,0.33,138763,130775,125705
33012696,-0.5600,-0.9450,0.1225,-0.0386,-0.0978,1.0127,-0.02,0.47,0.33,138756,130775,125705
33032226,-0.5250,-0.9100,0.2975,-0.0383,-0.0983,1.0128,-0.02,0.47,0.33,138762,130768,125704
33052734,-0.8750,-0.8225,0.4725,-0.0386,-0.0983,1.0125,-0.02,0.47,0.33,138771,130757,125693
33072264,-0.8925,-0.8400,0.7525,-0.0388,-0.0985,1.0120,-0.02,0.47,0.33,138774,130759,125690
33091796,0.2450,-0.6825,0.9800,-0.0394,-0.0988,1.0115,-0.02,0.47,0.33,138769,130755,125708
33112304,2.2575,-0.8050,1.4175,-0.0403,-0.0991,1.0115,-0.02,0.47,0.33,138751,130755,125703
33131836,1.7850,-0.8750,1.5925,-0.0403,-0.0986,1.0117,-0.02,0.47,0.33,138757,130757,125700
33152344,0.8750,-0.8750,1.6625,-0.0404,-0.0983,1.0122,-0.02,0.47,0.33,138773,130760,125704
33171876,0.8400,-0.9800,1.7675,-0.0407,-0.0981,1.0128,-0.02,0.47,0.33,138769,130742,125702
33192382,1.2600,-1.0500,1.8025,-0.0417,-0.0976,1.0135,-0.02,0.47,0.33,138767,130745,125706
33211914,0.9625,-1.0150,1.7325,-0.0421,-0.0965,1.0141,-0.02,0.47,0.33,138751,130756,125707
33232420,-1.4350,-0.8750,1.5925,-0.0417,-0.0947,1.0142,-0.02,0.47,0.33,138750,130749,125711
33262696,-0.9800,-0.4725,1.3300,-0.0417,-0.0948,1.0144,-0.02,0.47,0.33,138744,130733,125716
33282226,0.2625,-0.3325,1.1200,-0.0415,-0.0955,1.0148,-0.02,0.47,0.33,138745,130732,125707
33302734,0.5250,-0.1225,0.8225,-0.0405,-0.0960,1.0147,-0.02,0.47,0.33,138763,130730,125702
33322264,0.5600,0.2450,0.6300,-0.0398,-0.0960,1.0143,-0.02,0.47,0.33,138763,130734,125686
33341796,0.7875,0.4550,0.4025,-0.0398,-0.0963,1.0141,-0.02,0.47,0.33,138753,130725,125706
33362304,-0.0875,0.5950,0.2800,-0.0393,-0.0965,1.0141,-0.02,0.47,0.33,138728,130737,125711
33381836,0.6650,0.5075,0.2800,-0.0393,-0.0969,1.0144,-0.02,0.47,0.33,138730,130740,125717
33402344,0.6475,0.4025,0.2975,-0.0398,-0.0966,1.0146,-0.02,0.47,0.33,138741,130721,125701
33421876,-0.9100,0.3500,0.4375,-0.0395,-0.0964,1.0144,-0.02,0.47,0.33,138744,130714,125684
33442382,-1.3650,0.2625,0.7875,-0.0395,-0.0964,1.0143,-0.02,0.47,0.33,138730,130710,125702
33461914,-2.6775,0.0875,1.0325,-0.0401,-0.0959,1.0136,-0.02,0.47,0.33,138720,130703,125716
33482420,-4.4450,0.0700,1.4000,-0.0394,-0.0966,1.0132,-0.02,0.47,0.33,138721,130688,125718
33501952,-4.1825,-0.1575,1.8725,-0.0392,-0.0983,1.0132,-0.02,0.47,0.33,138726,130665,125693
33522460,-2.4150,-0.4025,2.3625,-0.0393,-0.1005,1.0128,-0.02,0.47,0.33,138735,130669,125696
33541992,-0.9275,-0.7000,2.7825,-0.0399,-0.1022,1.0124,-0.03,0.47,0.33,138723,130657,125696
33562500,-0.6825,-0.9800,3.4650,-0.0410,-0.1047,1.0116,-0.02,0.47,0.33,138706,130665,125717
33582032,-0.4900,-1.2425,3.8500,-0.0414,-0.1063,1.0117,-0.03,0.47,0.33,138704,130656,125718
33602540,0.2100,-1.3825,4.2525,-0.0412,-0.1074,1.0116,-0.03,0.47,0.33,138713,130626,125698
33622072,0.1750,-1.5575,4.6550,-0.0417,-0.1076,1.0110,-0.03,0.47,0.33,138717,130614,125708
33642576,-0.5250,-1.5575,4.8475,-0.0427,-0.1074,1.0098,-0.03,0.47,0.33,138707,130618,125724
33662108,-1.0150,-1.6275,5.0575,-0.0431,-0.1078,1.0092,-0.03,0.47,0.33,138703,130606,125726
33682616,0.2450,-1.7500,5.1450,-0.0434,-0.1099,1.0089,-0.03,0.47,0.33,138699,130605,125730
33702148,2.1350,-1.8200,5.1275,-0.0442,-0.1110,1.0089,-0.03,0.47,0.33,138712,130591,125723
33722656,3.5175,-1.8900,5.1100,-0.0451,-0.1110,1.0092,-0.03,0.47,0.33,138727,130585,125717
33742188,3.4300,-1.9425,4.8825,-0.0454,-0.1103,1.0093,-0.03,0.47,0.33,138711,130585,125710
33762696,2.6950,-1.8550,4.6375,-0.0456,-0.1093,1.0100,-0.03,0.46,0.33,138690,130578,125745
33782224,1.9600,-1.9600,4.3400,-0.0459,-0.1081,1.0113,-0.03,0.47,0.33,138703,130581,125746
33802736,-0.9450,-1.7500,3.6750,-0.0458,-0.1054,1.0119,-0.03,0.47,0.33,138716,130568,125745
33822264,-1.7150,-1.6275,3.3250,-0.0456,-0.1049,1.0122,-0.03,0.47,0.33,138719,130549,125731
33841796,-0.2275,-1.4700,2.9575,-0.0454,-0.1052,1.0124,-0.03,0.47,0.33,138711,130549,125736
33862304,0.6650,-1.0850,2.6075,-0.0453,-0.1054,1.0119,-0.03,0.47,0.33,138702,130552,125745
33881836,1.0500,-0.6475,2.3625,-0.0449,-0.1057,1.0115,-0.03,0.47,0.32,138701,130548,125748
33902344,1.9250,-0.3500,2.1700,-0.0438,-0.1055,1.0117,-0.03,0.47,0.33,138718,130537,125733
33921876,2.5725,0.1925,2.0475,-0.0406,-0.1047,1.0121,-0.03,0.47,0.33,138720,130539,125728
33942384,2.2750,0.6125,2.1525,-0.0390,-0.1033,1.0117,-0.03,0.47,0.33,138710,130541,125728
33961912,1.4525,1.0675,2.1700,-0.0389,-0.1020,1.0106,-0.03,0.47,0.33,138694,130539,125741
33982420,0.9100,1.3125,2.2400,-0.0397,-0.1015,1.0094,-0.03,0.46,0.33,138680,130551,125736
34001952,2.2925,1.4525,2.3625,-0.0409,-0.1022,1.0089,-0.03,0.46,0.33,138686,130536,125729
34022460,7.1575,1.2425,2.6075,-0.0429,-0.1039,1.0093,-0.03,0.47,0.33,138692,130550,125716
34041992,8.0850,1.0150,2.6950,-0.0443,-0.1030,1.0094,-0.03,0.46,0.33,138678,130551,125712
34062500,6.6850,0.8225,2.7125,-0.0459,-0.1005,1.0094,-0.03,0.46,0.33,138667,130556,125719
34082032,5.1975,0.5600,2.7475,-0.0473,-0.0981,1.0100,-0.03,0.46,0.33,138671,130569,125707
34102540,5.3025,0.1225,2.7125,-0.0488,-0.0965,1.0114,-0.03,0.46,0.33,138675,130578,125706
34122072,5.5650,-0.4025,2.5725,-0.0500,-0.0950,1.0128,-0.03,0.47,0.33,138691,130587,125702
34142576,4.1650,-0.9450,2.3275,-0.0509,-0.0922,1.0148,-0.03,0.46,0.33,138670,130581,125707
34162108,1.9950,-1.1725,1.8725,-0.0506,-0.0899,1.0155,-0.03,0.46,0.33,138661,130588,125713
34182616,0.0700,-1.2250,1.5050,-0.0499,-0.0878,1.0160,-0.03,0.46,0.33,138662,130580,125721
34202148,-0.7175,-1.3650,1.1725,-0.0494,-0.0860,1.0160,-0.03,0.46,0.33,138679,130576,125706
34222656,-1.0325,-1.3650,0.6650,-0.0490,-0.0849,1.0157,-0.03,0.46,0.33,138687,130567,125718
34242188,-0.5250,-1.2425,0.2450,-0.0483,-0.0850,1.0160,-0.03,0.46,0.33,138682,130566,125698
34272460,-0.4200,-1.2075,-0.3500,-0.0466,-0.0841,1.0172,-0.03,0.47,0.33,138692,130562,125701
34291992,-2.2575,-0.8925,-0.4725,-0.0456,-0.0825,1.0170,-0.03,0.46,0.33,138690,130556,125719
34312500,-2.6600,-0.6125,-0.4550,-0.0447,-0.0811,1.0170,-0.03,0.46,0.33,138670,130552,125729
34332032,-2.2050,-0.3150,-0.3500,-0.0439,-0.0803,1.0167,-0.03,0.46,0.33,138673,130545,125736
34352540,-1.8550,0.0350,-0.1925,-0.0432,-0.0800,1.0165,-0.03,0.46,0.33,138683,130541,125726
34372072,-1.6100,0.5950,-0.0700,-0.0427,-0.0811,1.0160,-0.03,0.46,0.33,138683,130530,125709
34392576,-1.4000,0.9275,0.0175,-0.0437,-0.0825,1.0150,-0.03,0.46,0.33,138671,130528,125732
34412108,-0.3325,1.0500,0.1575,-0.0451,-0.0844,1.0148,-0.03,0.46,0.33,138659,130527,125728
34432616,2.1525,1.1200,0.3850,-0.0466,-0.0861,1.0150,-0.03,0.46,0.33,138660,130547,125720
34452148,3.7625,1.0500,0.5250,-0.0479,-0.0867,1.0155,-0.03,0.46,0.33,138658,130543,125702
34472656,3.0800,1.0500,0.7525,-0.0492,-0.0856,1.0159,-0.03,0.46,0.33,138664,130553,125692
34492188,-0.1750,0.8750,0.8575,-0.0508,-0.0828,1.0163,-0.03,0.46,0.33,138650,130539,125715
34512696,-1.5575,0.7875,0.8925,-0.0512,-0.0817,1.0167,-0.03,0.46,0.33,138627,130539,125702
34532224,-1.8900,0.6650,0.8750,-0.0516,-0.0816,1.0167,-0.03,0.46,0.33,138631,130530,125711
34552736,-1.8375,0.5425,0.7525,-0.0519,-0.0820,1.0161,-0.03,0.46,0.33,138641,130527,125700
34572264,-1.4175,0.5600,0.6125,-0.0517,-0.0825,1.0150,-0.03,0.46,0.33,138645,130519,125707
34591796,-0.2975,0.7350,0.3150,-0.0512,-0.0832,1.0139,-0.03,0.46,0.33,138632,130519,125710
34612304,0.7525,0.8225,-0.1925,-0.0505,-0.0848,1.0124,-0.03,0.46,0.33,138614,130525,125710
34631836,1.4350,0.8750,-0.5075,-0.0506,-0.0854,1.0114,-0.03,0.46,0.33,138609,130529,125700
34652344,1.4350,0.8400,-0.8400,-0.0508,-0.0856,1.0104,-0.03,0.46,0.33,138619,130524,125693
34671876,1.2250,0.7350,-1.0850,-0.0505,-0.0853,1.0098,-0.03,0.46,0.33,138622,130511,125700
34692384,1.2075,0.5950,-1.3300,-0.0506,-0.0852,1.0097,-0.03,0.46,0.33,138611,130522,125683
34711912,0.3150,0.4025,-1.5225,-0.0514,-0.0849,1.0094,-0.03,0.46,0.33,138606,130536,125696
34732420,-0.6475,0.1225,-1.6625,-0.0525,-0.0855,1.0089,-0.03,0.46,0.33,138596,130540,125693
34751952,0.6300,-0.2625,-1.6625,-0.0538,-0.0864,1.0091,-0.03,0.46,0.33,138612,130538,125693
34772460,0.9450,-0.5250,-1.6450,-0.0554,-0.0869,1.0091,-0.03,0.46,0.33,138623,130537,125687
34791992,-0.0525,-0.8575,-1.6625,-0.0562,-0.0872,1.0094,-0.03,0.46,0.33,138619,130536,125709
34812500,-0.5950,-1.2075,-1.6450,-0.0569,-0.0872,1.0104,-0.03,0.46,0.33,138601,130538,125703
34832032,-0.6825,-1.6625,-1.4525,-0.0571,-0.0865,1.0116,-0.03,0.46,0.33,138610,130546,125722
34852540,-1.7500,-1.7325,-1.3825,-0.0573,-0.0854,1.0116,-0.03,0.46,0.33,138622,130529,125705
34872072,-2.9225,-1.6450,-1.3125,-0.0578,-0.0850,1.0113,-0.03,0.46,0.33,138630,130519,125707
34892576,-3.2550,-1.5925,-1.2425,-0.0583,-0.0856,1.0109,-0.03,0.46,0.33,138628,130521,125710
34912108,-1.9075,-1.6100,-1.1725,-0.0582,-0.0869,1.0109,-0.03,0.46,0.33,138618,130541,125726
34932616,-0.1050,-1.4350,-1.0500,-0.0584,-0.0886,1.0108,-0.03,0.46,0.33,138618,130531,125723
34952148,1.3825,-1.2600,-0.9625,-0.0586,-0.0905,1.0108,-0.03,0.46,0.33,138633,130534,125709
34972656,1.7850,-1.0850,-0.8575,-0.0583,-0.0908,1.0108,-0.03,0.46,0.33,138650,130531,125697
34992188,2.0300,-0.9625,-0.6650,-0.0578,-0.0905,1.0110,-0.03,0.46,0.33,138632,130530,125709
35012696,1.8725,-0.8575,-0.6300,-0.0576,-0.0899,1.0111,-0.03,0.46,0.33,138620,130538,125714
35032224,0.5950,-0.7175,-0.5250,-0.0580,-0.0892,1.0111,-0.03,0.46,0.33,138616,130536,125724
35052736,-0.0875,-0.7000,-0.5600,-0.0576,-0.0898,1.0119,-0.03,0.46,0.33,138639,130539,125715
35072264,1.4700,-0.7175,-0.4375,-0.0576,-0.0902,1.0126,-0.03,0.46,0.33,138643,130539,125700
35091796,1.2425,-0.7525,-0.3850,-0.0577,-0.0895,1.0126,-0.03,0.46,0.33,138640,130538,125706
35112304,0.3500,-0.6825,-0.4025,-0.0576,-0.0888,1.0125,-0.03,0.46,0.33,138624,130546,125722
35131836,0.5600,-0.7875,-0.3850,-0.0578,-0.0888,1.0128,-0.03,0.46,0.33,138624,130557,125718
35152344,1.0500,-0.9625,-0.4375,-0.0581,-0.0888,1.0131,-0.03,0.46,0.33,138638,130538,125711
35171876,0.3325,-0.9800,-0.5425,-0.0581,-0.0887,1.0131,-0.03,0.46,0.33,138648,130542,125703
35192384,-0.6475,-1.2075,-0.7000,-0.0578,-0.0885,1.0131,-0.03,0.46,0.33,138641,130540,125714
35211912,-0.2975,-1.2075,-0.7350,-0.0577,-0.0886,1.0128,-0.03,0.46,0.33,138632,130537,125715
35232420,0.1400,-1.2075,-0.7700,-0.0581,-0.0885,1.0121,-0.03,0.46,0.33,138629,130550,125711
35251952,-0.4375,-1.1025,-0.8575,-0.0581,-0.0882,1.0114,-0.03,0.46,0.33,138644,130537,125726
35282224,-0.3150,-1.1550,-0.9625,-0.0561,-0.0886,1.0114,-0.03,0.46,0.33,138638,130551,125710
35302736,1.2075,-1.1900,-0.9275,-0.0553,-0.0887,1.0113,-0.03,0.46,0.33,138656,130553,125720
35322264,0.8750,-1.2075,-0.9275,-0.0551,-0.0885,1.0108,-0.03,0.46,0.33,138665,130535,125713
35341796,1.2075,-1.1900,-0.9100,-0.0549,-0.0886,1.0109,-0.03,0.46,0.33,138656,130555,125715
35362304,1.5575,-1.2950,-0.8400,-0.0553,-0.0888,1.0111,-0.03,0.46,0.33,138642,130559,125712
35381836,0.8575,-1.4875,-0.8750,-0.0556,-0.0888,1.0115,-0.03,0.46,0.33,138644,130556,125722
35402344,-0.1925,-1.7850,-0.9100,-0.0559,-0.0891,1.0122,-0.03,0.46,0.33,138661,130552,125732
35421876,-0.5600,-1.8725,-0.8225,-0.0554,-0.0891,1.0127,-0.03,0.46,0.33,138675,130548,125701
35442384,-0.4725,-1.9600,-0.7700,-0.0542,-0.0888,1.0131,-0.03,0.46,0.33,138675,130538,125716
35461912,-0.3325,-1.9075,-0.6125,-0.0534,-0.0885,1.0130,-0.03,0.46,0.33,138661,130551,125733
35482420,-0.6300,-1.7850,-0.4550,-0.0529,-0.0878,1.0124,-0.03,0.46,0.33,138657,130550,125732
35501952,-0.1225,-1.6625,-0.2625,-0.0520,-0.0877,1.0121,-0.03,0.46,0.33,138671,130541,125723
35522460,1.2075,-1.5050,-0.1575,-0.0514,-0.0883,1.0120,-0.03,0.46,0.33,138686,130552,125714
35541992,1.6975,-1.5750,-0.1050,-0.0510,-0.0891,1.0122,-0.03,0.46,0.33,138682,130553,125720
35562500,1.9075,-1.4525,-0.1575,-0.0504,-0.0895,1.0126,-0.03,0.46,0.33,138664,130567,125731
35582032,2.0125,-1.4000,-0.3325,-0.0500,-0.0897,1.0127,-0.03,0.46,0.33,138669,130567,125744
35602540,1.1200,-1.3125,-0.3500,-0.0505,-0.0893,1.0125,-0.03,0.46,0.33,138682,130553,125723
35622072,0.4025,-1.3300,-0.4375,-0.0508,-0.0891,1.0124,-0.03,0.47,0.33,138699,130564,125734
35642576,0.8575,-1.4700,-0.4200,-0.0501,-0.0892,1.0131,-0.03,0.47,0.33,138691,130564,125734
35662108,1.3475,-1.5750,-0.4025,-0.0499,-0.0889,1.0136,-0.03,0.46,0.33,138676,130567,125738
35682616,0.5250,-1.6625,-0.4725,-0.0498,-0.0881,1.0137,-0.03,0.46,0.33,138678,130578,125740
35702148,-0.7700,-1.6275,-0.4200,-0.0494,-0.0869,1.0135,-0.03,0.47,0.33,138695,130581,125733
35722656,-1.4175,-1.5750,-0.4200,-0.0486,-0.0864,1.0133,-0.03,0.47,0.33,138704,130559,125723
35742188,-0.7525,-1.4875,-0.4375,-0.0483,-0.0864,1.0133,-0.03,0.47,0.33,138703,130563,125736
35762696,-0.2800,-1.4700,-0.4725,-0.0486,-0.0871,1.0130,-0.03,0.46,0.33,138688,130573,125733
35782224,-0.0175,-1.3475,-0.5425,-0.0486,-0.0878,1.0130,-0.03,0.47,0.33,138691,130563,125731
35802736,0.7000,-1.3300,-0.5950,-0.0488,-0.0886,1.0131,-0.03,0.47,0.33,138702,130556,125735
35822264,0.8400,-1.1900,-0.7000,-0.0489,-0.0887,1.0132,-0.03,0.47,0.33,138718,130558,125722
35841796,0.4025,-1.1375,-0.7700,-0.0488,-0.0883,1.0133,-0.03,0.47,0.33,138708,130557,125741
35862304,-0.4025,-1.0850,-0.7175,-0.0481,-0.0874,1.0136,-0.03,0.47,0.32,138695,130566,125760
35881836,-0.5775,-1.0850,-0.8225,-0.0478,-0.0870,1.0136,-0.03,0.47,0.32,138695,130565,125749
35902344,0.2100,-1.0850,-0.8750,-0.0476,-0.0874,1.0135,-0.03,0.47,0.33,138712,130572,125734
35921876,1.6975,-1.0150,-0.9975,-0.0476,-0.0878,1.0135,-0.03,0.47,0.33,138722,130577,125736
35942384,1.8025,-1.1200,-1.0675,-0.0477,-0.0878,1.0132,-0.03,0.47,0.33,138710,130571,125744
35961912,0.8400,-1.1725,-1.3125,-0.0478,-0.0878,1.0133,-0.03,0.47,0.32,138696,130586,125753
35982420,0.2100,-1.4000,-1.5225,-0.0476,-0.0877,1.0135,-0.03,0.47,0.32,138706,130582,125753
36001952,-0.7525,-1.5225,-1.7325,-0.0476,-0.0874,1.0132,-0.03,0.47,0.33,138716,130575,125743
36022460,-1.8025,-1.6450,-1.7850,-0.0465,-0.0869,1.0136,-0.03,0.47,0.33,138734,130574,125732
36041992,-1.9775,-1.7150,-1.8375,-0.0451,-0.0867,1.0141,-0.03,0.47,0.33,138726,130569,125738
36062500,-2.2400,-1.8375,-1.8200,-0.0445,-0.0865,1.0138,-0.03,0.47,0.32,138725,130575,125764
36082032,-2.7825,-1.7850,-1.8025,-0.0440,-0.0865,1.0133,-0.03,0.47,0.32,138721,130574,125755
36102540,-1.1375,-1.5575,-1.6975,-0.0426,-0.0877,1.0128,-0.03,0.47,0.33,138733,130585,125746
36122072,0.1400,-1.5050,-1.5575,-0.0425,-0.0889,1.0121,-0.03,0.47,0.33,138738,130565,125728
36142576,0.5425,-1.2775,-1.4525,-0.0425,-0.0900,1.0116,-0.03,0.47,0.33,138739,130581,125743
36162108,0.6825,-1.1900,-1.3475,-0.0422,-0.0910,1.0114,-0.03,0.47,0.33,138729,130577,125743
36182616,1.6625,-1.2075,-1.1725,-0.0418,-0.0922,1.0119,-0.03,0.47,0.33,138726,130580,125747
36202148,2.1875,-1.1550,-0.9450,-0.0422,-0.0931,1.0122,-0.03,0.47,0.33,138745,130586,125742
36222656,1.2075,-1.2075,-0.5950,-0.0425,-0.0935,1.0126,-0.03,0.47,0.33,138756,130583,125733
36242188,1.0500,-1.2250,-0.3325,-0.0422,-0.0937,1.0135,-0.03,0.47,0.32,138745,130593,125749
36262696,1.4525,-1.3475,0.0000,-0.0421,-0.0932,1.0142,-0.03,0.47,0.32,138736,130586,125755
36292968,-0.5075,-1.2075,0.3675,-0.0412,-0.0920,1.0144,-0.03,0.47,0.32,138750,130581,125751
36313476,-0.7700,-1.2075,0.7350,-0.0406,-0.0921,1.0146,-0.03,0.47,0.32,138733,130587,125769
36333008,0.1400,-1.1725,0.9275,-0.0407,-0.0926,1.0141,-0.03,0.47,0.32,138735,130580,125758
36353516,0.5425,-1.1025,1.0675,-0.0410,-0.0930,1.0136,-0.03,0.47,0.32,138757,130580,125758
36373048,0.8225,-1.0675,1.2075,-0.0405,-0.0935,1.0137,-0.03,0.47,0.33,138758,130573,125746
36393552,1.7150,-1.1200,1.2775,-0.0393,-0.0932,1.0142,-0.03,0.47,0.32,138741,130577,125749
36413084,1.5400,-0.9450,1.3300,-0.0384,-0.0921,1.0141,-0.03,0.47,0.32,138733,130570,125753
36433592,-0.1925,-0.7350,1.2950,-0.0376,-0.0906,1.0133,-0.03,0.47,0.32,138735,130572,125763
36453124,-0.4725,-0.4550,1.2425,-0.0377,-0.0905,1.0126,-0.03,0.47,0.33,138747,130568,125740
36473632,-0.0525,-0.3500,1.1025,-0.0378,-0.0913,1.0124,-0.03,0.47,0.33,138749,130553,125746
36493164,1.2425,-0.4725,0.9975,-0.0382,-0.0922,1.0127,-0.03,0.47,0.32,138736,130573,125751
36513672,3.1850,-0.5075,0.9800,-0.0388,-0.0927,1.0131,-0.03,0.47,0.32,138726,130580,125766
36533204,3.4825,-0.6475,0.8750,-0.0393,-0.0920,1.0133,-0.03,0.47,0.32,138731,130585,125756
36553712,0.7000,-0.6825,0.8575,-0.0400,-0.0893,1.0133,-0.03,0.47,0.33,138749,130565,125746
36573240,-1.2775,-0.7875,0.7350,-0.0405,-0.0883,1.0136,-0.03,0.47,0.32,138743,130569,125751
36593752,-1.6800,-1.0675,0.5600,-0.0404,-0.0885,1.0139,-0.03,0.47,0.32,138737,130567,125749
36613280,-0.9975,-1.2775,0.5250,-0.0401,-0.0889,1.0141,-0.03,0.47,0.32,138726,130562,125771
36632812,-1.0850,-1.3300,0.4900,-0.0400,-0.0892,1.0138,-0.03,0.47,0.32,138728,130562,125755
36653320,-1.1725,-1.3300,0.4900,-0.0398,-0.0895,1.0132,-0.03,0.47,0.32,138745,130553,125749
36672852,-0.1750,-1.4000,0.6125,-0.0393,-0.0895,1.0128,-0.03,0.47,0.32,138757,130543,125752
36693360,0.7000,-1.2950,0.7700,-0.0393,-0.0894,1.0126,-0.03,0.47,0.32,138747,130548,125753
36712888,0.7350,-1.4175,0.8400,-0.0395,-0.0893,1.0124,-0.03,0.47,0.32,138726,130555,125777
36733400,0.6650,-1.4000,0.9275,-0.0397,-0.0895,1.0124,-0.03,0.47,0.32,138738,130552,125763
36752928,1.2250,-1.4350,0.9625,-0.0393,-0.0899,1.0128,-0.03,0.47,0.32,138747,130549,125754
36773436,0.7875,-1.4175,0.9800,-0.0395,-0.0895,1.0130,-0.03,0.47,0.32,138756,130549,125754
36792968,-0.0700,-1.4350,0.9100,-0.0395,-0.0894,1.0131,-0.03,0.47,0.32,138749,130541,125749
36813476,0.2800,-1.3825,0.8575,-0.0393,-0.0897,1.0135,-0.03,0.47,0.32,138736,130553,125780
36833008,0.5250,-1.4350,0.7175,-0.0390,-0.0894,1.0138,-0.03,0.47,0.32,138742,130543,125767
36853516,-0.5950,-1.3825,0.6300,-0.0386,-0.0889,1.0138,-0.03,0.47,0.32,138760,130541,125759
36873048,-0.7875,-1.2600,0.4550,-0.0382,-0.0887,1.0138,-0.03,0.47,0.32,138759,130531,125754
36893552,0.4550,-1.0850,0.2625,-0.0376,-0.0886,1.0139,-0.03,0.47,0.32,138748,130534,125761
36913084,1.0150,-0.9450,0.0875,-0.0375,-0.0885,1.0138,-0.03,0.47,0.32,138741,130547,125770
36933592,0.6650,-0.7350,-0.1050,-0.0377,-0.0881,1.0133,-0.03,0.47,0.32,138739,130538,125766
36953124,0.2625,-0.6825,-0.2975,-0.0381,-0.0882,1.0130,-0.03,0.47,0.32,138748,130542,125776
36973632,1.0675,-0.7350,-0.5600,-0.0381,-0.0887,1.0131,-0.03,0.47,0.32,138760,130535,125759
36993164,1.6100,-0.7525,-0.6650,-0.0379,-0.0885,1.0132,-0.03,0.47,0.32,138756,130542,125766
37013672,0.4550,-0.7175,-0.8925,-0.0378,-0.0877,1.0133,-0.03,0.47,0.32,138740,130552,125771
37033204,0.1225,-0.7525,-0.9100,-0.0376,-0.0874,1.0136,-0.03,0.47,0.32,138747,130547,125765
37053712,0.2625,-0.7700,-1.0500,-0.0379,-0.0871,1.0136,-0.03,0.47,0.32,138763,130552,125758
37073240,-0.0175,-0.7175,-1.0675,-0.0379,-0.0874,1.0133,-0.03,0.47,0.32,138767,130546,125755
37093752,0.1225,-0.7525,-1.0850,-0.0381,-0.0880,1.0133,-0.03,0.47,0.32,138755,130548,125763
37113280,1.3300,-0.8225,-1.0150,-0.0382,-0.0887,1.0138,-0.03,0.47,0.32,138748,130561,125757
37132812,1.1200,-0.9100,-0.9275,-0.0376,-0.0886,1.0141,-0.03,0.47,0.32,138752,130564,125760
37153320,0.0350,-0.7525,-0.8575,-0.0372,-0.0881,1.0142,-0.03,0.47,0.32,138762,130557,125751
37172852,-0.6300,-0.8225,-0.7875,-0.0372,-0.0880,1.0143,-0.03,0.47,0.32,138768,130559,125751
37193360,-0.7000,-0.7350,-0.7175,-0.0372,-0.0883,1.0143,-0.03,0.47,0.32,138754,130551,125764
37212888,-0.4200,-0.7700,-0.6475,-0.0367,-0.0892,1.0144,-0.03,0.47,0.32,138747,130556,125771
37233400,-0.0525,-0.6475,-0.5950,-0.0364,-0.0899,1.0144,-0.03,0.47,0.32,138750,130561,125754
37252928,-0.0875,-0.5075,-0.5075,-0.0360,-0.0900,1.0143,-0.03,0.47,0.32,138762,130560,125761
37273436,0.1225,-0.5250,-0.3325,-0.0359,-0.0897,1.0143,-0.03,0.47,0.33,138765,130545,125736
37303712,0.4375,-0.3675,0.0000,-0.0355,-0.0888,1.0142,-0.03,0.47,0.32,138758,130552,125748
37323240,0.8225,-0.2975,0.1925,-0.0349,-0.0883,1.0143,-0.03,0.47,0.33,138766,130547,125733
37343752,0.4200,-0.1925,0.2450,-0.0345,-0.0881,1.0143,-0.03,0.47,0.33,138749,130547,125741
37363280,-0.2625,-0.0525,0.2800,-0.0343,-0.0887,1.0141,-0.03,0.47,0.32,138729,130552,125755
37382812,0.4025,-0.0700,0.1225,-0.0344,-0.0897,1.0138,-0.03,0.47,0.32,138737,130556,125750
37403320,1.0325,-0.1575,-0.0175,-0.0346,-0.0906,1.0136,-0.03,0.47,0.33,138742,130556,125737
37422852,1.4350,-0.1925,-0.1575,-0.0344,-0.0910,1.0136,-0.03,0.47,0.33,138754,130556,125742
37443360,1.3475,-0.3675,-0.1750,-0.0342,-0.0908,1.0135,-0.03,0.47,0.32,138740,130564,125750
37462888,-0.4025,-0.3675,-0.2625,-0.0344,-0.0893,1.0128,-0.03,0.47,0.32,138732,130575,125749
37483400,-0.7000,-0.5600,-0.2275,-0.0344,-0.0889,1.0130,-0.03,0.47,0.33,138732,130559,125746
37502928,0.2975,-0.6650,-0.1400,-0.0345,-0.0888,1.0131,-0.03,0.47,0.33,138744,130561,125744
37523436,0.4200,-0.7350,-0.1925,-0.0350,-0.0888,1.0127,-0.03,0.47,0.33,138753,130559,125733
37542968,-0.0700,-0.7875,-0.1750,-0.0357,-0.0889,1.0121,-0.03,0.47,0.32,138749,130558,125748
37563476,0.1400,-0.8575,-0.2625,-0.0366,-0.0895,1.0116,-0.03,0.47,0.32,138731,130561,125749
37583008,1.1025,-0.9800,-0.3675,-0.0368,-0.0910,1.0116,-0.03,0.47,0.32,138731,130563,125749
37603516,1.5750,-1.0500,-0.3675,-0.0365,-0.0910,1.0119,-0.03,0.47,0.33,138758,130560,125737
37623048,0.8575,-1.0850,-0.4550,-0.0357,-0.0905,1.0121,-0.03,0.47,0.33,138757,130559,125741
37643552,0.1225,-0.9800,-0.5075,-0.0351,-0.0898,1.0122,-0.03,0.47,0.32,138748,130562,125753
37663084,-0.2800,-0.9450,-0.5425,-0.0346,-0.0893,1.0125,-0.03,0.47,0.32,138733,130560,125758
37683592,-0.1575,-0.9450,-0.6125,-0.0346,-0.0894,1.0130,-0.03,0.47,0.33,138741,130577,125743
37703124,0.2450,-0.8750,-0.6125,-0.0349,-0.0900,1.0139,-0.03,0.47,0.32,138755,130560,125755
37723632,1.0500,-0.8925,-0.6825,-0.0354,-0.0905,1.0144,-0.03,0.47,0.33,138758,130561,125731
37743164,0.2100,-0.8400,-0.6825,-0.0359,-0.0902,1.0143,-0.03,0.47,0.32,138750,130558,125753
37763672,-1.0675,-0.7525,-0.7700,-0.0364,-0.0900,1.0142,-0.03,0.47,0.32,138741,130581,125762
37783204,-1.4525,-0.7175,-0.8750,-0.0367,-0.0904,1.0144,-0.03,0.47,0.32,138740,130563,125759
37803712,-0.8225,-0.7175,-0.7700,-0.0368,-0.0910,1.0146,-0.03,0.47,0.32,138761,130548,125750
37823240,-0.6825,-0.6475,-0.6825,-0.0367,-0.0908,1.0143,-0.03,0.47,0.32,138767,130550,125755
37843752,-0.3325,-0.5075,-0.5600,-0.0364,-0.0905,1.0141,-0.03,0.47,0.32,138749,130557,125757
37863280,0.2100,-0.4900,-0.3850,-0.0360,-0.0902,1.0137,-0.03,0.47,0.32,138741,130560,125768
37882812,0.6300,-0.5075,-0.2625,-0.0360,-0.0897,1.0133,-0.03,0.47,0.32,138732,130562,125766
37903320,1.0500,-0.4025,-0.0175,-0.0361,-0.0893,1.0131,-0.03,0.47,0.32,138753,130549,125757
37922852,1.3650,-0.4025,-0.0175,-0.0364,-0.0892,1.0132,-0.03,0.47,0.32,138757,130559,125749
37943360,1.3650,-0.4375,0.0525,-0.0362,-0.0898,1.0132,-0.03,0.47,0.32,138750,130556,125761
37962888,0.9800,-0.5425,-0.1400,-0.0365,-0.0902,1.0131,-0.03,0.47,0.32,138734,130560,125750
37983400,0.4550,-0.6300,-0.2975,-0.0368,-0.0908,1.0133,-0.03,0.47,0.32,138746,130561,125759
38002928,0.6300,-0.7175,-0.4200,-0.0371,-0.0910,1.0136,-0.03,0.47,0.32,138749,130581,125756
38023436,0.4550,-0.8400,-0.4725,-0.0373,-0.0908,1.0141,-0.03,0.47,0.33,138755,130557,125746
38042968,-1.3125,-0.8225,-0.5600,-0.0372,-0.0897,1.0144,-0.03,0.47,0.32,138747,130554,125750
38063476,-2.0825,-0.9275,-0.5775,-0.0371,-0.0893,1.0148,-0.03,0.47,0.32,138736,130560,125761
38083008,-1.7500,-0.8925,-0.5425,-0.0371,-0.0893,1.0150,-0.03,0.47,0.32,138745,130549,125764
38103516,-1.9075,-0.7875,-0.4725,-0.0378,-0.0893,1.0147,-0.03,0.47,0.32,138755,130541,125762
38123048,-2.0650,-0.5775,-0.4200,-0.0381,-0.0898,1.0141,-0.03,0.47,0.32,138758,130535,125749
38143552,0.1225,-0.4725,-0.3325,-0.0382,-0.0908,1.0139,-0.03,0.47,0.32,138747,130541,125767
38163084,1.0150,-0.2800,-0.2975,-0.0381,-0.0914,1.0136,-0.03,0.47,0.32,138732,130550,125771
38183592,0.3675,0.1400,-0.1750,-0.0378,-0.0910,1.0131,-0.03,0.47,0.32,138740,130550,125774
38203124,0.1400,0.3150,-0.1225,-0.0378,-0.0911,1.0126,-0.03,0.47,0.32,138749,130550,125753
38223632,0.8925,0.3675,-0.0700,-0.0378,-0.0914,1.0124,-0.03,0.47,0.32,138750,130541,125749
38243164,1.5750,0.5075,0.0875,-0.0377,-0.0919,1.0124,-0.03,0.47,0.32,138742,130547,125762
38263672,1.5400,0.6650,0.1750,-0.0381,-0.0925,1.0124,-0.03,0.47,0.32,138717,130545,125767
38283204,1.1025,0.6650,0.2100,-0.0386,-0.0926,1.0124,-0.03,0.47,0.32,138719,130558,125753
38313476,0.6300,0.5425,0.5775,-0.0388,-0.0922,1.0124,-0.03,0.47,0.33,138707,130543,125736
38333008,1.2775,0.5250,0.8225,-0.0390,-0.0919,1.0124,-0.03,0.47,0.33,138711,130549,125746
38353516,1.4700,0.3500,0.9450,-0.0392,-0.0913,1.0121,-0.03,0.47,0.33,138721,130543,125736
38373048,1.2075,0.2275,1.0500,-0.0390,-0.0910,1.0119,-0.03,0.47,0.33,138727,130542,125729
38393552,1.1200,-0.1750,0.9275,-0.0389,-0.0910,1.0122,-0.03,0.47,0.33,138710,130552,125727
38413084,0.4025,-0.3325,0.7875,-0.0389,-0.0911,1.0122,-0.03,0.47,0.32,138699,130556,125748
38433592,-0.4725,-0.5425,0.5950,-0.0388,-0.0908,1.0121,-0.03,0.47,0.33,138704,130544,125729
38453124,-0.5950,-0.7175,0.6300,-0.0386,-0.0902,1.0114,-0.03,0.47,0.33,138720,130534,125735
38473632,-1.1725,-0.7875,0.5425,-0.0392,-0.0895,1.0102,-0.03,0.47,0.33,138727,130534,125740
38493164,0.2275,-0.8925,0.5775,-0.0395,-0.0898,1.0097,-0.03,0.47,0.32,138712,130524,125753
38513672,2.2400,-1.1725,0.6650,-0.0395,-0.0898,1.0102,-0.03,0.47,0.33,138696,130542,125742
38533204,2.1175,-1.2950,0.6650,-0.0398,-0.0891,1.0104,-0.03,0.47,0.32,138701,130537,125757
38553712,1.1200,-1.3125,0.6475,-0.0407,-0.0885,1.0104,-0.03,0.47,0.33,138716,130531,125739
38573240,0.7875,-1.4350,0.6300,-0.0416,-0.0883,1.0108,-0.03,0.47,0.33,138731,130533,125746
38593752,0.6650,-1.6100,0.4725,-0.0425,-0.0886,1.0114,-0.03,0.47,0.33,138716,130536,125740
38613280,0.4025,-1.7325,0.3850,-0.0432,-0.0886,1.0122,-0.03,0.47,0.32,138707,130543,125754
38632812,0.6125,-1.6450,0.3675,-0.0431,-0.0881,1.0128,-0.03,0.47,0.32,138717,130543,125749
38653320,0.6125,-1.7500,0.2450,-0.0423,-0.0878,1.0136,-0.03,0.47,0.33,138724,130535,125746
38672852,-0.1575,-1.6275,0.1400,-0.0417,-0.0876,1.0143,-0.03,0.47,0.33,138734,130530,125737
38693360,-0.5950,-1.4175,0.1050,-0.0405,-0.0874,1.0150,-0.03,0.47,0.32,138732,130538,125758
38712888,-1.1200,-1.1550,0.1050,-0.0390,-0.0869,1.0153,-0.03,0.47,0.32,138710,130535,125767
38733400,-1.6450,-0.6300,0.1050,-0.0375,-0.0872,1.0144,-0.03,0.47,0.32,138721,130531,125762
38752928,-0.5425,-0.2450,0.1750,-0.0370,-0.0889,1.0137,-0.03,0.47,0.33,138733,130524,125743
38773436,1.6100,0.1050,0.3150,-0.0370,-0.0910,1.0128,-0.03,0.47,0.32,138731,130515,125749
38792968,3.0625,0.3500,0.4550,-0.0371,-0.0922,1.0122,-0.03,0.47,0.32,138721,130533,125754
38813476,2.4675,0.5250,0.7000,-0.0370,-0.0928,1.0119,-0.03,0.47,0.32,138699,130536,125755
38833008,1.6800,0.5950,0.9275,-0.0371,-0.0930,1.0117,-0.03,0.47,0.32,138701,130530,125748
38853516,1.4875,0.5600,1.5750,-0.0388,-0.0924,1.0114,-0.03,0.47,0.33,138710,130520,125737
38873048,0.6300,0.5775,2.0475,-0.0393,-0.0914,1.0105,-0.03,0.47,0.33,138717,130519,125747
38893552,0.6825,0.3150,2.5900,-0.0404,-0.0913,1.0103,-0.03,0.47,0.33,138705,130520,125740
38913084,1.4525,0.1400,2.9925,-0.0418,-0.0919,1.0106,-0.03,0.47,0.33,138695,130521,125733
38933592,2.7650,-0.2450,3.3425,-0.0425,-0.0921,1.0120,-0.03,0.46,0.33,138689,130519,125741
38953124,2.9225,-0.8400,3.6925,-0.0426,-0.0913,1.0137,-0.03,0.47,0.33,138702,130514,125722
38973632,0.9800,-1.2775,3.8150,-0.0439,-0.0888,1.0149,-0.03,0.47,0.33,138709,130501,125715
38993164,-0.6650,-1.6100,3.8500,-0.0453,-0.0872,1.0152,-0.04,0.47,0.33,138700,130496,125740
39013672,-0.8575,-1.8900,3.8325,-0.0466,-0.0858,1.0153,-0.04,0.46,0.33,138683,130492,125743
39033204,-0.7175,-2.2050,3.6225,-0.0477,-0.0845,1.0153,-0.04,0.46,0.33,138682,130478,125740
39053712,-0.2625,-2.4675,3.3425,-0.0479,-0.0834,1.0158,-0.04,0.47,0.33,138699,130482,125746
39073240,0.0175,-2.7125,2.6950,-0.0477,-0.0810,1.0170,-0.04,0.47,0.33,138714,130472,125733
39093752,-0.8750,-2.7650,2.0475,-0.0470,-0.0793,1.0172,-0.04,0.47,0.33,138708,130471,125744
39113280,-1.2425,-2.5550,1.4525,-0.0450,-0.0777,1.0174,-0.04,0.46,0.32,138690,130480,125769
39132812,-1.6625,-2.2925,0.8050,-0.0427,-0.0767,1.0172,-0.04,0.47,0.32,138699,130461,125765
39153320,-2.5550,-1.8725,0.2275,-0.0410,-0.0764,1.0165,-0.04,0.47,0.32,138707,130462,125753
39172852,-3.1150,-1.4875,-0.4375,-0.0397,-0.0769,1.0155,-0.04,0.47,0.32,138715,130442,125751
39193360,-1.8200,-1.2250,-1.1900,-0.0386,-0.0793,1.0150,-0.04,0.47,0.32,138707,130441,125760
39212888,-0.8925,-1.3125,-1.4700,-0.0386,-0.0817,1.0159,-0.04,0.47,0.32,138705,130450,125761
39233400,-2.0650,-1.3300,-1.5925,-0.0386,-0.0830,1.0167,-0.04,0.47,0.32,138700,130443,125768
39252928,-4.3050,-1.3475,-1.4700,-0.0376,-0.0830,1.0171,-0.04,0.47,0.32,138712,130427,125768
39273436,-5.8100,-1.2250,-1.0675,-0.0361,-0.0827,1.0167,-0.04,0.47,0.32,138719,130419,125776
39292968,-6.1425,-1.0500,-0.4550,-0.0349,-0.0834,1.0154,-0.04,0.47,0.32,138713,130409,125781
39323240,-3.1850,-0.5950,1.0325,-0.0334,-0.0880,1.0109,-0.04,0.47,0.32,138714,130380,125775
39343752,0.3500,-0.5600,1.8725,-0.0329,-0.0913,1.0092,-0.04,0.47,0.32,138710,130392,125777
39363280,2.3100,-0.5950,2.5200,-0.0332,-0.0943,1.0080,-0.04,0.46,0.32,138684,130389,125792
39382812,2.5725,-0.5775,3.0275,-0.0334,-0.0964,1.0072,-0.04,0.47,0.32,138692,130405,125776
39403320,2.6075,-0.7175,3.5175,-0.0346,-0.0976,1.0071,-0.04,0.47,0.32,138694,130390,125775
39422852,2.3275,-0.9275,4.1125,-0.0371,-0.0991,1.0080,-0.04,0.47,0.32,138707,130380,125752
39443360,2.6775,-1.2950,4.3400,-0.0387,-0.1004,1.0093,-0.04,0.46,0.32,138685,130379,125768
39462888,3.7275,-1.7150,4.5325,-0.0395,-0.1005,1.0113,-0.04,0.46,0.32,138674,130388,125775
39483400,2.4500,-1.9250,4.5500,-0.0407,-0.0991,1.0125,-0.04,0.46,0.32,138674,130378,125785
39502928,-0.3150,-2.1000,4.4800,-0.0412,-0.0971,1.0133,-0.04,0.47,0.32,138697,130373,125792
39523436,-0.6300,-2.3800,4.1125,-0.0412,-0.0963,1.0150,-0.04,0.47,0.32,138696,130349,125779
39542968,-0.2625,-2.4500,3.8150,-0.0410,-0.0944,1.0166,-0.04,0.46,0.32,138689,130348,125791
39563476,-1.7150,-2.3625,3.2900,-0.0410,-0.0928,1.0167,-0.04,0.46,0.32,138677,130342,125801
39583008,-3.1325,-2.1000,2.5550,-0.0395,-0.0925,1.0170,-0.04,0.46,0.32,138683,130340,125796
39603516,-3.0800,-1.9950,1.8375,-0.0378,-0.0931,1.0172,-0.05,0.47,0.32,138691,130326,125778
39623048,-3.3950,-1.4875,0.8925,-0.0364,-0.0939,1.0163,-0.05,0.47,0.32,138704,130313,125787
39643552,-5.0575,-0.6125,-0.2100,-0.0346,-0.0953,1.0128,-0.05,0.46,0.32,138688,130306,125802
39663084,-2.5375,-0.0525,-0.7875,-0.0337,-0.0970,1.0104,-0.05,0.46,0.32,138677,130312,125812
39683592,1.5050,0.2450,-1.2775,-0.0334,-0.0993,1.0089,-0.05,0.46,0.32,138673,130315,125800
39703124,3.1675,0.4550,-1.5225,-0.0346,-0.1009,1.0078,-0.05,0.46,0.32,138687,130316,125796
39723632,2.8350,0.5075,-1.6800,-0.0361,-0.1017,1.0077,-0.05,0.47,0.32,138698,130321,125779
39743164,3.3250,0.4200,-1.6450,-0.0373,-0.1022,1.0088,-0.05,0.46,0.32,138682,130334,125786
39763672,4.4275,0.0000,-1.1725,-0.0381,-0.1005,1.0106,-0.04,0.46,0.32,138670,130341,125784
39783204,2.6250,-0.1750,-0.8400,-0.0386,-0.0985,1.0114,-0.04,0.46,0.32,138674,130359,125782
39803712,0.2100,-0.3150,-0.5600,-0.0394,-0.0969,1.0116,-0.04,0.46,0.32,138683,130347,125776
39823240,-0.4025,-0.6475,-0.1925,-0.0405,-0.0966,1.0126,-0.04,0.47,0.32,138697,130342,125767
39843752,-0.4200,-1.0325,-0.1400,-0.0412,-0.0972,1.0138,-0.04,0.46,0.32,138687,130343,125782
39863280,-0.3150,-1.4525,-0.0525,-0.0411,-0.0981,1.0155,-0.04,0.46,0.32,138673,130341,125797
39882812,-0.6825,-1.7675,-0.0175,-0.0400,-0.0980,1.0171,-0.04,0.46,0.32,138685,130358,125783
39903320,-1.6975,-1.7325,-0.0175,-0.0388,-0.0966,1.0172,-0.05,0.47,0.32,138695,130334,125783
39922852,-2.1000,-1.5750,-0.1750,-0.0371,-0.0953,1.0171,-0.05,0.47,0.32,138703,130325,125771
39943360,-1.5925,-1.4350,-0.2450,-0.0354,-0.0944,1.0167,-0.04,0.47,0.32,138693,130339,125784
39962888,-1.8200,-1.0850,-0.5425,-0.0340,-0.0942,1.0160,-0.04,0.46,0.32,138680,130335,125795
39983400,-2.3450,-0.5775,-1.1025,-0.0322,-0.0944,1.0149,-0.04,0.46,0.32,138685,130337,125782
40002928,-1.5400,-0.1575,-1.5225,-0.0315,-0.0967,1.0126,-0.05,0.47,0.32,138695,130324,125788
40023436,-0.2625,0.1575,-1.8900,-0.0316,-0.0989,1.0109,-0.05,0.47,0.32,138704,130327,125779
40042968,2.0825,0.2450,-2.2050,-0.0305,-0.1004,1.0100,-0.04,0.47,0.32,138695,130342,125773
40063476,4.0775,0.3325,-2.3100,-0.0299,-0.1007,1.0098,-0.04,0.46,0.32,138678,130358,125793
40083008,2.9400,0.5250,-2.3100,-0.0299,-0.1002,1.0097,-0.04,0.46,0.32,138675,130354,125783
40103516,0.5950,0.5250,-2.2925,-0.0294,-0.0996,1.0105,-0.04,0.47,0.32,138691,130356,125778
40123048,-0.1050,0.4900,-2.1175,-0.0296,-0.0999,1.0113,-0.04,0.47,0.32,138702,130353,125753
40143552,-0.5425,0.5075,-1.8550,-0.0296,-0.1007,1.0116,-0.04,0.46,0.32,138685,130354,125754
40163084,-0.8225,0.5425,-1.6450,-0.0290,-0.1020,1.0114,-0.04,0.46,0.32,138673,130363,125766
40183592,-0.5950,0.6125,-1.3825,-0.0281,-0.1037,1.0105,-0.04,0.46,0.32,138669,130354,125775
40203124,0.2975,0.6825,-1.0850,-0.0279,-0.1059,1.0092,-0.04,0.46,0.32,138679,130360,125767
40223632,2.5725,0.7875,-0.5950,-0.0290,-0.1098,1.0072,-0.04,0.46,0.32,138685,130357,125750
40243164,3.7275,0.6650,-0.1050,-0.0296,-0.1118,1.0064,-0.04,0.46,0.32,138677,130371,125748
40263672,5.0225,0.7875,0.3500,-0.0290,-0.1125,1.0060,-0.04,0.46,0.32,138663,130382,125757
40283204,6.5800,0.7350,0.7525,-0.0292,-0.1119,1.0061,-0.04,0.46,0.32,138665,130389,125750
40303712,7.3325,0.6825,1.2600,-0.0305,-0.1105,1.0065,-0.04,0.46,0.33,138673,130399,125737
40333984,6.7550,0.1750,1.6975,-0.0344,-0.1074,1.0104,-0.04,0.46,0.33,138663,130414,125733
40354492,5.7050,-0.2275,1.6625,-0.0361,-0.1049,1.0133,-0.04,0.46,0.33,138677,130412,125741
40374024,3.0450,-0.5425,1.5050,-0.0375,-0.1024,1.0158,-0.04,0.46,0.33,138682,130399,125734
40394532,1.5050,-0.9100,1.1900,-0.0389,-0.1004,1.0182,-0.04,0.46,0.33,138670,130419,125739
40414064,1.5225,-1.1725,0.9450,-0.0400,-0.0987,1.0204,-0.04,0.46,0.33,138665,130414,125736
40434568,-1.4350,-1.2425,0.3325,-0.0416,-0.0950,1.0210,-0.04,0.46,0.33,138668,130416,125733
40454100,-4.6725,-1.0150,-0.1225,-0.0425,-0.0930,1.0197,-0.04,0.46,0.33,138682,130392,125744
40474608,-5.9150,-0.6125,-0.4550,-0.0426,-0.0926,1.0177,-0.04,0.46,0.32,138690,130371,125748
40494140,-3.4125,-0.4025,-0.8225,-0.0420,-0.0937,1.0163,-0.04,0.46,0.32,138678,130378,125752
40514648,0.7525,-0.0875,-0.9275,-0.0409,-0.0944,1.0150,-0.04,0.46,0.32,138667,130391,125776
40534180,3.2025,0.2450,-1.0675,-0.0394,-0.0937,1.0135,-0.04,0.46,0.32,138678,130393,125755
40554688,4.1475,0.9100,-1.1375,-0.0388,-0.0908,1.0114,-0.04,0.46,0.33,138685,130407,125747
40574216,4.4975,1.0150,-1.2075,-0.0383,-0.0887,1.0119,-0.04,0.46,0.33,138687,130411,125742
40594728,4.2525,0.9800,-1.2425,-0.0388,-0.0866,1.0132,-0.04,0.46,0.33,138669,130423,125747
40614256,2.3800,0.7700,-1.3650,-0.0400,-0.0847,1.0148,-0.04,0.46,0.33,138666,130423,125747
40633788,0.6825,0.4900,-1.4525,-0.0412,-0.0828,1.0169,-0.04,0.46,0.33,138665,130420,125736
40654296,-0.2275,0.1400,-1.5050,-0.0427,-0.0808,1.0194,-0.04,0.46,0.33,138683,130432,125730
40673828,-3.7275,-0.5600,-1.4525,-0.0443,-0.0770,1.0230,-0.04,0.46,0.33,138685,130409,125729
40694336,-6.4225,-0.8925,-1.4875,-0.0448,-0.0744,1.0255,-0.04,0.46,0.33,138670,130401,125742
40713868,-9.3625,-1.2600,-1.3300,-0.0449,-0.0725,1.0275,-0.04,0.46,0.32,138666,130377,125774
40734376,-13.4050,-1.2250,-1.2425,-0.0443,-0.0715,1.0280,-0.04,0.46,0.32,138671,130360,125780
40753904,-14.6825,-0.9275,-0.9450,-0.0429,-0.0722,1.0268,-0.05,0.46,0.32,138671,130321,125787
40774416,-12.7750,-0.4550,-0.7175,-0.0415,-0.0750,1.0241,-0.05,0.46,0.32,138680,130308,125783
40793944,-8.3650,0.6300,-0.2975,-0.0390,-0.0819,1.0170,-0.05,0.46,0.32,138663,130284,125794
40814452,-4.7950,1.6100,-0.0700,-0.0377,-0.0875,1.0113,-0.05,0.46,0.32,138642,130286,125791
40833984,-0.3325,2.3625,0.1050,-0.0368,-0.0937,1.0061,-0.05,0.46,0.32,138638,130284,125789
40854492,4.4625,3.0625,0.3500,-0.0362,-0.0993,1.0028,-0.05,0.46,0.32,138645,130287,125764
40874024,7.8575,3.4125,0.6650,-0.0356,-0.1030,1.0014,-0.05,0.46,0.32,138643,130300,125750
40894532,8.5925,3.5875,1.0325,-0.0348,-0.1039,1.0017,-0.05,0.46,0.32,138623,130322,125760
40914064,6.5100,3.6400,1.3650,-0.0349,-0.1022,1.0031,-0.04,0.46,0.32,138597,130336,125760
40934568,3.3775,3.6225,1.9075,-0.0359,-0.1000,1.0045,-0.05,0.46,0.32,138598,130323,125753
40954100,1.6975,3.4300,2.3275,-0.0377,-0.0986,1.0065,-0.05,0.46,0.33,138589,130321,125738
40974608,2.5900,3.2200,2.7125,-0.0395,-0.0981,1.0088,-0.05,0.46,0.33,138587,130319,125735
40994140,3.5525,2.8175,3.0275,-0.0412,-0.0972,1.0106,-0.05,0.46,0.32,138574,130309,125751
41014648,0.0875,2.4850,3.0275,-0.0431,-0.0960,1.0111,-0.05,0.46,0.33,138547,130320,125736
41034180,-1.4175,2.4325,2.8175,-0.0445,-0.0969,1.0109,-0.05,0.46,0.33,138543,130311,125740
41054688,-0.2100,2.2050,2.5900,-0.0461,-0.0983,1.0102,-0.05,0.46,0.33,138552,130295,125725
41074216,1.6450,2.1175,2.4150,-0.0483,-0.0998,1.0086,-0.05,0.46,0.33,138545,130299,125735
41094728,3.8500,1.9425,2.2050,-0.0498,-0.1008,1.0072,-0.05,0.45,0.33,138524,130300,125734
41114256,5.6700,1.7500,1.9600,-0.0511,-0.1005,1.0065,-0.05,0.45,0.33,138514,130297,125727
41133788,3.7275,1.1900,1.7500,-0.0540,-0.0983,1.0059,-0.05,0.45,0.33,138513,130310,125726
41154296,2.8000,0.7000,1.6625,-0.0561,-0.0964,1.0064,-0.05,0.45,0.33,138521,130308,125710
41173828,3.4650,-0.0175,1.5925,-0.0582,-0.0944,1.0072,-0.05,0.45,0.33,138526,130294,125713
41194336,2.6775,-0.7175,1.5225,-0.0610,-0.0926,1.0080,-0.05,0.45,0.33,138514,130303,125720
41213868,0.4550,-1.3650,1.2775,-0.0642,-0.0914,1.0089,-0.05,0.45,0.33,138505,130302,125718
41234376,-0.1400,-2.2225,1.0850,-0.0669,-0.0910,1.0104,-0.05,0.45,0.33,138513,130303,125733
41253904,-0.0525,-3.0975,0.7350,-0.0704,-0.0905,1.0120,-0.05,0.46,0.33,138533,130285,125735
41274416,-1.6100,-3.5700,0.3150,-0.0711,-0.0895,1.0125,-0.05,0.46,0.33,138544,130285,125738
41293944,-2.2925,-3.7800,-0.0350,-0.0715,-0.0887,1.0131,-0.05,0.46,0.33,138542,130277,125746
41314452,-3.2900,-3.8325,-0.3850,-0.0714,-0.0881,1.0137,-0.05,0.46,0.32,138532,130272,125773
41344728,-4.6025,-3.6575,-1.0325,-0.0703,-0.0880,1.0144,-0.05,0.46,0.32,138555,130248,125776
41364256,-4.9000,-3.4300,-1.2950,-0.0691,-0.0889,1.0143,-0.05,0.46,0.32,138554,130248,125779
41383788,-4.0950,-3.1150,-1.4525,-0.0683,-0.0900,1.0138,-0.05,0.46,0.32,138561,130243,125785
41404296,-2.6775,-2.8000,-1.5050,-0.0676,-0.0915,1.0131,-0.05,0.46,0.32,138588,130233,125788
41423828,-1.4000,-2.5200,-1.5400,-0.0664,-0.0927,1.0125,-0.05,0.46,0.32,138592,130234,125784
41444336,-0.9800,-2.2750,-1.3475,-0.0656,-0.0937,1.0117,-0.05,0.46,0.32,138584,130242,125784
41463868,-0.2800,-1.9775,-1.2600,-0.0651,-0.0948,1.0116,-0.05,0.46,0.32,138575,130247,125806
41484376,0.5950,-1.7675,-0.9275,-0.0653,-0.0963,1.0121,-0.05,0.46,0.32,138587,130237,125809
41503904,0.3675,-1.6625,-0.7525,-0.0656,-0.0970,1.0126,-0.05,0.46,0.32,138596,130230,125800
41524416,0.6125,-1.6100,-0.4725,-0.0656,-0.0977,1.0133,-0.05,0.46,0.32,138608,130223,125801
41543944,1.0675,-1.4525,-0.1750,-0.0653,-0.0977,1.0141,-0.05,0.46,0.32,138600,130238,125812
41564452,0.5250,-1.3825,0.0175,-0.0647,-0.0970,1.0139,-0.05,0.46,0.32,138587,130238,125820
41583984,-0.9100,-1.1550,0.0875,-0.0639,-0.0964,1.0136,-0.05,0.46,0.32,138588,130234,125815
41604492,-0.7525,-1.0850,0.1575,-0.0633,-0.0971,1.0136,-0.05,0.46,0.32,138605,130228,125792
41624024,-0.1400,-1.1025,0.0175,-0.0628,-0.0983,1.0132,-0.05,0.46,0.32,138613,130215,125796
41644532,0.3500,-1.1375,-0.2275,-0.0623,-0.0994,1.0128,-0.05,0.46,0.32,138599,130233,125801
41664064,0.7875,-1.1025,-0.4550,-0.0614,-0.0999,1.0127,-0.05,0.46,0.32,138596,130237,125816
41684568,0.7700,-1.1025,-0.8925,-0.0600,-0.0997,1.0127,-0.05,0.46,0.32,138598,130243,125814
41704100,-0.3675,-1.1375,-1.2775,-0.0576,-0.0981,1.0128,-0.05,0.46,0.32,138611,130241,125796
41724608,-1.4000,-0.9800,-1.5225,-0.0560,-0.0966,1.0128,-0.05,0.46,0.32,138618,130230,125807
41744140,-2.5375,-0.8225,-1.7500,-0.0549,-0.0955,1.0126,-0.05,0.46,0.32,138614,130219,125811
41764648,-2.6950,-0.6125,-2.0475,-0.0544,-0.0958,1.0120,-0.05,0.46,0.32,138604,130225,125809
41784180,-1.8725,-0.5600,-2.2225,-0.0544,-0.0971,1.0115,-0.05,0.46,0.32,138598,130245,125814
41804688,-0.5600,-0.4550,-2.3275,-0.0547,-0.0986,1.0113,-0.05,0.46,0.32,138617,130237,125793
41824216,0.7875,-0.2100,-2.4675,-0.0550,-0.0999,1.0106,-0.05,0.46,0.32,138627,130240,125799
41844728,0.8925,-0.1050,-2.4850,-0.0547,-0.0999,1.0105,-0.05,0.46,0.32,138608,130238,125805
41864256,0.7875,-0.0700,-2.3275,-0.0537,-0.0994,1.0106,-0.05,0.46,0.32,138600,130249,125806
41883788,0.4025,-0.0700,-2.1350,-0.0533,-0.0988,1.0106,-0.05,0.46,0.32,138608,130257,125798
41904296,0.3675,-0.0350,-2.1000,-0.0529,-0.0988,1.0108,-0.05,0.46,0.32,138627,130252,125802
41923828,0.2100,-0.0700,-1.9775,-0.0527,-0.0996,1.0109,-0.05,0.46,0.32,138622,130257,125793
41944336,0.2975,-0.0525,-1.9075,-0.0531,-0.1013,1.0108,-0.05,0.46,0.32,138613,130256,125786
41963868,0.1750,-0.0700,-1.7500,-0.0533,-0.1020,1.0105,-0.05,0.46,0.32,138600,130265,125795
41984376,0.1050,-0.1575,-1.6800,-0.0534,-0.1026,1.0102,-0.05,0.46,0.32,138610,130266,125802
42003904,0.5425,-0.3150,-1.4175,-0.0532,-0.1031,1.0104,-0.05,0.46,0.32,138622,130261,125785
42024416,1.4000,-0.4375,-1.3125,-0.0526,-0.1028,1.0109,-0.05,0.46,0.32,138630,130270,125791
42043944,0.7175,-0.5950,-1.1900,-0.0521,-0.1020,1.0110,-0.05,0.46,0.32,138616,130274,125799
42064452,-1.1375,-0.6125,-1.1200,-0.0520,-0.1015,1.0111,-0.05,0.46,0.32,138603,130282,125812
42083984,-0.2800,-0.6825,-1.1025,-0.0521,-0.1020,1.0113,-0.05,0.46,0.32,138611,130277,125795
42104492,0.3500,-0.7700,-1.2425,-0.0525,-0.1024,1.0109,-0.05,0.46,0.32,138630,130281,125800
42124024,-0.5425,-0.8400,-1.4525,-0.0525,-0.1026,1.0103,-0.05,0.46,0.32,138628,130265,125793
42144532,-1.4875,-0.8225,-1.6450,-0.0517,-0.1028,1.0099,-0.05,0.46,0.32,138622,130277,125785
42164064,-0.7350,-0.8575,-1.7500,-0.0504,-0.1022,1.0093,-0.05,0.46,0.32,138617,130272,125810
42184568,-1.2950,-0.7700,-1.7850,-0.0500,-0.1017,1.0083,-0.05,0.46,0.32,138621,130278,125794
42204100,-0.4900,-0.7875,-1.7675,-0.0497,-0.1020,1.0080,-0.05,0.46,0.32,138629,130274,125797
42224608,1.7675,-0.9625,-1.6450,-0.0494,-0.1025,1.0082,-0.05,0.46,0.32,138635,130277,125782
42244140,2.4150,-1.1900,-1.6100,-0.0497,-0.1032,1.0081,-0.05,0.46,0.32,138634,130290,125802
42264648,1.3125,-1.1900,-1.5750,-0.0503,-0.1036,1.0080,-0.05,0.46,0.32,138624,130296,125799
42284180,0.6825,-1.3825,-1.5225,-0.0506,-0.1042,1.0086,-0.05,0.46,0.32,138624,130286,125802
42304688,0.7875,-1.4525,-1.4350,-0.0511,-0.1046,1.0088,-0.05,0.46,0.32,138647,130290,125783
42324216,0.4200,-1.5750,-1.2950,-0.0516,-0.1048,1.0089,-0.05,0.46,0.32,138653,130290,125786
42354492,0.4725,-1.7325,-0.9975,-0.0516,-0.1048,1.0097,-0.05,0.46,0.32,138656,130298,125791
42374024,0.5600,-1.6975,-0.8050,-0.0519,-0.1046,1.0104,-0.05,0.46,0.32,138663,130304,125791
42394532,0.3675,-1.6975,-0.3325,-0.0510,-0.1038,1.0111,-0.05,0.46,0.32,138658,130294,125799
42414064,-0.1925,-1.4525,-0.2275,-0.0514,-0.1036,1.0111,-0.05,0.46,0.32,138641,130296,125822
42434568,0.0175,-1.3125,-0.1575,-0.0517,-0.1039,1.0110,-0.05,0.46,0.32,138648,130301,125805
42454100,0.9275,-1.1900,0.0350,-0.0519,-0.1049,1.0111,-0.05,0.46,0.32,138657,130301,125803
42474608,2.4850,-1.1725,0.1050,-0.0511,-0.1059,1.0116,-0.05,0.46,0.32,138666,130297,125787
42494140,3.1150,-0.8050,0.1050,-0.0505,-0.1058,1.0117,-0.05,0.46,0.32,138656,130311,125800
42514648,1.4000,-0.4550,0.1400,-0.0499,-0.1043,1.0116,-0.05,0.46,0.32,138646,130303,125811
42534180,1.2600,-0.3675,0.2625,-0.0493,-0.1036,1.0120,-0.05,0.46,0.32,138648,130310,125809
42554688,1.4525,-0.1925,0.2625,-0.0492,-0.1031,1.0125,-0.05,0.46,0.32,138662,130300,125799
42574216,1.2250,-0.1575,0.2975,-0.0494,-0.1027,1.0128,-0.05,0.46,0.32,138663,130304,125789
42594728,0.6300,-0.1050,0.3325,-0.0495,-0.1025,1.0130,-0.05,0.46,0.32,138645,130311,125795
42614256,0.5250,-0.0175,0.4025,-0.0498,-0.1025,1.0131,-0.05,0.46,0.32,138637,130307,125805
42633788,1.2425,-0.0350,0.5075,-0.0503,-0.1026,1.0130,-0.05,0.46,0.32,138637,130317,125811
42654296,1.9425,-0.1050,0.5775,-0.0508,-0.1024,1.0130,-0.05,0.46,0.32,138652,130313,125782
42673828,1.6975,-0.1400,0.7525,-0.0512,-0.1019,1.0127,-0.05,0.46,0.32,138659,130311,125782
42694336,1.1725,-0.1575,0.8050,-0.0520,-0.1015,1.0127,-0.05,0.46,0.32,138644,130321,125792
42713868,1.5925,-0.3850,0.8225,-0.0526,-0.1011,1.0128,-0.05,0.46,0.32,138629,130320,125786
42734376,1.0500,-0.6475,0.9100,-0.0534,-0.0998,1.0126,-0.05,0.46,0.32,138628,130320,125791
42753904,-0.0350,-0.7875,0.8750,-0.0537,-0.0992,1.0122,-0.05,0.46,0.32,138642,130312,125781
42774416,0.3325,-1.0500,0.9100,-0.0536,-0.0986,1.0122,-0.05,0.46,0.32,138650,130302,125789
42793944,0.4900,-0.9975,0.8750,-0.0537,-0.0980,1.0117,-0.05,0.46,0.32,138642,130305,125782
42814452,-0.2975,-0.9625,0.8050,-0.0542,-0.0975,1.0109,-0.05,0.46,0.32,138633,130311,125790
42833984,-0.1575,-1.1725,0.8225,-0.0544,-0.0977,1.0108,-0.05,0.46,0.32,138632,130314,125786
42854492,2.6425,-1.4000,0.8050,-0.0534,-0.0981,1.0117,-0.05,0.46,0.32,138637,130291,125793
42874024,2.4675,-1.3650,0.6300,-0.0531,-0.0974,1.0119,-0.05,0.46,0.32,138652,130301,125779
42894532,0.6475,-1.3300,0.4725,-0.0529,-0.0964,1.0116,-0.05,0.46,0.32,138633,130310,125786
42914064,0.1750,-1.4000,0.3675,-0.0527,-0.0963,1.0119,-0.05,0.46,0.32,138633,130318,125799
42934568,0.7875,-1.5575,0.2800,-0.0527,-0.0966,1.0122,-0.05,0.46,0.32,138634,130309,125800
42954100,0.2275,-1.5050,0.0875,-0.0529,-0.0966,1.0122,-0.05,0.46,0.32,138650,130305,125777
42974608,-1.1725,-1.4875,-0.0525,-0.0527,-0.0964,1.0121,-0.05,0.46,0.32,138656,130299,125790
42994140,-1.2950,-1.5225,-0.0525,-0.0522,-0.0965,1.0124,-0.05,0.46,0.32,138652,130296,125791
43014648,-0.6475,-1.5400,0.0175,-0.0515,-0.0965,1.0126,-0.05,0.46,0.32,138640,130305,125798
43034180,-0.3675,-1.3475,0.1225,-0.0505,-0.0960,1.0125,-0.05,0.46,0.32,138644,130303,125811
43054688,-1.0325,-1.1200,0.3150,-0.0503,-0.0955,1.0120,-0.05,0.46,0.32,138656,130285,125793
43074216,-1.4525,-0.9975,0.4200,-0.0506,-0.0959,1.0115,-0.05,0.46,0.32,138665,130283,125798
43094728,0.9100,-0.9100,0.6650,-0.0511,-0.0986,1.0114,-0.05,0.46,0.32,138649,130288,125796
43114256,2.9750,-0.9100,0.8400,-0.0512,-0.0997,1.0111,-0.05,0.46,0.32,138636,130302,125799
43133788,2.8000,-0.7875,1.0325,-0.0512,-0.0994,1.0108,-0.05,0.46,0.32,138640,130299,125808
43154296,1.9425,-0.6475,1.2075,-0.0505,-0.0986,1.0108,-0.05,0.46,0.32,138657,130298,125778
43173828,1.7150,-0.5600,1.3300,-0.0498,-0.0981,1.0111,-0.05,0.46,0.32,138655,130293,125790
43194336,1.5750,-0.4375,1.5750,-0.0493,-0.0974,1.0116,-0.05,0.46,0.32,138650,130290,125796
43213868,1.6625,-0.3850,1.6625,-0.0488,-0.0970,1.0119,-0.05,0.46,0.32,138632,130296,125791
43234376,1.1550,-0.3150,1.6625,-0.0488,-0.0969,1.0119,-0.05,0.46,0.32,138631,130311,125790
43253904,1.0150,-0.3500,1.4350,-0.0490,-0.0974,1.0120,-0.05,0.46,0.32,138646,130291,125777
43274416,2.4850,-0.4025,1.3650,-0.0490,-0.0977,1.0125,-0.05,0.46,0.32,138646,130289,125777
43293944,2.9225,-0.4200,1.2775,-0.0490,-0.0970,1.0126,-0.05,0.46,0.32,138637,130295,125787
43314452,0.8750,-0.3150,0.9450,-0.0490,-0.0953,1.0124,-0.05,0.46,0.32,138624,130309,125785
43333984,0.1050,-0.4200,0.7000,-0.0488,-0.0947,1.0126,-0.05,0.46,0.32,138624,130306,125791
43364256,-0.1050,-0.5250,0.3675,-0.0486,-0.0942,1.0128,-0.05,0.46,0.32,138620,130292,125789
43383788,0.0000,-0.5600,0.2100,-0.0482,-0.0936,1.0130,-0.05,0.46,0.32,138619,130289,125785
43404296,0.0875,-0.5950,0.1050,-0.0477,-0.0927,1.0128,-0.05,0.46,0.32,138636,130289,125777
43423828,-0.1750,-0.5425,-0.0350,-0.0478,-0.0921,1.0124,-0.05,0.46,0.32,138638,130279,125772
43444336,0.1750,-0.7000,-0.0875,-0.0486,-0.0926,1.0119,-0.05,0.46,0.32,138634,130281,125782
43463868,1.2950,-0.8225,-0.1225,-0.0493,-0.0936,1.0120,-0.05,0.46,0.32,138625,130284,125778
43484376,1.8900,-0.9800,-0.0700,-0.0501,-0.0938,1.0120,-0.05,0.46,0.32,138619,130299,125782
43503904,1.3825,-1.0675,0.0350,-0.0505,-0.0935,1.0120,-0.05,0.46,0.32,138631,130297,125777
43524416,0.9450,-1.2425,0.1750,-0.0505,-0.0931,1.0122,-0.05,0.46,0.32,138644,130282,125776
43543944,1.2425,-1.4525,0.2975,-0.0505,-0.0925,1.0131,-0.05,0.46,0.32,138634,130289,125774
43564452,-0.3150,-1.4700,0.1750,-0.0504,-0.0922,1.0133,-0.05,0.46,0.32,138622,130299,125792
43583984,-1.7325,-1.5575,0.2100,-0.0501,-0.0925,1.0137,-0.05,0.46,0.32,138628,130292,125778
43604492,-1.4000,-1.5750,0.1575,-0.0500,-0.0931,1.0141,-0.05,0.46,0.32,138639,130277,125787
43624024,-0.7175,-1.6450,0.1225,-0.0498,-0.0935,1.0141,-0.05,0.46,0.32,138647,130278,125773
43644532,-0.8575,-1.4525,0.0175,-0.0495,-0.0933,1.0136,-0.05,0.46,0.32,138644,130284,125786
43664064,-1.3125,-1.3475,-0.0350,-0.0492,-0.0938,1.0136,-0.05,0.46,0.32,138636,130283,125795
43684568,-0.6125,-1.2250,-0.0525,-0.0490,-0.0941,1.0138,-0.05,0.46,0.32,138636,130284,125794
43704100,-0.4550,-1.0150,-0.1050,-0.0489,-0.0939,1.0135,-0.05,0.46,0.32,138651,130275,125795
43724608,-0.5950,-0.7875,-0.0875,-0.0492,-0.0939,1.0128,-0.05,0.46,0.32,138656,130263,125793
43744140,0.4025,-0.6825,-0.1575,-0.0490,-0.0943,1.0127,-0.05,0.46,0.32,138643,130265,125793
43764648,0.9275,-0.3150,-0.1925,-0.0488,-0.0941,1.0125,-0.05,0.46,0.32,138629,130286,125812
43784180,0.5950,-0.2100,-0.2275,-0.0488,-0.0939,1.0124,-0.05,0.46,0.32,138629,130284,125796
43804688,1.3300,-0.0875,-0.3325,-0.0487,-0.0939,1.0124,-0.05,0.46,0.32,138650,130281,125785
43824216,1.2950,0.0000,-0.4200,-0.0486,-0.0937,1.0122,-0.05,0.46,0.32,138654,130271,125774
43844728,0.8750,0.0175,-0.5775,-0.0484,-0.0933,1.0121,-0.05,0.46,0.32,138634,130291,125777
43864256,0.7700,0.0000,-0.6475,-0.0487,-0.0933,1.0121,-0.05,0.46,0.32,138620,130292,125791
43883788,1.0675,-0.0350,-0.8050,-0.0488,-0.0933,1.0121,-0.05,0.46,0.32,138625,130287,125777
43904296,0.5600,-0.1750,-0.9800,-0.0490,-0.0936,1.0121,-0.05,0.46,0.32,138634,130298,125781
43923828,0.3675,-0.3150,-0.9975,-0.0492,-0.0937,1.0122,-0.05,0.46,0.32,138649,130291,125782
43944336,0.3850,-0.4725,-1.0500,-0.0494,-0.0941,1.0124,-0.05,0.46,0.32,138635,130297,125777
43963868,-0.0700,-0.6475,-1.0500,-0.0498,-0.0942,1.0121,-0.05,0.46,0.32,138623,130295,125787
43984376,-0.7525,-0.7875,-0.9800,-0.0500,-0.0944,1.0119,-0.05,0.46,0.32,138633,130292,125773
44003904,0.0875,-0.9800,-0.8050,-0.0495,-0.0950,1.0126,-0.05,0.46,0.32,138639,130287,125769
44024416,-0.2975,-1.0500,-0.5600,-0.0493,-0.0946,1.0122,-0.05,0.46,0.32,138650,130279,125774
44043944,-0.8925,-0.9800,-0.3675,-0.0493,-0.0939,1.0117,-0.05,0.46,0.32,138640,130282,125776
44064452,-0.0525,-0.9625,0.0875,-0.0492,-0.0939,1.0116,-0.05,0.46,0.32,138632,130292,125789
44083984,1.1025,-1.0500,0.3325,-0.0490,-0.0941,1.0117,-0.05,0.46,0.32,138628,130300,125791
44104492,1.5225,-0.9275,0.4900,-0.0492,-0.0944,1.0117,-0.05,0.46,0.32,138654,130289,125777
44124024,0.4550,-0.8575,0.7350,-0.0488,-0.0947,1.0119,-0.05,0.46,0.32,138651,130283,125785
44144532,0.5600,-0.7875,0.8225,-0.0483,-0.0952,1.0121,-0.05,0.46,0.32,138637,130301,125774
44164064,1.5400,-0.7000,0.8750,-0.0478,-0.0953,1.0125,-0.05,0.46,0.32,138622,130297,125785
44184568,1.5225,-0.5775,1.0500,-0.0477,-0.0952,1.0126,-0.05,0.46,0.32,138633,130294,125783
44204100,0.9450,-0.4375,1.0325,-0.0475,-0.0950,1.0127,-0.05,0.46,0.32,138637,130291,125769
44224608,0.3850,-0.3150,1.2075,-0.0471,-0.0942,1.0130,-0.05,0.46,0.32,138643,130284,125778
44244140,0.0350,-0.2800,1.2600,-0.0465,-0.0938,1.0132,-0.05,0.46,0.32,138636,130286,125783
44264648,0.4550,-0.2100,1.2075,-0.0461,-0.0936,1.0136,-0.05,0.46,0.32,138621,130289,125790
44284180,0.2275,-0.1225,1.2600,-0.0464,-0.0935,1.0133,-0.05,0.46,0.32,138621,130287,125780
44304688,-0.2625,-0.0875,1.2250,-0.0468,-0.0936,1.0128,-0.05,0.46,0.32,138629,130273,125777
44324216,0.9100,-0.0350,1.2250,-0.0473,-0.0938,1.0125,-0.05,0.46,0.32,138629,130275,125774
44344728,2.3625,-0.0175,1.2075,-0.0479,-0.0935,1.0121,-0.05,0.46,0.32,138622,130273,125780
44375000,0.7700,-0.1050,1.1025,-0.0479,-0.0920,1.0119,-0.05,0.46,0.32,138626,130268,125765
44395508,0.5600,-0.1050,0.9975,-0.0479,-0.0913,1.0119,-0.05,0.46,0.32,138614,130273,125793
44415040,0.9450,-0.1750,0.8925,-0.0481,-0.0910,1.0116,-0.05,0.46,0.32,138600,130273,125780
44435544,1.0325,-0.4025,0.7350,-0.0486,-0.0909,1.0114,-0.05,0.46,0.32,138608,130271,125777
44455080,1.2600,-0.5950,0.4725,-0.0494,-0.0909,1.0114,-0.05,0.46,0.32,138619,130259,125764
44475584,1.3475,-0.7700,0.2800,-0.0499,-0.0909,1.0114,-0.05,0.46,0.32,138616,130268,125755
44495116,1.0675,-0.9450,0.1400,-0.0504,-0.0906,1.0116,-0.05,0.46,0.32,138605,130278,125768
44515624,0.7350,-1.1025,0.1750,-0.0509,-0.0902,1.0119,-0.05,0.46,0.32,138598,130285,125785
44535156,-0.0525,-1.2250,0.0350,-0.0512,-0.0892,1.0120,-0.05,0.46,0.32,138609,130271,125769
44555664,-1.4875,-1.2250,-0.0875,-0.0519,-0.0887,1.0121,-0.05,0.46,0.32,138620,130261,125769
44575196,-0.9975,-1.4350,-0.0875,-0.0526,-0.0895,1.0127,-0.05,0.46,0.32,138627,130252,125779
44595704,0.0350,-1.4350,-0.0350,-0.0528,-0.0903,1.0131,-0.05,0.46,0.32,138610,130263,125790
44615232,-0.2100,-1.2250,-0.1050,-0.0526,-0.0903,1.0128,-0.05,0.46,0.32,138601,130272,125791
44635744,-0.6125,-1.1375,-0.1400,-0.0519,-0.0899,1.0128,-0.05,0.46,0.32,138610,130262,125784
44655272,-0.6825,-0.9625,-0.1925,-0.0510,-0.0894,1.0128,-0.05,0.46,0.32,138629,130259,125769
44674804,-0.4550,-0.7700,-0.1050,-0.0505,-0.0893,1.0128,-0.05,0.46,0.32,138622,130248,125779
44695312,0.2800,-0.4375,-0.0875,-0.0506,-0.0898,1.0127,-0.05,0.46,0.32,138609,130248,125794
44714844,1.1025,-0.2800,-0.0175,-0.0511,-0.0904,1.0128,-0.05,0.46,0.32,138603,130265,125788
44735352,1.4875,-0.1750,0.0525,-0.0514,-0.0909,1.0131,-0.05,0.46,0.32,138607,130261,125788
44754880,1.8025,-0.0875,0.0175,-0.0511,-0.0908,1.0136,-0.05,0.46,0.32,138614,130269,125774
44775392,1.4175,-0.0700,0.0525,-0.0510,-0.0902,1.0138,-0.05,0.46,0.32,138625,130265,125772
44794920,0.2100,0.1050,-0.0350,-0.0508,-0.0895,1.0141,-0.05,0.46,0.32,138605,130257,125782
44815428,0.4375,0.1050,-0.1400,-0.0509,-0.0895,1.0144,-0.05,0.46,0.32,138595,130259,125777
44834960,0.4025,0.1925,-0.2275,-0.0510,-0.0900,1.0144,-0.05,0.46,0.32,138604,130264,125781
44855468,0.3325,0.2100,-0.3150,-0.0512,-0.0903,1.0142,-0.05,0.46,0.32,138613,130255,125775
44875000,0.3675,0.3500,-0.3325,-0.0515,-0.0903,1.0138,-0.05,0.46,0.32,138608,130253,125767
44895508,0.8575,0.2975,-0.3150,-0.0517,-0.0898,1.0135,-0.05,0.46,0.32,138590,130265,125769
44915040,0.8575,0.2275,-0.3675,-0.0516,-0.0892,1.0131,-0.05,0.46,0.32,138577,130271,125774
44935544,0.8225,0.1225,-0.3500,-0.0516,-0.0887,1.0128,-0.05,0.46,0.32,138596,130271,125767
44955080,0.4550,0.0350,-0.4550,-0.0519,-0.0885,1.0125,-0.05,0.46,0.32,138595,130261,125764
44975584,0.2800,-0.0875,-0.6125,-0.0520,-0.0885,1.0124,-0.05,0.46,0.32,138594,130257,125759
44995116,0.8925,-0.1225,-0.5775,-0.0520,-0.0888,1.0124,-0.05,0.46,0.32,138585,130278,125768
45015624,1.1725,-0.1925,-0.6475,-0.0523,-0.0888,1.0121,-0.05,0.46,0.32,138578,130275,125767
45035156,0.2275,-0.2625,-0.7525,-0.0534,-0.0887,1.0114,-0.05,0.46,0.32,138585,130278,125776
45055664,0.5250,-0.3850,-0.7175,-0.0536,-0.0888,1.0116,-0.05,0.46,0.32,138592,130268,125768
45075196,0.9975,-0.5775,-0.7525,-0.0537,-0.0886,1.0119,-0.05,0.46,0.32,138594,130257,125756
45095704,-0.1575,-0.6825,-0.6825,-0.0540,-0.0881,1.0119,-0.05,0.46,0.32,138582,130277,125774
45115232,-0.9625,-0.7175,-0.6825,-0.0540,-0.0878,1.0121,-0.05,0.46,0.32,138575,130273,125767
45135744,0.1750,-0.9275,-0.4200,-0.0544,-0.0883,1.0124,-0.05,0.46,0.32,138589,130275,125777
45155272,-0.1750,-0.9625,-0.3325,-0.0547,-0.0886,1.0120,-0.05,0.46,0.32,138595,130269,125764
45174804,-0.5600,-0.8925,-0.2975,-0.0547,-0.0891,1.0121,-0.05,0.46,0.32,138601,130258,125763
45195312,0.1925,-0.9100,-0.1575,-0.0550,-0.0898,1.0125,-0.05,0.46,0.32,138589,130273,125767
45214844,0.4550,-0.9275,-0.0525,-0.0556,-0.0903,1.0126,-0.05,0.46,0.32,138579,130285,125772
45235352,-0.2275,-0.8400,-0.0175,-0.0556,-0.0903,1.0127,-0.05,0.46,0.32,138587,130272,125776
45254880,-0.1575,-0.7350,0.1925,-0.0550,-0.0898,1.0131,-0.05,0.46,0.32,138600,130266,125758
45275392,-0.5950,-0.6825,0.2800,-0.0544,-0.0888,1.0128,-0.05,0.46,0.32,138600,130253,125767
45294920,-1.0675,-0.4900,0.2625,-0.0539,-0.0886,1.0124,-0.05,0.46,0.32,138597,130265,125782
45315428,-0.1050,-0.3675,0.2975,-0.0534,-0.0891,1.0124,-0.05,0.46,0.32,138575,130265,125777
45334960,1.1200,-0.2800,0.3675,-0.0537,-0.0900,1.0121,-0.05,0.46,0.32,138580,130268,125778
45355468,2.2750,-0.2450,0.3500,-0.0542,-0.0909,1.0119,-0.05,0.46,0.32,138597,130259,125756
45385744,2.6075,-0.2100,0.4725,-0.0550,-0.0906,1.0124,-0.05,0.46,0.32,138580,130264,125760
45405272,1.3475,-0.2450,0.4375,-0.0554,-0.0895,1.0126,-0.05,0.46,0.32,138594,130257,125756
45424804,-0.5425,-0.2100,0.4900,-0.0559,-0.0885,1.0124,-0.05,0.46,0.32,138591,130250,125758
45445312,-1.3125,-0.2800,0.4900,-0.0559,-0.0880,1.0127,-0.05,0.46,0.32,138574,130255,125764
45464844,-0.8400,-0.3675,0.4550,-0.0556,-0.0880,1.0127,-0.05,0.46,0.32,138572,130254,125781
45485352,-0.0875,-0.4375,0.4025,-0.0558,-0.0887,1.0122,-0.05,0.46,0.32,138576,130259,125772
45504880,0.7350,-0.4200,0.4375,-0.0558,-0.0893,1.0119,-0.05,0.46,0.32,138581,130253,125754
45525392,1.3300,-0.4550,0.4200,-0.0559,-0.0894,1.0115,-0.05,0.46,0.32,138593,130250,125755
45544920,1.1200,-0.4550,0.4550,-0.0560,-0.0893,1.0111,-0.05,0.46,0.33,138574,130252,125747
45565428,1.1550,-0.4550,0.4200,-0.0561,-0.0888,1.0109,-0.05,0.46,0.32,138566,130263,125772
45584960,0.8050,-0.4200,0.5775,-0.0562,-0.0883,1.0109,-0.05,0.46,0.32,138563,130258,125763
45605468,0.1575,-0.5600,0.5775,-0.0561,-0.0878,1.0108,-0.05,0.46,0.32,138581,130253,125751
45625000,0.4200,-0.6650,0.5775,-0.0564,-0.0881,1.0108,-0.05,0.46,0.32,138583,130248,125758
45645508,0.7350,-0.7350,0.5950,-0.0567,-0.0882,1.0106,-0.05,0.46,0.32,138560,130246,125768
45665040,0.8050,-0.8575,0.6125,-0.0565,-0.0881,1.0106,-0.05,0.46,0.32,138555,130253,125764
45685544,1.1025,-1.0150,0.6300,-0.0559,-0.0878,1.0110,-0.05,0.46,0.32,138564,130252,125763
45705080,0.7350,-1.0675,0.5425,-0.0560,-0.0875,1.0110,-0.05,0.46,0.33,138575,130249,125741
45725584,-0.5775,-1.1375,0.6125,-0.0562,-0.0870,1.0111,-0.05,0.46,0.32,138578,130239,125775
45745116,-0.1925,-1.1725,0.7525,-0.0565,-0.0874,1.0113,-0.05,0.46,0.32,138570,130246,125760
45765624,0.4375,-1.2600,0.7875,-0.0565,-0.0878,1.0114,-0.05,0.46,0.32,138563,130249,125775
45785156,0.6300,-1.3475,0.8225,-0.0564,-0.0881,1.0111,-0.05,0.46,0.32,138567,130247,125769
45805664,0.5600,-1.3825,0.8925,-0.0564,-0.0882,1.0111,-0.05,0.46,0.32,138586,130235,125751
45825196,2.0300,-1.4350,0.9100,-0.0564,-0.0885,1.0115,-0.05,0.46,0.32,138581,130238,125760
45845704,1.8200,-1.3825,1.0150,-0.0558,-0.0878,1.0117,-0.05,0.46,0.32,138573,130239,125772
45865232,1.0500,-1.4175,0.9275,-0.0554,-0.0869,1.0116,-0.05,0.46,0.32,138568,130250,125773
45885744,0.3325,-1.2775,0.9800,-0.0548,-0.0856,1.0116,-0.05,0.46,0.32,138575,130238,125773
45905272,-0.3675,-1.1200,0.8925,-0.0545,-0.0852,1.0114,-0.05,0.46,0.32,138588,130230,125758
45924804,0.1750,-1.1025,0.8050,-0.0544,-0.0854,1.0113,-0.05,0.46,0.32,138591,130221,125759
45945312,2.7475,-1.0850,0.7175,-0.0549,-0.0860,1.0113,-0.05,0.46,0.32,138574,130231,125770
45964844,3.0975,-1.0150,0.7000,-0.0553,-0.0856,1.0111,-0.05,0.46,0.32,138572,130241,125775
45985352,2.4675,-1.0150,0.5425,-0.0554,-0.0853,1.0111,-0.05,0.46,0.32,138574,130260,125760
46004880,1.9775,-1.1725,0.6125,-0.0559,-0.0849,1.0114,-0.05,0.46,0.32,138588,130255,125762
46025392,1.8900,-1.3125,0.5950,-0.0564,-0.0845,1.0116,-0.05,0.46,0.32,138591,130244,125760
46044920,1.2950,-1.4000,0.5075,-0.0567,-0.0839,1.0116,-0.05,0.46,0.32,138579,130241,125762
46065428,-0.1400,-1.5050,0.5075,-0.0564,-0.0830,1.0119,-0.05,0.46,0.32,138573,130251,125780
46084960,0.3850,-1.7675,0.5950,-0.0559,-0.0830,1.0124,-0.05,0.46,0.32,138582,130251,125769
46105468,0.9625,-1.8375,0.7175,-0.0551,-0.0825,1.0128,-0.05,0.46,0.32,138598,130252,125755
46125000,0.5425,-1.8900,0.7000,-0.0545,-0.0817,1.0130,-0.05,0.46,0.32,138600,130231,125757
46145508,-0.6650,-1.8375,0.6825,-0.0539,-0.0814,1.0127,-0.05,0.46,0.32,138589,130241,125783
46165040,-0.1925,-1.9600,0.7175,-0.0539,-0.0816,1.0126,-0.05,0.46,0.32,138584,130237,125780
46185544,0.9800,-1.9075,0.7000,-0.0537,-0.0821,1.0122,-0.05,0.46,0.32,138596,130242,125776
46205080,1.0850,-1.8200,0.6650,-0.0533,-0.0822,1.0122,-0.05,0.46,0.32,138607,130225,125767
46225584,1.1375,-1.8375,0.6125,-0.0529,-0.0820,1.0124,-0.05,0.46,0.32,138614,130228,125763
46245116,0.7525,-1.6625,0.5950,-0.0529,-0.0816,1.0126,-0.05,0.46,0.32,138603,130233,125775
46265624,0.3675,-1.5750,0.4900,-0.0527,-0.0813,1.0128,-0.05,0.46,0.32,138596,130242,125794
46285156,1.0325,-1.5225,0.4550,-0.0521,-0.0808,1.0131,-0.05,0.46,0.32,138604,130227,125783
46305664,0.9625,-1.3825,0.3675,-0.0512,-0.0802,1.0132,-0.05,0.46,0.32,138618,130235,125777
46325196,0.2275,-1.1725,0.3150,-0.0509,-0.0800,1.0133,-0.05,0.46,0.32,138619,130218,125763
46345704,0.4025,-1.1375,0.2800,-0.0505,-0.0803,1.0136,-0.05,0.46,0.32,138605,130226,125774
46365232,1.3825,-1.1550,0.3325,-0.0505,-0.0805,1.0137,-0.05,0.46,0.32,138600,130233,125803
46395508,1.2950,-0.9975,0.2100,-0.0510,-0.0802,1.0132,-0.05,0.46,0.32,138607,130226,125781
46415040,1.2425,-1.0150,0.2800,-0.0512,-0.0800,1.0133,-0.05,0.46,0.32,138601,130240,125779
46435544,1.5925,-1.0325,0.2450,-0.0511,-0.0800,1.0137,-0.05,0.46,0.32,138610,130246,125792
46455080,1.3475,-1.2600,0.3675,-0.0509,-0.0795,1.0137,-0.05,0.46,0.32,138626,130237,125772
46475584,0.5075,-1.1375,0.3325,-0.0505,-0.0788,1.0137,-0.05,0.46,0.32,138630,130229,125775
46495116,-0.2100,-1.2600,0.4200,-0.0498,-0.0783,1.0139,-0.05,0.46,0.32,138620,130240,125771
46515624,-0.1225,-1.3475,0.4900,-0.0488,-0.0782,1.0141,-0.05,0.46,0.32,138606,130244,125794
46535156,0.1575,-1.1025,0.5950,-0.0487,-0.0781,1.0137,-0.05,0.46,0.32,138613,130242,125773
46555664,0.3150,-1.1900,0.6650,-0.0488,-0.0782,1.0133,-0.05,0.46,0.32,138628,130236,125784
46575196,1.4700,-1.2250,0.7700,-0.0490,-0.0789,1.0133,-0.05,0.46,0.32,138629,130233,125757
46595704,2.1875,-1.2075,0.7700,-0.0490,-0.0792,1.0136,-0.05,0.46,0.32,138617,130229,125775
46615232,1.8550,-1.2075,0.7525,-0.0489,-0.0789,1.0136,-0.05,0.46,0.32,138608,130248,125773
46635744,1.5925,-1.3300,0.7875,-0.0481,-0.0776,1.0141,-0.05,0.46,0.32,138622,130236,125763
46655272,0.5425,-1.2775,0.6650,-0.0479,-0.0767,1.0139,-0.05,0.46,0.32,138633,130232,125771
46674804,-0.5250,-1.3650,0.6125,-0.0481,-0.0766,1.0139,-0.05,0.46,0.32,138642,130234,125781
46695312,-0.1400,-1.3300,0.5600,-0.0476,-0.0766,1.0143,-0.05,0.46,0.32,138620,130240,125779
46714844,0.5600,-1.3300,0.5250,-0.0472,-0.0767,1.0146,-0.05,0.46,0.32,138617,130241,125788
46735352,0.7875,-1.2775,0.5250,-0.0471,-0.0766,1.0146,-0.05,0.46,0.32,138625,130234,125779
46754880,0.8225,-1.2775,0.4375,-0.0464,-0.0763,1.0146,-0.05,0.46,0.32,138639,130235,125772
46775392,0.6475,-1.2250,0.3850,-0.0461,-0.0759,1.0144,-0.05,0.46,0.32,138643,130229,125772
46794920,0.1575,-1.1550,0.2975,-0.0461,-0.0756,1.0141,-0.05,0.46,0.32,138631,130240,125786
46815428,0.2800,-1.1025,0.1750,-0.0461,-0.0759,1.0138,-0.05,0.46,0.32,138616,130239,125783
46834960,1.0150,-1.0500,0.1750,-0.0462,-0.0764,1.0138,-0.05,0.46,0.32,138622,130238,125781
46855468,1.9075,-1.1025,0.0875,-0.0462,-0.0769,1.0138,-0.05,0.46,0.32,138643,130236,125776
46875000,1.5400,-1.1200,0.0350,-0.0460,-0.0760,1.0141,-0.05,0.46,0.32,138650,130239,125762
46895508,0.4200,-1.0850,-0.0525,-0.0456,-0.0749,1.0142,-0.05,0.46,0.32,138635,130241,125780
46915040,-0.0700,-1.0150,-0.1575,-0.0450,-0.0744,1.0144,-0.05,0.46,0.32,138627,130246,125781
46935544,-0.1925,-0.9800,-0.2625,-0.0449,-0.0743,1.0144,-0.05,0.46,0.32,138634,130251,125788
46955080,-0.2100,-0.8575,-0.4025,-0.0450,-0.0745,1.0146,-0.05,0.46,0.32,138647,130247,125772
46975584,0.6825,-0.7875,-0.5075,-0.0451,-0.0749,1.0144,-0.05,0.46,0.32,138641,130241,125772
46995116,0.9275,-0.6650,-0.4900,-0.0450,-0.0752,1.0146,-0.05,0.46,0.32,138632,130242,125768
47015624,0.4375,-0.5075,-0.5075,-0.0448,-0.0752,1.0146,-0.05,0.46,0.32,138621,130255,125782
47035156,0.3850,-0.4550,-0.4900,-0.0445,-0.0752,1.0146,-0.05,0.46,0.32,138626,130252,125776
47055664,0.5075,-0.4725,-0.4900,-0.0443,-0.0755,1.0146,-0.05,0.46,0.32,138645,130246,125773
47075196,0.2975,-0.3500,-0.4725,-0.0442,-0.0756,1.0146,-0.05,0.46,0.32,138646,130246,125760
47095704,-0.6825,-0.2450,-0.3500,-0.0437,-0.0760,1.0150,-0.05,0.46,0.32,138631,130246,125779
47115232,-0.7175,-0.2625,-0.0700,-0.0432,-0.0761,1.0154,-0.05,0.46,0.32,138620,130259,125782
47135744,-0.4725,-0.0875,0.1750,-0.0427,-0.0761,1.0153,-0.05,0.46,0.32,138625,130250,125763
47155272,0.0875,0.0175,0.4900,-0.0420,-0.0764,1.0152,-0.05,0.46,0.32,138636,130237,125759
47174804,0.6825,0.1575,0.7875,-0.0414,-0.0764,1.0153,-0.05,0.46,0.32,138638,130236,125760
47195312,0.7875,0.3675,1.0675,-0.0410,-0.0766,1.0153,-0.05,0.46,0.32,138617,130240,125763
47214844,0.5075,0.4900,1.2950,-0.0414,-0.0771,1.0150,-0.05,0.46,0.32,138611,130242,125768
47235352,1.1025,0.5075,1.4875,-0.0417,-0.0776,1.0150,-0.05,0.46,0.32,138610,130236,125760
47254880,1.7150,0.5600,1.5575,-0.0420,-0.0778,1.0153,-0.05,0.46,0.33,138619,130236,125734
47275392,1.9250,0.4375,1.5050,-0.0420,-0.0773,1.0154,-0.05,0.46,0.33,138613,130241,125743
47294920,1.1375,0.5075,1.4175,-0.0420,-0.0764,1.0153,-0.05,0.46,0.33,138603,130239,125744
47315428,0.2275,0.4200,1.1550,-0.0420,-0.0756,1.0153,-0.05,0.46,0.32,138584,130236,125753
47334960,0.1925,0.2450,0.9100,-0.0420,-0.0755,1.0149,-0.05,0.46,0.32,138589,130228,125755
47355468,0.7700,0.2450,0.7175,-0.0425,-0.0752,1.0144,-0.05,0.46,0.33,138593,130215,125744
47375000,0.6300,0.1400,0.5075,-0.0431,-0.0745,1.0136,-0.05,0.46,0.33,138593,130230,125732
47405272,-0.2975,-0.1050,0.1050,-0.0439,-0.0739,1.0128,-0.05,0.46,0.32,138593,130217,125749
47424804,0.1225,-0.2450,0.0000,-0.0449,-0.0738,1.0126,-0.05,0.46,0.33,138598,130211,125726
47445312,0.3850,-0.5075,-0.2275,-0.0461,-0.0732,1.0120,-0.05,0.46,0.33,138587,130217,125744
47464844,-0.0350,-0.7175,-0.3850,-0.0466,-0.0730,1.0116,-0.05,0.46,0.32,138572,130230,125755
47485352,0.4375,-0.8225,-0.4200,-0.0471,-0.0732,1.0116,-0.05,0.46,0.33,138582,130227,125744
47504880,1.3650,-1.0325,-0.4550,-0.0477,-0.0732,1.0116,-0.05,0.46,0.33,138599,130227,125738
47525392,1.1025,-1.0850,-0.5600,-0.0479,-0.0727,1.0117,-0.05,0.46,0.33,138599,130229,125741
47544920,0.1225,-1.1900,-0.7175,-0.0481,-0.0722,1.0117,-0.05,0.46,0.32,138594,130224,125748
47565428,-0.4025,-1.2775,-0.8050,-0.0486,-0.0722,1.0122,-0.05,0.46,0.32,138577,130224,125768
47584960,-0.1925,-1.3125,-0.8750,-0.0489,-0.0726,1.0126,-0.05,0.46,0.32,138585,130229,125767
47605468,0.0525,-1.2600,-0.9625,-0.0488,-0.0728,1.0131,-0.05,0.46,0.32,138604,130214,125755
47625000,-0.1575,-1.0850,-0.9975,-0.0487,-0.0730,1.0133,-0.05,0.46,0.32,138608,130210,125755
47645508,-0.1925,-1.1025,-1.0675,-0.0487,-0.0732,1.0138,-0.05,0.46,0.32,138603,130223,125764
47665040,-0.0700,-0.7700,-1.2250,-0.0486,-0.0736,1.0141,-0.05,0.46,0.32,138590,130229,125770
47685544,-0.2625,-0.6825,-1.3125,-0.0477,-0.0736,1.0146,-0.05,0.46,0.32,138600,130225,125757
47705080,-0.9975,-0.4375,-1.3825,-0.0473,-0.0734,1.0148,-0.05,0.46,0.32,138610,130206,125763
47725584,-1.3475,-0.2975,-1.3825,-0.0468,-0.0736,1.0149,-0.05,0.46,0.32,138609,130215,125749
47745116,-1.2600,-0.0700,-1.2950,-0.0467,-0.0736,1.0149,-0.05,0.46,0.32,138600,130217,125759
47765624,-0.7350,0.0875,-1.1725,-0.0471,-0.0737,1.0148,-0.05,0.46,0.32,138586,130216,125761
47785156,0.3675,0.3500,-0.9100,-0.0478,-0.0743,1.0149,-0.05,0.46,0.32,138593,130212,125766
47805664,0.4200,0.3675,-0.7700,-0.0481,-0.0747,1.0150,-0.05,0.46,0.32,138599,130216,125763
47825196,0.4025,0.3500,-0.5950,-0.0483,-0.0752,1.0153,-0.05,0.46,0.32,138602,130218,125755
47845704,0.3325,0.4200,-0.4550,-0.0490,-0.0753,1.0150,-0.05,0.46,0.32,138586,130213,125759
47865232,0.2275,0.3850,-0.2625,-0.0498,-0.0758,1.0146,-0.05,0.46,0.32,138573,130219,125767
47885744,0.5600,0.3325,-0.1050,-0.0505,-0.0761,1.0144,-0.05,0.46,0.32,138582,130219,125762
47905272,1.4700,0.1925,0.0875,-0.0508,-0.0763,1.0146,-0.05,0.46,0.33,138588,130207,125746
47924804,1.1550,0.1225,0.1400,-0.0508,-0.0754,1.0147,-0.05,0.46,0.33,138588,130209,125739
47945312,0.5075,-0.0175,0.1575,-0.0506,-0.0747,1.0147,-0.05,0.46,0.33,138577,130229,125746
47964844,0.3675,-0.0700,0.1225,-0.0509,-0.0739,1.0144,-0.05,0.46,0.32,138566,130229,125764
47985352,-0.0875,-0.1925,0.0000,-0.0517,-0.0732,1.0138,-0.05,0.46,0.32,138572,130223,125762
48004880,-0.5250,-0.2975,-0.0875,-0.0529,-0.0732,1.0131,-0.05,0.46,0.32,138578,130208,125763
48025392,0.4900,-0.5775,-0.4900,-0.0533,-0.0741,1.0131,-0.05,0.46,0.32,138581,130210,125750
48044920,0.9800,-0.6300,-0.6475,-0.0534,-0.0739,1.0130,-0.05,0.46,0.32,138572,130215,125772
48065428,0.0175,-0.6650,-0.8575,-0.0537,-0.0731,1.0124,-0.05,0.46,0.32,138562,130233,125772
48084960,-0.6300,-0.6300,-1.0325,-0.0536,-0.0727,1.0121,-0.05,0.46,0.32,138565,130208,125761
48105468,0.1750,-0.7350,-1.2425,-0.0533,-0.0728,1.0124,-0.05,0.46,0.32,138583,130214,125761
48125000,0.1750,-0.8400,-1.4700,-0.0534,-0.0728,1.0124,-0.05,0.46,0.32,138586,130204,125755
48145508,-1.3300,-0.8225,-1.6625,-0.0538,-0.0727,1.0121,-0.05,0.46,0.32,138575,130208,125763
48165040,-0.6125,-0.9100,-1.8200,-0.0539,-0.0732,1.0121,-0.05,0.46,0.32,138570,130225,125775
48185544,0.1575,-0.9800,-1.7675,-0.0543,-0.0737,1.0121,-0.05,0.46,0.32,138582,130224,125763
48205080,-0.3325,-1.0325,-1.9950,-0.0547,-0.0741,1.0121,-0.05,0.46,0.32,138596,130219,125762
48225584,-0.5950,-1.1200,-1.9250,-0.0543,-0.0744,1.0124,-0.05,0.46,0.32,138595,130216,125771
48245116,-0.0875,-1.1550,-1.7850,-0.0543,-0.0752,1.0126,-0.05,0.46,0.32,138589,130214,125768
48265624,0.0000,-1.1900,-1.5925,-0.0547,-0.0754,1.0127,-0.05,0.46,0.32,138574,130232,125786
48285156,-0.5250,-1.1725,-1.4875,-0.0549,-0.0756,1.0128,-0.05,0.46,0.32,138586,130223,125772
48305664,-0.6300,-1.1025,-1.3475,-0.0547,-0.0763,1.0131,-0.05,0.46,0.32,138598,130215,125765
48325196,-0.1050,-1.0325,-1.2250,-0.0543,-0.0767,1.0133,-0.05,0.46,0.32,138604,130228,125771
48345704,-0.0700,-1.0500,-0.9975,-0.0540,-0.0769,1.0133,-0.05,0.46,0.32,138587,130228,125766
48365232,-0.6475,-0.8050,-0.6825,-0.0537,-0.0765,1.0130,-0.05,0.46,0.32,138583,130220,125776
48385744,0.5950,-0.7700,-0.4550,-0.0527,-0.0765,1.0135,-0.05,0.46,0.32,138588,130219,125780
48416016,0.7700,-0.5600,-0.3850,-0.0523,-0.0771,1.0136,-0.05,0.46,0.32,138581,130227,125775
48436524,0.6650,-0.4200,-0.3675,-0.0522,-0.0778,1.0137,-0.05,0.46,0.32,138592,130220,125766
48456056,1.0500,-0.3325,-0.4725,-0.0522,-0.0787,1.0141,-0.05,0.46,0.32,138600,130221,125764
48476560,1.3300,-0.2100,-0.4900,-0.0523,-0.0793,1.0143,-0.05,0.46,0.32,138599,130231,125759
48496092,0.9100,-0.1050,-0.5250,-0.0525,-0.0787,1.0143,-0.05,0.46,0.32,138589,130230,125773
48516600,0.3500,-0.1225,-0.5600,-0.0526,-0.0780,1.0146,-0.05,0.46,0.32,138586,130233,125775
48536132,-0.1050,-0.1400,-0.5075,-0.0522,-0.0773,1.0147,-0.05,0.46,0.32,138587,130236,125760
48556640,-0.6125,-0.2275,-0.5250,-0.0517,-0.0770,1.0148,-0.05,0.46,0.32,138594,130232,125750
48576172,-0.6650,-0.2100,-0.5075,-0.0517,-0.0765,1.0142,-0.05,0.46,0.33,138591,130233,125744
48596680,-0.5425,-0.2975,-0.4375,-0.0519,-0.0766,1.0133,-0.05,0.46,0.32,138577,130240,125773
48616208,0.2275,-0.3150,-0.4550,-0.0522,-0.0771,1.0128,-0.05,0.46,0.32,138573,130242,125771
48636720,1.2950,-0.5775,-0.4200,-0.0527,-0.0780,1.0125,-0.05,0.46,0.32,138584,130237,125770
48656248,1.9250,-0.7700,-0.4025,-0.0533,-0.0786,1.0121,-0.05,0.46,0.32,138598,130240,125753
48676756,1.6975,-1.0500,-0.3325,-0.0537,-0.0784,1.0120,-0.05,0.46,0.32,138588,130232,125755
48696288,0.7000,-1.3125,-0.2275,-0.0536,-0.0771,1.0122,-0.05,0.46,0.32,138586,130242,125781
48715820,-0.2800,-1.4525,-0.1750,-0.0533,-0.0759,1.0126,-0.05,0.46,0.32,138575,130251,125775
48736328,-1.2075,-1.5750,-0.1750,-0.0532,-0.0752,1.0127,-0.05,0.46,0.32,138599,130241,125759
48755860,-1.9425,-1.5575,-0.2625,-0.0529,-0.0755,1.0128,-0.05,0.46,0.32,138605,130240,125750
48776368,-0.9975,-1.7500,-0.3850,-0.0525,-0.0766,1.0133,-0.05,0.46,0.32,138609,130231,125767
48795896,-0.0525,-1.7675,-0.5250,-0.0525,-0.0775,1.0135,-0.05,0.46,0.32,138596,130227,125783
48816408,0.1050,-1.6800,-0.7350,-0.0522,-0.0773,1.0132,-0.05,0.46,0.32,138590,130241,125780
48835936,-0.1225,-1.6450,-0.9975,-0.0514,-0.0771,1.0135,-0.05,0.46,0.32,138599,130232,125773
48856444,-0.7000,-1.5575,-1.0850,-0.0509,-0.0769,1.0138,-0.05,0.46,0.32,138614,130237,125775
48875976,-1.4350,-1.3650,-1.1900,-0.0510,-0.0767,1.0139,-0.05,0.46,0.32,138620,130220,125768
48896484,-2.0475,-1.2075,-1.3650,-0.0510,-0.0772,1.0141,-0.05,0.46,0.32,138599,130225,125780
48916016,-1.5925,-1.2075,-1.3300,-0.0508,-0.0781,1.0144,-0.05,0.46,0.32,138601,130238,125784
48936524,-1.4875,-1.1025,-1.3475,-0.0505,-0.0788,1.0148,-0.05,0.46,0.32,138612,130228,125781
48956056,-1.8725,-0.8925,-1.2075,-0.0500,-0.0788,1.0148,-0.05,0.46,0.32,138617,130223,125770
48976560,-1.2425,-0.8575,-1.0675,-0.0498,-0.0791,1.0147,-0.05,0.46,0.32,138618,130227,125790
48996092,-0.5775,-0.6475,-0.7525,-0.0498,-0.0794,1.0146,-0.05,0.46,0.32,138610,130229,125801
49016600,-0.1400,-0.5425,-0.4550,-0.0499,-0.0798,1.0143,-0.05,0.46,0.32,138592,130225,125798
49036132,0.2450,-0.4375,-0.2800,-0.0500,-0.0810,1.0142,-0.05,0.46,0.32,138607,130232,125784
49056640,1.4875,-0.2800,-0.1750,-0.0504,-0.0824,1.0142,-0.05,0.46,0.32,138619,130226,125789
49076172,1.8550,-0.3325,-0.1400,-0.0510,-0.0833,1.0138,-0.05,0.46,0.32,138617,130228,125774
49096680,1.5400,-0.3500,-0.1400,-0.0512,-0.0834,1.0136,-0.05,0.46,0.32,138601,130239,125788
49116208,0.9975,-0.3675,-0.1225,-0.0509,-0.0830,1.0137,-0.05,0.46,0.32,138590,130238,125784
49136720,0.1925,-0.3500,-0.2100,-0.0501,-0.0822,1.0142,-0.05,0.46,0.32,138600,130234,125771
49156248,-1.8550,-0.3675,-0.3325,-0.0500,-0.0816,1.0139,-0.05,0.46,0.32,138616,130219,125775
49176756,-1.3825,-0.4200,-0.4375,-0.0495,-0.0821,1.0137,-0.05,0.46,0.32,138610,130220,125776
49196288,0.0875,-0.4550,-0.5250,-0.0493,-0.0827,1.0131,-0.05,0.46,0.32,138589,130224,125779
49215820,0.3500,-0.4200,-0.6650,-0.0492,-0.0830,1.0124,-0.05,0.46,0.32,138587,130225,125793
49236328,0.1575,-0.3500,-0.8050,-0.0492,-0.0830,1.0117,-0.05,0.46,0.32,138595,130236,125784
49255860,0.6125,-0.3675,-0.9625,-0.0490,-0.0832,1.0114,-0.05,0.46,0.32,138610,130228,125766
49276368,1.0150,-0.3675,-0.9800,-0.0493,-0.0828,1.0111,-0.05,0.46,0.32,138609,130233,125770
49295896,0.9450,-0.3500,-0.9275,-0.0499,-0.0825,1.0110,-0.05,0.46,0.32,138594,130234,125781
49316408,1.1375,-0.4725,-0.9450,-0.0505,-0.0822,1.0109,-0.05,0.46,0.32,138587,130246,125784
49335936,0.9975,-0.6650,-0.8750,-0.0510,-0.0822,1.0109,-0.05,0.46,0.32,138600,130243,125769
49356444,1.2075,-0.7525,-0.8925,-0.0508,-0.0822,1.0111,-0.05,0.46,0.32,138619,130243,125767
49375976,1.4525,-0.7700,-0.8400,-0.0505,-0.0820,1.0114,-0.05,0.46,0.32,138613,130239,125757
49396484,0.4725,-0.7525,-0.7175,-0.0508,-0.0815,1.0111,-0.05,0.46,0.32,138600,130245,125782
49426756,0.9975,-0.9275,-0.7700,-0.0506,-0.0822,1.0114,-0.05,0.46,0.32,138610,130256,125765
49446288,1.4700,-1.0500,-0.6825,-0.0505,-0.0827,1.0117,-0.05,0.46,0.32,138602,130258,125776
49465820,1.1725,-1.1550,-0.7175,-0.0505,-0.0827,1.0121,-0.05,0.46,0.32,138601,130255,125775
49486328,0.6300,-1.2075,-0.7700,-0.0508,-0.0827,1.0127,-0.05,0.46,0.32,138610,130254,125758
49505860,0.0700,-1.3650,-0.7175,-0.0503,-0.0825,1.0136,-0.05,0.46,0.32,138621,130253,125762
49526368,-0.7525,-1.2950,-0.6650,-0.0493,-0.0815,1.0141,-0.05,0.46,0.32,138626,130243,125777
49545896,-2.3800,-1.1550,-0.5950,-0.0488,-0.0805,1.0138,-0.05,0.46,0.32,138609,130246,125781
49566408,-2.5725,-1.0150,-0.5775,-0.0484,-0.0806,1.0136,-0.05,0.46,0.32,138603,130259,125780
49585936,-0.6650,-1.0150,-0.4375,-0.0486,-0.0817,1.0133,-0.05,0.46,0.32,138609,130247,125782
49606444,1.7150,-1.0500,-0.2450,-0.0488,-0.0830,1.0131,-0.05,0.46,0.32,138624,130250,125771
49625976,2.3275,-0.9800,-0.1750,-0.0486,-0.0832,1.0133,-0.05,0.46,0.32,138623,130248,125779
49646484,1.9775,-0.9800,0.0175,-0.0488,-0.0825,1.0133,-0.05,0.46,0.32,138615,130253,125793
49666016,0.9625,-0.9625,0.0350,-0.0486,-0.0816,1.0136,-0.05,0.46,0.32,138610,130266,125789
49686524,-0.0175,-0.8925,0.1225,-0.0487,-0.0809,1.0138,-0.05,0.46,0.32,138621,130257,125777
49706056,-0.5075,-0.9275,0.0700,-0.0487,-0.0810,1.0141,-0.05,0.46,0.32,138632,130250,125781
49726560,-0.2450,-1.0150,0.0175,-0.0486,-0.0820,1.0146,-0.05,0.46,0.32,138627,130247,125772
49746092,-0.3850,-0.9975,-0.0875,-0.0486,-0.0824,1.0143,-0.05,0.46,0.32,138616,130248,125786
49766600,-0.3500,-1.0850,-0.0525,-0.0489,-0.0825,1.0141,-0.05,0.46,0.32,138609,130256,125792
49786132,-0.1400,-1.0150,-0.0525,-0.0490,-0.0824,1.0138,-0.05,0.46,0.32,138620,130245,125785
49806640,-0.0875,-1.0675,-0.0350,-0.0488,-0.0820,1.0137,-0.05,0.46,0.32,138631,130238,125771
49826172,-1.1375,-0.9800,-0.0175,-0.0489,-0.0816,1.0132,-0.05,0.46,0.32,138624,130242,125776
49846680,-0.7000,-1.0325,0.0525,-0.0489,-0.0822,1.0126,-0.05,0.46,0.32,138611,130236,125784
49866208,0.8925,-0.9975,0.1750,-0.0487,-0.0830,1.0126,-0.05,0.46,0.32,138614,130249,125788
49886720,1.8025,-0.9800,0.1400,-0.0484,-0.0828,1.0124,-0.05,0.46,0.32,138621,130247,125780
49906248,1.3300,-0.9450,0.1225,-0.0482,-0.0822,1.0119,-0.05,0.46,0.32,138625,130254,125776
49926756,0.5075,-0.9450,0.0350,-0.0478,-0.0817,1.0119,-0.05,0.46,0.32,138631,130246,125766
49946288,0.8225,-1.0500,-0.0700,-0.0476,-0.0816,1.0121,-0.05,0.46,0.32,138622,130250,125786
49965820,0.7875,-1.1725,-0.2625,-0.0473,-0.0819,1.0124,-0.05,0.46,0.32,138618,130258,125784
49986328,0.4725,-1.3475,-0.4725,-0.0473,-0.0822,1.0125,-0.05,0.46,0.32,138617,130258,125786
50005860,0.5075,-1.3825,-0.5775,-0.0473,-0.0819,1.0125,-0.05,0.46,0.32,138642,130242,125776
50026368,0.2975,-1.4350,-0.6825,-0.0473,-0.0813,1.0124,-0.05,0.46,0.32,138641,130249,125772
50045896,-0.7700,-1.5225,-0.6825,-0.0471,-0.0806,1.0122,-0.05,0.46,0.32,138631,130250,125779
50066408,-0.5950,-1.6100,-0.8400,-0.0476,-0.0811,1.0125,-0.05,0.46,0.32,138626,130258,125786
50085936,0.0175,-1.7850,-0.8400,-0.0475,-0.0819,1.0126,-0.05,0.46,0.32,138637,130254,125797
50106444,-0.2275,-1.8375,-0.9450,-0.0468,-0.0820,1.0128,-0.05,0.46,0.32,138656,130251,125780
50125976,-0.6300,-1.6800,-0.8925,-0.0464,-0.0819,1.0127,-0.05,0.46,0.32,138658,130251,125777
50146484,-0.8050,-1.6625,-0.8400,-0.0459,-0.0817,1.0124,-0.05,0.46,0.32,138641,130256,125792
50166016,-0.6300,-1.5400,-0.7700,-0.0455,-0.0819,1.0121,-0.05,0.46,0.32,138634,130252,125797
50186524,0.8750,-1.4525,-0.5250,-0.0451,-0.0824,1.0120,-0.05,0.46,0.32,138651,130255,125788
50206056,1.2075,-1.5050,-0.3325,-0.0447,-0.0826,1.0125,-0.05,0.46,0.32,138665,130246,125792
50226560,0.9275,-1.5750,-0.2275,-0.0443,-0.0825,1.0127,-0.05,0.46,0.32,138659,130249,125793
50246092,0.4725,-1.5050,-0.1750,-0.0444,-0.0826,1.0131,-0.05,0.46,0.32,138654,130250,125792
50266600,0.6650,-1.4700,-0.0700,-0.0444,-0.0831,1.0135,-0.05,0.46,0.32,138647,130259,125803
50286132,0.9800,-1.5050,-0.1050,-0.0444,-0.0836,1.0138,-0.05,0.46,0.32,138652,130259,125798
50306640,0.0875,-1.4875,-0.1400,-0.0449,-0.0839,1.0138,-0.05,0.46,0.32,138671,130245,125801
50326172,0.1750,-1.4700,-0.2275,-0.0447,-0.0841,1.0143,-0.05,0.46,0.32,138670,130247,125806
50346680,0.2275,-1.3475,-0.0875,-0.0438,-0.0833,1.0146,-0.05,0.46,0.32,138657,130257,125801
50366208,-0.3325,-1.3650,-0.0350,-0.0429,-0.0822,1.0146,-0.05,0.46,0.32,138659,130257,125808
50386720,-0.7700,-1.2425,-0.0350,-0.0421,-0.0815,1.0144,-0.05,0.46,0.32,138665,130247,125811
50406248,-0.4375,-1.0500,-0.0525,-0.0416,-0.0814,1.0141,-0.05,0.46,0.32,138681,130252,125797
50436524,0.5600,-0.7700,-0.2625,-0.0417,-0.0831,1.0132,-0.05,0.46,0.32,138665,130249,125816
50456056,1.2950,-0.8050,-0.3850,-0.0418,-0.0842,1.0131,-0.05,0.46,0.32,138679,130259,125788
50476560,2.6250,-0.7350,-0.3850,-0.0420,-0.0845,1.0133,-0.05,0.46,0.32,138676,130264,125791
50496092,2.4675,-0.7700,-0.3500,-0.0421,-0.0838,1.0133,-0.05,0.46,0.32,138664,130259,125806
50516600,1.1550,-0.6650,-0.3850,-0.0420,-0.0825,1.0136,-0.05,0.46,0.32,138656,130262,125810
50536132,0.2450,-0.7175,-0.3325,-0.0415,-0.0810,1.0143,-0.05,0.46,0.32,138662,130263,125793
50556640,-0.7875,-0.7350,-0.2975,-0.0416,-0.0810,1.0143,-0.05,0.46,0.32,138677,130241,125793
50576172,-0.6650,-0.7525,-0.3500,-0.0418,-0.0815,1.0142,-0.05,0.46,0.32,138680,130250,125786
50596680,0.8750,-0.7525,-0.3325,-0.0422,-0.0821,1.0139,-0.05,0.46,0.32,138660,130257,125801
50616208,2.1000,-0.8225,-0.3675,-0.0425,-0.0826,1.0137,-0.05,0.46,0.32,138655,130265,125819
50636720,1.2950,-0.8050,-0.4550,-0.0422,-0.0820,1.0135,-0.05,0.46,0.32,138668,130257,125793
50656248,0.5250,-0.8925,-0.5075,-0.0420,-0.0815,1.0135,-0.05,0.46,0.32,138681,130254,125792
50676756,0.4725,-0.9450,-0.6300,-0.0415,-0.0811,1.0138,-0.05,0.46,0.32,138677,130247,125785
50696288,0.1050,-0.9625,-0.7175,-0.0414,-0.0810,1.0137,-0.05,0.46,0.32,138659,130273,125787
50715820,-0.4200,-1.0675,-0.8225,-0.0412,-0.0810,1.0135,-0.05,0.46,0.32,138663,130263,125806
50736328,0.3325,-1.0675,-0.8750,-0.0407,-0.0811,1.0137,-0.05,0.46,0.32,138671,130266,125799
50755860,0.5950,-1.2425,-0.8750,-0.0407,-0.0809,1.0136,-0.05,0.46,0.32,138681,130262,125776
50776368,-0.2975,-1.2425,-0.9100,-0.0407,-0.0800,1.0132,-0.05,0.46,0.32,138688,130263,125790
50795896,-0.4025,-1.2250,-0.9100,-0.0404,-0.0795,1.0131,-0.05,0.46,0.32,138675,130255,125803
50816408,-0.0700,-1.2250,-0.9100,-0.0401,-0.0799,1.0131,-0.05,0.46,0.32,138664,130273,125806
50835936,0.3150,-1.1900,-0.8750,-0.0400,-0.0806,1.0132,-0.05,0.46,0.32,138685,130271,125793
50856444,0.8050,-1.1725,-0.8225,-0.0399,-0.0813,1.0136,-0.05,0.47,0.32,138698,130273,125785
50875976,1.1725,-1.2075,-0.7875,-0.0404,-0.0817,1.0138,-0.05,0.47,0.32,138694,130273,125785
50896484,0.2975,-1.2250,-0.7525,-0.0403,-0.0815,1.0139,-0.05,0.46,0.32,138683,130281,125798
50916016,-0.6650,-1.2775,-0.7875,-0.0400,-0.0811,1.0144,-0.05,0.46,0.32,138671,130278,125799
50936524,-0.8225,-1.1550,-0.7350,-0.0393,-0.0808,1.0147,-0.05,0.47,0.32,138692,130282,125799
50956056,-0.8750,-1.1550,-0.6300,-0.0387,-0.0809,1.0148,-0.05,0.47,0.32,138702,130266,125794
50976560,-0.2800,-1.0850,-0.5950,-0.0381,-0.0810,1.0148,-0.05,0.47,0.32,138699,130279,125795
50996092,0.7175,-0.9100,-0.5075,-0.0376,-0.0814,1.0141,-0.05,0.46,0.32,138690,130272,125799
51016600,1.2425,-0.8225,-0.4550,-0.0372,-0.0817,1.0138,-0.05,0.46,0.32,138681,130286,125791
51036132,1.4175,-0.7000,-0.4900,-0.0373,-0.0816,1.0137,-0.05,0.47,0.32,138697,130283,125798
51056640,0.6475,-0.6650,-0.5250,-0.0376,-0.0819,1.0135,-0.05,0.47,0.32,138700,130280,125799
51076172,0.8400,-0.7525,-0.5600,-0.0377,-0.0821,1.0136,-0.05,0.47,0.32,138706,130280,125802
51096680,1.6975,-0.9625,-0.5950,-0.0379,-0.0821,1.0137,-0.05,0.46,0.32,138688,130292,125796
51116208,0.9625,-0.9625,-0.6825,-0.0379,-0.0813,1.0136,-0.05,0.46,0.32,138685,130295,125800
51136720,-0.1925,-1.0325,-0.6300,-0.0378,-0.0806,1.0138,-0.05,0.47,0.32,138693,130291,125798
51156248,-0.9975,-1.0675,-0.7525,-0.0373,-0.0803,1.0138,-0.05,0.47,0.32,138706,130279,125793
51176756,-0.6650,-1.1375,-0.8050,-0.0370,-0.0805,1.0141,-0.05,0.47,0.32,138711,130281,125790
51196288,-0.3150,-1.1725,-0.8925,-0.0371,-0.0806,1.0141,-0.05,0.47,0.32,138695,130292,125809
51215820,-0.1925,-1.1200,-0.8925,-0.0373,-0.0810,1.0136,-0.05,0.47,0.32,138693,130298,125809
51236328,-0.0350,-1.1375,-0.9100,-0.0376,-0.0817,1.0135,-0.05,0.47,0.32,138702,130298,125794
51255860,0.2100,-1.1550,-0.8575,-0.0376,-0.0821,1.0136,-0.05,0.47,0.32,138713,130290,125799
51276368,0.0700,-1.2075,-0.7175,-0.0373,-0.0821,1.0138,-0.05,0.47,0.32,138711,130287,125795
51295896,0.0525,-1.2250,-0.6125,-0.0368,-0.0819,1.0141,-0.05,0.47,0.32,138708,130288,125802
51316408,0.0700,-1.0850,-0.5775,-0.0364,-0.0815,1.0141,-0.05,0.47,0.32,138691,130293,125803
51335936,-0.8925,-0.9275,-0.4200,-0.0355,-0.0811,1.0141,-0.05,0.47,0.32,138703,130288,125812
51356444,-0.6125,-0.7700,-0.3325,-0.0355,-0.0815,1.0141,-0.05,0.47,0.32,138717,130291,125798
51375976,0.4550,-0.7350,-0.2100,-0.0356,-0.0820,1.0137,-0.05,0.47,0.32,138718,130284,125794
51396484,1.4700,-0.6475,-0.1750,-0.0356,-0.0825,1.0136,-0.05,0.47,0.32,138707,130292,125789
51416016,1.5925,-0.5075,-0.2100,-0.0355,-0.0825,1.0136,-0.05,0.47,0.32,138694,130290,125804
