39847656,6.6500,3.8325,9.0300,0.6537,-0.0188,0.7576,-0.15,0.60,0.12,140860,128689,129086
39877928,2.0475,4.8650,9.7300,0.6588,-0.0151,0.7586,-0.15,0.60,0.12,140823,128653,129055
39898436,2.4150,5.1625,10.1675,0.6590,-0.0153,0.7623,-0.15,0.59,0.12,140789,128640,129035
39917968,3.7450,5.2150,10.4300,0.6573,-0.0165,0.7676,-0.15,0.59,0.12,140772,128621,129032
39938476,8.0325,4.9700,10.7275,0.6537,-0.0192,0.7735,-0.15,0.59,0.13,140760,128609,128993
39958008,8.5575,4.7600,10.9375,0.6498,-0.0215,0.7774,-0.15,0.59,0.13,140730,128601,128956
39978516,2.2575,4.6200,11.3925,0.6416,-0.0249,0.7834,-0.15,0.59,0.13,140692,128578,128966
39998048,-0.8925,4.5150,11.6725,0.6366,-0.0288,0.7889,-0.15,0.59,0.13,140662,128559,128936
40018552,-4.5325,4.1475,11.9000,0.6318,-0.0329,0.7946,-0.15,0.58,0.13,140643,128538,128937
40038084,-7.3325,3.3075,11.8125,0.6251,-0.0377,0.8000,-0.16,0.58,0.13,140632,128496,128932
40058592,-7.4200,2.2050,11.1825,0.6171,-0.0425,0.8047,-0.16,0.58,0.13,140605,128470,128930
40078124,-8.5750,1.2075,10.0275,0.6101,-0.0467,0.8091,-0.16,0.58,0.13,140578,128458,128933
40098632,-10.0100,0.1750,7.9975,0.6024,-0.0539,0.8128,-0.16,0.58,0.13,140553,128448,128961
40118164,-5.2325,-0.5425,6.5800,0.5982,-0.0608,0.8154,-0.16,0.58,0.13,140549,128426,128951
40138672,-3.2025,-0.9975,5.2850,0.5944,-0.0669,0.8161,-0.16,0.58,0.13,140552,128410,128956
40158204,-4.6200,-1.2950,4.2350,0.5935,-0.0732,0.8159,-0.16,0.58,0.13,140549,128392,128970
40178712,-3.5525,-1.4350,3.5700,0.5961,-0.0811,0.8189,-0.16,0.58,0.13,140536,128406,128967
40198240,0.8925,-1.9075,3.4125,0.5999,-0.0861,0.8215,-0.16,0.58,0.13,140524,128397,128971
40218752,-0.3325,-2.4500,3.2025,0.6022,-0.0895,0.8229,-0.16,0.58,0.13,140534,128391,128981
40238280,1.1375,-3.0625,3.0625,0.6022,-0.0900,0.8237,-0.16,0.58,0.13,140545,128376,128988
40257812,1.4350,-3.6225,3.0275,0.6019,-0.0895,0.8240,-0.16,0.58,0.13,140547,128381,128974
40278320,0.0700,-3.8675,2.9575,0.6000,-0.0919,0.8228,-0.16,0.58,0.13,140532,128377,128984
40297852,0.2275,-4.2000,2.5725,0.5982,-0.0969,0.8200,-0.16,0.58,0.13,140520,128383,129005
40318360,0.3675,-4.3575,1.2075,0.5980,-0.1025,0.8159,-0.16,0.58,0.13,140533,128370,129004
40337888,-2.7300,-3.8850,-0.2975,0.6010,-0.1082,0.8079,-0.17,0.58,0.13,140546,128359,129018
40358400,-2.2750,-3.2725,-1.8375,0.6052,-0.1114,0.8039,-0.17,0.58,0.12,140551,128363,129026
40377928,3.3950,-2.6075,-3.2375,0.6113,-0.1144,0.8020,-0.16,0.58,0.12,140549,128381,129033
40398436,6.0550,-1.6800,-4.2175,0.6173,-0.1139,0.7997,-0.16,0.58,0.13,140536,128398,129016
40417968,4.3575,-0.8575,-4.7250,0.6209,-0.1108,0.7968,-0.16,0.58,0.13,140558,128406,129016
40438476,3.3075,0.1750,-4.8650,0.6215,-0.1047,0.7932,-0.16,0.58,0.13,140571,128408,128995
40458008,4.4800,0.7175,-4.4625,0.6199,-0.1007,0.7925,-0.16,0.58,0.13,140587,128411,129002
40478516,5.6525,0.9800,-3.8850,0.6173,-0.0960,0.7921,-0.16,0.58,0.13,140564,128425,128991
40498048,7.0350,1.1550,-3.1150,0.6149,-0.0911,0.7923,-0.16,0.58,0.13,140564,128440,128977
40518552,7.6475,1.3475,-2.4675,0.6132,-0.0859,0.7926,-0.16,0.58,0.13,140573,128449,128976
40538084,4.5500,1.4525,-1.8725,0.6121,-0.0797,0.7924,-0.16,0.58,0.13,140583,128444,128959
40558592,-0.2800,1.6625,-1.3475,0.6128,-0.0721,0.7936,-0.16,0.58,0.13,140579,128438,128948
40578124,-0.0525,1.3825,-1.1200,0.6140,-0.0697,0.7951,-0.16,0.58,0.13,140562,128453,128968
40598632,0.3325,1.0500,-0.9625,0.6156,-0.0688,0.7967,-0.16,0.58,0.13,140554,128454,128964
40618164,-0.1225,0.6475,-0.9100,0.6168,-0.0682,0.7976,-0.16,0.58,0.13,140563,128456,128951
40638672,-2.2750,0.3675,-0.9625,0.6173,-0.0672,0.7984,-0.16,0.58,0.13,140576,128440,128954
40658204,-2.1700,0.1225,-0.9275,0.6177,-0.0672,0.7998,-0.16,0.58,0.13,140578,128443,128947
40678712,1.2950,-0.2275,-0.7700,0.6182,-0.0686,0.8032,-0.16,0.58,0.13,140563,128440,128951
40698240,2.4150,-0.5250,-0.7525,0.6178,-0.0691,0.8048,-0.16,0.58,0.13,140553,128452,128953
40718752,-1.2425,-0.5950,-0.8925,0.6166,-0.0684,0.8048,-0.16,0.58,0.13,140572,128449,128952
40738280,-2.9050,-0.7875,-1.1550,0.6156,-0.0689,0.8050,-0.16,0.58,0.13,140579,128445,128944
40757812,-1.2075,-0.8750,-1.3475,0.6151,-0.0708,0.8056,-0.16,0.58,0.13,140584,128438,128943
40778320,0.0875,-0.8400,-1.6275,0.6151,-0.0725,0.8059,-0.16,0.58,0.13,140576,128449,128965
40797852,2.5375,-0.7000,-1.8375,0.6154,-0.0747,0.8068,-0.16,0.58,0.13,140563,128456,128969
40818360,4.1300,-0.7350,-1.8725,0.6157,-0.0754,0.8075,-0.16,0.58,0.13,140572,128456,128964
40837888,5.4600,-0.6650,-2.0125,0.6161,-0.0752,0.8080,-0.16,0.58,0.13,140587,128462,128935
40858400,6.0025,-0.6650,-1.9250,0.6160,-0.0739,0.8079,-0.16,0.58,0.13,140592,128467,128929
40888672,3.9900,-0.4900,-1.9075,0.6157,-0.0705,0.8058,-0.16,0.58,0.13,140600,128471,128929
40908204,7.2975,-0.5950,-1.6625,0.6159,-0.0695,0.8057,-0.16,0.58,0.13,140598,128489,128905
40928712,8.6800,-0.6475,-1.4000,0.6156,-0.0681,0.8054,-0.16,0.58,0.13,140585,128499,128915
40948240,5.8625,-0.6475,-1.2250,0.6154,-0.0651,0.8045,-0.16,0.58,0.13,140576,128507,128910
40968752,2.0300,-0.5950,-1.1550,0.6154,-0.0619,0.8035,-0.16,0.58,0.13,140586,128508,128904
40988280,0.5600,-0.5775,-1.1200,0.6161,-0.0599,0.8037,-0.16,0.58,0.13,140610,128510,128888
41007812,2.8875,-0.7525,-1.1900,0.6168,-0.0597,0.8043,-0.16,0.58,0.13,140608,128506,128885
41028320,-0.1575,-0.6650,-1.0325,0.6168,-0.0569,0.8030,-0.16,0.58,0.13,140595,128507,128892
41047852,-0.9275,-0.5950,-1.0150,0.6163,-0.0556,0.8023,-0.16,0.58,0.13,140587,128523,128889
41068360,0.4550,-0.3850,-0.9275,0.6166,-0.0551,0.8018,-0.16,0.58,0.13,140589,128519,128905
41087888,-0.6825,0.0875,-0.8575,0.6173,-0.0543,0.8008,-0.16,0.58,0.13,140605,128502,128898
41108400,-1.9250,0.3325,-0.8925,0.6173,-0.0533,0.8001,-0.16,0.58,0.13,140605,128506,128891
41127928,-0.0525,0.4900,-1.0150,0.6171,-0.0536,0.8001,-0.16,0.58,0.13,140585,128507,128905
41148436,0.0700,0.6475,-1.1025,0.6159,-0.0538,0.7980,-0.16,0.58,0.13,140581,128530,128893
41167968,-0.6475,1.0325,-0.9975,0.6152,-0.0538,0.7971,-0.16,0.58,0.13,140587,128521,128876
41188476,0.2800,1.1725,-0.9450,0.6146,-0.0539,0.7969,-0.16,0.58,0.13,140599,128507,128882
41208008,0.6125,1.3300,-0.9625,0.6145,-0.0537,0.7974,-0.16,0.58,0.13,140596,128504,128883
41228516,0.0175,1.3300,-1.0150,0.6141,-0.0529,0.7979,-0.16,0.58,0.13,140590,128516,128878
41248048,-1.1375,1.5400,-1.0850,0.6143,-0.0525,0.7992,-0.16,0.58,0.13,140569,128529,128871
41268552,-0.1575,1.5225,-1.1550,0.6141,-0.0531,0.8006,-0.16,0.58,0.13,140576,128518,128872
41288084,0.5075,1.3125,-1.1025,0.6133,-0.0539,0.8022,-0.16,0.58,0.13,140588,128516,128867
41308592,-1.3475,1.0675,-1.1550,0.6124,-0.0536,0.8034,-0.16,0.58,0.13,140593,128512,128862
41328124,-3.2375,0.7700,-1.2250,0.6118,-0.0532,0.8047,-0.16,0.58,0.13,140582,128506,128883
41348632,-4.4625,0.5600,-1.2950,0.6115,-0.0529,0.8058,-0.16,0.58,0.13,140570,128527,128884
41368164,-6.0900,0.3675,-1.4350,0.6110,-0.0529,0.8076,-0.16,0.58,0.13,140577,128497,128892
41388672,-4.5850,-0.0175,-1.3475,0.6105,-0.0536,0.8095,-0.16,0.58,0.13,140594,128500,128885
41408204,-3.4650,-0.2800,-1.2950,0.6109,-0.0538,0.8112,-0.16,0.58,0.13,140591,128508,128878
41428712,-2.4500,-0.3325,-1.0675,0.6109,-0.0536,0.8123,-0.16,0.58,0.13,140577,128501,128895
41448240,-2.3975,-0.4725,-0.8750,0.6096,-0.0531,0.8126,-0.16,0.58,0.13,140575,128505,128908
41468752,-1.5750,-0.6300,-0.4900,0.6079,-0.0527,0.8126,-0.16,0.58,0.13,140578,128503,128905
41488280,-1.9775,-0.6125,-0.3150,0.6074,-0.0517,0.8126,-0.16,0.58,0.13,140593,128480,128906
41507812,-3.5700,-0.5950,-0.1575,0.6079,-0.0509,0.8130,-0.16,0.58,0.13,140600,128489,128900
41528320,-2.1350,-0.6650,0.0175,0.6088,-0.0517,0.8145,-0.16,0.58,0.13,140586,128488,128909
41547852,0.0175,-0.9450,0.2275,0.6091,-0.0526,0.8154,-0.16,0.58,0.13,140574,128503,128928
41568360,-2.2750,-1.2250,0.3675,0.6090,-0.0521,0.8153,-0.16,0.58,0.13,140584,128477,128936
41587888,-2.3450,-1.4525,0.5950,0.6087,-0.0527,0.8162,-0.16,0.58,0.13,140590,128479,128926
41608400,-1.6625,-1.9075,0.7000,0.6080,-0.0542,0.8175,-0.16,0.58,0.13,140597,128467,128944
41627928,-2.4500,-2.0475,0.8225,0.6080,-0.0551,0.8190,-0.16,0.58,0.13,140591,128470,128943
41648436,-1.4875,-2.3450,0.8400,0.6078,-0.0576,0.8207,-0.16,0.58,0.13,140573,128485,128942
41667968,-0.1400,-2.8700,0.8225,0.6072,-0.0608,0.8220,-0.16,0.58,0.13,140577,128475,128944
41688476,-0.8925,-3.1675,0.6125,0.6061,-0.0632,0.8219,-0.16,0.58,0.13,140604,128463,128957
41708008,-2.5725,-3.5875,0.0525,0.6043,-0.0666,0.8205,-0.16,0.58,0.13,140611,128457,128973
41728516,-0.1575,-3.8850,-0.3150,0.6044,-0.0697,0.8202,-0.16,0.58,0.13,140599,128472,128972
41748048,2.4850,-3.9375,-0.6475,0.6055,-0.0722,0.8197,-0.16,0.58,0.13,140593,128483,128968
41768552,3.3775,-3.9375,-0.9800,0.6071,-0.0734,0.8184,-0.16,0.58,0.13,140609,128476,128974
41788084,1.4175,-3.6925,-1.2600,0.6089,-0.0730,0.8159,-0.16,0.58,0.13,140621,128477,128973
41808592,1.2600,-3.5875,-1.6100,0.6110,-0.0726,0.8137,-0.16,0.58,0.13,140632,128466,128987
41828124,2.2400,-3.4475,-1.8550,0.6141,-0.0717,0.8101,-0.16,0.58,0.13,140616,128489,128988
41848632,0.9275,-3.2550,-1.9250,0.6159,-0.0699,0.8074,-0.16,0.58,0.13,140622,128500,128992
41868164,-0.9100,-2.8875,-1.7850,0.6181,-0.0677,0.8048,-0.16,0.58,0.13,140644,128491,129007
41898436,1.5575,-2.6425,-1.3825,0.6193,-0.0665,0.8025,-0.16,0.58,0.13,140631,128503,129004
41917968,1.0325,-2.6075,-1.0500,0.6185,-0.0648,0.8003,-0.16,0.58,0.13,140637,128506,129008
41938476,-2.9050,-2.4675,-0.5775,0.6177,-0.0617,0.7968,-0.16,0.59,0.13,140659,128486,129010
41958008,-4.8825,-2.1350,-0.1925,0.6184,-0.0605,0.7950,-0.16,0.59,0.13,140659,128493,129006
41978516,-2.9050,-1.8550,0.1050,0.6189,-0.0611,0.7943,-0.16,0.58,0.12,140646,128485,129027
41998048,0.1400,-1.6975,0.2625,0.6190,-0.0623,0.7942,-0.16,0.58,0.12,140637,128496,129029
42018552,0.8750,-1.4000,0.3150,0.6194,-0.0632,0.7939,-0.16,0.58,0.12,140643,128489,129025
42038084,-1.6450,-0.8575,0.2800,0.6199,-0.0630,0.7928,-0.16,0.59,0.12,140657,128475,129025
42058592,0.0350,-0.3150,0.0875,0.6200,-0.0651,0.7930,-0.16,0.58,0.12,140653,128480,129024
42078124,3.2550,-0.1575,-0.1575,0.6199,-0.0675,0.7935,-0.16,0.58,0.13,140636,128486,129018
42098632,2.5550,-0.2100,-0.2800,0.6196,-0.0681,0.7932,-0.16,0.58,0.13,140630,128491,129020
42118164,0.4200,-0.1050,-0.5775,0.6195,-0.0677,0.7930,-0.16,0.58,0.12,140636,128479,129030
42138672,0.3325,-0.0700,-0.7350,0.6196,-0.0681,0.7931,-0.16,0.58,0.13,140647,128475,129017
42158204,1.6450,0.0000,-0.8925,0.6198,-0.0688,0.7937,-0.16,0.58,0.13,140654,128490,129010
42178712,2.2225,-0.0875,-0.9975,0.6196,-0.0688,0.7953,-0.16,0.58,0.13,140637,128495,129006
42198240,-0.0525,0.0000,-1.0675,0.6200,-0.0676,0.7962,-0.16,0.58,0.13,140628,128498,129010
42218752,-0.3850,0.0000,-0.9100,0.6205,-0.0672,0.7979,-0.16,0.58,0.13,140639,128504,129005
42238280,0.7875,-0.2975,-0.8400,0.6202,-0.0672,0.7996,-0.16,0.58,0.13,140654,128499,129004
42257812,-0.5950,-0.6125,-0.8225,0.6198,-0.0664,0.8007,-0.16,0.58,0.13,140653,128488,129000
42278320,-4.0425,-0.9275,-0.8225,0.6200,-0.0649,0.8022,-0.16,0.58,0.12,140648,128491,129030
42297852,-3.0625,-1.1900,-0.8400,0.6207,-0.0656,0.8040,-0.16,0.58,0.12,140635,128503,129030
42318360,-1.3125,-1.6100,-0.7700,0.6210,-0.0669,0.8057,-0.16,0.58,0.12,140654,128496,129044
42337888,-1.9600,-1.9775,-0.8575,0.6206,-0.0669,0.8065,-0.16,0.59,0.12,140661,128483,129043
42358400,-1.6275,-2.3275,-0.9100,0.6202,-0.0672,0.8074,-0.16,0.59,0.12,140670,128475,129033
42377928,-2.1525,-2.5900,-1.0325,0.6205,-0.0676,0.8074,-0.16,0.59,0.12,140665,128489,129051
42398436,-1.1900,-2.6600,-1.1725,0.6216,-0.0689,0.8080,-0.16,0.58,0.12,140655,128504,129052
42417968,0.7700,-2.9575,-1.2425,0.6213,-0.0695,0.8085,-0.16,0.59,0.12,140666,128498,129057
42438476,-0.3325,-2.9225,-1.3125,0.6212,-0.0688,0.8080,-0.16,0.59,0.12,140678,128492,129049
42458008,0.2275,-3.0625,-1.2950,0.6212,-0.0688,0.8076,-0.16,0.59,0.12,140692,128497,129058
42478516,2.7650,-3.2200,-1.1375,0.6209,-0.0691,0.8070,-0.16,0.59,0.12,140678,128505,129077
42498048,3.0450,-3.1675,-1.0675,0.6212,-0.0688,0.8057,-0.16,0.59,0.12,140670,128510,129073
42518552,0.9100,-3.0975,-0.7700,0.6227,-0.0675,0.8034,-0.16,0.59,0.12,140686,128498,129081
42538084,-0.4900,-2.9400,-0.5775,0.6235,-0.0661,0.8012,-0.16,0.59,0.12,140703,128504,129078
42558592,-0.7350,-2.7475,-0.3500,0.6239,-0.0651,0.7986,-0.16,0.59,0.12,140708,128505,129097
42578124,0.5075,-2.6250,-0.1925,0.6242,-0.0653,0.7961,-0.16,0.59,0.12,140695,128511,129066
42598632,0.4025,-2.3100,-0.0700,0.6250,-0.0650,0.7930,-0.16,0.59,0.12,140686,128511,129103
42618164,-0.8400,-1.7675,-0.0175,0.6263,-0.0645,0.7904,-0.16,0.59,0.12,140690,128507,129100
42638672,0.5950,-0.8925,-0.0525,0.6279,-0.0654,0.7879,-0.16,0.59,0.12,140710,128497,129098
42658204,2.3800,-0.4375,-0.2275,0.6281,-0.0666,0.7870,-0.16,0.59,0.12,140704,128497,129092
42678712,2.8875,-0.2100,-0.3150,0.6278,-0.0673,0.7865,-0.16,0.59,0.12,140690,128509,129084
42698240,0.3325,-0.1400,-0.6475,0.6276,-0.0667,0.7857,-0.16,0.59,0.12,140690,128506,129094
42718752,-2.1875,0.0175,-0.7525,0.6281,-0.0660,0.7856,-0.16,0.59,0.12,140689,128512,129088
42738280,2.0300,-0.1225,-0.7350,0.6288,-0.0683,0.7878,-0.16,0.59,0.12,140710,128499,129082
42757812,2.8525,-0.1050,-0.6825,0.6290,-0.0687,0.7889,-0.16,0.59,0.12,140709,128507,129058
42778320,1.0850,-0.2100,-0.7525,0.6290,-0.0680,0.7901,-0.16,0.59,0.12,140697,128510,129065
42797852,-0.3150,-0.3675,-0.7875,0.6283,-0.0675,0.7908,-0.16,0.59,0.12,140683,128506,129073
42818360,-0.7175,-0.4550,-0.8575,0.6276,-0.0676,0.7917,-0.16,0.59,0.12,140688,128513,129100
42837888,0.4200,-0.6650,-0.9100,0.6271,-0.0683,0.7930,-0.16,0.59,0.12,140704,128520,129067
42858400,0.3325,-0.7175,-0.8050,0.6273,-0.0681,0.7942,-0.16,0.59,0.12,140701,128511,129071
42877928,0.1400,-0.7875,-0.8400,0.6273,-0.0681,0.7953,-0.16,0.59,0.12,140698,128523,129079
42908204,-0.4550,-0.9800,-1.0325,0.6271,-0.0676,0.7959,-0.16,0.59,0.12,140706,128505,129092
42928712,0.3150,-1.1550,-1.0500,0.6271,-0.0681,0.7967,-0.16,0.59,0.12,140692,128517,129082
42948240,2.2225,-1.3300,-1.1375,0.6274,-0.0686,0.7974,-0.16,0.59,0.12,140691,128532,129086
42968752,1.4875,-1.4350,-1.1200,0.6278,-0.0671,0.7973,-0.16,0.59,0.12,140702,128527,129079
42988280,0.7175,-1.4350,-1.0850,0.6283,-0.0659,0.7969,-0.16,0.59,0.12,140724,128521,129084
43007812,-0.1400,-1.2950,-1.0325,0.6289,-0.0647,0.7963,-0.16,0.59,0.12,140714,128521,129074
43028320,0.6125,-1.2600,-0.9625,0.6292,-0.0638,0.7959,-0.16,0.59,0.12,140708,128532,129083
43047852,1.3475,-1.3125,-0.9625,0.6288,-0.0632,0.7958,-0.15,0.59,0.12,140700,128541,129074
43068360,0.9625,-1.3475,-0.9100,0.6283,-0.0625,0.7954,-0.16,0.59,0.12,140710,128532,129093
43087888,1.5050,-1.4875,-0.5950,0.6283,-0.0619,0.7956,-0.16,0.59,0.12,140724,128529,129084
43108400,0.8050,-1.5400,-0.4900,0.6283,-0.0609,0.7948,-0.16,0.59,0.12,140729,128530,129080
43127928,-0.7875,-1.3475,-0.3675,0.6287,-0.0603,0.7936,-0.15,0.59,0.12,140715,128536,129088
43148436,-0.6650,-1.3300,-0.2975,0.6294,-0.0603,0.7928,-0.15,0.59,0.12,140703,128542,129088
43167968,-0.8400,-1.1725,-0.3150,0.6303,-0.0604,0.7918,-0.15,0.59,0.12,140707,128537,129095
43188476,-1.4000,-0.9800,-0.3675,0.6306,-0.0608,0.7906,-0.15,0.59,0.12,140731,128538,129093
43208008,0.4200,-0.8575,-0.4550,0.6307,-0.0627,0.7904,-0.16,0.59,0.12,140725,128518,129091
43228516,1.1900,-0.7175,-0.5250,0.6303,-0.0637,0.7903,-0.16,0.59,0.12,140717,128522,129106
43248048,1.3125,-0.5775,-0.5600,0.6294,-0.0642,0.7906,-0.15,0.59,0.12,140707,128542,129098
43268552,1.3125,-0.6650,-0.6825,0.6288,-0.0643,0.7908,-0.16,0.59,0.12,140717,128532,129099
43288084,0.5600,-0.5775,-0.8750,0.6285,-0.0643,0.7910,-0.16,0.59,0.12,140731,128529,129084
43308592,1.0850,-0.7350,-1.0500,0.6295,-0.0647,0.7921,-0.16,0.59,0.12,140728,128527,129097
43328124,1.8550,-0.8050,-1.1550,0.6304,-0.0649,0.7929,-0.16,0.59,0.12,140720,128529,129087
43348632,1.3650,-1.0500,-1.2250,0.6305,-0.0644,0.7932,-0.15,0.59,0.12,140708,128543,129087
43368164,-0.2450,-1.2075,-1.2250,0.6304,-0.0631,0.7932,-0.15,0.59,0.12,140716,128549,129097
43388672,-0.7875,-1.1900,-1.1550,0.6305,-0.0620,0.7935,-0.15,0.59,0.12,140734,128541,129087
43408204,0.6475,-1.4000,-1.0325,0.6307,-0.0616,0.7942,-0.16,0.59,0.12,140738,128528,129093
43428712,0.1400,-1.5400,-0.8050,0.6305,-0.0598,0.7941,-0.15,0.59,0.12,140723,128546,129093
43448240,-0.2625,-1.5225,-0.6475,0.6305,-0.0589,0.7940,-0.15,0.59,0.12,140721,128561,129100
43468752,-1.1375,-1.5050,-0.4025,0.6304,-0.0580,0.7930,-0.15,0.59,0.12,140735,128545,129108
43488280,-2.4150,-1.4525,-0.4200,0.6306,-0.0572,0.7920,-0.15,0.59,0.12,140747,128537,129110
43507812,-1.0150,-1.3475,-0.3675,0.6315,-0.0578,0.7919,-0.16,0.59,0.12,140747,128529,129108
43528320,1.1900,-1.3125,-0.2800,0.6318,-0.0589,0.7920,-0.15,0.59,0.12,140732,128545,129118
43547852,0.8925,-1.1550,-0.2800,0.6320,-0.0593,0.7912,-0.15,0.59,0.12,140718,128552,129117
43568360,-0.7175,-1.0150,-0.3325,0.6318,-0.0589,0.7903,-0.15,0.59,0.12,140731,128544,129119
43587888,-0.3325,-1.0150,-0.4025,0.6315,-0.0597,0.7898,-0.15,0.59,0.12,140743,128538,129114
43608400,0.9975,-0.9275,-0.4375,0.6312,-0.0605,0.7897,-0.15,0.59,0.12,140749,128534,129112
43627928,0.0000,-0.8925,-0.4550,0.6314,-0.0601,0.7891,-0.15,0.59,0.12,140738,128537,129128
43648436,-0.2100,-0.7875,-0.4550,0.6316,-0.0601,0.7891,-0.15,0.59,0.12,140725,128545,129118
43667968,2.6950,-0.7525,-0.5075,0.6322,-0.0612,0.7903,-0.15,0.59,0.12,140733,128539,129128
43688476,2.7650,-0.7525,-0.4550,0.6324,-0.0610,0.7908,-0.15,0.59,0.12,140750,128536,129109
43708008,0.5250,-0.8050,-0.4550,0.6324,-0.0600,0.7910,-0.15,0.59,0.12,140749,128538,129114
43728516,0.7000,-1.0500,-0.4550,0.6321,-0.0600,0.7919,-0.15,0.59,0.12,140737,128555,129118
43748048,0.1750,-1.4525,-0.4900,0.6322,-0.0600,0.7921,-0.15,0.59,0.12,140727,128555,129115
43768552,-1.1200,-1.5925,-0.5075,0.6332,-0.0601,0.7930,-0.15,0.59,0.12,140731,128556,129124
43788084,-0.5425,-1.9075,-0.5775,0.6334,-0.0604,0.7936,-0.15,0.59,0.12,140750,128547,129121
43808592,-1.2425,-1.9600,-0.6475,0.6334,-0.0604,0.7937,-0.15,0.59,0.12,140752,128542,129114
43828124,-0.9800,-2.1175,-0.7175,0.6332,-0.0605,0.7939,-0.15,0.59,0.12,140750,128547,129131
43848632,-1.8725,-2.1175,-0.7175,0.6332,-0.0600,0.7931,-0.15,0.59,0.12,140738,128545,129144
43868164,-2.5025,-1.9950,-0.7350,0.6334,-0.0600,0.7924,-0.15,0.59,0.12,140746,128541,129128
43888672,-0.7000,-1.9075,-0.6300,0.6334,-0.0608,0.7910,-0.15,0.59,0.12,140766,128539,129139
43918944,-0.9975,-1.8025,-0.5950,0.6335,-0.0604,0.7892,-0.15,0.59,0.12,140751,128539,129160
43939452,-0.5950,-1.5225,-0.7175,0.6342,-0.0605,0.7882,-0.16,0.59,0.12,140771,128527,129149
43958984,-0.0875,-1.3475,-0.6125,0.6344,-0.0608,0.7876,-0.15,0.59,0.12,140774,128538,129151
43979492,0.1400,-1.3475,-0.6125,0.6339,-0.0609,0.7871,-0.15,0.59,0.12,140751,128545,129162
43999024,-1.5400,-1.4350,-0.6825,0.6334,-0.0603,0.7857,-0.15,0.59,0.12,140747,128546,129158
44019532,-2.8875,-1.2250,-0.6125,0.6342,-0.0604,0.7853,-0.16,0.59,0.12,140762,128528,129171
44039064,-0.7175,-1.1375,-0.5425,0.6354,-0.0619,0.7862,-0.15,0.59,0.12,140770,128545,129175
44059568,1.1725,-1.2075,-0.5425,0.6360,-0.0630,0.7870,-0.15,0.59,0.12,140770,128536,129174
44079100,0.8575,-1.1725,-0.6300,0.6359,-0.0627,0.7874,-0.15,0.59,0.12,140758,128539,129173
44099608,-0.8925,-1.1900,-0.7525,0.6361,-0.0626,0.7880,-0.15,0.59,0.12,140762,128542,129177
44119140,0.6125,-1.5050,-0.7350,0.6359,-0.0639,0.7891,-0.15,0.59,0.12,140768,128547,129167
44139648,1.2425,-1.7850,-0.7875,0.6351,-0.0641,0.7897,-0.15,0.59,0.12,140790,128542,129179
44159180,0.8750,-2.2225,-1.1025,0.6345,-0.0643,0.7906,-0.15,0.59,0.12,140783,128533,129170
44179688,0.2450,-2.5550,-1.2775,0.6345,-0.0651,0.7914,-0.15,0.59,0.12,140770,128557,129186
44199216,-1.0500,-2.8525,-1.5400,0.6345,-0.0655,0.7920,-0.15,0.59,0.11,140772,128564,129192
44219728,-1.5400,-3.3075,-2.0475,0.6349,-0.0667,0.7932,-0.15,0.59,0.11,140784,128568,129197
44239256,-0.0525,-3.7975,-2.2575,0.6354,-0.0676,0.7942,-0.15,0.59,0.11,140800,128561,129198
44258788,1.1900,-4.0250,-2.4675,0.6360,-0.0678,0.7948,-0.15,0.59,0.11,140807,128554,129221
44279296,1.5050,-4.2700,-2.5550,0.6366,-0.0673,0.7947,-0.15,0.59,0.11,140802,128575,129232
44298828,1.4525,-4.3750,-2.6250,0.6373,-0.0666,0.7945,-0.15,0.59,0.11,140801,128594,129218
44319336,2.4500,-4.6200,-2.5725,0.6379,-0.0655,0.7942,-0.15,0.60,0.11,140824,128577,129245
44338868,0.3675,-4.5675,-2.3625,0.6403,-0.0631,0.7919,-0.15,0.60,0.11,140840,128580,129236
44359376,-0.9975,-4.3925,-2.1350,0.6421,-0.0617,0.7901,-0.15,0.60,0.11,140855,128588,129233
44378904,-1.2775,-4.3400,-1.8900,0.6437,-0.0606,0.7879,-0.15,0.60,0.11,140841,128602,129254
44399416,-1.2425,-4.1125,-1.6100,0.6450,-0.0594,0.7857,-0.15,0.60,0.11,140838,128606,129267
44418944,-1.6625,-3.9550,-1.2425,0.6462,-0.0583,0.7830,-0.15,0.60,0.11,140855,128595,129268
44439452,-1.4175,-3.7625,-0.9275,0.6468,-0.0573,0.7807,-0.15,0.60,0.11,140875,128594,129278
44458984,-2.8175,-3.3600,-0.6300,0.6472,-0.0550,0.7768,-0.15,0.60,0.11,140875,128598,129291
44479492,-2.3975,-3.0275,-0.5950,0.6478,-0.0551,0.7751,-0.15,0.60,0.11,140865,128608,129303
44499024,0.9975,-2.8000,-0.4375,0.6486,-0.0567,0.7743,-0.15,0.60,0.11,140854,128602,129314
44519532,2.5550,-2.5900,-0.2625,0.6494,-0.0576,0.7732,-0.15,0.60,0.11,140869,128595,129307
44539064,0.8050,-2.1525,-0.2100,0.6500,-0.0571,0.7715,-0.15,0.60,0.11,140887,128601,129307
44559568,-0.0700,-1.6975,-0.2975,0.6504,-0.0569,0.7695,-0.15,0.60,0.11,140885,128594,129322
44579100,1.7500,-1.6450,-0.3850,0.6517,-0.0586,0.7691,-0.15,0.60,0.11,140872,128600,129322
44599608,1.7675,-1.4700,-0.4725,0.6525,-0.0593,0.7684,-0.15,0.60,0.11,140866,128601,129326
44619140,0.0525,-1.3125,-0.6300,0.6526,-0.0592,0.7677,-0.15,0.60,0.11,140879,128607,129323
44639648,0.1225,-1.2775,-0.8225,0.6525,-0.0594,0.7677,-0.15,0.60,0.11,140894,128596,129306
44659180,-0.2625,-1.2075,-0.8400,0.6531,-0.0595,0.7674,-0.15,0.60,0.11,140894,128599,129313
44679688,-0.1225,-0.9275,-0.8400,0.6542,-0.0598,0.7675,-0.15,0.60,0.11,140877,128607,129318
44699216,1.1025,-0.8925,-0.7700,0.6543,-0.0599,0.7676,-0.15,0.60,0.11,140867,128617,129320
44719728,-0.0175,-0.8750,-0.8400,0.6543,-0.0593,0.7675,-0.15,0.60,0.11,140884,128610,129314
44739256,-0.7175,-0.8575,-0.7700,0.6545,-0.0588,0.7679,-0.15,0.60,0.11,140896,128590,129319
44758788,0.1050,-0.8400,-0.6825,0.6545,-0.0588,0.7684,-0.15,0.60,0.11,140896,128592,129311
44779296,0.2625,-0.8925,-0.5950,0.6544,-0.0584,0.7686,-0.15,0.60,0.11,140880,128615,129331
44798828,-0.3850,-0.7350,-0.5600,0.6545,-0.0576,0.7685,-0.15,0.60,0.11,140872,128610,129335
44819336,-0.6125,-0.6475,-0.5075,0.6550,-0.0571,0.7681,-0.15,0.60,0.11,140888,128616,129322
44838868,-0.2800,-0.4900,-0.4900,0.6553,-0.0571,0.7680,-0.15,0.60,0.11,140900,128607,129307
44859376,0.7700,-0.4375,-0.3675,0.6555,-0.0575,0.7679,-0.15,0.60,0.11,140897,128603,129310
44878904,0.6825,-0.3675,-0.1925,0.6556,-0.0573,0.7680,-0.15,0.60,0.11,140877,128602,129327
44899416,0.5775,-0.3500,-0.2625,0.6558,-0.0576,0.7684,-0.15,0.60,0.11,140875,128613,129320
44929688,0.0175,-0.2625,-0.2625,0.6549,-0.0580,0.7686,-0.15,0.60,0.11,140885,128603,129315
44949216,-0.6475,-0.2800,-0.3850,0.6548,-0.0580,0.7687,-0.15,0.60,0.11,140874,128613,129315
44969728,1.2250,-0.2450,-0.4725,0.6551,-0.0588,0.7702,-0.15,0.60,0.11,140884,128608,129309
44989256,3.1500,-0.3850,-0.4550,0.6554,-0.0594,0.7717,-0.15,0.60,0.11,140899,128601,129320
45008788,1.8550,-0.5250,-0.4725,0.6554,-0.0590,0.7724,-0.15,0.60,0.11,140904,128599,129300
45029296,-0.1400,-0.8225,-0.6650,0.6549,-0.0588,0.7734,-0.15,0.60,0.11,140881,128608,129319
45048828,0.3150,-1.1900,-0.6650,0.6549,-0.0594,0.7741,-0.15,0.60,0.11,140875,128617,129323
45069336,-0.8400,-1.4700,-0.7875,0.6550,-0.0589,0.7740,-0.15,0.60,0.11,140889,128615,129318
45088868,-0.9450,-1.5050,-0.8050,0.6555,-0.0586,0.7742,-0.15,0.60,0.11,140900,128602,129314
45109376,-0.3850,-1.4350,-0.7350,0.6560,-0.0583,0.7742,-0.15,0.60,0.11,140903,128611,129318
45128904,-0.5775,-1.2950,-0.6650,0.6561,-0.0581,0.7741,-0.15,0.60,0.11,140893,128609,129323
45149416,-1.0850,-1.4525,-0.6300,0.6551,-0.0578,0.7740,-0.15,0.60,0.11,140886,128618,129332
45168944,-1.7850,-1.4350,-0.6825,0.6547,-0.0575,0.7737,-0.15,0.60,0.11,140890,128611,129341
45189452,-1.0500,-1.3825,-0.7000,0.6544,-0.0576,0.7730,-0.15,0.60,0.11,140907,128596,129317
45208984,0.8575,-1.2075,-0.5775,0.6551,-0.0583,0.7727,-0.15,0.60,0.11,140903,128609,129326
45229492,1.5925,-1.1025,-0.5425,0.6554,-0.0583,0.7720,-0.15,0.60,0.11,140890,128619,129328
45249024,-0.0700,-0.9800,-0.5425,0.6555,-0.0571,0.7707,-0.15,0.60,0.11,140887,128621,129346
45269532,-1.8200,-0.7700,-0.4725,0.6559,-0.0558,0.7681,-0.15,0.60,0.11,140905,128610,129327
45289064,-1.1375,-0.5075,-0.3500,0.6564,-0.0559,0.7665,-0.15,0.60,0.11,140911,128596,129335
45309568,0.3150,-0.2100,-0.2275,0.6568,-0.0561,0.7652,-0.15,0.60,0.11,140899,128596,129345
45329100,0.2625,0.1575,-0.0525,0.6568,-0.0556,0.7638,-0.15,0.60,0.11,140894,128621,129336
45349608,-0.4725,0.6300,0.1050,0.6568,-0.0553,0.7630,-0.15,0.60,0.11,140883,128610,129332
45369140,0.9625,0.8575,0.2100,0.6566,-0.0561,0.7632,-0.15,0.60,0.11,140885,128598,129340
45389648,0.4200,0.8225,0.1925,0.6554,-0.0569,0.7636,-0.15,0.60,0.11,140897,128597,129328
45409180,-1.6450,0.8925,0.1400,0.6551,-0.0570,0.7640,-0.15,0.60,0.11,140903,128601,129320
45429688,-1.6100,0.9450,-0.0350,0.6556,-0.0582,0.7654,-0.15,0.60,0.11,140880,128600,129330
45449216,0.8400,0.7350,-0.1225,0.6561,-0.0600,0.7676,-0.15,0.60,0.11,140873,128612,129322
45469728,0.4900,0.5425,-0.2975,0.6561,-0.0609,0.7691,-0.15,0.60,0.11,140880,128603,129315
45489256,-1.5225,0.2625,-0.6300,0.6554,-0.0612,0.7713,-0.15,0.60,0.11,140892,128601,129326
45508788,-0.8050,-0.0875,-0.7000,0.6551,-0.0620,0.7727,-0.15,0.60,0.11,140889,128594,129309
45529296,0.6300,-0.1050,-0.6825,0.6550,-0.0627,0.7742,-0.15,0.60,0.11,140877,128602,129322
45548828,1.3825,-0.4550,-0.6300,0.6548,-0.0630,0.7756,-0.15,0.60,0.11,140868,128606,129322
45569336,0.1225,-0.4900,-0.4900,0.6543,-0.0619,0.7760,-0.15,0.60,0.11,140876,128610,129322
45588868,-0.9100,-0.7175,-0.5950,0.6539,-0.0612,0.7762,-0.15,0.60,0.11,140890,128591,129321
45609376,0.4200,-0.7525,-0.4375,0.6538,-0.0610,0.7767,-0.15,0.60,0.11,140886,128596,129324
45628904,0.7000,-0.7000,-0.4025,0.6538,-0.0606,0.7769,-0.15,0.60,0.11,140884,128597,129315
45649416,0.8575,-0.8050,-0.3850,0.6536,-0.0603,0.7769,-0.15,0.60,0.11,140863,128611,129320
45668944,1.3825,-0.9100,-0.2625,0.6529,-0.0601,0.7767,-0.15,0.60,0.11,140878,128599,129323
45689452,1.0850,-0.9450,-0.2100,0.6525,-0.0600,0.7759,-0.15,0.60,0.11,140892,128602,129327
45708984,0.4725,-0.9800,-0.0525,0.6526,-0.0598,0.7752,-0.15,0.60,0.11,140900,128608,129322
45729492,-0.8050,-1.0850,-0.0700,0.6529,-0.0593,0.7740,-0.15,0.60,0.11,140879,128606,129322
45749024,-1.1375,-0.9100,-0.1400,0.6533,-0.0594,0.7731,-0.15,0.60,0.11,140872,128607,129326
45769532,0.0350,-0.8050,-0.1400,0.6536,-0.0601,0.7727,-0.15,0.60,0.11,140880,128603,129318
45789064,0.5950,-0.5425,-0.1400,0.6537,-0.0608,0.7723,-0.15,0.60,0.11,140888,128594,129327
45809568,0.1050,-0.3850,-0.1225,0.6536,-0.0611,0.7717,-0.15,0.60,0.11,140884,128600,129330
45829100,0.7350,-0.2625,-0.2975,0.6531,-0.0617,0.7714,-0.15,0.60,0.11,140879,128597,129328
45849608,1.1375,-0.1575,-0.4550,0.6522,-0.0630,0.7715,-0.15,0.60,0.11,140872,128609,129326
45869140,0.7700,-0.1225,-0.6125,0.6517,-0.0633,0.7718,-0.15,0.60,0.11,140877,128604,129301
45889648,0.8575,-0.2450,-0.7525,0.6518,-0.0636,0.7725,-0.15,0.60,0.11,140894,128592,129311
45909180,0.4375,-0.3675,-0.7700,0.6520,-0.0631,0.7734,-0.15,0.60,0.11,140890,128592,129319
45939452,-0.9975,-0.7525,-0.7875,0.6527,-0.0616,0.7742,-0.15,0.60,0.11,140895,128597,129318
45958984,-1.5575,-0.7700,-0.6825,0.6529,-0.0610,0.7745,-0.15,0.60,0.11,140893,128601,129323
45979492,-0.8575,-0.9975,-0.6125,0.6529,-0.0605,0.7747,-0.15,0.60,0.11,140873,128609,129323
45999024,-0.9275,-0.8925,-0.4725,0.6531,-0.0600,0.7747,-0.15,0.60,0.11,140869,128613,129320
46019532,-0.9450,-0.8925,-0.4200,0.6531,-0.0595,0.7747,-0.15,0.60,0.11,140890,128600,129332
46039064,-0.9275,-0.7875,-0.3150,0.6529,-0.0594,0.7745,-0.15,0.60,0.11,140891,128600,129314
46059568,0.4550,-0.7525,-0.1575,0.6527,-0.0601,0.7747,-0.15,0.60,0.11,140889,128605,129318
46079100,0.5600,-0.8050,-0.0525,0.6526,-0.0605,0.7747,-0.15,0.60,0.11,140882,128592,129327
46099608,0.8400,-0.8225,-0.1750,0.6525,-0.0609,0.7748,-0.15,0.60,0.11,140869,128621,129331
46119140,0.2800,-0.8050,-0.1925,0.6522,-0.0611,0.7746,-0.15,0.60,0.11,140876,128602,129330
46139648,-0.3675,-0.8750,-0.3325,0.6522,-0.0614,0.7745,-0.15,0.60,0.11,140900,128591,129323
46159180,0.7350,-0.9100,-0.4025,0.6523,-0.0623,0.7748,-0.15,0.60,0.11,140897,128597,129318
46179688,0.8750,-0.9975,-0.5250,0.6525,-0.0630,0.7749,-0.15,0.60,0.11,140880,128600,129337
46199216,1.1725,-1.0850,-0.5250,0.6525,-0.0632,0.7753,-0.15,0.60,0.11,140876,128619,129328
46219728,1.1725,-1.1025,-0.5075,0.6529,-0.0632,0.7754,-0.15,0.60,0.11,140886,128603,129320
46239256,1.6275,-1.1375,-0.4900,0.6532,-0.0632,0.7758,-0.15,0.60,0.11,140900,128592,129327
46258788,1.5400,-1.1375,-0.5075,0.6532,-0.0630,0.7754,-0.15,0.60,0.11,140897,128591,129321
46279296,-0.0175,-1.1725,-0.5600,0.6526,-0.0620,0.7746,-0.15,0.60,0.11,140888,128610,129340
46298828,1.1725,-1.2075,-0.5250,0.6527,-0.0616,0.7747,-0.15,0.60,0.11,140883,128618,129337
46319336,2.0475,-1.2950,-0.4025,0.6534,-0.0614,0.7749,-0.15,0.60,0.11,140888,128606,129337
46338868,1.1375,-1.1200,-0.4375,0.6540,-0.0606,0.7747,-0.15,0.60,0.11,140900,128601,129313
46359376,-0.1050,-1.1900,-0.4725,0.6540,-0.0600,0.7742,-0.15,0.60,0.11,140900,128589,129321
46378904,-0.9975,-1.1725,-0.4900,0.6539,-0.0599,0.7734,-0.15,0.60,0.11,140895,128611,129333
46399416,0.2975,-1.2950,-0.4900,0.6542,-0.0605,0.7727,-0.15,0.60,0.11,140885,128620,129340
46418944,0.3150,-1.1375,-0.3850,0.6548,-0.0600,0.7713,-0.15,0.60,0.11,140895,128619,129336
46439452,-0.4200,-0.8750,-0.3325,0.6549,-0.0595,0.7702,-0.15,0.60,0.11,140905,128601,129333
46458984,0.1575,-0.7000,-0.1925,0.6547,-0.0598,0.7696,-0.15,0.60,0.11,140903,128598,129340
46479492,1.3300,-0.4550,-0.2275,0.6547,-0.0603,0.7692,-0.15,0.60,0.11,140892,128622,129340
46499024,1.5050,-0.2625,-0.1575,0.6544,-0.0603,0.7688,-0.15,0.60,0.11,140886,128617,129339
46519532,-0.9625,0.0175,-0.2975,0.6537,-0.0595,0.7677,-0.15,0.60,0.11,140900,128609,129333
46539064,-0.0525,0.0350,-0.3850,0.6537,-0.0605,0.7680,-0.15,0.60,0.11,140911,128605,129326
46559568,1.1725,0.0875,-0.4200,0.6540,-0.0611,0.7687,-0.15,0.60,0.11,140910,128600,129314
46579100,0.7525,0.0875,-0.5250,0.6545,-0.0612,0.7693,-0.15,0.60,0.11,140887,128620,129324
46599608,0.2800,-0.0350,-0.6475,0.6548,-0.0612,0.7703,-0.15,0.60,0.11,140881,128616,129324
46619140,0.7700,-0.1400,-0.7350,0.6549,-0.0616,0.7715,-0.15,0.60,0.11,140894,128622,129322
46639648,1.5750,-0.4900,-0.7350,0.6544,-0.0617,0.7730,-0.15,0.60,0.11,140907,128610,129322
46659180,-0.5950,-0.5075,-0.9100,0.6539,-0.0606,0.7732,-0.15,0.60,0.11,140902,128602,129324
46679688,-0.3500,-0.7000,-0.8400,0.6536,-0.0605,0.7741,-0.15,0.60,0.11,140889,128619,129331
46699216,0.0700,-0.8575,-0.7350,0.6536,-0.0601,0.7743,-0.15,0.60,0.11,140884,128618,129324
46719728,-0.8400,-0.7700,-0.6650,0.6537,-0.0593,0.7745,-0.15,0.60,0.11,140898,128614,129329
46739256,0.9450,-0.7875,-0.5075,0.6538,-0.0594,0.7753,-0.15,0.60,0.11,140907,128607,129313
46758788,0.3150,-0.9625,-0.4550,0.6536,-0.0582,0.7747,-0.15,0.60,0.11,140910,128616,129316
46779296,-0.7700,-0.9625,-0.2975,0.6536,-0.0573,0.7740,-0.15,0.60,0.11,140888,128620,129316
46798828,0.0700,-0.8050,-0.2625,0.6539,-0.0572,0.7736,-0.15,0.60,0.11,140883,128618,129329
46819336,0.6825,-0.7175,-0.2100,0.6542,-0.0572,0.7731,-0.15,0.60,0.11,140892,128629,129323
46838868,0.4550,-0.6300,-0.1750,0.6542,-0.0569,0.7725,-0.15,0.60,0.11,140899,128619,129318
46859376,1.0675,-0.4550,-0.1400,0.6538,-0.0573,0.7725,-0.15,0.60,0.11,140902,128618,129322
46878904,0.1575,-0.4375,-0.1575,0.6529,-0.0577,0.7720,-0.15,0.60,0.11,140890,128613,129320
46899416,0.3150,-0.5075,-0.1750,0.6527,-0.0583,0.7723,-0.15,0.60,0.11,140878,128626,129329
46918944,0.6125,-0.5075,-0.2100,0.6531,-0.0590,0.7725,-0.15,0.60,0.11,140888,128635,129325
46949216,-0.3675,-0.5250,-0.3850,0.6534,-0.0588,0.7725,-0.15,0.60,0.11,140881,128621,129325
46969728,1.3475,-0.5075,-0.4725,0.6536,-0.0593,0.7730,-0.15,0.60,0.11,140891,128616,129329
46989256,2.0825,-0.4725,-0.4200,0.6539,-0.0595,0.7740,-0.15,0.60,0.11,140902,128617,129302
47008788,0.9800,-0.4550,-0.4375,0.6539,-0.0588,0.7742,-0.15,0.60,0.11,140907,128607,129320
47029296,-0.1225,-0.6650,-0.4900,0.6534,-0.0586,0.7745,-0.15,0.60,0.11,140891,128616,129314
47048828,0.5425,-0.8575,-0.4725,0.6531,-0.0590,0.7746,-0.15,0.60,0.11,140885,128634,129324
47069336,0.7525,-1.0850,-0.5250,0.6531,-0.0592,0.7745,-0.15,0.60,0.11,140890,128634,129319
47088868,-0.1575,-1.0675,-0.5075,0.6536,-0.0586,0.7742,-0.15,0.60,0.11,140906,128618,129327
47109376,-0.3325,-1.0675,-0.4725,0.6543,-0.0581,0.7740,-0.15,0.60,0.11,140907,128624,129332
47128904,0.1225,-0.9275,-0.3150,0.6542,-0.0582,0.7738,-0.15,0.60,0.11,140892,128625,129323
47149416,-0.0175,-0.9100,-0.3675,0.6537,-0.0582,0.7736,-0.15,0.60,0.11,140882,128625,129328
47168944,0.0175,-0.8925,-0.2100,0.6533,-0.0581,0.7735,-0.15,0.60,0.11,140894,128627,129333
47189452,-0.4550,-0.8050,-0.3325,0.6532,-0.0578,0.7732,-0.15,0.60,0.11,140908,128618,129322
47208984,1.1550,-0.7175,-0.3850,0.6529,-0.0581,0.7735,-0.15,0.60,0.11,140902,128631,129315
47229492,1.7150,-0.7525,-0.3675,0.6528,-0.0586,0.7735,-0.15,0.60,0.11,140898,128627,129323
47249024,1.7850,-0.7350,-0.3675,0.6529,-0.0583,0.7736,-0.15,0.60,0.11,140886,128631,129325
47269532,1.6800,-0.7350,-0.4025,0.6532,-0.0581,0.7740,-0.15,0.60,0.11,140899,128629,129325
47289064,0.2100,-0.8750,-0.4025,0.6536,-0.0571,0.7736,-0.15,0.60,0.11,140914,128620,129319
47309568,-1.2600,-0.9450,-0.4375,0.6537,-0.0564,0.7734,-0.15,0.60,0.11,140905,128626,129316
47329100,0.7175,-1.0500,-0.3675,0.6543,-0.0570,0.7740,-0.15,0.60,0.11,140892,128629,129310
47349608,0.2625,-1.0150,-0.2975,0.6544,-0.0566,0.7737,-0.15,0.60,0.11,140888,128624,129322
47369140,-0.1400,-0.9625,-0.2625,0.6539,-0.0566,0.7737,-0.15,0.60,0.11,140903,128623,129315
47389648,-0.0875,-1.1025,-0.2800,0.6538,-0.0569,0.7738,-0.15,0.60,0.11,140913,128617,129315
47409180,0.6125,-1.0325,-0.3325,0.6539,-0.0575,0.7740,-0.15,0.60,0.11,140912,128619,129318
47429688,0.5950,-1.0325,-0.3500,0.6543,-0.0578,0.7738,-0.15,0.60,0.11,140896,128632,129329
47449216,0.2625,-1.0675,-0.4200,0.6545,-0.0581,0.7732,-0.15,0.60,0.11,140890,128628,129332
47469728,0.7175,-1.0675,-0.4900,0.6544,-0.0581,0.7731,-0.15,0.60,0.11,140898,128626,129319
47489256,-0.7175,-0.9800,-0.5075,0.6543,-0.0575,0.7725,-0.15,0.60,0.11,140916,128622,129314
47508788,-0.7875,-0.9975,-0.6300,0.6542,-0.0576,0.7723,-0.15,0.60,0.11,140920,128619,129331
47529296,0.1225,-0.9975,-0.5600,0.6539,-0.0577,0.7719,-0.15,0.60,0.11,140904,128623,129310
47548828,-0.1050,-0.8575,-0.5250,0.6540,-0.0576,0.7712,-0.15,0.60,0.11,140891,128631,129341
47569336,0.8575,-0.7000,-0.4725,0.6545,-0.0577,0.7709,-0.15,0.60,0.11,140904,128633,129328
47588868,1.2950,-0.6300,-0.4725,0.6547,-0.0576,0.7709,-0.15,0.60,0.11,140907,128624,129314
47609376,0.5950,-0.5600,-0.4375,0.6545,-0.0573,0.7707,-0.15,0.60,0.11,140916,128625,129312
47628904,0.9625,-0.4900,-0.3500,0.6543,-0.0571,0.7707,-0.15,0.60,0.11,140906,128628,129316
47649416,0.8400,-0.5250,-0.3150,0.6542,-0.0565,0.7707,-0.15,0.60,0.11,140890,128639,129325
47668944,0.3150,-0.5425,-0.3325,0.6543,-0.0560,0.7709,-0.15,0.60,0.11,140910,128637,129325
47689452,1.2950,-0.5425,-0.3850,0.6550,-0.0562,0.7724,-0.15,0.60,0.11,140916,128620,129319
47708984,1.2950,-0.6650,-0.3850,0.6553,-0.0566,0.7731,-0.15,0.60,0.11,140915,128636,129308
47729492,0.2800,-0.8750,-0.3850,0.6550,-0.0566,0.7735,-0.15,0.60,0.11,140902,128632,129322
47749024,-0.3150,-1.0500,-0.4725,0.6547,-0.0567,0.7737,-0.15,0.60,0.11,140893,128644,129334
47769532,-1.0675,-1.2950,-0.5250,0.6547,-0.0570,0.7736,-0.15,0.60,0.11,140906,128636,129332
47789064,0.0525,-1.3825,-0.5600,0.6556,-0.0580,0.7741,-0.15,0.60,0.11,140923,128626,129319
47809568,-0.0525,-1.4525,-0.6125,0.6559,-0.0581,0.7742,-0.15,0.60,0.11,140919,128619,129339
47829100,-0.0350,-1.3825,-0.6825,0.6558,-0.0580,0.7743,-0.15,0.60,0.11,140912,128631,129346
47849608,0.5950,-1.3475,-0.6300,0.6553,-0.0581,0.7745,-0.15,0.60,0.11,140896,128639,129333
47869140,0.0350,-1.3825,-0.5950,0.6549,-0.0577,0.7741,-0.15,0.60,0.11,140909,128646,129324
47889648,-0.3675,-1.2775,-0.5950,0.6549,-0.0573,0.7736,-0.15,0.60,0.11,140931,128630,129324
47909180,1.1900,-1.2950,-0.6125,0.6551,-0.0573,0.7734,-0.15,0.60,0.11,140925,128622,129340
47949216,1.0850,-1.2250,-0.5250,0.6554,-0.0564,0.7718,-0.15,0.60,0.11,140903,128638,129342
47968752,1.1200,-1.2250,-0.4200,0.6556,-0.0556,0.7707,-0.15,0.60,0.11,140915,128646,129340
47988280,0.1925,-0.9800,-0.2975,0.6561,-0.0545,0.7696,-0.15,0.60,0.11,140929,128645,129325
48007812,0.0350,-0.7875,-0.1925,0.6566,-0.0539,0.7686,-0.15,0.60,0.11,140932,128627,129338
48028320,0.1750,-0.6825,-0.1225,0.6567,-0.0540,0.7675,-0.15,0.60,0.11,140914,128636,129347
48047852,0.2100,-0.5775,-0.1400,0.6568,-0.0544,0.7671,-0.15,0.60,0.11,140917,128646,129332
48068360,0.9625,-0.4375,-0.0875,0.6566,-0.0549,0.7673,-0.15,0.60,0.11,140908,128631,129328
48087888,0.2275,-0.2625,-0.1925,0.6566,-0.0550,0.7671,-0.15,0.60,0.11,140921,128635,129328
48108400,0.0175,-0.2625,-0.1750,0.6570,-0.0555,0.7676,-0.15,0.60,0.11,140932,128626,129329
48127928,0.9975,-0.3150,-0.2450,0.6568,-0.0566,0.7684,-0.15,0.60,0.11,140922,128631,129336
48148436,-0.6475,-0.4550,-0.4725,0.6566,-0.0569,0.7691,-0.15,0.60,0.11,140906,128642,129340
48167968,-0.6475,-0.6475,-0.6475,0.6566,-0.0573,0.7699,-0.15,0.60,0.10,140906,128646,129355
48188476,0.0175,-0.7350,-0.6825,0.6567,-0.0578,0.7710,-0.15,0.60,0.11,140927,128636,129345
48208008,0.6475,-0.9625,-0.7525,0.6567,-0.0581,0.7723,-0.15,0.60,0.11,140929,128625,129346
48228516,0.0700,-1.1200,-0.7525,0.6568,-0.0578,0.7730,-0.15,0.60,0.11,140915,128634,129345
48248048,0.2625,-1.2775,-0.7350,0.6566,-0.0578,0.7740,-0.15,0.60,0.11,140911,128645,129346
48268552,0.6825,-1.5750,-0.7175,0.6566,-0.0572,0.7748,-0.15,0.60,0.11,140915,128642,129347
48288084,-0.6300,-1.5400,-0.5950,0.6570,-0.0561,0.7748,-0.15,0.60,0.11,140928,128638,129340
48308592,0.2625,-1.6275,-0.6125,0.6570,-0.0559,0.7747,-0.15,0.60,0.11,140934,128630,129342
48328124,1.0500,-1.6800,-0.4725,0.6570,-0.0555,0.7740,-0.15,0.60,0.11,140924,128635,129349
48348632,0.3325,-1.6275,-0.3675,0.6571,-0.0545,0.7730,-0.15,0.60,0.11,140913,128646,129345
48368164,1.1725,-1.4875,-0.1925,0.6571,-0.0540,0.7724,-0.15,0.60,0.11,140923,128648,129347
48388672,1.1550,-1.3475,-0.0700,0.6573,-0.0534,0.7714,-0.15,0.60,0.11,140933,128647,129349
48408204,0.9800,-1.3475,-0.0350,0.6575,-0.0534,0.7708,-0.15,0.60,0.11,140943,128643,129344
48428712,1.4175,-1.3475,0.0000,0.6573,-0.0539,0.7702,-0.15,0.60,0.11,140929,128648,129337
48448240,0.4375,-1.3650,-0.0525,0.6575,-0.0539,0.7691,-0.15,0.60,0.10,140921,128652,129366
48468752,-0.2800,-1.2600,-0.1575,0.6578,-0.0542,0.7681,-0.15,0.60,0.10,140925,128652,129363
48488280,0.0525,-1.1550,-0.2100,0.6586,-0.0550,0.7676,-0.15,0.60,0.11,140943,128641,129351
48507812,-0.3850,-0.8575,-0.3675,0.6588,-0.0553,0.7673,-0.15,0.60,0.11,140940,128632,129342
48528320,-0.1400,-0.8925,-0.4200,0.6589,-0.0559,0.7674,-0.15,0.60,0.10,140935,128653,129354
48547852,0.7350,-0.9625,-0.5600,0.6587,-0.0569,0.7674,-0.15,0.60,0.10,140921,128655,129356
48568360,0.9800,-0.8225,-0.5425,0.6583,-0.0572,0.7674,-0.15,0.60,0.10,140924,128664,129360
48587888,1.0150,-0.7875,-0.5950,0.6581,-0.0571,0.7674,-0.15,0.60,0.10,140937,128655,129362
48608400,0.1400,-0.7175,-0.6475,0.6578,-0.0564,0.7669,-0.15,0.60,0.10,140942,128655,129359
48627928,0.0000,-0.7350,-0.6825,0.6582,-0.0560,0.7668,-0.15,0.60,0.10,140933,128654,129368
48648436,1.0675,-0.7525,-0.6125,0.6588,-0.0558,0.7670,-0.15,0.60,0.10,140922,128658,129360
48667968,1.1200,-0.6825,-0.6125,0.6592,-0.0550,0.7670,-0.15,0.60,0.10,140925,128656,129368
48688476,0.5425,-0.7000,-0.4725,0.6593,-0.0539,0.7673,-0.15,0.60,0.10,140940,128652,129353
48708008,0.2275,-0.7350,-0.4725,0.6593,-0.0533,0.7675,-0.15,0.60,0.10,140946,128645,129362
48728516,-0.5600,-0.8400,-0.3150,0.6593,-0.0525,0.7674,-0.15,0.60,0.11,140937,128644,129345
48748048,-0.3150,-0.8225,-0.2975,0.6592,-0.0522,0.7676,-0.15,0.60,0.10,140929,128656,129363
48768552,0.8225,-0.8750,-0.1750,0.6593,-0.0526,0.7681,-0.15,0.60,0.10,140931,128657,129367
48788084,0.9800,-0.8225,-0.1225,0.6595,-0.0527,0.7684,-0.15,0.60,0.10,140944,128645,129359
48808592,0.5075,-0.8575,-0.1225,0.6595,-0.0525,0.7684,-0.15,0.60,0.11,140950,128641,129344
48828124,-0.5600,-0.7875,-0.1925,0.6593,-0.0526,0.7681,-0.15,0.60,0.11,140944,128652,129347
48848632,0.4375,-0.8750,-0.2975,0.6592,-0.0537,0.7679,-0.15,0.60,0.10,140929,128670,129368
48868164,0.2450,-0.8575,-0.2975,0.6594,-0.0539,0.7675,-0.15,0.60,0.10,140935,128664,129355
48888672,-0.5600,-0.7700,-0.3675,0.6597,-0.0542,0.7671,-0.15,0.60,0.10,140950,128649,129354
48908204,-0.1925,-0.6825,-0.5075,0.6598,-0.0545,0.7671,-0.15,0.60,0.10,140950,128649,129359
48928712,0.3850,-0.6825,-0.4725,0.6595,-0.0548,0.7670,-0.15,0.60,0.10,140941,128653,129364
48958984,0.2100,-0.5950,-0.4025,0.6593,-0.0540,0.7665,-0.15,0.60,0.10,140951,128644,129371
48979492,0.8050,-0.4725,-0.3500,0.6598,-0.0539,0.7666,-0.15,0.60,0.10,140933,128656,129358
48999024,0.8225,-0.5600,-0.2450,0.6598,-0.0534,0.7665,-0.15,0.60,0.10,140920,128667,129364
49019532,-0.0525,-0.4900,-0.1575,0.6598,-0.0529,0.7664,-0.15,0.60,0.10,140936,128659,129362
49039064,-0.6475,-0.4900,-0.1400,0.6597,-0.0525,0.7663,-0.15,0.60,0.10,140947,128640,129366
49059568,0.8575,-0.4550,-0.0875,0.6598,-0.0528,0.7671,-0.15,0.60,0.10,140950,128645,129362
49079100,1.4525,-0.3675,-0.0350,0.6599,-0.0529,0.7679,-0.15,0.60,0.10,140928,128647,129359
49099608,0.8050,-0.4900,-0.0700,0.6598,-0.0527,0.7684,-0.15,0.60,0.10,140925,128662,129355
49119140,0.1925,-0.6300,-0.1050,0.6597,-0.0529,0.7688,-0.15,0.60,0.10,140931,128654,129360
49139648,0.0175,-0.8400,-0.1925,0.6595,-0.0537,0.7691,-0.15,0.60,0.10,140948,128644,129355
49159180,-0.4375,-1.1025,-0.3150,0.6597,-0.0543,0.7691,-0.15,0.60,0.10,140948,128648,129355
49179688,-0.8400,-1.1725,-0.4375,0.6603,-0.0549,0.7691,-0.15,0.60,0.10,140930,128642,129363
49199216,-0.2800,-1.0850,-0.4200,0.6603,-0.0554,0.7691,-0.15,0.60,0.10,140925,128656,129373
49219728,0.1400,-0.9625,-0.5075,0.6599,-0.0555,0.7686,-0.15,0.60,0.10,140932,128642,129360
49239256,-0.0875,-0.8050,-0.4375,0.6594,-0.0554,0.7680,-0.15,0.60,0.10,140949,128649,129359
49258788,0.6650,-0.7000,-0.4025,0.6590,-0.0555,0.7675,-0.15,0.60,0.10,140951,128634,129358
49279296,0.4200,-0.4200,-0.2800,0.6589,-0.0548,0.7664,-0.15,0.60,0.10,140938,128661,129362
49298828,0.9625,-0.2800,-0.2800,0.6594,-0.0548,0.7663,-0.15,0.60,0.10,140920,128662,129363
49319336,1.3300,-0.1575,-0.2450,0.6598,-0.0547,0.7664,-0.15,0.60,0.10,140929,128649,129354
49338868,0.3500,-0.1400,-0.2800,0.6599,-0.0542,0.7663,-0.15,0.60,0.11,140949,128647,129349
49359376,0.2625,-0.2625,-0.3850,0.6600,-0.0543,0.7666,-0.15,0.60,0.11,140942,128642,129340
49378904,0.4200,-0.3850,-0.2800,0.6600,-0.0542,0.7670,-0.15,0.60,0.10,140928,128650,129355
49399416,0.3850,-0.5425,-0.2975,0.6600,-0.0540,0.7677,-0.15,0.60,0.10,140926,128661,129372
49418944,-0.5600,-0.5775,-0.2975,0.6597,-0.0537,0.7681,-0.15,0.60,0.10,140929,128652,129353
49439452,-0.9975,-0.6475,-0.2800,0.6595,-0.0537,0.7688,-0.15,0.60,0.11,140955,128639,129338
49458984,0.6825,-0.7350,-0.3150,0.6593,-0.0544,0.7698,-0.15,0.60,0.11,140947,128643,129351
49479492,0.7700,-0.8225,-0.3150,0.6593,-0.0543,0.7698,-0.15,0.60,0.10,140932,128645,129359
49499024,-0.6300,-0.8225,-0.2275,0.6595,-0.0538,0.7698,-0.15,0.60,0.10,140923,128657,129362
49519532,0.5600,-0.9100,-0.1575,0.6599,-0.0545,0.7703,-0.15,0.60,0.10,140931,128646,129358
49539064,0.5775,-0.9975,-0.2800,0.6598,-0.0548,0.7703,-0.15,0.60,0.10,140941,128644,129353
49559568,-0.0875,-1.0850,-0.3150,0.6595,-0.0549,0.7703,-0.15,0.60,0.10,140946,128642,129358
49579100,-0.5425,-1.0675,-0.4200,0.6595,-0.0550,0.7702,-0.15,0.60,0.10,140928,128645,129357
49599608,0.4550,-1.1900,-0.5250,0.6592,-0.0556,0.7707,-0.15,0.60,0.10,140920,128660,129368
49619140,0.5950,-1.2950,-0.5600,0.6587,-0.0555,0.7706,-0.15,0.60,0.10,140927,128661,129354
49639648,-0.4375,-1.2425,-0.5425,0.6586,-0.0549,0.7699,-0.15,0.60,0.10,140949,128644,129360
49659180,0.0000,-1.2075,-0.3675,0.6592,-0.0549,0.7696,-0.15,0.60,0.10,140954,128644,129368
49679688,-0.0175,-1.1375,-0.3850,0.6598,-0.0547,0.7691,-0.15,0.60,0.10,140936,128656,129368
49699216,0.4375,-1.0850,-0.3675,0.6603,-0.0545,0.7688,-0.15,0.60,0.10,140927,128660,129363
49719728,0.2100,-1.0150,-0.3500,0.6603,-0.0543,0.7681,-0.15,0.60,0.10,140942,128646,129363
49739256,0.6300,-0.9450,-0.2800,0.6600,-0.0540,0.7680,-0.15,0.60,0.10,140954,128644,129360
49758788,1.4350,-0.9450,-0.1925,0.6601,-0.0539,0.7682,-0.15,0.60,0.10,140953,128644,129373
49779296,0.7525,-0.8575,-0.1750,0.6601,-0.0537,0.7682,-0.15,0.60,0.10,140935,128644,129366
49798828,0.9625,-0.8400,-0.2450,0.6600,-0.0539,0.7685,-0.15,0.60,0.10,140925,128660,129373
49819336,1.0500,-1.1200,-0.2800,0.6599,-0.0542,0.7684,-0.15,0.60,0.10,140936,128668,129365
49838868,0.2975,-1.1550,-0.3325,0.6601,-0.0545,0.7680,-0.15,0.60,0.10,140955,128655,129364
49859376,-0.3675,-1.2950,-0.4200,0.6608,-0.0548,0.7674,-0.15,0.60,0.10,140953,128638,129360
49878904,-0.9275,-1.2775,-0.4550,0.6609,-0.0549,0.7670,-0.15,0.60,0.10,140942,128659,129380
49899416,-0.2450,-1.1375,-0.5250,0.6612,-0.0554,0.7668,-0.15,0.60,0.10,140931,128667,129390
49918944,0.3675,-1.0675,-0.5250,0.6615,-0.0554,0.7668,-0.15,0.60,0.10,140937,128655,129382
49939452,0.4550,-0.9625,-0.4900,0.6617,-0.0553,0.7666,-0.15,0.60,0.10,140954,128656,129381
49969728,0.9100,-0.8225,-0.3850,0.6609,-0.0549,0.7666,-0.15,0.60,0.10,140944,128663,129372
49989256,0.9800,-0.8400,-0.3850,0.6608,-0.0549,0.7665,-0.15,0.60,0.10,140963,128651,129380
50008788,0.8750,-0.8750,-0.4725,0.6609,-0.0549,0.7666,-0.15,0.60,0.10,140955,128651,129369
50029296,0.7175,-0.9975,-0.5075,0.6610,-0.0548,0.7668,-0.15,0.60,0.10,140944,128665,129375
50048828,0.1925,-0.9625,-0.5425,0.6612,-0.0547,0.7665,-0.15,0.60,0.10,140939,128667,129388
50069336,0.0000,-1.0850,-0.5775,0.6616,-0.0544,0.7668,-0.15,0.60,0.10,140948,128671,129380
50088868,-0.2275,-1.2075,-0.5250,0.6621,-0.0542,0.7669,-0.15,0.60,0.10,140956,128657,129362
50109376,0.3675,-1.2075,-0.5075,0.6623,-0.0542,0.7671,-0.15,0.60,0.10,140957,128650,129373
50128904,0.2800,-1.1375,-0.5425,0.6621,-0.0534,0.7668,-0.15,0.60,0.10,140952,128662,129373
50149416,-0.4375,-1.1200,-0.4200,0.6620,-0.0527,0.7662,-0.15,0.60,0.10,140940,128665,129390
50168944,-0.4375,-1.0150,-0.3150,0.6621,-0.0525,0.7657,-0.15,0.60,0.10,140951,128659,129382
50189452,-0.4200,-0.9625,-0.1925,0.6622,-0.0523,0.7652,-0.15,0.60,0.10,140962,128648,129379
50208984,0.6825,-0.9275,-0.0525,0.6625,-0.0528,0.7651,-0.15,0.60,0.10,140965,128651,129398
50229492,0.0525,-0.8400,-0.1050,0.6622,-0.0529,0.7645,-0.15,0.60,0.10,140946,128660,129386
50249024,-0.9100,-0.8750,-0.2275,0.6620,-0.0529,0.7642,-0.15,0.60,0.10,140939,128664,129394
50269532,-0.3850,-0.8225,-0.2625,0.6620,-0.0537,0.7645,-0.15,0.60,0.10,140956,128666,129402
50289064,-0.3850,-0.8050,-0.2800,0.6622,-0.0539,0.7643,-0.15,0.60,0.10,140963,128665,129372
50309568,-0.2100,-0.8225,-0.4200,0.6627,-0.0547,0.7645,-0.15,0.60,0.10,140958,128652,129392
50329100,0.4900,-0.6475,-0.5075,0.6629,-0.0551,0.7647,-0.15,0.60,0.10,140950,128654,129394
50349608,0.4725,-0.8050,-0.4550,0.6629,-0.0554,0.7649,-0.15,0.60,0.10,140940,128663,129393
50369140,-0.4375,-0.8750,-0.5600,0.6625,-0.0551,0.7649,-0.15,0.60,0.10,140950,128664,129391
50389648,-0.9450,-0.9275,-0.5250,0.6622,-0.0551,0.7649,-0.15,0.60,0.10,140972,128658,129384
50409180,0.1750,-0.9625,-0.4550,0.6622,-0.0553,0.7654,-0.15,0.60,0.10,140973,128653,129401
50429688,1.1900,-0.9975,-0.4375,0.6627,-0.0548,0.7662,-0.15,0.60,0.10,140955,128664,129399
50449216,1.2600,-0.9625,-0.3325,0.6629,-0.0542,0.7666,-0.15,0.60,0.10,140945,128675,129401
50469728,1.4700,-1.0850,-0.2975,0.6631,-0.0538,0.7671,-0.15,0.60,0.10,140947,128669,129390
50489256,1.0675,-1.1725,-0.3325,0.6627,-0.0534,0.7671,-0.15,0.60,0.10,140965,128653,129395
50508788,0.1925,-1.3475,-0.2800,0.6626,-0.0532,0.7668,-0.15,0.60,0.10,140968,128656,129394
50529296,0.0525,-1.4525,-0.2450,0.6627,-0.0534,0.7663,-0.15,0.60,0.10,140955,128660,129384
50548828,-0.5250,-1.5400,-0.1400,0.6636,-0.0531,0.7656,-0.15,0.60,0.10,140943,128669,129421
50569336,0.0000,-1.5225,-0.0700,0.6639,-0.0534,0.7652,-0.15,0.60,0.10,140959,128669,129403
50588868,0.0350,-1.4525,-0.0700,0.6643,-0.0536,0.7646,-0.15,0.60,0.10,140976,128648,129405
50609376,0.1400,-1.1375,-0.0875,0.6644,-0.0539,0.7640,-0.15,0.60,0.10,140978,128650,129399
50628904,1.0325,-1.0500,-0.1575,0.6644,-0.0547,0.7635,-0.15,0.60,0.10,140963,128661,129416
50649416,0.9800,-0.8400,-0.1225,0.6642,-0.0550,0.7630,-0.15,0.60,0.10,140953,128667,129408
50668944,-0.0350,-0.7700,-0.2975,0.6640,-0.0554,0.7625,-0.15,0.60,0.10,140960,128659,129406
50689452,0.9100,-0.7875,-0.5250,0.6642,-0.0564,0.7630,-0.15,0.60,0.10,140971,128659,129419
50708984,0.7000,-0.8050,-0.6825,0.6643,-0.0567,0.7630,-0.15,0.60,0.10,140974,128653,129406
50729492,0.1575,-0.8400,-0.8050,0.6642,-0.0566,0.7631,-0.15,0.60,0.10,140962,128662,129412
50749024,0.0875,-0.9800,-0.7875,0.6642,-0.0564,0.7631,-0.15,0.60,0.10,140953,128666,129423
50769532,-0.0700,-0.9975,-0.7525,0.6642,-0.0556,0.7629,-0.15,0.60,0.10,140966,128681,129408
50789064,0.5425,-0.9625,-0.7000,0.6642,-0.0551,0.7627,-0.15,0.60,0.10,140981,128662,129402
50809568,0.4725,-0.9450,-0.5950,0.6642,-0.0545,0.7625,-0.15,0.60,0.10,140979,128662,129405
50829100,-0.2625,-0.8050,-0.3850,0.6643,-0.0538,0.7620,-0.15,0.60,0.10,140967,128667,129406
50849608,0.1925,-0.8225,-0.3500,0.6645,-0.0538,0.7623,-0.15,0.60,0.10,140949,128678,129420
50869140,1.0150,-0.7875,-0.2975,0.6644,-0.0538,0.7624,-0.15,0.60,0.10,140959,128672,129412
50889648,-0.6825,-0.7350,-0.2975,0.6647,-0.0529,0.7620,-0.15,0.60,0.10,140979,128667,129411
50909180,0.8925,-0.7875,-0.2625,0.6650,-0.0537,0.7625,-0.15,0.60,0.10,140974,128660,129418
50929688,0.6125,-0.8050,-0.3150,0.6651,-0.0534,0.7621,-0.15,0.60,0.10,140966,128671,129429
50949216,-0.8400,-0.7175,-0.4025,0.6653,-0.0531,0.7620,-0.15,0.60,0.10,140954,128686,129415
50979492,1.4000,-0.8575,-0.3850,0.6654,-0.0542,0.7629,-0.15,0.60,0.10,140971,128674,129402
50999024,-0.1050,-0.8575,-0.4375,0.6654,-0.0538,0.7625,-0.15,0.60,0.10,140957,128684,129420
51019532,0.3500,-0.9100,-0.4200,0.6656,-0.0542,0.7632,-0.15,0.60,0.10,140969,128672,129415
51039064,0.7000,-0.9975,-0.5250,0.6656,-0.0544,0.7637,-0.15,0.60,0.10,140973,128670,129397
51059568,0.1225,-1.0150,-0.5425,0.6656,-0.0544,0.7640,-0.15,0.60,0.10,140982,128659,129419
51079100,0.5950,-1.1550,-0.5425,0.6655,-0.0545,0.7647,-0.15,0.60,0.10,140969,128657,129419
51099608,1.2775,-1.3300,-0.5600,0.6655,-0.0547,0.7654,-0.15,0.60,0.10,140960,128676,129417
51119140,0.6475,-1.4875,-0.5775,0.6654,-0.0542,0.7662,-0.15,0.60,0.10,140973,128673,129406
51139648,-0.2800,-1.5575,-0.6125,0.6651,-0.0533,0.7663,-0.15,0.61,0.10,140986,128670,129410
51159180,0.8400,-1.7325,-0.6125,0.6653,-0.0536,0.7666,-0.15,0.61,0.10,140986,128671,129416
51179688,1.1025,-1.8900,-0.5600,0.6656,-0.0536,0.7666,-0.15,0.60,0.10,140972,128675,129432
51199216,-0.5425,-2.0125,-0.5075,0.6659,-0.0528,0.7658,-0.15,0.60,0.10,140967,128685,129434
51219728,-1.2950,-2.0825,-0.5075,0.6664,-0.0525,0.7648,-0.15,0.61,0.10,140987,128683,129439
51239256,-0.3325,-1.9950,-0.4375,0.6667,-0.0526,0.7627,-0.15,0.61,0.10,140997,128671,129442
51258788,-0.5250,-1.7675,-0.4375,0.6670,-0.0522,0.7610,-0.15,0.61,0.10,140997,128667,129445
51279296,-0.5600,-1.3475,-0.2800,0.6673,-0.0519,0.7596,-0.15,0.61,0.10,140990,128679,129437
51298828,0.1750,-1.0500,-0.2100,0.6677,-0.0522,0.7582,-0.15,0.60,0.10,140972,128683,129455
51319336,1.4000,-0.7350,-0.1050,0.6678,-0.0527,0.7571,-0.15,0.60,0.10,140977,128683,129445
51338868,1.1725,-0.3850,-0.0525,0.6678,-0.0525,0.7558,-0.15,0.61,0.10,140999,128673,129437
51359376,-0.5775,0.0875,-0.2100,0.6678,-0.0521,0.7541,-0.15,0.61,0.10,140995,128665,129442
51378904,1.3650,0.1575,-0.2625,0.6683,-0.0533,0.7543,-0.15,0.60,0.10,140980,128678,129423
51399416,1.0150,0.1925,-0.3675,0.6683,-0.0532,0.7542,-0.15,0.60,0.10,140977,128685,129424
51418944,-1.0500,0.2275,-0.4550,0.6684,-0.0526,0.7543,-0.15,0.60,0.10,140979,128681,129426
51439452,0.2275,0.1400,-0.4200,0.6686,-0.0534,0.7557,-0.15,0.61,0.10,140991,128674,129428
51458984,0.2800,0.0525,-0.5075,0.6687,-0.0537,0.7568,-0.15,0.61,0.10,140999,128667,129421
51479492,-0.4550,-0.2275,-0.5425,0.6682,-0.0534,0.7588,-0.15,0.60,0.10,140976,128678,129423
51499024,0.5425,-0.4550,-0.5600,0.6680,-0.0539,0.7603,-0.15,0.60,0.10,140974,128677,129429
51519532,-0.3675,-0.5950,-0.4725,0.6680,-0.0537,0.7613,-0.15,0.60,0.10,140982,128676,129420
51539064,-0.8925,-0.6125,-0.4550,0.6681,-0.0536,0.7625,-0.15,0.61,0.10,140989,128677,129434
51559568,0.5775,-0.9450,-0.4900,0.6681,-0.0543,0.7640,-0.15,0.61,0.10,140996,128660,129431
51579100,0.4725,-1.1725,-0.5775,0.6676,-0.0542,0.7647,-0.15,0.60,0.10,140979,128666,129431
51599608,-0.2450,-1.3825,-0.6475,0.6673,-0.0537,0.7648,-0.15,0.60,0.10,140969,128683,129452
51619140,-0.4900,-1.3825,-0.5425,0.6670,-0.0533,0.7645,-0.15,0.60,0.10,140978,128687,129432
51639648,0.1925,-1.3475,-0.5075,0.6669,-0.0532,0.7638,-0.15,0.61,0.10,140989,128667,129429
51659180,0.0875,-1.2075,-0.3850,0.6669,-0.0525,0.7625,-0.15,0.61,0.10,140997,128673,129434
51679688,-0.9100,-0.9975,-0.2800,0.6672,-0.0515,0.7608,-0.15,0.60,0.10,140978,128674,129446
51699216,1.7150,-0.6825,-0.0525,0.6678,-0.0521,0.7597,-0.15,0.60,0.10,140971,128688,129451
51719728,1.9775,-0.4725,0.0525,0.6681,-0.0520,0.7587,-0.15,0.60,0.10,140980,128681,129447
51739256,0.2100,-0.1750,0.0875,0.6680,-0.0515,0.7577,-0.15,0.61,0.10,140993,128663,129445
51758788,-0.3850,-0.1225,0.0175,0.6678,-0.0517,0.7571,-0.15,0.61,0.10,140997,128663,129432
51779296,0.2100,-0.0175,-0.0350,0.6676,-0.0523,0.7570,-0.15,0.60,0.10,140983,128667,129450
51798828,1.1550,0.1400,-0.0875,0.6673,-0.0532,0.7574,-0.15,0.60,0.10,140973,128677,129440
51819336,0.8050,0.0875,-0.2450,0.6676,-0.0536,0.7588,-0.15,0.60,0.10,140975,128674,129423
51838868,0.4550,-0.0525,-0.3500,0.6675,-0.0539,0.7597,-0.15,0.60,0.10,140981,128673,129427
51859376,0.3675,-0.2100,-0.4200,0.6676,-0.0544,0.7605,-0.15,0.61,0.10,140988,128664,129428
51878904,0.5950,-0.5075,-0.5250,0.6676,-0.0549,0.7613,-0.15,0.60,0.10,140977,128672,129430
51899416,-0.2625,-0.7175,-0.5425,0.6677,-0.0547,0.7618,-0.15,0.60,0.10,140970,128685,129426
51918944,-0.9975,-0.8225,-0.6300,0.6677,-0.0542,0.7620,-0.15,0.60,0.10,140971,128685,129439
51939452,-0.2800,-0.7875,-0.5250,0.6678,-0.0542,0.7624,-0.15,0.60,0.10,140980,128666,129441
51958984,0.0350,-0.7525,-0.4025,0.6680,-0.0538,0.7625,-0.15,0.61,0.10,140988,128667,129419
51989256,0.4025,-0.7000,-0.3325,0.6672,-0.0534,0.7625,-0.15,0.61,0.10,140991,128675,129434
52008788,0.2625,-0.6475,-0.2975,0.6665,-0.0531,0.7620,-0.15,0.61,0.10,140993,128668,129443
52029296,0.3850,-0.5950,-0.2275,0.6662,-0.0529,0.7618,-0.15,0.60,0.10,140973,128678,129428
52048828,1.4000,-0.5425,-0.1400,0.6667,-0.0532,0.7620,-0.15,0.60,0.10,140967,128681,129432
52069336,0.5775,-0.5075,-0.2450,0.6671,-0.0529,0.7619,-0.15,0.60,0.10,140981,128673,129434
52088868,0.2450,-0.6300,-0.3500,0.6672,-0.0528,0.7618,-0.15,0.61,0.10,140990,128678,129417
52109376,0.4025,-0.6125,-0.2975,0.6673,-0.0529,0.7616,-0.15,0.61,0.10,140998,128675,129421
52128904,0.4025,-0.6650,-0.2975,0.6677,-0.0533,0.7615,-0.15,0.60,0.10,140979,128672,129423
52149416,0.5600,-0.5950,-0.3150,0.6673,-0.0532,0.7616,-0.15,0.60,0.10,140975,128676,129438
52168944,-0.2450,-0.7175,-0.3325,0.6666,-0.0528,0.7614,-0.15,0.60,0.10,140977,128682,129430
52189452,-0.0700,-0.6650,-0.4025,0.6662,-0.0529,0.7615,-0.15,0.61,0.10,140990,128672,129430
52208984,0.2450,-0.7000,-0.2800,0.6664,-0.0528,0.7616,-0.15,0.61,0.10,140996,128671,129419
52229492,0.7000,-0.6825,-0.1400,0.6671,-0.0529,0.7620,-0.15,0.60,0.10,140975,128668,129425
52249024,0.9975,-0.6475,-0.1400,0.6673,-0.0531,0.7623,-0.15,0.60,0.10,140970,128684,129430
52269532,0.3325,-0.7000,-0.3500,0.6671,-0.0529,0.7620,-0.15,0.60,0.10,140977,128690,129436
52289064,-1.1025,-0.7525,-0.3500,0.6669,-0.0525,0.7616,-0.15,0.61,0.10,140994,128668,129417
52309568,-0.9275,-0.7175,-0.3675,0.6667,-0.0529,0.7618,-0.15,0.61,0.10,140995,128666,129417
52329100,0.1050,-0.7350,-0.3500,0.6667,-0.0536,0.7620,-0.15,0.60,0.10,140979,128673,129429
52349608,0.3325,-0.7175,-0.3675,0.6664,-0.0536,0.7619,-0.15,0.60,0.10,140967,128687,129426
52369140,0.7525,-0.6825,-0.2975,0.6662,-0.0537,0.7618,-0.15,0.60,0.10,140973,128682,129428
52389648,0.4200,-0.5075,-0.2975,0.6666,-0.0533,0.7615,-0.15,0.61,0.10,140988,128665,129421
52409180,-0.3850,-0.4900,-0.3150,0.6669,-0.0529,0.7613,-0.15,0.61,0.10,140989,128682,129425
52429688,-0.1575,-0.5075,-0.2975,0.6669,-0.0529,0.7613,-0.15,0.60,0.10,140978,128670,129428
52449216,0.7000,-0.5950,-0.2975,0.6666,-0.0532,0.7613,-0.15,0.60,0.10,140964,128686,129430
52469728,0.7875,-0.4900,-0.2450,0.6665,-0.0529,0.7614,-0.15,0.60,0.10,140974,128674,129430
52489256,0.8925,-0.4200,-0.1925,0.6665,-0.0527,0.7619,-0.15,0.61,0.10,140987,128674,129417
52508788,0.8225,-0.5250,-0.1225,0.6661,-0.0525,0.7625,-0.15,0.61,0.10,140989,128665,129419
52529296,0.1575,-0.5250,-0.1925,0.6660,-0.0525,0.7624,-0.15,0.60,0.10,140979,128677,129416
52548828,0.4200,-0.7000,-0.2450,0.6661,-0.0531,0.7626,-0.15,0.60,0.10,140967,128684,129425
52569336,0.2275,-0.9625,-0.2625,0.6669,-0.0534,0.7626,-0.15,0.60,0.10,140973,128681,129419
52588868,0.0350,-1.0675,-0.2625,0.6672,-0.0538,0.7626,-0.15,0.61,0.10,140986,128680,129410
52609376,-0.4550,-0.9800,-0.3675,0.6671,-0.0538,0.7619,-0.15,0.61,0.10,140990,128681,129432
52628904,-0.6125,-0.6650,-0.3850,0.6671,-0.0539,0.7615,-0.15,0.60,0.10,140984,128682,129425
52649416,0.5775,-0.6125,-0.3675,0.6670,-0.0543,0.7618,-0.15,0.60,0.10,140965,128678,129430
52668944,1.2775,-0.5600,-0.2800,0.6664,-0.0543,0.7619,-0.15,0.60,0.10,140972,128688,129417
52689452,0.5600,-0.4550,-0.2975,0.6659,-0.0538,0.7616,-0.15,0.61,0.10,140988,128679,129421
52708984,0.3150,-0.5250,-0.2975,0.6658,-0.0537,0.7616,-0.15,0.61,0.10,140992,128664,129428
52729492,1.1200,-0.5950,-0.3150,0.6662,-0.0537,0.7620,-0.15,0.60,0.10,140974,128689,129421
52749024,0.5775,-0.7175,-0.3675,0.6666,-0.0532,0.7618,-0.15,0.60,0.10,140961,128688,129428
52769532,0.1750,-0.6300,-0.3500,0.6667,-0.0527,0.7615,-0.15,0.60,0.10,140975,128674,129425
52789064,0.1050,-0.6825,-0.2800,0.6670,-0.0527,0.7614,-0.15,0.60,0.10,140982,128678,129430
52809568,0.4025,-0.6300,-0.2450,0.6670,-0.0527,0.7613,-0.15,0.61,0.10,140990,128678,129415
52829100,0.1925,-0.5250,-0.2100,0.6667,-0.0523,0.7610,-0.15,0.60,0.10,140979,128676,129436
52849608,0.0525,-0.6125,-0.2800,0.6662,-0.0526,0.7614,-0.15,0.60,0.10,140964,128679,129429
52869140,1.0850,-0.6825,-0.2100,0.6661,-0.0532,0.7620,-0.15,0.60,0.10,140967,128681,129429
52889648,0.6300,-0.7350,-0.3850,0.6660,-0.0532,0.7624,-0.15,0.61,0.10,140990,128666,129431
52909180,-0.3675,-0.7175,-0.2800,0.6658,-0.0529,0.7623,-0.15,0.61,0.10,140986,128665,129424
52929688,0.0175,-0.7175,-0.2800,0.6659,-0.0533,0.7624,-0.15,0.60,0.10,140974,128684,129428
52949216,0.7525,-0.7525,-0.2800,0.6662,-0.0536,0.7625,-0.15,0.60,0.10,140966,128683,129426
52989256,-0.2450,-0.8750,-0.3150,0.6664,-0.0533,0.7625,-0.15,0.61,0.10,140992,128666,129420
53007812,0.0525,-0.8750,-0.3850,0.6661,-0.0536,0.7623,-0.15,0.61,0.10,140987,128655,129424
53028320,-0.3850,-0.8050,-0.4025,0.6661,-0.0533,0.7620,-0.15,0.60,0.10,140978,128676,129428
53047852,-0.1050,-0.7350,-0.4025,0.6661,-0.0533,0.7618,-0.15,0.60,0.10,140963,128682,129433
53068360,0.7175,-0.7350,-0.3675,0.6660,-0.0534,0.7618,-0.15,0.60,0.10,140967,128671,129424
53087888,0.2100,-0.5600,-0.2625,0.6662,-0.0529,0.7614,-0.15,0.60,0.10,140979,128677,129434
53108400,0.8050,-0.5950,-0.1750,0.6664,-0.0529,0.7616,-0.15,0.61,0.10,140993,128672,129417
53127928,0.4725,-0.6300,-0.1925,0.6666,-0.0526,0.7613,-0.15,0.60,0.10,140979,128663,129419
53148436,-0.5425,-0.5425,-0.0875,0.6664,-0.0520,0.7605,-0.15,0.60,0.10,140964,128673,129437
53167968,0.2625,-0.4550,-0.1400,0.6664,-0.0522,0.7609,-0.15,0.60,0.10,140968,128670,129423
53188476,1.6625,-0.5075,-0.1400,0.6666,-0.0527,0.7616,-0.15,0.61,0.10,140987,128671,129429
53208008,0.6300,-0.4200,-0.1225,0.6667,-0.0527,0.7625,-0.15,0.61,0.10,140986,128669,129416
53228516,1.1200,-0.6650,-0.1400,0.6664,-0.0537,0.7634,-0.15,0.60,0.10,140973,128684,129420
53248048,-0.4025,-0.8575,-0.3150,0.6660,-0.0538,0.7632,-0.15,0.60,0.10,140967,128686,129420
53268552,-2.1000,-0.9275,-0.5250,0.6661,-0.0538,0.7629,-0.15,0.60,0.10,140970,128689,129429
53288084,-1.3475,-1.1550,-0.5950,0.6666,-0.0545,0.7631,-0.15,0.60,0.10,140980,128675,129434
53308592,0.7350,-1.0150,-0.5425,0.6670,-0.0551,0.7630,-0.15,0.61,0.10,140995,128673,129424
53328124,0.1925,-0.8050,-0.4375,0.6666,-0.0543,0.7621,-0.15,0.60,0.10,140982,128669,129437
53348632,-0.5425,-0.6650,-0.3850,0.6664,-0.0537,0.7614,-0.15,0.60,0.10,140969,128680,129425
53368164,0.1750,-0.6300,-0.2450,0.6661,-0.0539,0.7612,-0.15,0.60,0.10,140966,128685,129429
53388672,0.6475,-0.4200,-0.2100,0.6660,-0.0539,0.7608,-0.15,0.60,0.10,140984,128664,129425
53408204,0.8750,-0.3500,-0.2625,0.6660,-0.0538,0.7605,-0.15,0.61,0.10,140994,128671,129429
53428712,0.7875,-0.3150,-0.2975,0.6665,-0.0537,0.7608,-0.15,0.60,0.10,140984,128671,129416
53448240,0.6300,-0.3675,-0.3500,0.6666,-0.0537,0.7612,-0.15,0.60,0.10,140968,128683,129419
53468752,0.9975,-0.5250,-0.3675,0.6666,-0.0539,0.7618,-0.15,0.60,0.10,140973,128680,129433
53488280,0.8575,-0.6475,-0.4025,0.6666,-0.0538,0.7623,-0.15,0.61,0.10,140986,128676,129410
53507812,0.1750,-0.8225,-0.3850,0.6666,-0.0534,0.7627,-0.15,0.61,0.10,140992,128672,129415
53528320,-0.5600,-0.8225,-0.4375,0.6669,-0.0531,0.7631,-0.15,0.60,0.10,140982,128671,129429
53547852,0.3675,-1.0150,-0.3150,0.6667,-0.0536,0.7640,-0.15,0.60,0.10,140969,128674,129423
53568360,0.0700,-1.0850,-0.4025,0.6665,-0.0534,0.7640,-0.15,0.60,0.10,140965,128685,129445
53587888,-0.4375,-1.1550,-0.4025,0.6664,-0.0533,0.7640,-0.15,0.61,0.10,140988,128682,129433
53608400,-0.3500,-1.1025,-0.3850,0.6664,-0.0536,0.7637,-0.15,0.61,0.10,140990,128663,129424
53627928,-0.1225,-1.0325,-0.3850,0.6664,-0.0534,0.7634,-0.15,0.60,0.10,140981,128670,129436
53648436,0.5425,-1.0500,-0.4375,0.6664,-0.0537,0.7630,-0.15,0.60,0.10,140965,128687,129434
53667968,0.3850,-0.9450,-0.3150,0.6664,-0.0534,0.7620,-0.15,0.60,0.10,140975,128690,129430
53688476,-0.1750,-0.8400,-0.2625,0.6661,-0.0532,0.7614,-0.15,0.61,0.10,140995,128672,129430
53708008,0.1225,-0.8575,-0.2975,0.6661,-0.0532,0.7608,-0.15,0.61,0.10,140998,128665,129429
53728516,-0.0875,-0.6475,-0.2625,0.6662,-0.0531,0.7603,-0.15,0.61,0.10,140985,128675,129434
53748048,-0.2100,-0.5600,-0.2450,0.6664,-0.0528,0.7601,-0.15,0.60,0.10,140976,128677,129427
53768552,0.9975,-0.4550,-0.1050,0.6666,-0.0531,0.7602,-0.15,0.60,0.10,140968,128678,129438
53788084,1.2075,-0.3850,-0.1400,0.6666,-0.0529,0.7604,-0.15,0.60,0.10,140982,128670,129428
53808592,0.4900,-0.4725,0.0350,0.6665,-0.0527,0.7607,-0.15,0.61,0.10,140995,128664,129420
53828124,0.4550,-0.5250,0.0000,0.6664,-0.0531,0.7610,-0.15,0.61,0.10,140988,128666,129425
53848632,0.7350,-0.5425,-0.0875,0.6665,-0.0536,0.7615,-0.15,0.60,0.10,140971,128675,129434
53868164,-0.0700,-0.6650,-0.1575,0.6667,-0.0534,0.7620,-0.15,0.60,0.10,140965,128677,129429
53888672,0.5425,-0.8225,-0.3150,0.6666,-0.0538,0.7631,-0.15,0.61,0.10,140988,128670,129417
53908204,0.2975,-0.8575,-0.2975,0.6666,-0.0539,0.7636,-0.15,0.61,0.10,140993,128670,129417
53928712,0.4900,-0.9100,-0.3150,0.6670,-0.0543,0.7641,-0.15,0.60,0.10,140981,128675,129432
53948240,0.7875,-1.0150,-0.3675,0.6667,-0.0547,0.7642,-0.15,0.60,0.10,140970,128675,129434
53968752,0.0875,-1.2425,-0.4375,0.6664,-0.0547,0.7637,-0.15,0.60,0.10,140973,128675,129440
53999024,-0.2450,-1.2600,-0.4725,0.6673,-0.0545,0.7625,-0.15,0.60,0.10,140967,128674,129436
54019532,-0.6125,-1.1200,-0.4725,0.6677,-0.0543,0.7618,-0.15,0.60,0.10,140977,128675,129432
54039064,-0.4200,-0.8925,-0.4550,0.6678,-0.0544,0.7612,-0.15,0.61,0.10,140994,128671,129434
54059568,1.0675,-0.8050,-0.3850,0.6678,-0.0549,0.7612,-0.15,0.61,0.10,140993,128666,129423
54079100,1.2250,-0.7000,-0.4550,0.6673,-0.0547,0.7607,-0.15,0.60,0.10,140982,128671,129432
54099608,-0.4725,-0.5600,-0.3675,0.6669,-0.0539,0.7597,-0.15,0.60,0.10,140970,128670,129438
54119140,0.3850,-0.4900,-0.2975,0.6665,-0.0542,0.7596,-0.15,0.60,0.10,140970,128677,129445
54139648,0.5600,-0.4025,-0.2975,0.6666,-0.0542,0.7596,-0.15,0.61,0.10,140993,128667,129440
54159180,0.6300,-0.3500,-0.3675,0.6669,-0.0542,0.7596,-0.15,0.61,0.10,140991,128666,129428
54179688,0.9625,-0.4025,-0.4025,0.6672,-0.0542,0.7599,-0.15,0.60,0.10,140978,128679,129426
54199216,0.7000,-0.4025,-0.3850,0.6673,-0.0540,0.7602,-0.15,0.60,0.10,140970,128671,129429
54219728,0.0350,-0.5950,-0.4375,0.6671,-0.0533,0.7605,-0.15,0.60,0.10,140978,128684,129420
54239256,-0.1925,-0.5950,-0.4375,0.6671,-0.0532,0.7610,-0.15,0.61,0.10,140989,128678,129420
54258788,0.1750,-0.7350,-0.4025,0.6672,-0.0532,0.7615,-0.15,0.61,0.10,140985,128668,129420
54279296,-0.1575,-0.8050,-0.4025,0.6673,-0.0529,0.7619,-0.15,0.60,0.10,140978,128674,129420
54298828,-0.5425,-0.7700,-0.3150,0.6673,-0.0529,0.7621,-0.15,0.60,0.10,140971,128682,129436
54319336,-0.2975,-0.8050,-0.3325,0.6672,-0.0529,0.7623,-0.15,0.60,0.10,140976,128673,129424
54338868,0.4900,-0.8925,-0.3675,0.6667,-0.0532,0.7625,-0.15,0.60,0.10,140983,128678,129428
54359376,-1.1375,-0.8400,-0.3150,0.6666,-0.0526,0.7619,-0.15,0.61,0.10,140996,128660,129425
54378904,-1.4000,-0.8225,-0.2975,0.6666,-0.0527,0.7618,-0.15,0.61,0.10,140990,128670,129430
54399416,-0.0175,-0.8050,-0.2800,0.6666,-0.0534,0.7616,-0.15,0.60,0.10,140970,128676,129425
54418944,0.4725,-0.7350,-0.2625,0.6665,-0.0538,0.7615,-0.15,0.60,0.10,140968,128674,129430
54439452,-0.1225,-0.6650,-0.2975,0.6665,-0.0537,0.7613,-0.15,0.61,0.10,140989,128677,129424
54458984,0.0175,-0.6650,-0.3500,0.6666,-0.0540,0.7610,-0.15,0.61,0.10,140992,128665,129437
54479492,0.0875,-0.6300,-0.3150,0.6666,-0.0543,0.7607,-0.15,0.60,0.10,140984,128674,129428
54499024,-0.7525,-0.4900,-0.3850,0.6664,-0.0540,0.7603,-0.15,0.60,0.10,140967,128676,129438
54519532,-0.3150,-0.5075,-0.3500,0.6662,-0.0542,0.7603,-0.15,0.60,0.10,140980,128677,129458
54539064,-0.0350,-0.4550,-0.3675,0.6662,-0.0540,0.7603,-0.15,0.61,0.10,140991,128659,129432
54559568,0.1050,-0.3325,-0.1925,0.6665,-0.0534,0.7605,-0.15,0.61,0.10,140987,128659,129440
54579100,0.2275,-0.3850,-0.1225,0.6666,-0.0534,0.7610,-0.15,0.61,0.10,140986,128666,129449
54599608,1.2075,-0.4025,-0.2275,0.6669,-0.0539,0.7620,-0.15,0.60,0.10,140971,128680,129443
54619140,1.7675,-0.5600,-0.1925,0.6669,-0.0544,0.7629,-0.15,0.60,0.10,140975,128676,129446
54639648,0.6825,-0.6300,-0.3150,0.6666,-0.0542,0.7631,-0.15,0.61,0.10,140991,128665,129429
54659180,-0.5250,-0.9275,-0.2975,0.6665,-0.0543,0.7631,-0.15,0.61,0.10,140999,128664,129431
54679688,-0.3325,-1.1900,-0.3675,0.6666,-0.0550,0.7630,-0.15,0.60,0.10,140981,128669,129437
54699216,-0.0175,-1.2600,-0.2625,0.6667,-0.0553,0.7629,-0.15,0.60,0.10,140973,128684,129433
54719728,-0.7875,-1.1900,-0.2800,0.6666,-0.0550,0.7623,-0.15,0.60,0.10,140979,128672,129443
54739256,-0.7000,-0.9975,-0.2100,0.6669,-0.0551,0.7619,-0.15,0.61,0.10,140986,128659,129455
54758788,0.2100,-0.8575,-0.1925,0.6669,-0.0556,0.7615,-0.15,0.61,0.10,140991,128670,129446
54779296,0.7350,-0.6825,-0.1750,0.6666,-0.0559,0.7608,-0.15,0.60,0.10,140977,128671,129442
54798828,0.7350,-0.3850,-0.2275,0.6661,-0.0560,0.7599,-0.15,0.60,0.10,140972,128680,129438
54819336,0.4375,-0.3850,-0.2275,0.6660,-0.0561,0.7596,-0.15,0.60,0.10,140973,128673,129450
54838868,0.5600,-0.3500,-0.4200,0.6664,-0.0565,0.7597,-0.15,0.61,0.10,140987,128667,129458
54859376,1.0150,-0.3675,-0.4725,0.6666,-0.0566,0.7598,-0.15,0.61,0.10,140990,128668,129430
54878904,0.8400,-0.3500,-0.5250,0.6666,-0.0565,0.7598,-0.15,0.61,0.10,140985,128669,129440
54899416,0.3150,-0.3675,-0.5950,0.6666,-0.0560,0.7599,-0.15,0.60,0.10,140968,128683,129452
54918944,-0.1925,-0.4025,-0.5775,0.6665,-0.0551,0.7605,-0.15,0.60,0.10,140970,128678,129451
54939452,-0.1575,-0.5425,-0.5075,0.6666,-0.0548,0.7610,-0.15,0.61,0.10,140994,128669,129434
54958984,0.4725,-0.7175,-0.3500,0.6664,-0.0547,0.7618,-0.15,0.61,0.10,140997,128666,129444
54979492,-0.0350,-0.7175,-0.3150,0.6667,-0.0542,0.7621,-0.15,0.60,0.10,140976,128678,129443
55009764,0.5075,-0.7700,-0.2275,0.6669,-0.0540,0.7634,-0.15,0.61,0.10,140992,128658,129436
55029296,-0.1050,-1.0150,-0.2275,0.6664,-0.0539,0.7635,-0.15,0.60,0.10,140979,128665,129440
55048828,-0.7525,-0.9975,-0.2800,0.6664,-0.0538,0.7635,-0.15,0.60,0.10,140970,128666,129451
55069336,-0.3150,-1.0325,-0.2275,0.6664,-0.0543,0.7636,-0.15,0.60,0.10,140974,128672,129459
55088868,0.7000,-1.1375,-0.1925,0.6662,-0.0549,0.7637,-0.15,0.61,0.10,140986,128665,129447
55109376,0.5075,-1.1375,-0.2275,0.6661,-0.0549,0.7635,-0.15,0.61,0.10,140994,128662,129449
55128904,0.3500,-1.1375,-0.2450,0.6660,-0.0549,0.7631,-0.15,0.60,0.10,140976,128661,129455
55149416,0.8925,-1.0675,-0.2275,0.6662,-0.0550,0.7621,-0.15,0.60,0.10,140974,128684,129459
55168944,0.2100,-0.8050,-0.2450,0.6665,-0.0548,0.7612,-0.15,0.60,0.10,140971,128675,129450
55189452,-0.1750,-0.7875,-0.2625,0.6666,-0.0544,0.7605,-0.15,0.61,0.10,140990,128671,129453
55208984,0.4025,-0.5950,-0.1225,0.6667,-0.0545,0.7601,-0.15,0.61,0.10,141001,128657,129434
55229492,0.8225,-0.5250,-0.0700,0.6669,-0.0545,0.7596,-0.15,0.60,0.10,140981,128678,129449
55249024,0.3150,-0.4375,-0.0875,0.6669,-0.0544,0.7590,-0.15,0.60,0.10,140976,128676,129449
55269532,-0.1925,-0.3150,-0.0350,0.6669,-0.0539,0.7586,-0.15,0.60,0.10,140977,128671,129450
55289064,0.0525,-0.1925,-0.1575,0.6671,-0.0540,0.7591,-0.15,0.61,0.10,140991,128668,129441
55309568,1.0500,-0.1750,-0.1575,0.6677,-0.0548,0.7598,-0.15,0.61,0.10,140993,128653,129432
55329100,1.6275,-0.2800,-0.2800,0.6678,-0.0555,0.7605,-0.15,0.60,0.10,140979,128665,129440
55349608,0.4200,-0.3850,-0.3675,0.6676,-0.0556,0.7610,-0.15,0.60,0.10,140967,128685,129437
55369140,-1.1550,-0.7525,-0.5250,0.6669,-0.0562,0.7614,-0.15,0.60,0.10,140972,128673,129437
55389648,-1.5400,-0.9275,-0.5250,0.6669,-0.0566,0.7615,-0.15,0.61,0.10,140993,128662,129436
55409180,-0.8575,-0.8400,-0.5950,0.6672,-0.0571,0.7619,-0.15,0.61,0.10,140989,128665,129450
55429688,0.6475,-0.8750,-0.5600,0.6673,-0.0573,0.7623,-0.15,0.60,0.10,140980,128666,129444
55449216,0.8400,-0.8750,-0.5250,0.6671,-0.0571,0.7625,-0.15,0.60,0.10,140971,128672,129446
55469728,-0.1575,-0.6825,-0.4900,0.6669,-0.0561,0.7620,-0.15,0.60,0.10,140977,128671,129455
55489256,0.7350,-0.5600,-0.2975,0.6666,-0.0558,0.7618,-0.15,0.61,0.10,140988,128672,129449
55508788,0.8750,-0.5775,-0.1750,0.6664,-0.0553,0.7613,-0.15,0.61,0.10,140993,128666,129433
55529296,-0.0175,-0.5075,-0.1750,0.6664,-0.0544,0.7605,-0.15,0.60,0.10,140982,128667,129429
55548828,0.6125,-0.4375,-0.1575,0.6667,-0.0547,0.7609,-0.15,0.60,0.10,140972,128677,129445
55569336,1.4525,-0.4375,-0.1925,0.6670,-0.0549,0.7610,-0.15,0.60,0.10,140972,128676,129454
55588868,0.7350,-0.3850,-0.2275,0.6670,-0.0547,0.7610,-0.15,0.61,0.10,140985,128680,129438
55609376,0.0350,-0.5250,-0.3325,0.6669,-0.0549,0.7613,-0.15,0.61,0.10,140994,128664,129441
55628904,-0.4200,-0.6300,-0.4200,0.6666,-0.0551,0.7615,-0.15,0.61,0.10,140985,128667,129434
55649416,0.0875,-0.7000,-0.4200,0.6665,-0.0559,0.7620,-0.15,0.60,0.10,140971,128684,129436
55668944,0.5600,-0.7525,-0.4900,0.6664,-0.0562,0.7625,-0.15,0.60,0.10,140968,128669,129445
55689452,0.1050,-0.8050,-0.5075,0.6662,-0.0560,0.7625,-0.15,0.61,0.10,140989,128672,129438
55708984,-0.4550,-0.8575,-0.5075,0.6661,-0.0559,0.7627,-0.15,0.61,0.10,140995,128670,129441
55729492,0.5950,-0.8750,-0.4200,0.6664,-0.0560,0.7630,-0.15,0.60,0.10,140980,128673,129440
55749024,-0.1925,-0.8050,-0.4375,0.6665,-0.0554,0.7624,-0.15,0.60,0.10,140964,128679,129450
55769532,0.0875,-0.8750,-0.3325,0.6665,-0.0550,0.7623,-0.15,0.60,0.10,140970,128687,129442
55789064,0.4900,-0.8225,-0.3150,0.6664,-0.0547,0.7618,-0.15,0.61,0.10,140993,128674,129443
55809568,-0.2800,-0.7350,-0.2800,0.6662,-0.0539,0.7614,-0.15,0.61,0.10,140994,128669,129450
55829100,0.2275,-0.7700,-0.1575,0.6664,-0.0540,0.7613,-0.15,0.61,0.10,140985,128669,129434
55849608,0.2800,-0.6825,-0.1225,0.6660,-0.0540,0.7610,-0.15,0.60,0.10,140967,128678,129436
55869140,0.3500,-0.7000,-0.1225,0.6656,-0.0544,0.7610,-0.15,0.60,0.10,140977,128680,129451
55889648,0.7000,-0.7175,-0.0525,0.6658,-0.0547,0.7610,-0.15,0.61,0.10,140992,128662,129436
55909180,0.4375,-0.6475,-0.0525,0.6659,-0.0549,0.7610,-0.15,0.61,0.10,140995,128652,129428
55929688,0.6300,-0.6125,-0.1400,0.6662,-0.0551,0.7613,-0.15,0.61,0.10,140990,128659,129442
55949216,0.3500,-0.5425,-0.1400,0.6666,-0.0551,0.7612,-0.15,0.60,0.10,140975,128676,129449
55969728,0.3675,-0.5600,-0.1575,0.6669,-0.0553,0.7610,-0.15,0.60,0.10,140981,128679,129458
55989256,0.8225,-0.5250,-0.2450,0.6669,-0.0554,0.7613,-0.15,0.61,0.10,140987,128663,129437
56019532,0.8225,-0.5600,-0.2275,0.6671,-0.0554,0.7619,-0.15,0.60,0.10,140978,128675,129419
56039064,1.1025,-0.6475,-0.3150,0.6670,-0.0558,0.7625,-0.15,0.61,0.10,140993,128664,129431
56059568,0.5250,-0.8575,-0.4025,0.6666,-0.0561,0.7630,-0.15,0.61,0.10,140995,128653,129424
56079100,-0.1575,-0.9625,-0.5250,0.6666,-0.0561,0.7629,-0.15,0.60,0.10,140984,128666,129446
56099608,-0.9800,-1.0500,-0.4900,0.6669,-0.0560,0.7625,-0.15,0.60,0.10,140976,128676,129428
56119140,-0.8050,-1.1200,-0.4375,0.6671,-0.0560,0.7623,-0.15,0.60,0.10,140976,128683,129437
56139648,-0.2275,-0.8925,-0.4900,0.6673,-0.0560,0.7621,-0.15,0.61,0.10,140996,128664,129441
56159180,0.7000,-0.7875,-0.4025,0.6671,-0.0560,0.7620,-0.15,0.61,0.10,140998,128657,129447
56179688,1.3475,-0.6475,-0.1750,0.6670,-0.0559,0.7618,-0.15,0.61,0.10,140986,128662,129441
56199216,1.2775,-0.6300,-0.1750,0.6665,-0.0558,0.7615,-0.15,0.60,0.10,140974,128677,129460
56219728,0.4025,-0.7175,-0.2625,0.6660,-0.0551,0.7610,-0.15,0.60,0.10,140980,128664,129438
56239256,-0.1050,-0.5775,-0.2800,0.6661,-0.0551,0.7609,-0.15,0.61,0.10,140992,128667,129447
56258788,0.5250,-0.5950,-0.3500,0.6669,-0.0556,0.7612,-0.15,0.61,0.10,141000,128670,129430
56279296,0.7875,-0.5950,-0.4550,0.6672,-0.0558,0.7613,-0.15,0.60,0.10,140983,128671,129434
56298828,0.3325,-0.6825,-0.5600,0.6669,-0.0556,0.7614,-0.15,0.60,0.10,140972,128682,129430
56319336,0.4200,-0.7700,-0.5425,0.6665,-0.0553,0.7613,-0.15,0.60,0.10,140979,128679,129445
56338868,-0.2275,-0.7700,-0.3850,0.6665,-0.0547,0.7610,-0.15,0.61,0.10,140992,128667,129434
56359376,-0.3500,-0.7525,-0.3500,0.6669,-0.0543,0.7610,-0.15,0.61,0.10,140998,128662,129428
56378904,1.0675,-0.7175,-0.2975,0.6671,-0.0545,0.7616,-0.15,0.61,0.10,140985,128677,129447
56399416,-0.5775,-0.6475,-0.2100,0.6670,-0.0540,0.7613,-0.15,0.60,0.10,140969,128680,129441
56418944,-0.5950,-0.6125,-0.2625,0.6671,-0.0540,0.7613,-0.15,0.60,0.10,140980,128680,129451
56439452,0.7000,-0.6475,-0.2450,0.6669,-0.0548,0.7616,-0.15,0.61,0.10,140993,128673,129434
56458984,0.2975,-0.6650,-0.3675,0.6669,-0.0548,0.7615,-0.15,0.61,0.10,141003,128651,129440
56479492,-0.4200,-0.5775,-0.2975,0.6666,-0.0545,0.7616,-0.15,0.60,0.10,140982,128668,129446
56499024,0.2100,-0.6475,-0.3500,0.6666,-0.0548,0.7620,-0.15,0.60,0.10,140972,128674,129438
56519532,0.3850,-0.7525,-0.3325,0.6669,-0.0548,0.7623,-0.15,0.60,0.10,140982,128676,129446
56539064,0.0700,-0.7875,-0.3325,0.6667,-0.0548,0.7624,-0.15,0.61,0.10,140992,128672,129428
56559568,0.5950,-0.8400,-0.3850,0.6667,-0.0550,0.7626,-0.15,0.61,0.10,140999,128664,129444
56579100,0.7700,-0.9100,-0.3675,0.6667,-0.0551,0.7626,-0.15,0.61,0.10,140986,128668,129441
56599608,0.1575,-0.9625,-0.2625,0.6667,-0.0549,0.7625,-0.15,0.60,0.10,140974,128672,129446
56619140,-0.2625,-0.8925,-0.2800,0.6667,-0.0547,0.7624,-0.15,0.60,0.10,140978,128663,129442
56639648,-0.2275,-0.7875,-0.2800,0.6671,-0.0545,0.7623,-0.15,0.61,0.10,140998,128663,129434
56659180,0.1575,-0.8050,-0.2800,0.6672,-0.0548,0.7624,-0.15,0.61,0.10,141000,128673,129424
56679688,0.7175,-0.7875,-0.2450,0.6669,-0.0549,0.7624,-0.15,0.61,0.10,140988,128661,129445
56699216,0.4025,-0.8575,-0.2800,0.6666,-0.0547,0.7624,-0.15,0.60,0.10,140974,128676,129443
56719728,0.3325,-0.8050,-0.2450,0.6667,-0.0548,0.7625,-0.15,0.60,0.10,140980,128674,129446
56739256,1.3825,-0.9100,-0.2450,0.6671,-0.0553,0.7630,-0.15,0.61,0.10,140991,128662,129441
56758788,0.0525,-1.0325,-0.3675,0.6676,-0.0549,0.7627,-0.15,0.61,0.10,140999,128659,129429
56779296,0.3150,-1.1025,-0.3325,0.6676,-0.0554,0.7626,-0.15,0.61,0.10,140987,128665,129434
56798828,1.1550,-1.1725,-0.4375,0.6673,-0.0561,0.7623,-0.15,0.60,0.10,140979,128672,129443
56819336,-0.5950,-1.1900,-0.4025,0.6673,-0.0554,0.7612,-0.15,0.60,0.10,140983,128676,129441
56838868,-1.0500,-1.1025,-0.3675,0.6677,-0.0551,0.7608,-0.15,0.61,0.10,140997,128672,129459
56859376,0.7700,-1.0150,-0.2625,0.6678,-0.0556,0.7607,-0.15,0.61,0.10,141002,128668,129428
56878904,-0.4725,-0.7000,-0.3325,0.6680,-0.0551,0.7596,-0.15,0.61,0.10,140995,128671,129450
56899416,0.5075,-0.6475,-0.2800,0.6681,-0.0559,0.7598,-0.15,0.60,0.10,140981,128682,129464
56918944,1.4525,-0.5425,-0.3150,0.6680,-0.0561,0.7598,-0.15,0.60,0.10,140981,128693,129442
56939452,0.1750,-0.4375,-0.4375,0.6675,-0.0558,0.7593,-0.15,0.61,0.10,140997,128673,129447
56958984,0.0525,-0.4900,-0.4550,0.6672,-0.0559,0.7592,-0.15,0.61,0.10,141000,128676,129430
56979492,0.7000,-0.4725,-0.5425,0.6676,-0.0562,0.7596,-0.15,0.61,0.10,140992,128675,129437
56999024,0.8050,-0.4025,-0.6300,0.6680,-0.0564,0.7598,-0.15,0.60,0.10,140980,128672,129443
57029296,-0.1750,-0.5250,-0.6825,0.6678,-0.0558,0.7598,-0.15,0.61,0.10,140993,128665,129447
57048828,0.2450,-0.6475,-0.7700,0.6676,-0.0555,0.7603,-0.15,0.60,0.10,140977,128679,129442
57069336,0.1575,-0.6650,-0.6650,0.6675,-0.0548,0.7605,-0.15,0.60,0.10,140979,128686,129443
57088868,-0.5075,-0.6825,-0.5775,0.6676,-0.0542,0.7608,-0.15,0.61,0.10,140995,128679,129453
57109376,0.0350,-0.7875,-0.3850,0.6678,-0.0537,0.7615,-0.15,0.61,0.10,141007,128671,129434
57128904,-0.5250,-0.7875,-0.4025,0.6677,-0.0533,0.7616,-0.15,0.61,0.10,140995,128666,129436
57149416,-0.4375,-0.8225,-0.2975,0.6676,-0.0531,0.7619,-0.15,0.60,0.10,140982,128683,129450
57168944,-0.2100,-0.9625,-0.1400,0.6675,-0.0532,0.7619,-0.15,0.60,0.10,140984,128692,129443
57189452,-0.6650,-0.9800,-0.1225,0.6675,-0.0531,0.7616,-0.15,0.61,0.10,140995,128673,129450
57208984,-0.1750,-0.8925,-0.1925,0.6676,-0.0533,0.7616,-0.15,0.61,0.10,141007,128668,129441
57229492,0.3850,-0.9800,-0.1750,0.6673,-0.0539,0.7615,-0.15,0.61,0.10,140989,128674,129446
57249024,-0.4725,-0.9450,-0.2800,0.6671,-0.0540,0.7610,-0.15,0.61,0.10,140986,128682,129467
57269532,-0.6475,-0.8575,-0.2625,0.6671,-0.0543,0.7607,-0.15,0.61,0.10,140989,128680,129456
57289064,0.0000,-0.8400,-0.2975,0.6671,-0.0548,0.7604,-0.15,0.61,0.10,140996,128664,129449
57309568,0.4025,-0.8225,-0.2975,0.6671,-0.0550,0.7601,-0.15,0.61,0.10,141007,128658,129444
57329100,0.1050,-0.6650,-0.2100,0.6666,-0.0551,0.7591,-0.15,0.61,0.10,140997,128669,129440
57349608,-0.2625,-0.4550,-0.2100,0.6667,-0.0551,0.7584,-0.15,0.60,0.10,140980,128679,129453
57369140,0.0175,-0.4200,-0.1575,0.6669,-0.0554,0.7579,-0.15,0.60,0.10,140984,128680,129456
57389648,0.1750,-0.3150,-0.1575,0.6670,-0.0551,0.7576,-0.15,0.61,0.10,140999,128670,129456
57409180,0.3325,-0.1925,-0.1925,0.6672,-0.0553,0.7579,-0.15,0.61,0.10,140998,128674,129451
57429688,1.4525,-0.1400,-0.1575,0.6675,-0.0556,0.7584,-0.15,0.61,0.10,140985,128685,129437
57449216,1.4350,-0.3150,-0.2800,0.6672,-0.0561,0.7593,-0.15,0.60,0.10,140977,128678,129464
57469728,-0.1050,-0.3675,-0.2975,0.6669,-0.0559,0.7592,-0.15,0.60,0.10,140984,128678,129454
57489256,-0.4200,-0.6125,-0.3150,0.6667,-0.0562,0.7597,-0.15,0.61,0.10,140991,128675,129453
57508788,-0.1575,-0.7700,-0.3675,0.6669,-0.0565,0.7601,-0.15,0.61,0.10,140997,128668,129449
57529296,-0.8400,-0.8925,-0.4375,0.6673,-0.0562,0.7604,-0.15,0.61,0.10,140987,128676,129441
57548828,0.0350,-0.8400,-0.3325,0.6678,-0.0565,0.7612,-0.15,0.60,0.10,140981,128669,129447
57569336,0.0350,-0.7000,-0.2800,0.6678,-0.0562,0.7616,-0.15,0.60,0.10,140973,128669,129458
57588868,-1.0150,-0.5950,-0.3150,0.6676,-0.0559,0.7615,-0.15,0.61,0.10,140996,128674,129446
57609376,0.6475,-0.7700,-0.2450,0.6671,-0.0567,0.7621,-0.15,0.61,0.10,141001,128661,129450
57628904,1.7675,-0.7525,-0.2625,0.6664,-0.0569,0.7620,-0.15,0.61,0.10,140987,128676,129441
57649416,-0.4725,-0.7000,-0.2275,0.6661,-0.0559,0.7612,-0.15,0.60,0.10,140973,128677,129460
57668944,-0.3500,-0.6475,-0.2975,0.6664,-0.0556,0.7610,-0.15,0.60,0.10,140982,128677,129455
57689452,0.6650,-0.6475,-0.2275,0.6673,-0.0562,0.7608,-0.15,0.61,0.10,140993,128674,129451
57708984,0.4200,-0.5425,-0.3500,0.6678,-0.0560,0.7603,-0.15,0.61,0.10,140999,128670,129443
57729492,0.3500,-0.5425,-0.2975,0.6680,-0.0561,0.7602,-0.15,0.61,0.10,140989,128665,129450
57749024,0.2450,-0.5250,-0.3500,0.6678,-0.0561,0.7601,-0.15,0.60,0.10,140977,128680,129451
57769532,-0.0175,-0.5425,-0.2975,0.6675,-0.0562,0.7599,-0.15,0.60,0.10,140976,128677,129453
57789064,-0.1750,-0.5775,-0.2975,0.6672,-0.0565,0.7605,-0.15,0.61,0.10,140991,128665,129442
57809568,0.9800,-0.6825,-0.3500,0.6671,-0.0569,0.7614,-0.15,0.61,0.10,141001,128652,129441
57829100,0.8575,-0.6475,-0.2975,0.6666,-0.0567,0.7615,-0.15,0.61,0.10,140987,128658,129459
57849608,-0.5775,-0.6825,-0.2450,0.6664,-0.0560,0.7613,-0.15,0.60,0.10,140970,128680,129456
57869140,-0.3150,-0.6825,-0.1400,0.6669,-0.0559,0.7615,-0.15,0.60,0.10,140976,128664,129462
57889648,0.6125,-0.7350,-0.1050,0.6673,-0.0561,0.7615,-0.15,0.61,0.10,140992,128664,129459
57909180,0.2450,-0.7350,-0.1225,0.6675,-0.0561,0.7614,-0.15,0.61,0.10,141002,128661,129453
57929688,-0.2625,-0.6825,-0.1925,0.6671,-0.0560,0.7612,-0.15,0.61,0.10,140989,128662,129449
57949216,-0.8925,-0.7525,-0.1925,0.6670,-0.0560,0.7610,-0.15,0.60,0.10,140972,128678,129467
57969728,-0.5950,-0.7000,-0.2625,0.6669,-0.0565,0.7608,-0.15,0.60,0.10,140978,128671,129458
57989256,0.2625,-0.6650,-0.2275,0.6669,-0.0570,0.7608,-0.15,0.61,0.10,140991,128665,129455
58008788,0.7875,-0.5950,-0.1925,0.6669,-0.0571,0.7607,-0.15,0.61,0.10,140996,128670,129459
58039064,0.0175,-0.4375,-0.2450,0.6670,-0.0567,0.7602,-0.15,0.61,0.10,140985,128662,129459
58059568,0.0875,-0.4550,-0.1575,0.6671,-0.0570,0.7601,-0.15,0.61,0.10,140996,128651,129453
58079100,0.5950,-0.4025,-0.1575,0.6670,-0.0570,0.7601,-0.15,0.61,0.10,140993,128660,129454
58099608,0.3500,-0.4025,-0.2275,0.6670,-0.0569,0.7603,-0.15,0.60,0.10,140972,128672,129462
58119140,0.0875,-0.3325,-0.1225,0.6672,-0.0570,0.7608,-0.15,0.60,0.10,140979,128671,129463
58139648,0.7000,-0.4900,-0.2800,0.6675,-0.0578,0.7619,-0.15,0.60,0.10,140984,128660,129459
58159180,0.8750,-0.7175,-0.3675,0.6671,-0.0586,0.7623,-0.15,0.61,0.10,140998,128671,129434
58179688,-0.2275,-0.8225,-0.4375,0.6667,-0.0586,0.7623,-0.15,0.61,0.10,140989,128664,129454
58199216,-0.9450,-0.9975,-0.4725,0.6666,-0.0586,0.7624,-0.15,0.60,0.10,140975,128665,129458
58219728,-0.0700,-1.0325,-0.4550,0.6669,-0.0589,0.7630,-0.15,0.61,0.10,140987,128680,129467
58239256,0.9100,-1.0325,-0.4025,0.6670,-0.0590,0.7632,-0.15,0.61,0.10,140991,128652,129438
58258788,-0.1225,-0.9800,-0.4200,0.6669,-0.0582,0.7627,-0.15,0.61,0.10,140999,128655,129455
58279296,0.1750,-0.8575,-0.3675,0.6667,-0.0582,0.7629,-0.15,0.61,0.10,140992,128662,129449
58298828,1.9250,-0.8400,-0.3325,0.6669,-0.0588,0.7632,-0.15,0.60,0.10,140978,128675,129460
58319336,1.2075,-0.8575,-0.2800,0.6669,-0.0582,0.7630,-0.15,0.60,0.10,140980,128671,129455
58338868,0.2975,-0.8575,-0.2800,0.6666,-0.0576,0.7627,-0.15,0.61,0.10,140987,128666,129459
58359376,1.3300,-0.9625,-0.3675,0.6665,-0.0577,0.7629,-0.15,0.61,0.10,141002,128663,129455
58378904,0.5950,-0.9975,-0.4025,0.6667,-0.0573,0.7625,-0.15,0.61,0.10,140991,128667,129453
58399416,0.7000,-0.9625,-0.3675,0.6669,-0.0572,0.7623,-0.15,0.60,0.10,140980,128681,129466
58418944,1.3650,-0.9800,-0.3325,0.6672,-0.0573,0.7620,-0.15,0.60,0.10,140974,128678,129464
58439452,0.6125,-0.9450,-0.3850,0.6675,-0.0569,0.7613,-0.15,0.61,0.10,140994,128671,129453
58458984,0.2275,-0.9975,-0.3500,0.6673,-0.0564,0.7608,-0.15,0.61,0.10,141004,128657,129450
58479492,-0.0175,-0.8225,-0.3150,0.6675,-0.0564,0.7602,-0.15,0.61,0.10,140996,128667,129447
58499024,0.1925,-0.6650,-0.2450,0.6677,-0.0565,0.7601,-0.15,0.60,0.10,140981,128668,129459
58519532,0.6825,-0.6650,-0.2975,0.6678,-0.0566,0.7599,-0.15,0.60,0.10,140984,128672,129462
58539064,-0.2275,-0.6475,-0.3325,0.6677,-0.0564,0.7596,-0.15,0.61,0.10,140986,128664,129467
58559568,-0.3325,-0.5075,-0.3850,0.6677,-0.0567,0.7595,-0.15,0.61,0.10,141003,128662,129454
58579100,0.1050,-0.5775,-0.4200,0.6676,-0.0571,0.7595,-0.15,0.61,0.10,140990,128666,129451
58599608,0.2625,-0.4200,-0.4550,0.6675,-0.0573,0.7597,-0.15,0.60,0.10,140979,128673,129453
58619140,0.6300,-0.5425,-0.5600,0.6673,-0.0576,0.7601,-0.15,0.60,0.10,140980,128673,129458
58639648,0.2100,-0.5250,-0.5950,0.6671,-0.0576,0.7603,-0.15,0.61,0.10,140986,128671,129453
58659180,0.1575,-0.7175,-0.5950,0.6669,-0.0576,0.7605,-0.15,0.61,0.10,141004,128662,129459
58679688,0.2625,-0.7525,-0.5950,0.6670,-0.0576,0.7610,-0.15,0.61,0.10,140988,128669,129468
58699216,0.3850,-0.8750,-0.5075,0.6671,-0.0573,0.7616,-0.15,0.60,0.10,140981,128678,129464
58719728,0.7175,-0.9800,-0.4375,0.6671,-0.0570,0.7621,-0.15,0.60,0.10,140983,128665,129460
58739256,0.7000,-0.9800,-0.3500,0.6672,-0.0566,0.7619,-0.15,0.61,0.10,140995,128672,129467
58758788,0.2975,-0.9275,-0.3850,0.6673,-0.0559,0.7615,-0.15,0.61,0.10,141009,128670,129451
58779296,0.8750,-0.8050,-0.2100,0.6676,-0.0554,0.7614,-0.15,0.61,0.10,141002,128674,129443
58798828,1.3300,-0.7350,-0.2100,0.6678,-0.0551,0.7614,-0.15,0.61,0.10,140988,128679,129458
58819336,0.8050,-0.7525,-0.1225,0.6678,-0.0544,0.7612,-0.15,0.61,0.10,140989,128684,129454
58838868,0.8225,-0.9275,-0.1925,0.6678,-0.0545,0.7610,-0.15,0.61,0.10,140995,128668,129459
58859376,0.3675,-1.0150,-0.2450,0.6676,-0.0548,0.7609,-0.15,0.61,0.10,141009,128662,129457
58878904,-0.4375,-1.0150,-0.1400,0.6677,-0.0549,0.7603,-0.15,0.61,0.10,140999,128665,129455
58899416,-1.0850,-0.9625,-0.2625,0.6681,-0.0551,0.7596,-0.15,0.60,0.10,140981,128677,129466
58918944,-0.2100,-0.8225,-0.3325,0.6686,-0.0559,0.7593,-0.15,0.60,0.10,140984,128679,129460
58939452,0.5775,-0.5950,-0.3850,0.6683,-0.0564,0.7588,-0.15,0.61,0.10,140998,128678,129459
58958984,0.0875,-0.4025,-0.4025,0.6680,-0.0564,0.7585,-0.15,0.61,0.10,141006,128668,129451
58979492,0.4550,-0.2975,-0.3850,0.6676,-0.0567,0.7585,-0.15,0.61,0.10,140994,128676,129462
58999024,0.8925,-0.2450,-0.3850,0.6673,-0.0569,0.7584,-0.15,0.60,0.10,140984,128685,129460
59019532,0.8925,-0.1575,-0.3850,0.6671,-0.0566,0.7582,-0.15,0.61,0.10,140987,128681,129455
59049804,-0.0175,-0.1575,-0.4200,0.6675,-0.0561,0.7587,-0.15,0.60,0.10,140977,128674,129459
59070312,-0.2625,-0.2800,-0.4550,0.6677,-0.0559,0.7591,-0.15,0.60,0.10,140977,128668,129449
59089844,0.5600,-0.3675,-0.5075,0.6678,-0.0561,0.7599,-0.15,0.61,0.10,140996,128665,129440
59110352,0.8750,-0.4025,-0.5600,0.6677,-0.0559,0.7604,-0.15,0.61,0.10,141000,128675,129453
59129880,-0.1575,-0.5075,-0.4725,0.6677,-0.0553,0.7608,-0.15,0.61,0.10,140993,128663,129455
59150392,0.5075,-0.7000,-0.3675,0.6678,-0.0550,0.7618,-0.15,0.60,0.10,140978,128684,129454
59169920,0.2450,-0.8575,-0.2975,0.6675,-0.0548,0.7620,-0.15,0.61,0.10,140986,128686,129456
59190428,-0.3325,-0.7350,-0.3325,0.6673,-0.0543,0.7623,-0.15,0.61,0.10,141006,128681,129442
59209960,0.0875,-0.8575,-0.2800,0.6673,-0.0544,0.7630,-0.15,0.61,0.10,141008,128677,129453
59230468,1.1200,-1.0325,-0.2275,0.6673,-0.0548,0.7637,-0.15,0.61,0.10,140990,128684,129443
59250000,1.1200,-1.0675,-0.2100,0.6671,-0.0549,0.7640,-0.15,0.60,0.10,140978,128692,129456
59270508,0.0700,-1.2425,-0.2100,0.6666,-0.0545,0.7636,-0.15,0.61,0.10,140993,128679,129453
59290040,-0.2100,-1.1900,-0.2975,0.6669,-0.0544,0.7632,-0.15,0.61,0.10,140999,128686,129459
59310544,0.4025,-1.2425,-0.3150,0.6671,-0.0549,0.7630,-0.15,0.61,0.10,141002,128675,129450
59330080,0.9450,-1.0850,-0.3150,0.6673,-0.0550,0.7626,-0.15,0.61,0.10,141002,128676,129469
59350584,0.4025,-1.1025,-0.3150,0.6673,-0.0550,0.7620,-0.15,0.60,0.10,140984,128689,129463
59370116,0.2100,-0.9975,-0.4375,0.6673,-0.0551,0.7613,-0.15,0.61,0.10,140991,128683,129465
59390624,0.7525,-0.8925,-0.3325,0.6672,-0.0551,0.7605,-0.15,0.61,0.10,141010,128677,129453
59410156,0.9450,-0.9275,-0.2275,0.6676,-0.0551,0.7603,-0.15,0.61,0.10,141008,128672,129462
59430664,0.2800,-0.8050,-0.2100,0.6678,-0.0548,0.7598,-0.15,0.61,0.10,140993,128679,129450
59450196,0.8225,-0.8225,-0.2450,0.6678,-0.0549,0.7596,-0.15,0.61,0.10,140987,128688,129456
59470704,0.9625,-0.7000,-0.2800,0.6677,-0.0549,0.7590,-0.15,0.61,0.10,140991,128685,129450
59490232,0.1575,-0.5425,-0.3500,0.6676,-0.0544,0.7587,-0.15,0.61,0.10,141002,128684,129446
59510744,1.3300,-0.5775,-0.2800,0.6677,-0.0547,0.7596,-0.15,0.61,0.10,141009,128680,129441
59530272,0.8400,-0.7175,-0.2975,0.6678,-0.0547,0.7598,-0.15,0.61,0.10,141001,128677,129445
59549804,0.0875,-0.7000,-0.3675,0.6681,-0.0549,0.7602,-0.15,0.61,0.10,140990,128680,129451
59570312,0.6650,-0.9450,-0.3675,0.6682,-0.0554,0.7607,-0.14,0.61,0.10,140992,128698,129448
59589844,-0.0525,-1.0325,-0.5075,0.6683,-0.0553,0.7605,-0.15,0.61,0.10,141008,128680,129456
59610352,-0.6825,-1.1025,-0.5425,0.6684,-0.0550,0.7607,-0.15,0.61,0.10,141012,128677,129442
59629880,0.6125,-1.0500,-0.4900,0.6684,-0.0550,0.7609,-0.15,0.61,0.10,140995,128680,129443
59650392,0.4200,-1.0150,-0.4200,0.6683,-0.0544,0.7604,-0.15,0.60,0.10,140981,128695,129476
59669920,-0.1400,-0.7875,-0.2800,0.6682,-0.0539,0.7599,-0.15,0.61,0.10,140991,128688,129449
59690428,0.8400,-0.7700,-0.1750,0.6680,-0.0539,0.7596,-0.15,0.61,0.10,141010,128682,129449
59709960,1.0500,-0.5775,-0.1925,0.6680,-0.0538,0.7591,-0.15,0.61,0.10,141013,128683,129447
59730468,0.5950,-0.4900,-0.0700,0.6680,-0.0533,0.7586,-0.15,0.61,0.10,140995,128685,129429
59750000,0.7000,-0.4025,-0.1400,0.6682,-0.0533,0.7586,-0.15,0.61,0.10,140986,128689,129447
59770508,0.3500,-0.4200,-0.1575,0.6683,-0.0532,0.7587,-0.15,0.61,0.10,140992,128690,129456
59790040,0.1750,-0.5075,-0.2275,0.6684,-0.0534,0.7590,-0.15,0.61,0.10,141007,128686,129459
59810544,0.6475,-0.6300,-0.2450,0.6688,-0.0538,0.7596,-0.15,0.61,0.10,141011,128686,129438
59830080,0.4725,-0.6825,-0.2625,0.6688,-0.0538,0.7598,-0.15,0.61,0.10,141005,128691,129437
59850584,-0.4725,-0.7175,-0.3150,0.6687,-0.0537,0.7603,-0.15,0.61,0.10,140987,128694,129451
59870116,0.0350,-0.8050,-0.3850,0.6686,-0.0539,0.7608,-0.15,0.61,0.10,140998,128690,129449
59890624,-0.0525,-0.8225,-0.4375,0.6686,-0.0539,0.7610,-0.15,0.61,0.10,141015,128676,129467
59910156,-0.0700,-0.8050,-0.3850,0.6686,-0.0537,0.7610,-0.15,0.61,0.10,141013,128673,129442
59930664,0.6300,-0.8400,-0.2625,0.6688,-0.0538,0.7612,-0.15,0.61,0.10,140994,128684,129454
59950196,0.2450,-0.8925,-0.2800,0.6689,-0.0536,0.7610,-0.15,0.61,0.10,140987,128687,129452
59970704,-0.4375,-0.9275,-0.2625,0.6686,-0.0532,0.7605,-0.15,0.61,0.10,140991,128684,129456
59990232,-0.1750,-0.9100,-0.2450,0.6686,-0.0534,0.7604,-0.15,0.61,0.10,141011,128673,129450
60010744,-0.6300,-0.8750,-0.2450,0.6686,-0.0534,0.7601,-0.15,0.61,0.10,141009,128666,129457
60030272,-0.2100,-0.7700,-0.3325,0.6688,-0.0534,0.7602,-0.15,0.61,0.10,140999,128682,129456
60060544,-0.0525,-0.7175,-0.3325,0.6688,-0.0538,0.7598,-0.15,0.61,0.10,141009,128667,129455
